:020000040800F2
:1000000000000220B90500089D0500087D050008D4
:10001000850500088D050008950500080000000012
:1000200000000000000000000000000009060008B9
:10003000090600080000000009060008090600087B
:100040000906000809060008090600080906000854
:100050000906000809060008090600080906000844
:100060000906000809060008090600080906000834
:100070000906000809060008090600080906000824
:100080000906000809060008090600080906000814
:100090000906000809060008090600080906000804
:1000A00009060008090600080906000809060008F4
:1000B00009060008090600080906000809060008E4
:1000C00009060008090600080906000809060008D4
:1000D00009060008090600080906000809060008C4
:1000E00009060008090600080906000809060008B4
:1000F00009060008090600080906000809060008A4
:100100000906000809060008090600080906000893
:100110000906000809060008090600080906000883
:100120000906000809060008090600080906000873
:100130000906000800000000000000000906000891
:100140000906000809060008090600080906000853
:100150000906000809060008090600080906000843
:100160000906000809060008090600080906000833
:10017000090600080906000809060008000000003A
:100180000000000009060008000000000000000058
:100190000906000800000000000000000906000831
:1001A0000000000000000000000000000906000838
:1001B00009060008090600080906000809060008E3
:0401C0000906000824
:1001C800BFF35F8F034B01229A61BFF35F8F00BFBC
:1001D800FDE700BF00080240BFF35F8F044B002813
:1001E80014BF01224FF480329A61BFF35F8F7047CA
:1001F80000080240304B1878002839D02F4B1B6874
:1002080040F22142C3F30B03934201D00020704710
:100218002B4B1B889BB2B3F5007FF7D1294A2A4B99
:1002280010682A4903408B42F0D1136803F0F803A1
:10023800802BEBD15368264923F0802323F43C0319
:100248008B42E3D193684FF6FC410B4049F20841D9
:100258008B42DBD1D2F88C3013F08073D6D11D4A93
:10026800D2F8882002F47002B2F5700F01D0184657
:100278007047194B1B6803F00F03032BC6D1174AAD
:10028800136803F47033B3F5404FBFD1536813F4C8
:100298008043ECD002F5E432536B13F08003B5D100
:1002A800106B0F4901400029E1D1106C80F4003037
:1002B800C0F34040704700BF70000020002004E0F9
:1002C800227AFF1F003802400200010202000002E9
:1002D8001032002500ED00E0003C024000700040B4
:1002E800001060207E4B7F4A186B7F4940F0050064
:1002F80070B518634FF480301E6B906110687B4DA9
:100308007B4C20F0030040F001001060506820F0A2
:1003180001005060906820F003009060D06820F0E1
:100328000300D0604FF400128A610A6822F4406228
:1003380042F4806200200A6028601A6C22F40032BD
:100348001A640A6842F0F0020A60CA6822F0F002F1
:10035800CA60226840F22141C2F30B028A4284B08B
:1003680040F0BB80634A128892B2B2F5007F40F039
:10037800B4801968604A21F0F90141F081011960DF
:1003880002E0013A00F0A98019688C07F9D598684D
:10039800594A5A4920F00300986002E0013A00F0F7
:1003A8009C800B6813F00C0FF8D14D49524B0A682A
:1003B80022F0867222F480320A6002E0013B00F0EB
:1003C8008C800A689001F9D40A6C4D484D4C4E4D0A
:1003D800494B42F080520A640A6C026822F4703277
:1003E80042F44042026040F203724D6022608A6823
:1003F80022F47C4222F0F00242F414428A60D1F8DE
:100408008C2022F08072C1F88C200A6842F0807239
:1004180000F5E4300A6001E0013B5ED0026891011A
:10042800FAD5354B394901E0013B56D00A685204E8
:10043800FAD52B48304A8368304923F0030343F048
:100448000203836001E0013A47D00B6803F00C0314
:10045800082BF8D100F0E0F82D4A2E4B12689A428A
:100468003BD12D4AD2F8883043F47003C2F8883063
:10047800BFF34F8FBFF36F8F4FF07F524FF0804322
:1004880001920293DDED017A9DED027A67EE877A9B
:10049800B5EE007A77EE877AB0EE0A7ACDED037A78
:1004A800DDED037AF4EE477AF1EE10FA15D10C4A35
:1004B8001A48116C41F0010111644FF08043126C2D
:1004C800002141F2873401221960D9609C620270D0
:1004D80004B0BDE87040FFF78DBE002004B070BDC9
:1004E80000380240000802400000024010E000E02E
:1004F800002004E0227AFF1F00093D00083802406E
:1005080000700040003C024010320025047000409A
:100518000000002000E1F50500ED00E0700000207B
:1005280018B3F0B4DFF844C000252C464FF08043E0
:10053800012709266045014628BF614601EB810273
:100548005200013A1C60DA625C625F611C611E60E5
:100558001A69D20703D400BF1A69D207FBD5401A1B
:100568001D601D61E6D1F0BC70477047A086010090
:1005780030BFFDE708B5FFF723FE00BF08B5FFF75A
:100588001FFE00BF08B5FFF71BFE00BF08B5FFF749
:1005980017FE00BF08B5FFF713FE00BF08B500F04F
:1005A80073F830BFFDE700BF704700BF704700BF5A
:1005B800DFF834D000F026F80C480D490D4A002326
:1005C80002E0D458C4500433C4188C42F9D30A4A00
:1005D8000A4C002301E013600432A242FBD304F06A
:1005E8005FFAFFF7DBFF70470000022000000020E1
:1005F8006C00002078A8000870000020109E0020E1
:10060800FEE70000034AD2F8883043F47003C2F8CA
:100618008830704700ED00E0164A936803F00C0339
:10062800042B0CD0082B0CD0134B124A1348926899
:100638001349C2F30312825CD3400B607047114B1D
:10064800F3E75068516852684302C2F388124CBFFE
:100658000C4B094B01F03F01B3FBF1F303FB02F331
:10066800044A5268C2F3014201325200B3FBF2F36A
:10067800DBE700BF003802400024F40040550008C2
:100688000000002040787D012DE9F84FFFF72AFE91
:1006980000286CD00020FFF79FFDDFF83881DFF8D5
:1006A80038B1DFF838A1DFF838910125FFF7A2FD4E
:1006B800002867D0042D58D9082D8CBF51464946CB
:1006C8004FF40062284601F019FC002866D0FFF7B5
:1006D80091FD002867D0012D41F2883018BF4FF4F2
:1006E8007A7058F8046B6F1EFFF71AFF0120FFF7A6
:1006F80073FDC6B1002402E00134A64213D0284697
:1007080001F098FC0028F7D12E4A2F4B2F4942F8C8
:100718002740012005220D601A60FFF75DFDBDE846
:10072800F84FFFF725BF0020FFF756FD254B43F88C
:100738002760FFF75FFD00283AD0284601F082FDC8
:1007480000283AD0284601F051FF214B013543F8E3
:1007580027000D2D53F82730A8D14FF4FA60FFF782
:10076800DFFEBDE8F84FFFF703BF5946A8E7174A71
:10077800154B106001201860FFF72EFDBDE8F84FFB
:10078800FFF7F6BE114A104B1560022201201A60CD
:10079800FFF722FDBDE8F84FFFF7EABE0B4A0A4B08
:1007A80015600322F2E7094A074B15600422EDE7BA
:1007B800064A054B15600722E8E7044A024B156014
:1007C8000822E3E7D89D0020A49D0020089E002071
:1007D800A89D002050550008805500088065000835
:1007E800805D00082DE9F04F85B0431E02934C1E32
:1007F80000F10F0C13F8012F14F8015F9C4582EAF1
:1008080005021A70F6D101F10F03019301F19F035C
:100818000393DFF860A100F110030093029B13F823
:10082800012F1AF802201A709C45F8D14578447BAC
:10083800417A42798378877A867945734472857BD1
:10084800C47841714270C179C27A8372C37B877060
:1008580086738571C471C172C273C370074697F8F5
:1008680000907C78BE7897F803804FEAD915E109A3
:100878006B00F2091D444B00194453001A444FEA17
:10088800D8134FEA430B5B4405EBC50501EBC101E7
:1008980002EBC20284EA060E81EA440182EA4602B9
:1008A80085EA490589EA040403EBC303EDB28EEA3D
:1008B800080BD2B289EA06068EEA090E88EA040411
:1008C80083EA4803C9B25440DBB288EA060685EADF
:1008D8000E0E4E405C4085EA0B0B83EA0E03FB705C
:1008E80081EA0B01009B397072407A70BC70043742
:1008F800BB42B4D1DDE9011313F8012F11F8014F00
:100908009C4582EA04021A70F6D1019B039A1033BF
:100918009A42019382D1029B13F8012F1AF8022000
:100928001A709C45F8D14278437A417B42734279E8
:100938004371837A41724270817882798370C37877
:100948008172817B8273C279C371C37B8171C370E9
:10095800C17A029BC272039AC17313F8011F12F87D
:10096800010F9C4581EA00011970F6D105B0BDE878
:10097800F08F00BFAC6E0008F0B41F4CB4F80068EC
:100988008446A6B34FF0FF310D460023201D0EE02C
:10099800B1F1FF3F08D0AA4206D104EBC1023F5A89
:1009A8009288974238BF19460133B3420AD054F8A7
:1009B8003320AA424FEAC307EAD219460133B342A9
:1009C8001546F4D1CB001A46013E04EBC601A51822
:1009D80003C9AD88A258ACF80450234483E8030047
:1009E800A4F800686046F0BCCCF8002070476FF0AF
:1009F80007021346E8E700BF74000020002944DD21
:100A08002DE9F04F83B0834600F1FF394FF000081D
:100A1800531E40468944CBF1010A019308F10103B2
:100A2800994228DD0BEB0803012405E0FF2C0FD0C9
:100A380099455FFA8EF415D093F800C00AEB0305C8
:100A48001E4613F8017FBC4504F1010EA846EDD0FF
:100A58001454019C33780230A9422354DEDC03B0DD
:100A6800BDE8F08F1454431C1BF80510D154023014
:100A780003B0BDE8F08F0123135402301BF808308F
:100A8800013A135403B0BDE8F08F0020704700BF4F
:100A9800A1B103460129007810700FDD70B45E1E05
:100AA8000E441D4601336C782D78B342A4EB05043F
:100AB80002F8014FF5D1084670BC704708467047E8
:100AC8002DE9F04F002985B0CDE902025BDD4FF03A
:100AD8000008C646CDF80480C446934600F1FF3AA4
:100AE800029B13F80E308BF80230019B8BF80080C4
:100AF8000EF101060333B1428BF801C0009339DDD2
:100B0800FE2E0BF1030B3CDDAEF1FE07029B4FF00E
:100B18000009CC4603EB0E080AEB07004246002307
:100B280008E010F8015F12F8014FA54205D1013322
:100B3800FF2B02D09C198C42F3DB9C45BCBF9C4622
:100B4800A6EB0709774507F1010301D01F46E3E744
:100B58000CEB060E8E455FFA89F85FFA8CFC0DDB0C
:100B6800039A01990098531802F8008083F804C08A
:100B78004B1D0093009805B0BDE8F08F009B0193D2
:100B8800AEE70027C2E700230093009805B0BDE850
:100B9800F08F00BF2DE9F04FADF21C5DCDE90120CB
:100BA800002800F0EF80B1F5006F884600F2EA8077
:100BB800019C002C00F0E6804FF48472002120464E
:100BC80003F0AEFF00254FEA182384F80080637015
:100BD800A570E570B8F1000F00F0E680294641F2F3
:100BE8000442BB4803F09CFF2946029D46AC6B1E9D
:100BF8001E4620464FF48062039303F091FF31466E
:100C08000B4611F8010F023354F820205B1B013208
:100C1800984544F82020F3DCAD4D002305F6023951
:100C280005F6021E1A4645A90DF214574FF0010C9D
:100C380051F8040F05EBC3045E1C50B145F83300AE
:100C480090B2B3B2A080A5F8003802F809C02EF817
:100C580012008F4202F10102EAD19E4E012B06F5E5
:100C6800807444D94FF4807906AF04A8FFF784FE56
:100C78003846FFF781FEB5F800E83968049A954BC5
:100C8800BDF81400B7F804C005EBCE0B0A440EF10A
:100C9800010A45F83E209049ABF804901FFA8AFAF9
:100CA8006FF43062CE46A5F800A809F101099D1835
:100CB8001FFA89F9491B03E062450BD0A34213D000
:100CC80013F8012F002AF9D031F813208242A3F536
:100CD800407BF1D121F813E09BF80020A34202F1F8
:100CE80001028BF80020EBD1BAF1010FBDD8794B86
:100CF8004FF0000906A913F8012F2AB15A1E921BBA
:100D080001F8092009F101099C42F4D1B9F1010F58
:100D180043D025DD0DF1170303EB090709F1FF3E69
:100D280006AE4FF0000C0CF1010CE145C8BF33468C
:100D380003DC11E02CD09F420ED0327813F8011F4B
:100D4800AC18681894F8024890F802088442F1D95F
:100D580031701A709F42F0D1E64506F10106E2D1E2
:100D6800B9F1000F55D006AF3C4607EB09013A46EA
:100D780001E091421ED012F8013B2B4493F802384F
:100D8800202BF6D94FF0FF300DF21C5DBDE8F08F37
:100D98008A42D0D931701A70DCE79DF818302B449C
:100DA80006AF83F80298DFE74FF484700DF21C5DFC
:100DB800BDE8F08F019B49494FF4807203F10800A8
:100DC80003F0A0FE17F801092B18291893F8023828
:100DD80091F802188B424FF00002B94417D2013340
:100DE800DBB299424FEA4202F9D100F5C07305EB34
:100DF800C303A1459A60197102F1010211D014F8D8
:100E0800010F0B46291891F802188B42E7D31946AF
:100E1800EBE7019B31494FF4807203F1080003F0BE
:100E280071FE0399029800260B4611F8012F05EB75
:100E3800C202023392F8042C1B1A98451644F3DCBC
:100E4800019C029F26714FEA166E002084F807E085
:100E5800330A310CDDF80CE084F80801C7F1010C05
:100E68006371A1710246074604F58474A9461EF809
:100E7800013FDB0003F6044309EB030119F80330D3
:100E88004D68591EBBB125FA01F314F800A0C2F150
:100E9800070B03F0010303FA0BF3013243EA0A03D9
:100EA800082A235405D10130B6EBC00F88BF275458
:100EB80000220139E7D20CEB0E039845D7DC002A53
:100EC800C8BF013000F584700DF21C5DBDE8F08FDD
:100ED80074000020750B0020FEF2FFFF760800204A
:100EE8002DE9F04FB3B08A460092013B06AA0AAC3E
:100EF80013F8011F02F8011BA242F9D1584EDFF87E
:100F080064E10DF123014FF0010C102203AF02AB95
:100F18000C4614F8015F03F8015BBB42F9D11307D3
:100F28005FD09DF8083011F80B8C4D1D0DF10904A8
:100F380083EA0803BC4205F8013B09D014F8013BD9
:100F480015F8108CBC4283EA080305F8013BF5D17B
:100F58000432B02A01F10401D9D1BAF1000F7DDDC4
:100F68000AF1FF330193AAF1100923F00F03A9EB4B
:100F78000309009B00EB0A08544603EB0A070DF12E
:100F8800170613E006A902A8FFF72CFC0DF1080CC0
:100F9800BCE80F00103C07EB050CA1457851CCF8D4
:100FA8000410CCF80820CCF80C3036D0102CA3460E
:100FB800A8BF4FF0100B5A46A8EB040102A803F093
:100FC800A1FD0F2CC4F10005DCDCCBF110030BF103
:100FD800FF3202A9DBB20A4402F8013FB242FBD158
:100FE800D0E79DF809301EF80C809DF808909DF810
:100FF8000B509DF80A40F35C16F80990755D345D56
:101008008DF80B9083EA08030CF1010C8DF8083079
:101018008DF80A508DF8094085E7019B23F00F05EC
:1010280010351AF00F0F15D10DF107030DF1170147
:10103800102203F8012F9942FBD106A902A802AC9D
:10104800FFF7D0FB0FCC009E741970516160A2604D
:10105800E3601035284633B0BDE8F08F0025E0E79F
:10106800AC6E0008A06E00082DE9F04FCDB00DF170
:101078002C0C039062461BAE4B780D78CC788878A0
:101088001B0443EA0563234343EA002342F8043F71
:10109800964201F10401EFD13CAD0CAA966B1346C0
:1010A80052F8040F5C6A1F684FEAF64383EA7643F6
:1010B8004FEAB04183EA96233C4481EAF011234485
:1010C80081EAD0010B449542D363E7D1039BDFF853
:1010D800E8B0D96858699A691D685F689E681C6994
:1010E800DB690493334B01934BAB0293DDF810900B
:1010F800059506970796089109940A900B928A46D7
:10110800804696465B460BE0B2463E462F4615465D
:10111800019AF146C646A0461C4652F8043F019281
:101128004FEAF4212EEA040081EAB41104EA080225
:1011380081EA746142405CF8040F0A4487EA060BAE
:101148004FEA7531024481EAB5010BEA050B07EA5B
:10115800060081EAB5518BEA0000084402994A4426
:101168001A44614502EB0A030244CDD105991144A2
:101178000A46069929440D46079939440F460899A5
:1011880031440E46099919440A9B23441C460B9B7B
:1011980043441846049B73448C461946039BC3E991
:1011A8000157C3E9036CC3E905401A60D9614DB022
:1011B800BDE8F08FA06D0008982F8A422DE9F04312
:1011C8003D4E0F46804614460FCE99B06D460FC56A
:1011D80096E80F003F2F85E80F006BDDA7F140066A
:1011E80026F03F0308F140099944454629466846D8
:1011F8004035FFF739FFA945F8D126F03F054035BE
:10120800A8447D1B2A46414608A803F07BFC18AB7E
:101218002B4401358022382D03F8402C42DD08ABE1
:10122800C5F140025819002103F07AFC08A9684664
:10123800FFF71AFF3822002108A803F071FCFB17FA
:10124800DE0046EA5776F90000230DF15F07C3F187
:10125800200521FA03F2A3F1200006FA05F52A4336
:1012680026FA00F008330243402B07F80129EED193
:1012780008A96846FFF7F8FE07AD2246ADF104015C
:1012880051F8043FD3701C0E180C8D424FEA1323FB
:1012980014705070937002F10402F1D1202019B03B
:1012A800BDE8F08308ABC5F138025819002103F0F6
:1012B80037FCC4E73D46A5E7806D000830B40468F4
:1012C8000D682C4404601D686C404FEA34441C606F
:1012D80015682C4414600D686C404FEA34540C6057
:1012E80005682C440460186860404FEA3060186054
:1012F8001368034413600A6853404FEA736330BCB1
:101308000B60704770B50D1F90B004462A466B46B7
:1013180010A852F8041F43F8041B8342F9D10A2687
:101328000CAB08AA04A96846FFF7C8FF0DAB09AAC9
:1013380005A901A8FFF7C2FF0EAB0AAA06A902A8D1
:10134800FFF7BCFF0FAB0BAA07A903A8FFF7B6FF6F
:101358000FAB0AAA05A96846FFF7B0FF0CAB0BAAAA
:1013680006A901A8FFF7AAFF0DAB08AA07A902A8BA
:10137800FFF7A4FF0EAB09AA04A903A8FFF79EFF75
:10138800013ECDD1201FADF104020FAC52F8043F4D
:1013980055F8041FA2420B4440F8043FF6D110B0A0
:1013A80070BD00BF2DE9F047A0B01D6804955D68C9
:1013B80005959D680695DD6807951D69289C089523
:1013C8005D6909959D69DB6926680A950B93A5688F
:1013D8006368264C009404F11A64254F0E9304F1B7
:1013E8000F14244B019304F56D440123B1F1000857
:1013F800CDE902740D960F950C9332DD82461646A0
:101408000027694610A8FFF77DFFA8EB070CBCF181
:10141800400F06EB0704A8BF4FF0400C7A1E0CEBF8
:10142800040021465244631A23F0030E20ADAE4453
:1014380003F003035EF8405C12F8019FDB0025FA15
:1014480003F383EA090304F8013BA042EBD10C9BA8
:1014580067440133B8450C93D3DC384620B0BDE867
:10146800F0870027384620B0BDE8F08765787061BE
:10147800322D62796E642033002917DD70B4441E62
:101488000C4866184FF0FF3314F8015F08216B40D1
:10149800DD074CBF80EA53035B080139F8D1B44239
:1014A800F2D1DB43002070BC136070470023136047
:1014B800002070472083B8ED2DE9F04F2DED0C8BFF
:1014C80091B00A910F92002800F0BF81002A00F025
:1014D800BC8101F1FF3EBEF5006F0B4680F0B5817F
:1014E8001EEA01040E9440F0B081012900F0AB819E
:1014F8005B10012B04F10104FAD1DFF88083DFF8D7
:1015080078938644471EC0F1010C4FF0000BC24689
:101518000120661E0CEB0705002C00F091810023CA
:10152800194600FA03F22A4203D0F21A00FA02F22C
:10153800114301339C42F4D1CF4B03EB810308EBF9
:10154800810117F8012FC1F800B007EE902AF8EED4
:10155800677ABE45C3ED007ADCD1002C00F0288103
:1015680001239FEDBD7BBEA7D7E90067B0EE47DA40
:10157800F0EE67DA0C93E3180D930C9A012101FA47
:1015880002F3079303EBD3730B4104939B000B9374
:10159800042393400993B84B069307F10041B74BD6
:1015A80005930CEE106A00230CEE901A0893079B23
:1015B800012B40F3C4809FEDAC7B0B9B069A059DE5
:1015C800991800245BEC17AB4FF000084FF00009A6
:1015D80000915F1916460394009C206803F00CFCE8
:1015E80002460B46386843EC1A2B03F005FC5246BA
:1015F80041EC180B5B4651EC1A0BB0EE489AF0EE32
:10160800689A03F051FC424641EC1B0B4B4651ECE7
:10161800180B03F049FC02460B4651EC1B0B03F078
:101628008BFA524641EC180B5B4651EC190B03F050
:101638003BFC41EC170B42464B4651EC1A0BB0EE03
:10164800479AF0EE679A03F02FFC02460B4651ECDE
:10165800190B03F073FA02460B46306843EC1A2B59
:1016680003F0CAFB02460B46286843EC1B2B03F029
:10167800C3FB41EC170B53EC1B2BB0EE479AF0EE73
:10168800679A51EC180B03F059FA03F005FF53EC75
:10169800192B46F8040B51EC1A0B03F04FFA03F020
:1016A800FBFE844653EC182B45F804CB51EC1B0B7E
:1016B80003F042FA03F0F0FE844644F804CB53ECFE
:1016C8001A2B51EC190B009403F036FA03F0E4FEE0
:1016D80053EC1D2B47F8040B5946504603F0E4FB26
:1016E80042464B4641EC1A0B51EC1C0B03F0DCFB59
:1016F80002460B4651EC1A0B03F01EFA41EC170B8D
:1017080053EC1D2B40464946D046D9465BEC17ABF7
:1017180003F0CAFB42464B468046894651EC1C0BF7
:1017280003F0C2FB42464B4603F008FA039A049BB7
:1017380001329A42039280468946FFF64DAFDDE9B1
:101748000723069913440846099A059908931044F3
:1017580011440A9A06909A4205913FF728AF0C9BCC
:101768000D9901338B420C9322D0012202FA03F027
:1017780003F030FB02460B463DA1D1E9000103F01E
:10178800BDFC41EC100B41EC180B00F0D9FFB0EE9A
:10179800407AF0EE607AB0EE480AF0EE680A57EC4C
:1017A800176B00F079FFB0EE40DAF0EE60DAE4E6AD
:1017B8000A9B314EDFF8C4800F9F06EB8309CDF8F2
:1017C8000C90994656F8040B03F016FB02460B469C
:1017D80058F8040BCDE9002303F00EFBDDE90023E4
:1017E80082468B461046194603F05EFB5246044675
:1017F8000D465B465046594603F056FB02460B46DB
:101808002046294603F09AF941EC100B01F038F80C
:10181800484655EC104B03F0DDFA0B4602462946C4
:10182800204603F06BFC03F037FE039B47F8040BDC
:101838009E42C7D10E9811B0BDEC0C8BBDE8F08F5D
:1018480051464B467DE60E9C57E64FF0FF330E930C
:10185800F0E700BFAFF30080000000000000F0BF19
:10186800075C143326A6A13C000000000000F03FEE
:10187800182D4454FB211940783400207814002096
:101888002DE9F047DDF82090D8B3D2B3CBB30029C7
:101898002FDD09F1FF3C9C44C9F100079E464FF03B
:1018A8000008B9F1000FD8BF002527DD44464FF0E6
:1018B800000A002CC4F1000504DB1EF80560055D74
:1018C80006FB05AA013CBC42F3D15C1E002514F8B6
:1018D800016F64453544FAD175B1BAFBF5F502F8E4
:1018E800085008F10108414507F101070EF1010E02
:1018F800D7D10020BDE8F0875FFA8AF502F80850D2
:10190800EFE74FF0FF30F5E72DE9F04F2DED048BB1
:1019180089B0CDE9060305910192002800F0DC802A
:10192800002A00F0D980002B00F0D680179A002AF0
:1019380000F0D280169A002A9FED697B40F3C78099
:10194800551E57EC176B1D445C1E14F8010F03F06D
:1019580041FA02460B463046394603F0EFF8AC42EE
:1019680006460F46F1D147EC196B059B002B40F357
:101978009980189B5B420393169BC3F1000B0023CD
:101988000293169B002B4FF000044FF000051BDD5F
:10199800029A079BDDF8188016469F18002EC6F19C
:1019A80000030EDBF85C18F8063000FB03F003F0C8
:1019B80011FA02460B462046294603F0BFF80446B2
:1019C8000D46013E5E45E9D1189B012B4FF00006FC
:1019D8004FF0000730DD029B179ACDF810B003F1E5
:1019E800FF3ADDF80CB0D31845EC184B1D46BAF198
:1019F800000FCAF1000317DBE85C03F0DBF9019B79
:101A0800804613F80A00894603F0E4F902460B46BB
:101A18004046494603F048FA02460B4630463946E6
:101A280003F08CF806460F460AF1FF3ADA45DED194
:101A380055EC184BDDF810B059EC198B0022002337
:101A480019EE100A494603F0BFFC22462B4688B31C
:101A58003046394603F072F819EE102A4B4603F067
:101A68004DFB04460D4620A3D3E900232046294612
:101A780003F0AAFC0646D8B90022002320462946CE
:101A880003F084FCE8B1019B039A19460132029BDA
:101A98000392059ACE5401339A4202930BF1010B3B
:101AA8007FF46FAF002009B0BDEC048BBDE8F08F68
:101AB800FF26E8E73046394603F040F804460D466D
:101AC800D1E72046294603F0C7FCC6B2DBE7B0EEF3
:101AD800479AF0EE679A48E74FF0FF30E3E700BF18
:101AE80000000000000000000000000000E06F405F
:101AF800002874D02DE9F04F2DED048B174683B0E4
:101B0800002A69D00029884666DD07EE901AB8EEEB
:101B1800E78A814678EE087A17EE900A03F06CF9A6
:101B280002460B4633A1D1E9000103F0E7FA03F0BE
:101B3800B3FCF7EE007A87EE880A08EE900AB5EE55
:101B4800400AF1EE10FAB1EEC09A4ED4F0EE007AE7
:101B580087EE880AB5EE400AF1EE10FAF1EEC09A67
:101B680040D409F1FF3308F1FF354D4401934FEAA2
:101B780088090026DDF804B0B24674009FED1C8A7F
:101B8800BAFBF9F309FB13A300EE103AB8EE400ACA
:101B9800A24420EE280A00F02BFE1BF8013F07EEB6
:101BA800903AF8EE677A5D4527EE800A38EE008AAB
:101BB800E6D1002E14BFF0EE697AF0EE497A27EEEE
:101BC800888A0136B045A7EC018AD3D1002003B03A
:101BD800BDEC048BBDE8F08F4FF0FF30F7E74FF016
:101BE800FF30704700F0AAFEBBE700F0A7FEADE7A4
:101BF80000000000182D4454FB2109402DE9F04F46
:101C0800834B1D68B5F5847FADF52F7D06D3814BD9
:101C1800814ED3F800807368984504D000200DF5F4
:101C28002F7DBDE8F08FB468E31DDB0803F58473EE
:101C38009D42F3D1B4EB481FF0D80BAF84220021AA
:101C4800384602F06DFF842200212CA802F068FFBC
:101C58004DA88422002102F063FF06F10B0E7046A6
:101C680006F20B134FF0000C09E032B157F82210BE
:101C7800013147F822100CF1010C984204D010F8F9
:101C8800012F202AF1D9C9E7B8F1000F00F0B4807C
:101C9800BCF1000FC2D0002100208B46CDE9000125
:101CA800CDE907582CA94FF0000C03914DA90291DA
:101CB8000122614606970DF5DC790994DC46009C03
:101CC8000019019C4CEB04040494069C0018009035
:101CD80054F8040F0694049C4FF0010C6441A2F1DF
:101CE8002008C2F120052CFA05F50CFA08FB01942E
:101CF8004BEA050BDDE90045241845F100050CFA0F
:101D080002FAAB4508BFA2454FF0000C86D3039CEE
:101D18002546009C45F8044F029C039544F8041F8F
:101D28000294744614F8015F954205D1651EA5EB2F
:101D38000E0509F8015001319C42F3D10132212AE4
:101D4800BDD1099CDDE90758002C52D096F80C113A
:101D58000023C9119C4601220BE099F80C010132BD
:101D680040FA0EF000F00100212A40EA41013FF458
:101D780055AF013357F822006FEA030E06EBD3097B
:101D88000EF0070E10B30DF1B00A5AF822A08A45DA
:101D9800A1EB0A0B1AD858450CF1010016D9E045F9
:101DA8007FF63CAF0DF59A7B5BF822B01B4A59448D
:101DB800A1EB0A0A6EA912F80CC011F80A106145C5
:101DC8004FF000027FF42AAF84461146A342C4D1E3
:101DD80013F007030BD03544C3F10803E8784FF03C
:101DE800FF3101FA03F330EA03037FF417AFE0454C
:101DF80008D00022104612E75CEA04030CBF012059
:101E080000200CE7B2FA82F25209104607E700BF39
:101E1800A09D0020989D00207C54002098950020CB
:101E28002DE9F84F2D4A2E4B12681B68934230D18A
:101E380032B32C4E2C4DDFF8BCC0314600240227AB
:101E480050B30B78002C45D095F8008011F801ECC0
:101E58004344012C17FB0E333CD011F802EC15F863
:101E6800018CC6447344B3F5806F39BFC3F387034D
:101E780001310131FF230134A24205F8013FDFD1CE
:101E88001A491B4802F030FEB0FA80F04009BDE85C
:101E9800F88F0020BDE8F88F0131DFF85C808E46AE
:101EA80008F1100B1EF8019D4FF0010A0346C345C7
:101EB8000AFB093309D0B64507D058F804AB1EF819
:101EC800019DC3450AFB0933F5D1ACFB03E3C3F31A
:101ED8004703D0E79B080131CDE700BF989D00205C
:101EE800A09D0020989500208B6D00208054002034
:101EF8008C6D0020398EE338ACA200082DE9F04142
:101F0800DFF828C13F4DDFF828E13F4E471E002388
:101F18000B2F2B608EF80030CCF80030336024D8BB
:101F2800B2F5006F904620D8044600295DD00928F4
:101F380016D00C281CD0EAB93449354A354B0B6009
:101F480042F2040641F60C108B5113501360324ACA
:101F580000231370314A2C6013700120BDE8F08112
:101F6800002A47D0501E104204D01846BDE8F08120
:101F7800002A3FD02A48424602F0C4FD42F2040734
:101F880022482349C6F8008041F60C16214BC3515C
:101F9800B8F5006F8B5103600B60D8D12049214BF5
:101FA80001F500670A4601E0BA4229D083EA4333C3
:101FB80083EA534312F8016B83EA4313D8B286428B
:101FC800F2D00022144B184E1A708020002303E030
:101FD800B3F5006F12D0B05C11F8012B01338242C7
:101FE80003F07F02F4D00023B4E72AB9092801D00E
:101FF8000C28A1D14046B9E70846B7E70123A9E76D
:102008000122DFE778540020989D00208C7500207D
:102018007C540020216DA78394950020959500207D
:10202800989500204D3C2B1A08A00008A09D002080
:102038009C9D00202DE9F043714B724E1A680023D5
:10204800824289B0337006D1044620B16E4F6F4981
:102058003A688A4203D0002009B0BDE8F08341F60F
:102068000C1179589142F6D1DFF8D091D9F80020B7
:102078008A42F0D142F2040159F801109142EAD1A2
:10208800DFF8BC81421EC8F8003013460B2BE2D89B
:10209800DFE803F0AFA89C958D867C6D645232060C
:1020A8005B4D5C4A29685C48FFF722FD0028D2D1C5
:1020B800286880000028CEDB544A3B689342CAD186
:1020C80041F60C12BA589A42C5D1D9F80030934259
:1020D800C1D142F2040259F802209A42BBD1092C1C
:1020E800C8F8000005D00C2C03D041F6081398421C
:1020F800B1DC01203070AFE7484B494A1B68444DBA
:10210800ADF814301B0CD2F800C08DF8163003233C
:1021180029680293009306AB01934FEA1C4E414A8B
:102128003D48ADF818C005AB8DF81AE0FFF7ECFB99
:10213800002890D12868BDE73B4B354D394A93E8D4
:1021480003000523009306908DF81C103248296877
:1021580006ABFFF795FB0028ECD07CE72C4D2D4A09
:1021680029682D48FFF7A8F90028A1D073E7284B64
:1021780029481968002506AA0695FFF77DF9002861
:102188007FF469AF069B7B60042095E7204A274BC4
:10219800116821480093234A254BFFF703F989E783
:1021A8001B4B204A19681C48FFF708F882E7184AB1
:1021B800204B116818481B4AFEF792FE7AE7144B29
:1021C800184A19681448FEF7E5FC73E7104B1A4AD9
:1021D800196811487960FEF773FC0028FFF63BAFD9
:1021E800043069E70A4B0F4A19680B48FEF750FCA0
:1021F80060E7074B0B4A19680748FEF7FFFB59E7EA
:10220800785400209C9D00207C540020216DA783D9
:10221800989D00209075002098950020AC6F0008CC
:10222800B06F000880540020B46F0008EC6F0008FD
:10223800CC6F0008BC6F0008845400208C75002007
:10224800A09D00202DE9F84FC34B1B68834207D19E
:10225800C24B1A7822B1C24CC24923688B4203D0C0
:1022680000221046BDE8F88F41F60C1161589942DA
:10227800F6D1BD4D2B688B42F2D142F20401695868
:102288009942EDD1431E0B2BEAD8DFE813F0E400A6
:10229800C90090008C002A01180179006800160016
:1022A80011000C001600BDE8F84F0120FFF7B8BD7B
:1022B800BDE8F84F0020FFF7B3BDAC4B1A78002AF1
:1022C800CED0AB49AB4B0D681B68B3EB850FC7D1BC
:1022D800002DC6D0A849DFEDA94ADFEDA93AA94EDD
:1022E8009FEDA95AA94F9FEDAA4ADFEDAA5A0023EC
:1022F80026E01C0913F00F0F06EB840440F026813A
:10230800D4ED006AB0EEE67A27EE057A37EE247A45
:10231800D1ED007AB0EEE76AB4EE656AF1EE10FA34
:1023280003F1010301F104019AD877EEE67AF0EEA1
:10233800E77AF4EEC77AF1EE10FA91DC9D4290D07C
:102348000C28D6D107EB8304D4ED006AD1ED007ACE
:10235800B0EEE67A27EE057A37EE047ADAE78E4BA6
:102368001A78002A3FF47DAF824B1B68042B7FF458
:1023780077AF6268894BD21AB2FA82F2520970E7D3
:10238800854B1A78002A3FF46CAF7A4B1A68B2F57D
:10239800006F7FF465AF8249824802F0A5FBB0FA6E
:1023A80080F252095DE7BDE8F84FFFF727BC714B93
:1023B800D3F800B0BBF1030F7FF652AF6C4A6368E5
:1023C800126893427FF44CAF4FF0040EABEB0E094A
:1023D80029F00109DFF8E4A10026F14404EB0E0C12
:1023E800B24240F2ED80CE453FF43AAF9CF805701A
:1023F8000EF10208002F40F08780C3457FF630AF0A
:102408000EF1030EA044ABEB0E0998F804300AF85D
:10241800063029F001090136F14404EB0E0CDFE720
:10242800534B54491B680E689E427FF419AF002E27
:102438003FF417AF5C485D4C0644002302E0B0420D
:102448003FF40FAF14F8015F10F8011B2B44DBB207
:102458009942F4D004E7474B1F6817F0010E7FF448
:10246800FFAEDFF80CA1002F00F0B580DFF8F0C058
:10247800DAF80080DFF8309174469CF80450002D9B
:102488003FF4EEAEA8EB04039D423FF6E9AE621EB0
:102498009CF805604A44234612F8011F0133B142F3
:1024A800A4EB03007FF4DCAEE842F5D10EF1020E96
:1024B80077450CF1020C40F28F801C46DDE7364B65
:1024C8001A78002A3FF4CDAE2A4B1A68202A7FF4E6
:1024D800C7AE3749334802F007FBB0FA80F2520919
:1024E800BFE62D4B1A78002A3FF4BBAE214B1A6881
:1024F800B2F5016F7FF4B4AE2E492A4802F0F4FA1F
:10250800B0FA80F25209ACE69CF80430002B3FF494
:10251800A7AEB3423FF6A4AE911B8F423FF6A0AEE2
:102528002548F11A0139731E8519514453443D4415
:1025380011F8010F03F8010F9D42F9D13E44B24250
:102548000CF1020C3FF659AFC64649E7B0EE647A83
:10255800F0EE636ADCE600BF785400209C9D002002
:102568007C540020216DA7838C7500209595002050
:10257800989D0020A09D00209075002017B7D138A5
:102588000000000088A00008ACC5A7370880000834
:102598000AD7233CFFFF7F7F94950020339A3E9D06
:1025A8000878000880540020989500207F54002067
:1025B80088A20008F86F00088B6D00208C6D002041
:1025C800F3457FF44DAE0749074802F08DFAB0FA9B
:1025D80080F2520945E63B46DAF80020D31A5A42FF
:1025E8005A413EE6989500208C6D0020224B1A68CF
:1025F800824207D1214B187830B1214B2148196804
:10260800814202D000207047704741F60C101858DC
:102618008842F7D130B41C4C2168814202D0002096
:1026280030BC704742F2040020588842F7D1092A8A
:102638001FD0043404330C2A18BF1C46134B1868E7
:102648000028EDD0431E1248E518013C4FF0FF3337
:1026580014F8011F08224B405908DB074CBF81EAD8
:1026680000030B46013AF7D1AC42F1D1D84330BC54
:1026780070470434E2E700BF785400209C9D002096
:102688007C540020216DA7838C750020A09D00201C
:102698002083B8ED0000000000B551EC100B264A6D
:1026A80021F00043934285B01EDD244A934209DDA0
:1026B80010EE102A0B4602F03FFA41EC100B05B061
:1026C8005DF804FB684600F093F900F00300012868
:1026D80011D0022825D0E8B19DED021B9DED000B1D
:1026E800012001F035FBEAE79FED111B00F0C8FD62
:1026F80005B05DF804FB9DED021B9DED000B01F09C
:1027080027FB53EC102B03F1004300EE903A05B081
:102718005DF804FB9DED021B9DED000B00F0B0FD84
:10272800CDE79DED021B9DED000B00F0A9FDE8E74C
:102738000000000000000000FB21E93FFFFFEF7FE1
:1027480000B551EC100B284A21F00043934285B0A4
:1027580025DD264A934209DD10EE102A0B4602F0C9
:10276800EBF941EC100B05B05DF804FB684600F08E
:102778003FF900F00300012819D0022826D0E8B15B
:102788009DED021B9DED000B00F07AFD53EC102B24
:1027980003F1004300EE903A05B05DF804FB9FEDAD
:1027A800101B002001F0D4FA05B05DF804FB9DED84
:1027B800021B9DED000B00F063FDD4E79DED021BAD
:1027C8009DED000B012001F0C3FACCE79DED021B43
:1027D8009DED000B012001F0BBFAD7E7AFF30080B5
:1027E8000000000000000000FB21E93FFFFFEF7F31
:1027F80000B510EE103A204A23F00043934283B00C
:1028080019DDB3F1FF4F04DB30EE400A03B05DF889
:1028180004FB684600F0E6FB00F00300012811D035
:1028280002281FD0B8B1DDED010A9DED000A012094
:1028380001F004FFEAE7DFED110A01F047FB03B0FE
:102848005DF804FBDDED010A9DED000A01F0F6FEDE
:10285800B1EE400ADAE7DDED010A9DED000A01F06C
:1028680035FBD3E7DDED010A9DED000A01F02EFBF3
:10287800B1EE400ACAE700BFD80F493F0000000088
:102888002DE9F0432DED028B8BB055EC104B00F089
:10289800E5FA284BB0EE408AF0EE608A93F90070B2
:1028A8007B1C12D022462B462046294602F096FD74
:1028B800064650B94FF000084FF000092046294657
:1028C80042464B4602F062FD40B9B0EE480AF0EECF
:1028D800680A0BB0BDEC028BBDE8F083164B089676
:1028E8000122CDE90445CDE902450092019397B153
:1028F80042464B464046494602F000FC022FCDE9CD
:1029080006010AD102F0C6F821230360089B63B9C7
:102918009DED068BD9E7CDE90689684601F064FF8D
:102928000028EFD0089B002BF2D002F0B3F8089BE8
:102938000360EDE704000020BCA2000810B52DEDEF
:10294800028B8AB0B0EE408A00F096FC254B93F9D2
:102958000040631C09D0B4EE488AF1EE10FA04D6A0
:10296800B5EEC08AF1EE10FA03D40AB0BDEC028BC2
:1029780010BD01231C4A009318EE100A002301928F
:10298800089302F039FA0022CDE90401CDE90201E9
:102998000023BCB11046194602F0B0FB022CCDE969
:1029A800060111D102F076F821230360089B9BB938
:1029B800DDE9060102F070FD00EE100A0AB0BDEC78
:1029C800028B10BDCDE90623684601F00DFF0028F3
:1029D800E8D0089B002BEBD002F05CF8089B036062
:1029E800E6E700BF04000020C4A2000800000000C1
:1029F8002DE9F04F53EC102B2DED048B924923F069
:102A080000458D4289B0044640F38F808F498D423E
:102A18009B462DDCBBF1000F194610EE100A80A36F
:102A2800D3E9002340F3C78102F086F8884B9D4222
:102A380006460F4600F091807BA3D3E9002302F0FD
:102A48007BF802460B46C4E900233046394602F0BB
:102A580073F875A3D3E9002302F06EF8C4E9020104
:102A68004FF0010A504609B0BDEC048BBDE8F08F69
:102A780078498D4240F3948077498D4210EE100AD0
:102A880061DC4FEA255AAAF2164AA5EB0A51164606
:102A98000F4602F0B9FC02F09DF98046894630469F
:102AA800394642464B46CDE9028902F045F86B4B60
:102AB800002202F0F9F90F46064602F0A5FC054689
:102AC80002F088F902460B4630463946CDE9042320
:102AD80002F032F8614B002202F0E6F902460B469A
:102AE800CDE906230022002302F046FC002800F06E
:102AF8006081002D0CBF01230223594A0192022153
:102B08005246009102A8214600F0FAFCBBF1000FE2
:102B18008246A7DA6268E36802F1004203F10043E3
:102B2800C0F1000A6260E3609CE7002000214FF0DA
:102B3800000AC4E90201504684ED000B09B0BDEC5F
:102B4800048BBDE8F08F194601F0F6FF4FF0000A3C
:102B5800C4E90201C4E9000184E735A3D3E90023ED
:102B680001F0EAFF34A3D3E9002306460F4601F03B
:102B7800E3FF02460B46C4E900233046394601F01C
:102B8800DBFF2DA3D3E9002301F0D6FF4FF0010AA4
:102B9800C4E90201504609B0BDEC048BBDE8F08FD2
:102BA80001F094FD57EC106B10EE100A24A3D3E942
:102BB8000023394602F078F92A4B002201F0BEFFC3
:102BC80002F022FC824602F005F915A3D3E900239E
:102BD8008046894602F068F902460B463046394677
:102BE80001F0AAFF10A3D3E9002306460F4640468A
:102BF800494602F059F9BAF11F0F49EC198B47EC15
:102C0800186B8046894631DC174B0AF1FF3253F8BE
:102C18002230AB422AD002460B4630463946A4E061
:102C280000004054FB21F93F3163621A61B4D03D82
:102C38000000601A61B4D03D7370032E8A19A33B5B
:102C480083C8C96D305FE43FFB21E93F7BD902406F
:102C5800FB21F93FFB213941FFFFEF7F0000704165
:102C68004CA300080000E03FCCA2000842464B46B7
:102C780051EC180B01F060FF0A46C2F30A53C3EB8C
:102C88001553102B0146064617464FEA255573DDA6
:102C980069A3D3E9002351EC190B02F005F959ECAB
:102CA800188B06460F4632463B4618EE100A494630
:102CB80001F042FF41EC180B404653EC182B4946F3
:102CC80001F03AFF32463B4601F036FF5CA3D3E9F8
:102CD800002306460F4651EC190B02F0E5F8324680
:102CE8003B4601F029FF8046894642464B4651EC57
:102CF800180B01F021FF0A46C2F30A53ED1A312DD1
:102D080001460646174637DD50A3D3E9002351ECA8
:102D1800190B02F0C9F856EC185B80468946424602
:102D28004B4618EE100A314601F006FF41EC180B2D
:102D3800314653EC182B284601F0FEFE42464B461E
:102D480001F0FAFE43A3D3E9002306460F4651ECEF
:102D5800190B02F0A9F832463B4601F0EDFE804619
:102D6800894651EC180B42464B4601F0E5FEC4E992
:102D7800000106460F4601E0C4E9001232463B4610
:102D880051EC180B01F0D8FE42464B4601F0D4FE38
:102D9800BBF1000FC4E90201BFF664AE07F10045BC
:102DA80001F10043C4E90065C4E90203CAF1000A5D
:102DB80058E60323A1E601F0C1FE234B9D420646D7
:102DC8000F4616D01AA3D3E9002301F0B7FE024636
:102DD8000B46C4E900233046394601F0ADFE14A382
:102DE800D3E9002301F0AAFE4FF0FF3AC4E902013B
:102DF80038E611A3D3E9002301F0A0FE10A3D3E91C
:102E0800002306460F4601F099FE02460B46C4E928
:102E180000233046394601F08FFE09A3D3E9002389
:102E280001F08CFE4FF0FF3AC4E902011AE600BF38
:102E38003163621A61B4D03D0000601A61B4D03DBC
:102E48007370032E8A19A33BFB21F93F0000002E63
:102E58008A19A33BC14920259A837B392DE9F04182
:102E68005F4A57EC106BBA4300F09880002F10EEC1
:102E7800104A3B464EDD39155BD0C3F31303CA072E
:102E880043F48013A1F2FF3E03D45B0003EBD47339
:102E98006400E20F4FF0000C02EB43034FEA6E0EA2
:102EA8006400664616254FF40012B118994202DCF8
:102EB8005B1A8E1894445B00013D03EBD4734FEA10
:102EC80052024FEA4404F0D12F4620204FF000422E
:102ED80009E03ED0E10F01384FEA520201EB43030B
:102EE8004FEA44043ED0B34202EB0501F1DD00296C
:102EF80001EB020509DBB0469B1BA14288BF03F129
:102F0800FF33641A17444646E4E7002DF3DB06F165
:102F18000108F1E727F00042324336D0002F4DD1A7
:102F28003946E20A153964051346002AF9D0D70252
:102F380051D400205B00DE02054600F10100F9D5FE
:102F48001A4623468440C0F12000C3401343491B5E
:102F580093E7A142BED8002901EB0205D5DB9846CC
:102F68000023CEE7234312D178084FEA6C0101F120
:102F78007F511CF0010F01F5001118BF40F000400F
:102F880001EB0E53024643EC102BBDE8F0817B1C8D
:102F980016BF781C0CF1010C4008E6E710EE102A69
:102FA80010EE100A3B46394601F07EFF32463B469A
:102FB80001F0C4FD41EC100BBDE8F08110EE102AC1
:102FC8003046394601F0B8FD02460B4602F096F845
:102FD80041EC100BD9E7234620204FF0FF35B4E72A
:102FE8000000F07F70B510EE103A954A23F00044C7
:102FF800944286B0054668DD924A944210EE106A03
:103008001ADC002BDFED907A904A24F00F0440F38D
:10301800F180944270EE677A66D09FED8D7A77EEF4
:10302800C76A012077EEE67AC5ED006A77EEC77ABF
:10303800C5ED017A06B070BD864A944267DDB4F1E9
:10304800FF4F49DAE215863AA4EBC25307EE903AED
:10305800BDEEE77ADFED806AB8EEC77A77EEC77A19
:103068008DED037A67EEA67ABDEEE77AB8EEC77AF9
:1030780077EEC77A8DED047A67EEA67AF5EE407A98
:10308800F1EE10FACDED057A40F0A380B5EE407A66
:10309800F1EE10FA14BF02230123704901910221B5
:1030A800009103A8294600F093FF002EC2DA95ED9F
:1030B800007AD5ED017AB1EE477AF1EE677A4042AF
:1030C80085ED007AC5ED017AB4E7002285ED000AA6
:1030D8004260002006B070BD70EE407A0020C5ED59
:1030E800017AC5ED007AA5E7DFED5D6A9FED5D7AAF
:1030F80077EEE67A012077EEC76A77EEE67AC5EDD5
:10310800006A77EEC77AC5ED017A06B070BD01F0A6
:1031180001FCDFED556A9FED4C6A9FED4D7AF6EEA6
:10312800007AE0EE267AFDEEE77A17EE900AF8EEDE
:10313800E76A1F28A6EEC60A66EE877AB1EE666AC7
:103148001EDC4A4A411E24F0FF0352F82120934214
:1031580016D030EE677A85ED007A30EE470A002EF9
:1031680030EE670A85ED010ABFF664AFB1EE477A23
:10317800B1EE400A85ED007A85ED010A404259E733
:1031880030EE677AE21517EE103AC3F3C753C3EB74
:10319800D454082CDFDDDFED327A9FED327AF0EE81
:1031A800405AE6EE275A30EE650AA6EE270AF0EEF8
:1031B800407AD6EE877A35EEE77A17EE103AC3F3FF
:1031C800C753D21A192A06DC85ED007AB0EE650AD3
:1031D800C3E7032361E79FED267A9FED265AB0EEF9
:1031E800650AA6EE070A75EEC07AE6EE077AD6EE0D
:1031F800857AAEE7944270EE277A0ED09FED147A66
:1032080077EE876A4FF0FF3077EEE67AC5ED006A11
:1032180077EE877AC5ED017A0CE7DFED116A9FED4D
:10322800117A77EEA67A4FF0FF3077EE876A77EE5D
:10323800E67AC5ED006A77EE877AC5ED017AF9E698
:10324800D80F493FE3CB1640800FC93FD00FC93F85
:1032580043443537800F494300008043D4A4000815
:103268000044353708A3852E84F9223F54A400086A
:1032780000A3852E32318D24B1EEC00A704700BFFD
:103288002DE9F84F57EC106B27F00049B9F1795F39
:103298002DED048B5BEC11AB71DA10EE100A394698
:1032A80002F0B2F8002800F0F68032463B4630467D
:1032B800394601F0F9FD7CA3D3E9002304460D4605
:1032C80001F0F2FD7AA3D3E9002301F037FC22468E
:1032D8002B4601F0E9FD78A3D3E9002301F02CFC8B
:1032E80022462B4601F0E0FD75A3D3E9002301F047
:1032F80025FC22462B4601F0D7FD73A3D3E9002312
:1033080001F01AFC22462B4601F0CEFD70A3D3E94A
:10331800002301F013FC22462B4601F0C5FD41ECC9
:10332800180B714B00222046294601F0BDFD53ECD5
:10333800182B804689462046294601F0B5FD52469D
:103348005B4604460D463046394601F0ADFD02465F
:103358000B462046294601F0EFFB02460B46404645
:10336800494601F0E9FB02460B4600205F4901F09F
:10337800E3FBBDEC048B41EC100BBDE8F88F10EEBD
:10338800102A10EE100A3B46394601F08DFD46A37F
:10339800D3E9002304460D4601F086FD44A3D3E992
:1033A800002301F0CBFB22462B4601F07DFD42A312
:1033B800D3E9002301F0C0FB22462B4601F074FD3F
:1033C8003FA3D3E9002301F0B9FB22462B4601F0C5
:1033D8006BFD3DA3D3E9002301F0AEFB22462B464B
:1033E80001F062FD3AA3D3E9002301F0A7FB2B46C5
:1033F800224601F059FD3E4B994541EC180B90DDF2
:103408003C4B99453CDC0022A9F5001337490020C4
:103418009046994601F090FB41EC190B324B002283
:103428002046294601F040FD42464B4601F084FB08
:1034380053EC182B804689462046294601F034FD76
:1034480052465B4604460D463046394601F02CFD8F
:1034580002460B462046294601F06EFB02460B4603
:103468004046494601F068FB02460B4651EC190BF1
:1034780001F062FBBDEC048B41EC100BBDE8F88F4A
:103488009FED157BDFF87090B0EE479AF0EE679AE3
:103498004FF00008C2E7BDEC048B9FED110BBDE8AF
:1034A800F88F00BFAFF30080D43888BEE9FAA8BD12
:1034B800C4B1B4BD9EEE213EAD529C804F7E923E7B
:1034C8009015CB19A001FA3E7751C1166CC1563F31
:1034D8004C5555555555A53F000000000000E73FE5
:1034E800000000000000F03F0000E03F0000F03F57
:1034F8003233D33F0000E93F0000D23F0000000014
:103508002DE9F04FADF5197DBB4CA29D089354F8F9
:1035180025400594013B12F1140F04900B9103937D
:10352800C0F22683B549D31E81FB0301DB17C3EB29
:10353800A10307930133A3EB8303DB00D31806939E
:10354800079A039BD41A059AD6181AD40136A39F52
:103558004FF000084FF00009264420AD08E057F866
:10356800240001F037FC0134B442E5E8020108D038
:10357800002CF4DA013440464946B442E5E8020139
:10358800F6D1059B002BC0F2C883089BDDF80C9090
:10359800DA000292059A1A440192049A20A901EBD2
:1035A800C30A0DF5E07B02EBC308039B002B4FF029
:1035B80000044FF0000511DB049E574677E902230B
:1035C800F6E8020101F070FC02460B462046294647
:1035D80001F0B4FA464504460D46EFD1019B09F1C6
:1035E80001099945EBE802450AF1080ADDD1059A77
:1035F80004980CA901EB820302990144083B8B460D
:103608000BA90993134601EB82020A920193019ACE
:1036180098A901EBC203002A53E928452ADD0DF5D4
:10362800E07909EBC2080DF1300A754B00222046FB
:10363800294601F039FC01F0E7FE01F0CBFB714BA4
:10364800002206460F4601F02FFC02460B46204694
:10365800294601F071FA01F0D7FE044678E9022301
:103668004AF8044B3046394601F068FAC845044622
:103678000D46DAD1DDF8189045EC104B484601F0BC
:10368800B7F855EC104B00224FF07F5310EE100A9C
:10369800294601F009FC41EC100B01F021F85A4BC6
:1036A80051EC100B002201F0FFFB02460B462046AE
:1036B800294601F041FA0D46044601F0A5FE804670
:1036C80001F088FB0B4602462946204601F034FAF1
:1036D8004B46002B06460F4640F39880019A0CA9EA
:1036E800013AC9F1180351F8225045FA03F101FAD9
:1036F80003F3EB1AC9F117050CA843FA05F5002DD9
:1037080040F82230884400F38B80002200233046A2
:10371800394601F031FE002800F05682019B059AD7
:1037280003F1FF3A524510DC03F180430CAA013B38
:103738000A9802EB8303002253F80419834242EAF1
:103748000102F9D1002A40F0DC80059B0CAA013B5C
:1037580052F82330002B40F0CF80099A012352F809
:10376800041901330029FAD001994A1CCB18029395
:103778009146079B089902EB030A019B0B44984664
:1037880020AB0AF1804A03EBC808A39B0AF1FF3A71
:1037980003EB8A0A70AB03EBC20301935AF8040FD8
:1037A80001F018FB0B46039902460029C8E90023DB
:1037B80047464FF0000408F108084FF0000511DBF8
:1037C800049E01E077E90223F6E8020101F06CFBB0
:1037D80002460B462046294601F0B0F95E450446EC
:1037E8000D46EFD1019BE3E802450193029B09F1E5
:1037F80001099945D2DD09E730A80008ABAAAA2A31
:103808000000703E00007041000020406BD1019B19
:103818000CAA013B52F82350ED15002D7FF775AF28
:10382800019B002B08F1010840F3CC810C9C002C73
:1038380051D1019B012B20D00CAB012253F8044F2E
:10384800002C4BD0531C0CA9C4F1807441F82240C1
:103858000199994210DD0CAA0CA852F8232000EB1C
:10386800830300EB81006FF07F4100E01A688A1A39
:1038780043F8042B8342F9D10124069B002B0EDD6B
:10388800012B00F06A81022B09D1019B5A1E0CAB57
:103898000CA953F82230C3F3150341F82230022D46
:1038A8007FF433AF32463B46B949002001F044F972
:1038B80006460F46002C3FF428AF06989FEDB00B44
:1038C80000F096FF3046394653EC102B01F034F9DE
:1038D80006460F4619E701230022B4E70199013291
:1038E8008A42ABD1C9E7AB4B002201F063FD002847
:1038F80040F05681054608E7019B5A1C9146029202
:1039080037E70CAB069A53F82A30CDF81C80183AE2
:103918000395069273B9019B03F18043023B0CA9FE
:1039280001EB830353F804190AF1FF3A183A002906
:10393800F8D006929FED920B069800F059FFBAF165
:10394800000F55EC104BC0F2DE8170AB03EBCA0BD5
:103958000CAA0AF10103069302EB83084FEACA0393
:103968000BF10809049358F8040D01F033FA2246C4
:103978002B4601F099FA06460F46874B2046294602
:1039880069E90267002201F08FFA0CAB98450446FA
:103998000D46E8D148ABCDE9013ADDF814A0BAF1FB
:1039A800000F4FF000092CDB77A3D3E90023DFF8E1
:1039B800EC815F4600240025002603E0B14510DBBA
:1039C800F8E80223F7E8020101F06EFA02460B4616
:1039D8002046294601F0B2F80136B24504460D46A4
:1039E800ECDA019B029A03EBC9034A45C3E9004597
:1039F800ABF1080B09F1010306D0BAF1000F9946A3
:103A0800D2DA00240025ECE7A29BDDF808A0022BFF
:103A18001EDC002B00F30F8113D1049C019D083498
:103A2800002000212C4474E9022301F087F8A54204
:103A3800F9D1039B13B101F1004319460B9BC3E96C
:103A48000001079B03F007000DF5197DBDE8F08F15
:103A5800A29B032BF5D1BAF1000F00F07081019AF7
:103A6800049BD318D3E9004502EBCA0B7BE9026734
:103A78002046294632463B4601F060F8A046A94652
:103A880004460D4622462B463046394601F054F886
:103A98004B46424601F052F8019B5B45CBE9004595
:103AA800CBE90201E2D1BAF1010F40F34881019A52
:103AB800049B0AF1005A0AF1FF3A13444FEACA017B
:103AC800D3E9004501F1080A029192440DF5947B6F
:103AD8007AE902672046294632463B4601F02EF82D
:103AE800A046A94604460D4622462B46304639468E
:103AF80001F022F842464B4601F020F8D345CAE9C6
:103B08000045CAE90201E3D1029C019B0026002777
:103B180010341C4403F110053046394674E9022379
:103B280001F00CF8A542F9D106460F46039B002B7D
:103B380040F0BF80019A0B99D2E90045D2E90223EF
:103B4800C1E90223079B03F00700C1E90467C1E943
:103B580000450DF5197DBDE8F08F019B5A1E0CAB91
:103B68000CA953F82230C3F3160341F8223096E625
:103B780000216FF017030791E0E400BFAFF3008066
:103B8800000000000000F03F00000040FB21F93F6A
:103B98000000F03F0000E03F0000703EF8A700087A
:103BA800019B002B08F10108C8BF02253FF73EAE74
:103BB80032463B466349002000F0BEFF0225064618
:103BC8000F46A2E5002458E6069B0395584247ECA9
:103BD800106BCDF81C8000F00BFE55EC104B5A4BC7
:103BE80010EE100A0022294601F0E4FB002856D006
:103BF800564B00222046294601F056F901F004FCF4
:103C0800064601F0E7F8504B002201F04DF90B464B
:103C180002462946204600F08FFF01F0F5FB069B7F
:103C2800019C183304F1010A06930CAB43F82400F5
:103C380043F82A607EE6019D069A002005EBC2043F
:103C4800002174E9022300F079FFA542F9D1039B12
:103C5800002B48D10B9BC3E900010B460199024692
:103C6800D1E9000100F068FFBAF1000F0DDD4AAD9F
:103C78000124F5E80223013400F060FFA245F8DAD8
:103C8800039B13B101F1004319460B9BC3E90201E1
:103C9800079B03F007000DF5197DBDE8F08F20465E
:103CA800294601F0B1FB019B0CAA9A4642F8230071
:103CB80040E6019B19465A68DB680D688C680B99C9
:103CC80003F10043CB60079B0D6002F100424A609C
:103CD80003F0070007F100428C600E614A610DF5A0
:103CE800197DBDE8F08F0B9C01F10043C4E9000386
:103CF8000B4601990246D1E9000100F01DFFBAF117
:103D0800000FB4DCBEE7A29B022B0ADC002B11DCFF
:103D18007FF497AE002000218BE6089BDB0002931E
:103D280065E4A29B032B7FF48CAE48AB00260027EA
:103D38000193FBE648AB00200021019387E70026AA
:103D48000027F3E60000F03F000070410000703EDD
:103D58002DE9F04F55EC104B85B025F00043B3F139
:103D6800795F8DED001B039007DA10EE100A2946E3
:103D780001F04AFB002800F0898022462B462046A5
:103D8800294601F091F806460F4632463B46204642
:103D9800294601F089F843A3D3E9002382468B46DC
:103DA8003046394601F080F840A3D3E9002300F0FB
:103DB800C3FE32463B4601F077F83EA3D3E9002321
:103DC80000F0BCFE32463B4601F06EF83BA3D3E957
:103DD800002300F0B1FE32463B4601F065F839A3F6
:103DE800D3E9002300F0AAFE039B80468946ABB3C3
:103DF800DDE900012A4B002201F056F842464B4605
:103E0800804689465046594601F04EF802460B4610
:103E18004046494600F090FE32463B4601F044F8E1
:103E2800DDE9002300F088FE1BA3D3E90023064642
:103E38000F465046594601F037F802460B463046C1
:103E4800394600F07BFE02460B462046294600F024
:103E580073FE41EC100B05B0BDE8F08F02460B462F
:103E68003046394601F020F80BA3D3E9002300F0CF
:103E780063FE52465B4601F017F822462B4600F0D7
:103E88005DFE41EC100B05B0BDE8F08F45EC104B22
:103E980005B0BDE8F08F00BF495555555555C53F8C
:103EA8000000E03F7CD5CF5A3AD9E53DEB9C2B8A00
:103EB800E6E55A3E7DFEB157E31DC73ED561C119FF
:103EC800A0012A3FA6F810111111813F10EE103AF7
:103ED80023F00043B3F1485F2CDAFDEEC07A17EE09
:103EE800903A002B60D020EE007ADFED314A9FED4A
:103EF800315ADFED315A9FED316ADFED317ADFED6E
:103F0800316AA7EE245AE7EE055AA7EE256AE7EECE
:103F1800067AE7EE276A67EE266A60EEC00AF6EED2
:103F2800007AE7EE260AB7EE000AD7EE270A30EE47
:103F3800600A704720EE007ADFED1D4A9FED1D5A9A
:103F4800DFED1D5A9FED1D6ADFED1D7ADFED1D6A5D
:103F58001D4AA7EE245A9342E5EE075AA5EE876A52
:103F6800E6EE077AE7EE876A66EE876AD5DD174AD6
:103F7800934214DC03F17F4307EE903AB7EE006AF0
:103F880036EE676A60EEC00AF6EE005AE7EE260AD9
:103F9800D7EE257A77EEE00A36EE600A7047B6EE7D
:103FA800076AF5EE027AEDE7B7EE000A704700BF40
:103FB8004ED747ADF6740F317CF293B4010DD0376C
:103FC800610BB6BAABAA2A3D9999993E0000483FC1
:103FD8002DE9F04F2DED048BDBB0D74C689D079190
:103FE800111D54F8256004930992834603F1FF39A3
:103FF800C0F29D82D31E44BF13460433DB100393E3
:104008000133DB000893DDE908239B1A0693039B21
:1040180016EB0901A3EB090316D401319FEDC77A0A
:10402800699819441EAA002BA4BF50F8234007EE34
:10403800904A03F10103ACBFF8EEE77AF0EE477A55
:104048008B42E2EC017AEED1002EC0F2E082049BB2
:104058001EA901EB830446AD4FEA830C4846F718C6
:104068000BEB8301B9F1000FDFEDB47A09DB2246CF
:104078005B46F3EC016A32ED017A8B42E6EE877A11
:10408800F7D10130B842E5EC017A04F10404E9D132
:104098000DF1280808EB8603083B05939FEDA99AC4
:1040A800DFEDA78A0698009609AB03EB860A0BEBAF
:1040B8000C0446AF5B465AAA02EB8602002E12EDAC
:1040C800140A4FEA860B16DD07EB8602414660EEBE
:1040D800097AB0EE407AFDEEE77A72ED016AF8EE01
:1040E800E77ABA42A7EEE87A37EEA60ABDEEC77AB3
:1040F800A1EC017AEBD1CDE9010300F059FCB0EE57
:10410800408AB4EE000A28EE000A00F00BFCF2EE3A
:10411800007AA0EE678A0198029BFDEEC89A0028F3
:10412800F8EEE97A38EE678A78DD06F1FF3CC0F1EF
:10413800080258F82C5045FA02F101FA02F2AA1ABC
:1041480048F82C20C0F1070519EE90CA42FA05F587
:104158008C44002D09EE90CA68DCB5EE408AF1EE79
:1041680010FA40F0B680009A06F1FF3E724510DC66
:1041780006F18042013A08EB820200219C4652F87F
:104188000439524541EA0301F9D16346002940F058
:10419800F280009A013A58F82220002A40F0E6807E
:1041A800059A4FF0010C52F804190CF1010C002982
:1041B800F9D006F1010BB444DE460499039A8D192F
:1041C8005A441EA902F1804201EB85056999013A1A
:1041D80001EB820607EB8B0BD6ED017A9FED577A40
:1041E800F8EEE77AB9F1000F06F104062946C5EDA5
:1041F800007A05F1040509DB1A4601E071ED017A40
:10420800F2EC016AA242A6EEA77AF7D10EF1010EEE
:10421800E645ABEC017ADFDD66464CE740F09C8072
:10422800721E58F822502D12002D96DD19EE902A94
:10423800002E02F1010209EE902A40F38E81D8F88F
:104248000010002974D1012E1CD042464FF0010CF9
:1042580052F8041F002979D00CF10102C1F58071D0
:10426800964248F82C100CDD58F82210C34408EB8D
:10427800820200E01168C1F1FF0142F8041B5A45AF
:10428800F8D1012100280CDD012800F0478102281F
:1042980007D106F1FF3C58F82C2002F03F0248F8FD
:1042A8002C20022D7FF459AFB7EE000A30EE488A71
:1042B80000293FF452AFCDE9010300F079FB38EE55
:1042C800408ADDE90103B5EE408AF1EE10FA3FF4C9
:1042D8004AAFDDE90832B0EE480A981A029601950D
:1042E800009E00F065FB9FED167AB4EEC70AF1EE6A
:1042F80010FADDE90123C0F25781DFED127A069941
:1043080060EE277A0831FDEEE77A0691F8EEE77A53
:104318005D1CA7EEC70AFDEEE77ABDEEC00A10EEF7
:10432800101A48F8231017EE903A48F8253039E06B
:1043380001224FF0000C91E76CA800080000000073
:10434800000080430000803B0000C93F0CF1010CD5
:10435800B4457FF47DAF95E7F6EE007AB4EEE78AD0
:10436800F1EE10FA80F2E8800025F6E606F1010B7E
:10437800DE46DC4621E7069858F82E100838334602
:104388002A46009E0690754661B903F18043023BB8
:1043980008EB8303014653F80409013D0839002856
:1043A800F9D0069106980092B7EE000A00F000FBDB
:1043B800002D009AC0F21E814FEA850E46AB03EB32
:1043C8000E070EF1040C1FED217A08EB0C03391DC2
:1043D80073ED017AF8EEE77A434567EE807A20EECE
:1043E800070A61ED017AF3D1002E1FED296A4FF01B
:1043F800000420DB8F48DFED907A3946B0EE467A2C
:10440800002303E09C4208DBB0EC017AF1EC016A7E
:1044180001339E42E6EE877AF4DA5AAB03EB840363
:10442800A54243ED287AA7F1040704F1010305D05A
:10443800002E1C46DEDADFED807AEEE76899022965
:104448001CDC002900F38B800FD132ABDFED7A7AC8
:104458009C443CED017A634577EE877AF9D10AB13D
:10446800F1EE677A079BC3ED007A19EE903A03F0F4
:1044780007005BB0BDEC048BBDE8F08F689B032B95
:10448800F3D1002D00F0CB805AAB734432A913ED61
:10449800287A01EB850373ED017AF0EE476A37EE6F
:1044A800277A994277EEC77A83ED007A77EEA67A73
:1044B800C3ED017AEFD1012D40F3B18005F18045BC
:1044C8005AAB013D9E44AD002B1D1EED287A0B44CE
:1044D80033A873ED017AF0EE476A37EE277A9842EF
:1044E80077EEC77A83ED007A77EEA67AC3ED017A84
:1044F800EFD10835DFED507A4B19083133ED017AE9
:10450800994277EE877AF9D1002A55D10799329ADC
:10451800339BC1ED027A0A604B60A6E706F1FF3CC7
:1045280058F82C2002F07F0248F82C20B9E608231E
:1045380008930023039366E519EE902A002E02F1F2
:10454800010209EE902AC8BF02253FF778AEF7EEC0
:10455800007A37EEC88A0225FFE5002192E632A9E3
:10456800DFED357A01EB830333ED017A994277EE7B
:10457800877AF9D192BB9DED327A079B002DC3ED66
:10458800007A77EE677A0BDD33A90123B1EC017A63
:1045980001339D4277EE877AF8DA0AB1F1EE677A4D
:1045A800079BC3ED017A60E7BDEEC00A1D4610EE19
:1045B800101A48F82310F5E6DDED326A9DED337ADE
:1045C800079BF1EE677AF1EE666AB1EE477AC3EDC2
:1045D800027AC3ED006A83ED017A46E7DDED326ABF
:1045E800079BB1EE677A002D76EEE77A83ED007AC5
:1045F800CADCD3E7689B022B0DDC002B14DC7FF4AC
:1046080034AFDFED0D7A002A3FF42CAF28E7049B86
:104618004FEA830C3CE5689B032B7FF426AFDFED64
:10462800067A002AC8D171E7DFED037A002AA2D002
:10463800D4E700BF44A800080000000010EE103ABC
:1046480023F00043B3F1485F04DAFDEEC07A17EEB9
:10465800903A5BB360EE007A9FED155ADFED155A7C
:104668009FED156ADFED156A9FED157AE7EE855A1D
:1046780020EE275AA5EEA76AE6EE276AA6EEA77AE5
:1046880030B9DFED106AE7EE876AA6EE850A704753
:1046980027EE457AF6EE006AA0EEA67ADFED0A6A02
:1046A800D7EE270AE5EE260A30EE600A704700BF0B
:1046B800D3C92E2F342FD7B21BEF3836010D50B97E
:1046C8008988083CABAA2ABEABAA2A3E51EC100B3B
:1046D80010EE102A21F0004343EC102B704700BF66
:1046E80051EC100BF8B5C1F30A53A3F2FF35132DA3
:1046F80010EE106A0C4620DC002D3DDB384F2F41B0
:1047080001EA070303431DD033A3D3E9002300F0D4
:1047180015FA0022002300F057FE48B1002C04DAF5
:104728004FF4801343FA05F52C4424EA07040026C5
:104738002346324643EC102BF8BD332D05DDB5F585
:10474800806F29D041EC100BF8BDA3F213434FF052
:10475800FF37DF400742F5D01FA3D3E9002300F05D
:10476800EDF90022002300F02FFE0028E0D0002CF5
:1047780023DB26EA0706DBE717A3D3E9002300F0CB
:10478800DDF90022002300F01FFE0028D0D0002C05
:104798000ADB00263446CBE710EE102A0B4600F061
:1047A800CDF941EC100BF8BD24F000430D4A1E432F
:1047B800002E18BF14460026BAE7142D08D001238E
:1047C800C5F1340503FA05F5AE1928BFE418D0E79A
:1047D8000134CEE7AFF300809C7500883CE4377E57
:1047E800FFFF0F000000F0BF00207047000000002E
:1047F80038B553EC102BC3F30A511C46054681BB50
:1048080010EE101A23F00044214329D01946002243
:104818003D4B3E4C10EE100A00F046FBA542024606
:104828000B4616DB0C46C1F30A513639294440F2CF
:10483800FE70814221DC002947DC11F1350F34DAA2
:104848004CF250318D4218DC002B27A1D1E9000130
:1048580044DB25A3D3E9002300F026FB41EC100B31
:1048680038BD40F2FF708142E0D110EE100A1946BF
:1048780000F064F941EC100B38BD002B1CA1D1E904
:10488800000107DB1AA3D3E9002300F00DFB41EC7C
:10489800100B38BD18A1D1E9000115A3D3E90023F5
:1048A80000F002FB41EC100BF3E724F0FF4424F482
:1048B800E004363144EA0153104619460022144BED
:1048C80000F0F2FA41EC100B38BD24F0FF4424F458
:1048D800E00444EA015343EC102B38BD08A1D1E9A8
:1048E8000001B6E7AFF3008059F3F8C21F6EA501C7
:1048F8009C7500883CE4377E9C7500883CE437FE54
:1049080059F3F8C21F6EA58100005043B03CFFFF69
:104918000000903C10EE103A23F0004300EE103AED
:10492800704700BF10EE102AC2F3C7537F3B162B07
:1049380022F000411ADC002B1EDB1A4919410A42F9
:1049480027D0DFED197A70EE277AF5EEC07AF1EE0E
:1049580010FA1EDD002A04DA4FF4000040FA03F3CF
:104968001A4422EA010300EE103A7047B1F1FF4FF2
:104978000FD330EE000A7047DFED0B7A70EE277A1E
:10498800F5EEC07AF1EE10FA03DD002A02DB9FEDA6
:10499800070A70470029FFEE007A18BFB0EE670AD1
:1049A800704700BFFFFF7F00CAF249710000000096
:1049B80082B08DED010A019B33F000422AD0B2F19A
:1049C800FF4F23D213F0FF4F28D19DED017ADFED81
:1049D8002A7A2A4B67EE277A9842CDED017A37DB9F
:1049E800019BC3F3C752193A0244FE2A1ADD9FED10
:1049F800240A9FED247A019B002BF0EE407AB8BF81
:104A0800B0EE470A20EE270A02B0704730EE000ADF
:104A180002B070479DED010A02B07047D20D024402
:104A2800FE2AE4DC002A0BDC12F1160F17DA4CF22E
:104A380050339842DBDC9FED140A9FED147ADAE7D5
:104A480023F0FF4343EAC25300EE103A02B0704726
:104A58009FED0D0ADDED017A27EE800AD8E71932BD
:104A680023F0FF4343EAC253DFED097A07EE103A19
:104A780027EE270ACCE700BF0000004CB03CFFFF40
:104A8800CAF24971CAF249F16042A20D6042A28D90
:104A980000000033014B1868704700BF0800002071
:104AA80070B50D4D0D4C641BA4100026A64209D10B
:104AB8000B4D0C4CFBF778FD641BA4100026A64296
:104AC80005D170BD55F8043B98470136EEE755F817
:104AD800043B98470136F2E778A8000878A8000850
:104AE80078A8000878A8000830B501390024A24247
:104AF80001D1002005E0035D01340D5DAB42F6D025
:104B0800581B30BD0A44914200F1FF3300D1704771
:104B180010B511F8014B03F8014F9142F9D110BDBE
:104B280002440346934200D1704703F8011BF9E79A
:104B380081F0004102E000BF83F0004330B54FEA46
:104B480041044FEA430594EA050F08BF90EA020FB3
:104B58001FBF54EA000C55EA020C7FEA645C7FEA46
:104B6800655C00F0E2804FEA5454D4EB5555B8BF69
:104B78006D420CDD2C4480EA020281EA030382EADA
:104B8800000083EA010180EA020281EA0303362D6C
:104B980088BF30BD11F0004F4FEA01314FF4801C3F
:104BA8004CEA113102D0404261EB410113F0004F51
:104BB8004FEA03334CEA133302D0524263EB430308
:104BC80094EA050F00F0A780A4F10104D5F1200EA6
:104BD8000DDB02FA0EFC22FA05F2801841F1000101
:104BE80003FA0EF2801843FA05F359410EE0A5F1D5
:104BF80020050EF1200E012A03FA0EFC28BF4CF006
:104C0800020C43FA05F3C01851EBE37101F00045BB
:104C180007D54FF0000EDCF1000C7EEB00006EEBC8
:104C28000101B1F5801F1BD3B1F5001F0CD3490852
:104C38005FEA30004FEA3C0C04F101044FEA4452A9
:104C480012F5800F80F09A80BCF1004F08BF5FEA30
:104C5800500C50F1000041EB045141EA050130BD10
:104C68005FEA4C0C404141EB0101013C28BFB1F522
:104C7800801FE9D291F0000F04BF01460020B1FA6D
:104C880081F308BF2033A3F10B03B3F120020CDA40
:104C98000C3208DD02F1140CC2F10C0201FA0CF01E
:104CA80021FA02F10CE002F11402D8BFC2F1200C83
:104CB80001FA02F120FA0CFCDCBF41EA0C01904039
:104CC800E41AA2BF01EB0451294330BD6FEA040482
:104CD8001F3C1CDA0C340EDC04F11404C4F120026D
:104CE80020FA04F001FA02F340EA030021FA04F37F
:104CF80045EA030130BDC4F10C04C4F1200220FAD6
:104D080002F001FA04F340EA0300294630BD21FA13
:104D180004F0294630BD94F0000F83F4801306BFD9
:104D280081F480110134013D4EE77FEA645C18BFCD
:104D38007FEA655C29D094EA050F08BF90EA020F64
:104D480005D054EA000C04BF1946104630BD91EA5C
:104D5800030F1EBF0021002030BD5FEA545C05D15F
:104D68004000494128BF41F0004130BD14F580049E
:104D78003CBF01F5801130BD01F0004545F0FE4112
:104D880041F470014FF0000030BD7FEA645C1ABF47
:104D9800194610467FEA655C1CBF0B46024650EA7E
:104DA800013406BF52EA033591EA030F41F40021AA
:104DB80030BD00BF90F0000F04BF0021704730B530
:104DC8004FF4806404F132044FF000054FF0000105
:104DD80050E700BF90F0000F04BF0021704730B5C6
:104DE8004FF4806404F1320410F0004548BF40429B
:104DF8004FF000013EE700BF42004FEAE2014FEAF0
:104E080031014FEA02701FBF12F07F4393F07F4FCA
:104E180081F06051704732F07F4208BF704793F0CD
:104E28007F4F04BF41F40021704730B54FF46074E0
:104E380001F0004521F000411CE700BF50EA0102E3
:104E480008BF704730B54FF000050AE050EA01028C
:104E580008BF704730B511F0004502D5404261EBFC
:104E680041014FF4806404F132045FEA915C3FF43D
:104E7800D8AE4FF003025FEADC0C18BF03325FEADA
:104E8800DC0C18BF033202EBDC02C2F1200300FA8B
:104E980003FC20FA02F001FA03FE40EA0E0021FAB0
:104EA80002F11444BDE600BF70B54FF0FF0C4CF49E
:104EB800E06C1CEA11541DBF1CEA135594EA0C0F50
:104EC80095EA0C0F00F0DEF82C4481EA030621EA8B
:104ED8004C5123EA4C5350EA013518BF52EA0335C6
:104EE80041F4801143F4801338D0A0FB02CE4FF078
:104EF8000005E1FB02E506F00042E0FB03E54FF0A8
:104F08000006E1FB03569CF0000F18BF4EF0010E9F
:104F1800A4F1FF04B6F5007F64F5407404D25FEA9B
:104F28004E0E6D4146EB060642EAC62141EA55514E
:104F38004FEAC52040EA5E504FEACE2EB4F1FD0C90
:104F480088BFBCF5E06F1ED8BEF1004F08BF5FEA0E
:104F5800500E50F1000041EB045170BD06F00046C0
:104F680046EA010140EA020081EA0301B4EB5C046D
:104F7800C2BFD4EB0C0541EA045170BD41F4801165
:104F88004FF0000E013C00F3AB8014F1360FDEBF8A
:104F9800002001F0004170BDC4F10004203C35DA66
:104FA8000C341BDC04F11404C4F1200500FA05F3E9
:104FB80020FA04F001FA05F240EA020001F000428A
:104FC80021F0004110EBD37021FA04F642EB060100
:104FD8005EEA430E08BF20EAD37070BDC4F10C042A
:104FE800C4F1200500FA04F320FA05F001FA04F2EE
:104FF80040EA020001F0004110EBD37041F10001DA
:105008005EEA430E08BF20EAD37070BDC4F12005E4
:1050180000FA05F24EEA020E20FA04F301FA05F24C
:1050280043EA020321FA04F001F0004121FA04F2F4
:1050380020EA020000EBD3705EEA430E08BF20EAC4
:10504800D37070BD94F0000F0FD101F000464000FE
:1050580041EB010111F4801F08BF013CF7D041EA80
:10506800060195F0000F18BF704703F00046520084
:1050780043EB030313F4801F08BF013DF7D043EA55
:105088000603704794EA0C0F0CEA135518BF95EA0B
:105098000C0F0CD050EA410618BF52EA4306D1D192
:1050A80081EA030101F000414FF0000070BD50EAB1
:1050B800410606BF1046194652EA430619D094EA3B
:1050C8000C0F02D150EA013613D195EA0C0F05D125
:1050D80052EA03361CBF104619460AD181EA030179
:1050E80001F0004141F0FE4141F470014FF0000031
:1050F80070BD41F0FE4141F4780170BD70B54FF0CC
:10510800FF0C4CF4E06C1CEA11541DBF1CEA13554B
:1051180094EA0C0F95EA0C0F00F0A7F8A4EB05042D
:1051280081EA030E52EA03354FEA013100F0888024
:105138004FEA03334FF0805545EA131343EA1263ED
:105148004FEA022245EA111545EA10654FEA0026A2
:105158000EF000419D4208BF964244F1FD0404F55B
:10516800407402D25B084FEA3202B61A65EB0305B7
:105178005B084FEA32024FF480104FF4002CB6EB74
:10518800020E75EB030E22BFB61A754640EA0C00F4
:105198005B084FEA3202B6EB020E75EB030E22BF34
:1051A800B61A754640EA5C005B084FEA3202B6EB75
:1051B800020E75EB030E22BFB61A754640EA9C0034
:1051C8005B084FEA3202B6EB020E75EB030E22BF04
:1051D800B61A754640EADC0055EA060E18D04FEAC2
:1051E800051545EA16754FEA06164FEAC30343EA62
:1051F80052734FEAC2025FEA1C1CC0D111F4801F2F
:105208000BD141EA00014FF000004FF0004CB6E727
:1052180011F4801F04BF01430020B4F1FD0C88BFC6
:10522800BCF5E06F3FF6AFAEB5EB030C04BFB6EBD1
:10523800020C5FEA500C50F1000041EB045170BDC4
:105248000EF0004E4EEA113114EB5C04C2BFD4EBF1
:105258000C0541EA045170BD41F480114FF0000E75
:10526800013C90E645EA060E8DE60CEA135594EAF1
:105278000C0F08BF95EA0C0F3FF43BAF94EA0C0FF4
:105288000AD150EA01347FF434AF95EA0C0F7FF469
:1052980025AF104619462CE795EA0C0F06D152EABD
:1052A80003353FF4FDAE1046194622E750EA4106A1
:1052B80018BF52EA43067FF4C5AE50EA41047FF4B2
:1052C8000DAF52EA43057FF4EBAE12E74FF0FF3C17
:1052D80006E000BF4FF0010C02E000BF4FF0010CE8
:1052E8004DF804CD4FEA410C7FEA6C5C4FEA430C61
:1052F80018BF7FEA6C5C1BD001B050EA410C0CBFB0
:1053080052EA430C91EA030F02BF90EA020F002011
:10531800704710F1000F91EA030F58BF994208BF78
:1053280090422CBFD8176FEAE37040F00100704735
:105338004FEA410C7FEA6C5C02D150EA013C07D18C
:105348004FEA430C7FEA6C5CD6D152EA033CD3D0D7
:105358005DF8040B704700BF8446104662468C46D1
:105368001946634600E000BF01B5FFF7B7FF002804
:1053780048BF10F1000F01BD4DF808EDFFF7F4FF2D
:105388000CBF012000205DF808FB00BF4DF808EDB8
:10539800FFF7EAFF34BF012000205DF808FB00BFDB
:1053A8004DF808EDFFF7E0FF94BF012000205DF8FD
:1053B80008FB00BF4DF808EDFFF7CEFF94BF0120B2
:1053C80000205DF808FB00BF4DF808EDFFF7C4FFAB
:1053D80034BF012000205DF808FB00BF4FEA410CF4
:1053E8007FEA6C5C02D150EA013C0AD14FEA430CD7
:1053F8007FEA6C5C02D152EA033C02D14FF0000014
:1054080070474FF0010070474FEA410212F5001251
:1054180015D211D56FF47873B3EB625212D94FEAF3
:10542800C12343F0004343EA505311F0004F23FADD
:1054380002F018BF404270474FF00000704750EA32
:10544800013005D111F0004008BF6FF000407047EF
:105458004FF00000704700BF4A0011D212F5001249
:1054680011D20DD56FF47873B3EB62520ED44FEAB4
:10547800C12343F0004343EA505323FA02F0704734
:105488004FF00000704750EA013002D14FF0FF3072
:1054980070474FF0000070474FEA4102B2F1E04315
:1054A80024BFB3F5001CDCF1FE5C0DD901F0004C03
:1054B8004FEAC0024CEA5070B2F1004F40EB830053
:1054C80008BF20F00100704711F0804F21D113F17F
:1054D8003872BCBF01F00040704741F480114FEAB8
:1054E8005252C2F11802C2F1200C10FA0CF320FA41
:1054F80002F018BF40F001004FEAC1234FEAD3235E
:1055080003FA0CFC40EA0C0023FA02F34FEA4303C7
:10551800CCE77FEA625307D150EA01331EBF4FF050
:10552800FE4040F44000704701F0004040F0FE406B
:1055380040F40000704700BF0000000000000000B9
:105548000102030406070809B80B0000B80B0000A5
:10555800C80000006400000064000000F4010000BE
:10556800B80B0000B80B0000140000002C0100006C
:1055780032000000010000000000000000000000F0
:105588000000000000000000000000000000000013
:105598000000000000000000FFFFFFFFFFFFFFFF0B
:1055A800FFFFFFFFFFFFFFFFFFFFFFFFFFFFFFFF03
:1055B800FFFFFFFFFFFFFFFF0001020304050607CF
:1055C80008090A0B0C0D0E0F1011121314151617DB
:1055D80018191A1B1C1D1E1F2021222324252627CB
:1055E80028292A2B2C2D2E2F3031323334353637BB
:1055F80038393A3B3C3D3E3F0000010102020303BB
:1056080010203040AA55AA550000010102020303E8
:1056180010203040AA55AA550000010102020303D8
:1056280010203040AA55AA550000010102020303C8
:1056380010203040AA55AA550000010102020303B8
:1056480010203040AA55AA550000010102020303A8
:1056580010203040AA55AA55000001010202030398
:1056680010203040AA55AA55000001010202030388
:1056780010203040AA55AA55000000000000000084
:105688000000000000000000000000000000000012
:105698000000000000000000FFFFFFFFFFFFFFFF0A
:1056A800FFFFFFFFFFFFFFFFFFFFFFFFFFFFFFFF02
:1056B800FFFFFFFFFFFFFFFF0001020304050607CE
:1056C80008090A0B0C0D0E0F1011121314151617DA
:1056D80018191A1B1C1D1E1F2021222324252627CA
:1056E80028292A2B2C2D2E2F3031323334353637BA
:1056F80038393A3B3C3D3E3F0000010102020303BA
:1057080010203040AA55AA550000010102020303E7
:1057180010203040AA55AA550000010102020303D7
:1057280010203040AA55AA550000010102020303C7
:1057380010203040AA55AA550000010102020303B7
:1057480010203040AA55AA550000010102020303A7
:1057580010203040AA55AA55000001010202030397
:1057680010203040AA55AA55000001010202030387
:1057780010203040AA55AA55000000000000000083
:105788000000000000000000000000000000000011
:105798000000000000000000FFFFFFFFFFFFFFFF09
:1057A800FFFFFFFFFFFFFFFFFFFFFFFFFFFFFFFF01
:1057B800FFFFFFFFFFFFFFFF0001020304050607CD
:1057C80008090A0B0C0D0E0F1011121314151617D9
:1057D80018191A1B1C1D1E1F2021222324252627C9
:1057E80028292A2B2C2D2E2F3031323334353637B9
:1057F80038393A3B3C3D3E3F0000010102020303B9
:1058080010203040AA55AA550000010102020303E6
:1058180010203040AA55AA550000010102020303D6
:1058280010203040AA55AA550000010102020303C6
:1058380010203040AA55AA550000010102020303B6
:1058480010203040AA55AA550000010102020303A6
:1058580010203040AA55AA55000001010202030396
:1058680010203040AA55AA55000001010202030386
:1058780010203040AA55AA55000000000000000082
:105888000000000000000000000000000000000010
:105898000000000000000000FFFFFFFFFFFFFFFF08
:1058A800FFFFFFFFFFFFFFFFFFFFFFFFFFFFFFFF00
:1058B800FFFFFFFFFFFFFFFF0001020304050607CC
:1058C80008090A0B0C0D0E0F1011121314151617D8
:1058D80018191A1B1C1D1E1F2021222324252627C8
:1058E80028292A2B2C2D2E2F3031323334353637B8
:1058F80038393A3B3C3D3E3F0000010102020303B8
:1059080010203040AA55AA550000010102020303E5
:1059180010203040AA55AA550000010102020303D5
:1059280010203040AA55AA550000010102020303C5
:1059380010203040AA55AA550000010102020303B5
:1059480010203040AA55AA550000010102020303A5
:1059580010203040AA55AA55000001010202030395
:1059680010203040AA55AA55000001010202030385
:1059780010203040AA55AA55000000000000000081
:10598800000000000000000000000000000000000F
:105998000000000000000000FFFFFFFFFFFFFFFF07
:1059A800FFFFFFFFFFFFFFFFFFFFFFFFFFFFFFFFFF
:1059B800FFFFFFFFFFFFFFFF0001020304050607CB
:1059C80008090A0B0C0D0E0F1011121314151617D7
:1059D80018191A1B1C1D1E1F2021222324252627C7
:1059E80028292A2B2C2D2E2F3031323334353637B7
:1059F80038393A3B3C3D3E3F0000010102020303B7
:105A080010203040AA55AA550000010102020303E4
:105A180010203040AA55AA550000010102020303D4
:105A280010203040AA55AA550000010102020303C4
:105A380010203040AA55AA550000010102020303B4
:105A480010203040AA55AA550000010102020303A4
:105A580010203040AA55AA55000001010202030394
:105A680010203040AA55AA55000001010202030384
:105A780010203040AA55AA55000000000000000080
:105A8800000000000000000000000000000000000E
:105A98000000000000000000FFFFFFFFFFFFFFFF06
:105AA800FFFFFFFFFFFFFFFFFFFFFFFFFFFFFFFFFE
:105AB800FFFFFFFFFFFFFFFF0001020304050607CA
:105AC80008090A0B0C0D0E0F1011121314151617D6
:105AD80018191A1B1C1D1E1F2021222324252627C6
:105AE80028292A2B2C2D2E2F3031323334353637B6
:105AF80038393A3B3C3D3E3F0000010102020303B6
:105B080010203040AA55AA550000010102020303E3
:105B180010203040AA55AA550000010102020303D3
:105B280010203040AA55AA550000010102020303C3
:105B380010203040AA55AA550000010102020303B3
:105B480010203040AA55AA550000010102020303A3
:105B580010203040AA55AA55000001010202030393
:105B680010203040AA55AA55000001010202030383
:105B780010203040AA55AA5500000000000000007F
:105B8800000000000000000000000000000000000D
:105B98000000000000000000FFFFFFFFFFFFFFFF05
:105BA800FFFFFFFFFFFFFFFFFFFFFFFFFFFFFFFFFD
:105BB800FFFFFFFFFFFFFFFF0001020304050607C9
:105BC80008090A0B0C0D0E0F1011121314151617D5
:105BD80018191A1B1C1D1E1F2021222324252627C5
:105BE80028292A2B2C2D2E2F3031323334353637B5
:105BF80038393A3B3C3D3E3F0000010102020303B5
:105C080010203040AA55AA550000010102020303E2
:105C180010203040AA55AA550000010102020303D2
:105C280010203040AA55AA550000010102020303C2
:105C380010203040AA55AA550000010102020303B2
:105C480010203040AA55AA550000010102020303A2
:105C580010203040AA55AA55000001010202030392
:105C680010203040AA55AA55000001010202030382
:105C780010203040AA55AA5500000000000000007E
:105C8800000000000000000000000000000000000C
:105C98000000000000000000FFFFFFFFFFFFFFFF04
:105CA800FFFFFFFFFFFFFFFFFFFFFFFFFFFFFFFFFC
:105CB800FFFFFFFFFFFFFFFF0001020304050607C8
:105CC80008090A0B0C0D0E0F1011121314151617D4
:105CD80018191A1B1C1D1E1F2021222324252627C4
:105CE80028292A2B2C2D2E2F3031323334353637B4
:105CF80038393A3B3C3D3E3F0000010102020303B4
:105D080010203040AA55AA550000010102020303E1
:105D180010203040AA55AA550000010102020303D1
:105D280010203040AA55AA550000010102020303C1
:105D380010203040AA55AA550000010102020303B1
:105D480010203040AA55AA550000010102020303A1
:105D580010203040AA55AA55000001010202030391
:105D680010203040AA55AA55000001010202030381
:105D780010203040AA55AA551C36C84190A1EDB450
:105D8800A79DD47EF3AA3907677CA4C371BA8E781D
:105D9800AE7C94B222C84ED58214F46417E45E9B9C
:105DA800A46A61680E8E098479FA7CEF525FD64145
:105DB800D2E2D9CEBBE6D6505F5BCECE9346BF7952
:105DC800689DD27F5E8E13AE4507B95818FBC90788
:105DD8007903AF61EFF0E158C5D0EEE761711FDBE1
:105DE80060C472AF8ED35740FF34873E5FEFCCABB1
:105DF800C8D9CCD3A27234E034030301E052C4788A
:105E0800729B75E168B0A6F48DF3A439E4C9396EC4
:105E180094DA7BD9FBB663D17AFEAD4B68AAF7A2B8
:105E280045BDA9D22709D276069EB199C854F05B20
:105E3800B4C6EAD7B272419DBEC10C7D6DC82EF4BE
:105E480099298F0A2EAA12C6F9F6AFC68337BB6AFC
:105E5800C629C3748271FC9146E33380286840F1F7
:105E6800C154B54DB8DA8F84163BC98DCE8674A05F
:105E7800A6AEB421DDABAACA6E4D83A45981098FA1
:105E8800EC5611DA8A1F59F81E7D97824BDD4516AC
:105E9800CF832A58C90367DC6EF3919880FEC5E169
:105EA800A03FE85A97FE869AE7415F502EA9E2FA8A
:105EB8009BD26C6E50765C7D41ED022A6161FEA832
:105EC80089E37FCD98FD8D67333D7AE24193BF1218
:105ED80048D62FC298690132C19BD521DB9EB2A159
:105EE8005EB9304B9C46B3A143F0DDEA996E6D96DE
:105EF800D9DCAB804F51841AE84595FC0A40C0C6EE
:105F08000F3B9C3D66A87C0D0ADC99EA7832215C3F
:105F18004A8909DD34082E5C8700AC99C124AA544B
:105F2800B37F2CD0E4D38A2000280B535A87C88922
:105F38002EDF96D21186DCB85515289351518F6CF7
:105F48005CFCAF4D8E878D79DDEEC71FE3A74F4808
:105F5800131940E5CA597AB7A0A156980B20DBBBA4
:105F68001755DCE7DE62CD2A02CFE3673655DBED55
:105F78007A1E869FCFEA1550E1D25910368FDCE79A
:105F880001222207EDA119B6A039A7BE84C31C5E61
:105F9800CD81B038AB5DBE62D7437D8961155A5655
:105FA8009C60627614A5375A22B8374E783F1F672F
:105FB800F9C6B8E6852C81E2062E7CB4A79D551556
:105FC8005AE51D0425A083764424CE7F46A9F10610
:105FD8006F08C1A348B7119139BB25E99272EAE469
:105FE8009FB89DE995E2E3CAAA8D87D0A7D47FD64A
:105FF8007027815B8741AAAAEBF97E6490709D0D9A
:1060080063E52D484FFDF61DF1FCAAE41BEA5C3D53
:1060180081BC9952F7F3DBEA3BD62C89B8F4F5B684
:106028007BFA6284EB1076AE1F951221E2F2DC78DF
:1060380028DC0D988BA039585A4CCC835B98B97DD5
:106048005E917A324945C6EFBED730AF93FA366DC6
:106058004CE90CFF92910A787ADA54C2FFA24D8E6D
:106068000D9540983337750B02327FC961294F1A55
:1060780016EFCE77C584F27210AC2522BB8567581F
:1060880008E7C43B641A8642B7DA816379218E181F
:1060980011EF924E29B6A29534F1D625CED82351C8
:1060A8006ECC08795CB4DB9EF5375A88A6FEA6EE5E
:1060B80065D1F5ED65485BFA23EF9BADA25DFB81E9
:1060C8002EEDA063C5E4BE4E05C736E3C95E47E6BC
:1060D800A4430A39B6BC000D4080C1E62BE6D51BA7
:1060E8008CEE9F63EFC371C466598ED81299B45869
:1060F800D4B9341C2407B1AE4ACFAE83398B68F2C9
:10610800FA926CD34DA31EAE242668F67510A96CBE
:10611800F3FE186EAFA8A68BDD89D341B015F91828
:10612800881CF79192974D35E0CAA43137ABC295D8
:106138004218FC21CAE5814483781A28E33ED04BF3
:10614800B229B7E19BAB4D92685B52752277174B2A
:106158006F94C2A3FFD99F188C1B06F508A05D8D0C
:106168002B1553E316837EA02C408450840B5B7B55
:106178000B772D91D8B2975201495D965B98DF6AEB
:1061880094006DD31A113A5D8492B609698C52BF96
:10619800D5099106C3F559B5719F0D7525B189A922
:1061A8007979E01B4080F91B401D4A9CE443E2B822
:1061B80071A3AC47BBA7856B0F1E5397580FF44AC2
:1061C80093935B10FAAE0786620A13B39AAB645ACC
:1061D800D85AF17EEBD48D0C721E04301A7CEEAFC7
:1061E8004AB9C8E7F405ACEE9163CE754508964602
:1061F8006DC5142909676E9FF266B3201C6B6A3956
:10620800C38F327D0D105999B1D21A8BD15E4DDCF6
:10621800EB182A822DE43D5D1B16FB9F935DF6FD6E
:10622800A067D0FE68EFA90F383E2436EAF1E709E7
:1062380005E3B6A9EA9FCF181BE2607A47687A2F70
:1062480050E533C61333C40F3CCD7197517955CC03
:106258004DF54F0D1E019F914C5621CCF9C278E89F
:1062680068D83CBD4CD720AB123D4CC810C238464C
:10627800D6FFD2440FAC15770C55BF530302B46751
:10628800C18F4A70C3E817B00F8B06C11D1452E7BF
:10629800DB973F5443DDA915D55BF7F58B7F0EA23D
:1062A8008A59BEB955A9EA0CDB6BAA6BFD56861F45
:1062B800274C6FA23336012F657C2D2DF927459584
:1062C800160EEC4265CF3BAA9DCA155D4B0567FDCE
:1062D80080F246639EAA72BE7353A7CD7FE66E6CAA
:1062E8009EAFC5FC16434DC2642180C01850BAB297
:1062F8006038EF9B6FA9F3D514EE00F5B9306CE266
:10630800707E42E6C711FB1E52AD730E1BB6C13E2E
:10631800FFF6D591F078E2E69E13353FD71B6B6BFD
:10632800E3FC0A61B703379DB4936301B838046B83
:106338002D4514093B1432D7D2BD7E4683E7DFAE24
:106348005F4414036FC04B7AF16A7BF60DB82EF6E2
:106358002FEE0608DF30DCFF2A9A223E7B4B4619D7
:10636800A9A1166A017E0CD6A425BDB93B68539431
:10637800948CD55FEFC592D165E34D06A0A5C48581
:106388006BF825215EAC9510955AB25B17F47A9C90
:10639800AA9D7323E58073178CB696E7E5FF92B044
:1063A800EA2AFE0F96832713CBD7DED188BA135A71
:1063B8008385F64ED69A333DEA0EC5AA6237C139AF
:1063C80022F9EE8B3AF60F6A6757F0C69FC22A5831
:1063D80016C04FFBE2E5C8488B95B5F72A01F6C011
:1063E8007B56E5C0C728DBE5F11CE9A26DD2630E38
:1063F800E1970FD788D98E0AFD3393A065C1CB8E5C
:10640800CFB2C201B76F1E1925B6503371B47529C2
:10641800B04AF10BE2C054F49390646AB9CB89E7AF
:10642800A9EEA76CCA079D3D56FC9EDAACB67A7EEB
:10643800F20F4E508B11144EF69FCFC012FBF9127B
:106448004751464BDE80FD08006B974BFA9B5F5E19
:1064580090758E61ACB4F5C27D21834377961AF0AE
:106468005202A673E2B11FA91D3F72692C27A57CB1
:106478002A0F766B499AB1BDFC763B16A0351EAF44
:106488006AF0433AB6E2868875D28B2CF323886487
:1064980081E76621753C6275B998DCB40FBAB5C757
:1064A8003B7A037D53F864324874790648EBC58219
:1064B800A603AA7AFF007063883F44D282A580D3DE
:1064C800404A7E8CB55E13AC1386B4B58896556287
:1064D800E9BD22B498F5F2D7646781DF56462707ED
:1064E800A4D07031D2351EDFF71C05E2137D387554
:1064F8002AF0FAF401C19701C7893ECD1EF5E5558A
:10650800D50C1DA5BDFC047D38A8032A47B9E7BFF3
:1065180071B2B472671B592728B45200F41661ADE2
:10652800295FBC66389469CD177DB21E1660446F2A
:10653800795C84CEA358A73515E1348C1E9BE2C63E
:10654800FB2037A99EF192794169DC6E1653D480FD
:10655800CA03EBE3A01EF3BAA20B315CA4AE019010
:10656800E18AC56BE7D9C46DB37C9B8DDA8491B1A0
:10657800B9AD82272E324DEB80858A8F94989DA2E3
:10658800A6ABAFB3B8BCBFC3C7CACDD0D3D6D8DAD1
:10659800DCDEE0E1E2E3E4E4E4E4E4E3E2E1E0DEDB
:1065A800DCDAD8D6D3D0CDCAC7C3BFBCB8B3AFAB7B
:1065B800A6A29D98948F8A85807B76716C68635EAD
:1065C8005A55514D4844413D393633302D2A2826F5
:1065D8002422201F1E1D1C1C1C1C1C1D1E1F2022CB
:1065E8002426282A2D303336393D4144484D51550B
:1065F8005A5E63686C71767B80858A8F94989DA2B9
:10660800A6ABAFB3B8BCBFC3C7CACDD0D3D6D8DA50
:10661800DCDEE0E1E2E3E4E4E4E4E4E3E2E1E0DE5A
:10662800DCDAD8D6D3D0CDCAC7C3BFBCB8B3AFABFA
:10663800A6A29D98948F8A85807B76716C68635E2C
:106648005A55514D4844413D393633302D2A282674
:106658002422201F1E1D1C1C1C1C1C1D1E1F20224A
:106668002426282A2D303336393D4144484D51558A
:106678005A5E63686C71767B80858A8F94989DA238
:10668800A6ABAFB3B8BCBFC3C7CACDD0D3D6D8DAD0
:10669800DCDEE0E1E2E3E4E4E4E4E4E3E2E1E0DEDA
:1066A800DCDAD8D6D3D0CDCAC7C3BFBCB8B3AFAB7A
:1066B800A6A29D98948F8A85807B76716C68635EAC
:1066C8005A55514D4844413D393633302D2A2826F4
:1066D8002422201F1E1D1C1C1C1C1C1D1E1F2022CA
:1066E8002426282A2D303336393D4144484D51550A
:1066F8005A5E63686C71767B80858A8F94989DA2B8
:10670800A6ABAFB3B8BCBFC3C7CACDD0D3D6D8DA4F
:10671800DCDEE0E1E2E3E4E4E4E4E4E3E2E1E0DE59
:10672800DCDAD8D6D3D0CDCAC7C3BFBCB8B3AFABF9
:10673800A6A29D98948F8A85807B76716C68635E2B
:106748005A55514D4844413D393633302D2A282673
:106758002422201F1E1D1C1C1C1C1C1D1E1F202249
:106768002426282A2D303336393D4144484D515589
:106778005A5E63686C71767B80858A8F94989DA237
:10678800A6ABAFB3B8BCBFC3C7CACDD0D3D6D8DACF
:10679800DCDEE0E1E2E3E4E4E4E4E4E3E2E1E0DED9
:1067A800DCDAD8D6D3D0CDCAC7C3BFBCB8B3AFAB79
:1067B800A6A29D98948F8A85807B76716C68635EAB
:1067C8005A55514D4844413D393633302D2A2826F3
:1067D8002422201F1E1D1C1C1C1C1C1D1E1F2022C9
:1067E8002426282A2D303336393D4144484D515509
:1067F8005A5E63686C71767B80858A8F94989DA2B7
:10680800A6ABAFB3B8BCBFC3C7CACDD0D3D6D8DA4E
:10681800DCDEE0E1E2E3E4E4E4E4E4E3E2E1E0DE58
:10682800DCDAD8D6D3D0CDCAC7C3BFBCB8B3AFABF8
:10683800A6A29D98948F8A85807B76716C68635E2A
:106848005A55514D4844413D393633302D2A282672
:106858002422201F1E1D1C1C1C1C1C1D1E1F202248
:106868002426282A2D303336393D4144484D515588
:106878005A5E63686C71767B80858A8F94989DA236
:10688800A6ABAFB3B8BCBFC3C7CACDD0D3D6D8DACE
:10689800DCDEE0E1E2E3E4E4E4E4E4E3E2E1E0DED8
:1068A800DCDAD8D6D3D0CDCAC7C3BFBCB8B3AFAB78
:1068B800A6A29D98948F8A85807B76716C68635EAA
:1068C8005A55514D4844413D393633302D2A2826F2
:1068D8002422201F1E1D1C1C1C1C1C1D1E1F2022C8
:1068E8002426282A2D303336393D4144484D515508
:1068F8005A5E63686C71767B80858A8F94989DA2B6
:10690800A6ABAFB3B8BCBFC3C7CACDD0D3D6D8DA4D
:10691800DCDEE0E1E2E3E4E4E4E4E4E3E2E1E0DE57
:10692800DCDAD8D6D3D0CDCAC7C3BFBCB8B3AFABF7
:10693800A6A29D98948F8A85807B76716C68635E29
:106948005A55514D4844413D393633302D2A282671
:106958002422201F1E1D1C1C1C1C1C1D1E1F202247
:106968002426282A2D303336393D4144484D515587
:106978005A5E63686C71767B80858A8F94989DA235
:10698800A6ABAFB3B8BCBFC3C7CACDD0D3D6D8DACD
:10699800DCDEE0E1E2E3E4E4E4E4E4E3E2E1E0DED7
:1069A800DCDAD8D6D3D0CDCAC7C3BFBCB8B3AFAB77
:1069B800A6A29D98948F8A85807B76716C68635EA9
:1069C8005A55514D4844413D393633302D2A2826F1
:1069D8002422201F1E1D1C1C1C1C1C1D1E1F2022C7
:1069E8002426282A2D303336393D4144484D515507
:1069F8005A5E63686C71767B80858A8F94989DA2B5
:106A0800A6ABAFB3B8BCBFC3C7CACDD0D3D6D8DA4C
:106A1800DCDEE0E1E2E3E4E4E4E4E4E3E2E1E0DE56
:106A2800DCDAD8D6D3D0CDCAC7C3BFBCB8B3AFABF6
:106A3800A6A29D98948F8A85807B76716C68635E28
:106A48005A55514D4844413D393633302D2A282670
:106A58002422201F1E1D1C1C1C1C1C1D1E1F202246
:106A68002426282A2D303336393D4144484D515586
:106A78005A5E63686C71767B80858A8F94989DA234
:106A8800A6ABAFB3B8BCBFC3C7CACDD0D3D6D8DACC
:106A9800DCDEE0E1E2E3E4E4E4E4E4E3E2E1E0DED6
:106AA800DCDAD8D6D3D0CDCAC7C3BFBCB8B3AFAB76
:106AB800A6A29D98948F8A85807B76716C68635EA8
:106AC8005A55514D4844413D393633302D2A2826F0
:106AD8002422201F1E1D1C1C1C1C1C1D1E1F2022C6
:106AE8002426282A2D303336393D4144484D515506
:106AF8005A5E63686C71767B80858A8F94989DA2B4
:106B0800A6ABAFB3B8BCBFC3C7CACDD0D3D6D8DA4B
:106B1800DCDEE0E1E2E3E4E4E4E4E4E3E2E1E0DE55
:106B2800DCDAD8D6D3D0CDCAC7C3BFBCB8B3AFABF5
:106B3800A6A29D98948F8A85807B76716C68635E27
:106B48005A55514D4844413D393633302D2A28266F
:106B58002422201F1E1D1C1C1C1C1C1D1E1F202245
:106B68002426282A2D303336393D4144484D515585
:106B78005A5E63686C71767B80858A8F94989DA233
:106B8800A6ABAFB3B8BCBFC3C7CACDD0D3D6D8DACB
:106B9800DCDEE0E1E2E3E4E4E4E4E4E3E2E1E0DED5
:106BA800DCDAD8D6D3D0CDCAC7C3BFBCB8B3AFAB75
:106BB800A6A29D98948F8A85807B76716C68635EA7
:106BC8005A55514D4844413D393633302D2A2826EF
:106BD8002422201F1E1D1C1C1C1C1C1D1E1F2022C5
:106BE8002426282A2D303336393D4144484D515505
:106BF8005A5E63686C71767B80858A8F94989DA2B3
:106C0800A6ABAFB3B8BCBFC3C7CACDD0D3D6D8DA4A
:106C1800DCDEE0E1E2E3E4E4E4E4E4E3E2E1E0DE54
:106C2800DCDAD8D6D3D0CDCAC7C3BFBCB8B3AFABF4
:106C3800A6A29D98948F8A85807B76716C68635E26
:106C48005A55514D4844413D393633302D2A28266E
:106C58002422201F1E1D1C1C1C1C1C1D1E1F202244
:106C68002426282A2D303336393D4144484D515584
:106C78005A5E63686C71767B80858A8F94989DA232
:106C8800A6ABAFB3B8BCBFC3C7CACDD0D3D6D8DACA
:106C9800DCDEE0E1E2E3E4E4E4E4E4E3E2E1E0DED4
:106CA800DCDAD8D6D3D0CDCAC7C3BFBCB8B3AFAB74
:106CB800A6A29D98948F8A85807B76716C68635EA6
:106CC8005A55514D4844413D393633302D2A2826EE
:106CD8002422201F1E1D1C1C1C1C1C1D1E1F2022C4
:106CE8002426282A2D303336393D4144484D515504
:106CF8005A5E63686C71767B80858A8F94989DA2B2
:106D0800A6ABAFB3B8BCBFC3C7CACDD0D3D6D8DA49
:106D1800DCDEE0E1E2E3E4E4E4E4E4E3E2E1E0DE53
:106D2800DCDAD8D6D3D0CDCAC7C3BFBCB8B3AFABF3
:106D3800A6A29D98948F8A85807B76716C68635E25
:106D48005A55514D4844413D393633302D2A28266D
:106D58002422201F1E1D1C1C1C1C1C1D1E1F202243
:106D68002426282A2D303336393D4144484D515583
:106D78005A5E63686C71767B67E6096A85AE67BBA5
:106D880072F36E3C3AF54FA57F520E518C68059B05
:106D9800ABD9831F19CDE05B982F8A429144377194
:106DA800CFFBC0B5A5DBB5E95BC25639F111F15986
:106DB800A4823F92D55E1CAB98AA07D8015B8312C8
:106DC800BE853124C37D0C55745DBE72FEB1DE8074
:106DD800A706DC9B74F19BC1C1699BE48647BEEFA3
:106DE800C69DC10FCCA10C246F2CE92DAA84744A2E
:106DF800DCA9B05CDA88F97652513E986DC631A8A4
:106E0800C82703B0C77F59BFF30BE0C64791A7D582
:106E18005163CA0667292914850AB72738211B2E0A
:106E2800FC6D2C4D130D385354730A65BB0A6A76F2
:106E38002EC9C281852C7292A1E8BFA24B661AA8FE
:106E4800708B4BC2A3516CC719E892D1240699D60E
:106E580085350EF470A06A1016C1A419086C371E87
:106E68004C774827B5BCB034B30C1C394AAAD84E65
:106E78004FCA9C5BF36F2E68EE828F746F63A578A0
:106E88001478C8840802C78CFAFFBE90EB6C50A433
:106E9800F7A3F9BEF27871C68D01020408102040EC
:106EA800801B3600637C777BF26B6FC53001672BE4
:106EB800FED7AB76CA82C97DFA5947F0ADD4A2AFE6
:106EC8009CA472C0B7FD9326363FF7CC34A5E5F1F4
:106ED80071D8311504C723C31896059A071280E2A2
:106EE800EB27B27509832C1A1B6E5AA0523BD6B3F6
:106EF80029E32F8453D100ED20FCB15B6ACBBE3966
:106F08004A4C58CFD0EFAAFB434D338545F9027F51
:106F1800503C9FA851A3408F929D38F5BCB6DA210A
:106F280010FFF3D2CD0C13EC5F974417C4A77E3D36
:106F3800645D197360814FDC222A908846EEB8148C
:106F4800DE5E0BDBE0323A0A4906245CC2D3AC624F
:106F58009195E479E7C8376D8DD54EA96C56F4EA5A
:106F6800657AAE08BA78252E1CA6B4C6E8DD741F6B
:106F78004BBD8B8A703EB5664803F60E613557B92E
:106F880086C11D9EE1F8981169D98E949B1E87E9E8
:106F9800CE5528DF8CA1890DBFE6426841992D0F97
:106FA800B054BB16010201000101010001020302F5
:106FB80001000000303132333435363738396162F8
:106FC8006364656630313233343536373839616257
:106FD8006364656630313233343536373839616247
:106FE8006364656600000000000000000000000007
:106FF8003B7DD85D2526561DC10709B950718F44C0
:1070080077805F094A4FB7DA57F4EF77EF08B59002
:107018004109FC85C77508C5692C8D7331D9950060
:107028009CBA175E199F1963C2CE3FB66B00A405C0
:107038008981BFCEABD9787A96C9227DDF2B8A9D0C
:107048007EEE93A1F2C20254B08930388CE3FC2959
:1070580099A1E02229B39E97E324611152CEC4C1BD
:107068009CA4D3B71B19F75BFA584B6FC787A17D50
:1070780018639D4A21E433A32CDCC94F385F61DAD9
:107088005D11AFB3F3AB6F1FEF002CF9353BCA545A
:107098002FCADAA99EDBE33DF22A9896869FB87E2E
:1070A80075888DA4DA5FEB84C02270C9FDC3D04B0C
:1070B80004D8B0F85F3FD32D9A1A440A1520C71395
:1070C80056129B2B118E4332ADC6A8C155CF07E887
:1070D800FBA98BF2EC247A8CA7BF3CD18C05252C1C
:1070E800BA57FBF6BD5C9A0A03614624CF320648BC
:1070F8001B743E9E896E2AB27CF70C4AE2F5DB5D72
:107108006756E93745A45CE4562F0D3EDAD61FC70B
:10711800D6ED7B0F981EF93CF7C23AB02974E03BD4
:1071280030E119764BD46A75DDE8308163182E1A80
:1071380013F142530B93F1B534DDAF14C10177DE7F
:10714800B3BEE3946274FDD1ED332A00C9D2392766
:107158009587B745D0116772B2A794E588CE1A8192
:10716800D815DFC43B0D803E1FAEF60EC165B89E34
:107178002E9EC5FB5295DEDD08B306908626581B69
:1071880093E42C94EB5C9FA8ACB0C46AB787606C9E
:10719800B7A7500508C686B02179D127C7AF9EA0EA
:1071A800F93DCBC67DBB9E675CC5DCE24F34D2E4BB
:1071B8000EA5039E5B64B260057D78FD66C714C8A2
:1071C8007AC092C2A78C6FA235CE7214D27E3C19B7
:1071D8008BFB5354B9D99836F32498B8FC5722AE90
:1071E800DD93F868D05871C7646F932596DBD11288
:1071F800B5F16F9FCB1641D91063EB485FF02C16A1
:107208007E6EE951A6D33AF44A3E9C68F50A36FBED
:1072180063161411756752A9880AB842FAB857C993
:1072280014C194AD4A241828892A6A5D7ACBCEC243
:10723800BD256EC97A6264DA0A113F5E78993CAE60
:107248001972AE44528ED58C917AF2838467BC3A17
:10725800F190E9C38ECB47061AE43F47DF7DA00FC4
:107268009A864F4D6B460CF2942E990822B03252F2
:10727800B245B665ABAFBDDE67835A234B6F1F843B
:10728800315EAB063649537A9EB0CDA532CE4DA8B5
:107298007DBBEA7C2425591BD888244DFE9D469049
:1072A800128A76EBC2CBF74B64367B82F434207DAE
:1072B8008B5285F43652A997D53A813D355D814E7A
:1072C8008DD2DECC6B423D4A9574DBBE868621A703
:1072D8003989DEBB7C97CC38E9C5B331292C3A24EF
:1072E80016D593BBE3DF3A4E53C91DB374F38BA98C
:1072F8004441DF232DA04987FCC5FDF628960DB92A
:1073080094C250FD32E62BFC55BBECC97E3C317C67
:1073180099DB43AF50B4633B6F953537D71CE359BE
:10732800B973338645A8631DDD76106546A9CCADD3
:107338003CB087D4AC475B2EEF6EA869639B968FF1
:10734800BB8A062C53B066ADA8E4F18A0A7B1358B1
:10735800D11FE860108D18C06710239139DD956E34
:1073680038D734DD135B6EECF6C1DD36D2C0CF9072
:10737800F7017476451E3694C2F7BDBE59FA5A868F
:1073880056C268CFE892863F55F52E05790E723EB3
:10739800CAD623AB561746BAD6998736D79F627492
:1073A800A528D6D022A1FA451E9B94C908E2A60AB0
:1073B800172B3E5CC53C01C2D3A9DC88A104ABAE47
:1073C8003468A38AAA2E70CCCBE56EA697D7D91DB0
:1073D8009D0A95AE9A88713AA20DE18896B9374907
:1073E8006D63CC258B299DE63871E6A6C9F07AD85D
:1073F800347E591F117A230AA6F06649E5C1566FF3
:10740800AF5DC86E1DE83EFCBE6A608CAA1A3F9B41
:1074180092242228566825975E200C453883ABE3D2
:1074280069BE8F9780C8F6C299682842D4C4A2184A
:10743800AC6EF85808AEC6C57C63BC57D1095B8CE6
:10744800437C26E5288DE521F3DB200CB42CB13FE5
:10745800A96C5EC5177022A6BAC9ADCF729ECC734F
:107468001587A41F00C9511C1522CB870C8D3E44DB
:107478008C1D8342EFA4442B55554D9F115B413021
:10748800295D55C6C55344DB7FEBD12D0D055F68DB
:107498003E8767BC600DD97C04F20FFF26C683D3F4
:1074A800AA56005FB1411A1227169176F41A9BE684
:1074B8009930A08427052C5C4BC5EED60592992AF5
:1074C80080B3E8384C61AC68D72E59879476A68289
:1074D800349471E8075D34A5F0C33D57BD81562645
:1074E8002765670B2A031C44F13B10F4FEA925EB22
:1074F800D7C50C2E354ABFBDBB38A97AA2AF4A6A98
:107508006E4395C1DC12BE37A469C68F592FC46774
:10751800A70C70D969177B20CCE3251338F4DA7DE2
:107528007A6A56337BC07FE3AB2819BB2767A36110
:10753800E4DA8E0F14897B4E91EC3A983EC9AD2E51
:10754800C4B9B4063008CF9586A10EE7A884C52330
:10755800CBD81FB6687829B9EBA187E5040714FAD8
:10756800FBF68336150F087693FBE104BEBEF87D63
:10757800D2898F73C970A199CC1E540BE40B0AB73A
:10758800A757A003A1CC303D6A3F99EBBC6276C9EE
:10759800960FFD620D5B4953135C79830A172C32F1
:1075A8003484740A693738F27C600A3C5140533895
:1075B800C9437DAD812D269256B3D118C4BF4585E8
:1075C80009556311618558D67DB27BC01F8FCE7374
:1075D8004152219939A00B27864553ABB5806206E5
:1075E80041020856135409945DCE40A27A239C0E9A
:1075F800D73938AFBD98ADF0E9ACF9954F78A35AB3
:1076080048AD54AF85BD84C8C4DEB9CA63551BAF45
:10761800A22566CBDF7F68F235767CD987FC94DFBC
:10762800F7BEC4DDA4992E635E0F157E8254A67D35
:10763800A8949D36BB3B99AF87A139D6AD8615B6C0
:107648009671A5FD886F8630B2C1BF390909372701
:1076580066819518F4CE134379FCA957A8ADEC2B95
:1076680085DC803919D154F9E10A98D3884A9DC636
:10767800B37FCCAAAFCF4214410C3E285E6F83740F
:1076880042FAB7DDD06AA38B20E5167A913293CB04
:10769800B407A60AE6C898B9F03A6FC510DC49FDE8
:1076A800DE9E8194205464771E78ACC2723BAA1582
:1076B800B65199A65514015AAF755DE24A6FCA656D
:1076C8006A11EA4A6C2C981DEDB41ECFBD48804261
:1076D80081A6593F847AE95AB04C4B7E98027FD2F2
:1076E800626C2B1E1348D8ED9B6402D494C4BDFC75
:1076F800AA19616330A60263723B7BBF6DE8149FD1
:10770800C5C4662B9AA5699D5A174F0624D8A5A407
:10771800F54C8A36FDD3DA9BE3DDA9C72D6DAE168D
:1077280096D24A8B121D005F45C113701728BF19E6
:10773800CF19F49FB212941818CA7731A80C7D8813
:10774800DD0A64B6084E525A1D5CB6C4951E0BC2BB
:10775800CF1BA6A19C6D9F14B368C1703ABE23E6E7
:1077680049E44E22E5777FD9DBC515BF663BFCE8C7
:107778003BE4A7B983669B791151D6EF523ABC60B6
:10778800E8528F3E6E72011F1EFB17B7BB6DD55CAA
:107798006CB252767C05671E2BF188DF6BD5CAE088
:1077A80012F6B014378F69C1B58538303150AD271E
:1077B800542C447072CF4A9148CC0EA7C5E9DA42DE
:1077C800B0D9EE341B6C4EE6B6A702EBB392A40414
:1077D800BEAA2415E19750D3EAA7ABD1D45B2BB846
:1077E8006A9C2D91EC7D1E7561DF5BFC0B0AEBC278
:1077F800377222E061A924C591CD9C27EA163ED4B0
:10780800C1318D81240FCDC6C3C5690E2C5A9C7019
:107818004DF1CD524928B974340EB6949775834FFB
:107828001271439EA463B37AE6B27FD4AE52320497
:10783800488A8893CFB08D1E24A49A794FF335AB2C
:107848002C885BE175E0775657BA5237F467CE5605
:107858005153D9110682B1AFD61143D372CA1165FB
:10786800721D8C2F11C61B62056A6E1AB93E6BD940
:107878005CCEAEC7247A4337599E7B0AB68CFE3855
:10788800FC0BF9B3BB4DF9B52C28B1ABA163E9AD3D
:10789800E81458A48548C98A47BA00222238325DBC
:1078A800ECB2C273D4FB632D5BDEEE53BE286B9A39
:1078B800AD97EA79CD2050F6F9E72EABABA424F6C4
:1078C8006F168DE81E6893121457B14D717E3455AA
:1078D80087AEE6A7A63BAABC6EEC9E05E78E914153
:1078E8002C7808B72538348AA75EB11605A0ED1D97
:1078F80018277EF3D010053DA190D8D6235D2F79A7
:10790800557015E77828418FF9D4AF49CAF3594B18
:1079180062043B70131BC486B3157C5B4062961AE5
:107928005C965E3D6140DDBEBB9EDF1D29121EB91F
:10793800FB3B842996D48F2A99A6FBAEBECEC8F508
:10794800F2A447E264939E5E79FC36B8D3F9FC1141
:10795800A3EAB0A79E0B3F6792289B9E67F5E79323
:10796800FC51CFDBFC3F5E4A1763C5AF9CCAE86D8C
:107978002252E5580777DBB525C90A9B6B43E6C059
:10798800AA8AAB9875C092E027793D7CA722D93A9C
:10799800A835808B9367BD05F75742B069FBCBB11B
:1079A800301B1ADC126EE833916E2FECD7101219C7
:1079B80074C27EF55FD711339A3927D0BB88062B5E
:1079C800B24C9F822E0BE08F790A57D5B57A997001
:1079D800AEFD7C20BE02680D1F4EB80AFB8AAB764E
:1079E800ECA1E3FC552020CA400216E7203CCDF864
:1079F8009B4A022917B07F3FD82004C90415BF4C01
:107A08001765963436B0370832C3C1DEC1D1CF20EE
:107A1800213C51B275470A62AE9182692BF2E0B5FA
:107A2800E16B115D36776ECA47805C6723DAD257FF
:107A380074A1543AFD5FB17C3A11DB6176BD959E25
:107A4800855CEB525F8C40D85E6B49C0AB814812B5
:107A5800B20E9884F4995F8A17282382C6C45E7090
:107A6800EC43DFD06FC1A0347FD448649B0D9D8B5D
:107A780073D7A71953926142BEFE285755305A64EE
:107A8800A44B8536ACCF5C39A36F3E7891BC850F8B
:107A9800B7ED985E515975ED9ACA86607E7240704E
:107AA800D008919BED82F50EC3803C206F77199426
:107AB80037F589018E2D2F010BFF904EA57D0AE425
:107AC800507138B780C6FD822BFA2E9982B32CAE3E
:107AD800DB118736C38FC318CFB99182F9C3F1413F
:107AE8002E6E6E1C07E25D97D2DA93E2FF3CA2305D
:107AF800CF318E08B4D69FA6036695FBB7DD54E553
:107B0800DA7F64552F3001AAD211910495FCC58102
:107B1800BD37206C3ACC9AF84F19E0E63EE4584756
:107B28001E0903EEA8C545436F7DC04C7D6A417AA6
:107B3800A41BB4AAE7DD7AE44C699298F85AFC7C55
:107B48008AC00F463075DA0AA22C3F621677BA341B
:107B5800ABC474941095F8AA8D51FB5BC5AA47E68F
:107B6800DB420ABB66248FED03BCC851E6E31B7EEB
:107B780045CAB83357BB53DCB49D4268817EB76BA6
:107B8800C032C91430B0EC0D371D3EBAC2A6AB8C5A
:107B9800A5C9B92345CB0AB381782F25C2BF3423A1
:107BA800A050A2714BBA4EE8AEDE2915A6BB8B07D2
:107BB800D7DAD700D5E2525DA2D321058779AD3453
:107BC8008361D1D0F4CA2085D02B33B5BF4A1AC5FA
:107BD800E09F4B5EB971B4C13491E8BB12C7C3B61C
:107BE800B50E6255578056DAE9BB38B4ACE4775520
:107BF80074BF7F6971A1CC6FE7912FDBB8EFF3AB4E
:107C0800EF81132D05DB3485717A0366F524A8CB43
:107C180004EBA2A26465CCF89D2706732FFFD62338
:107C2800F9234824D40A0354C8C6C663B89F7034DD
:107C380095CF5FFCB36049A7E7C2F9816D14086A64
:107C48005B0AE99AEE8D2F3C5B6D5B750FD36A1D5D
:107C580028C4968BF81431767C8B7D5875642E3C3D
:107C6800AB59B31BD18BA613EBBF9CEC13E4B2103A
:107C78001E7A746BD2B415E5CCBA5B1500B8E46F04
:107C8800F0E7A894092779DAB1D1715DC7D4C0505B
:107C9800808B6B1E5966E7E9F5EB784EEA91D7C3FE
:107CA80094DDBBE9671A6BEE1BD7B848ADD3E5A8DE
:107CB800BD6EFEE88E3589F1CA841CD9F75CE58172
:107CC80067CB8DD0028F29F71B6F1EA3538B1F81A3
:107CD8002EF0DEB665DF8EA10FDDC3703DAA578496
:107CE800303BD5EE2F9EC087791F01B2EDA0D4FDA1
:107CF8006982ACC748E99FF4282332A9027899FA27
:107D0800C3C42221294BF666789D347CAF16C64F32
:107D18007DD8894F4ACF745D096C5EDF067676EAB6
:107D2800D3A8A5591E23CA7096549FDA47CCAFE250
:107D380039FE8838FDDC2BDB3723313EF863DDAEB6
:107D480024816E09D3152D71D3B8CC5195FC86E2E8
:107D580013DA1FF7B138EFC4DC2054B30CF6CD9E0C
:107D6800DBB94F7BA002C3B0A9FE6B136BFC778C09
:107D780034469F2E453ACF907FD61076257C4DFE0F
:107D8800F22F55809B94E5B94D7C010E12CBE50589
:107D98007056CE9D82CDFBE3E55E1CC8F7633714B1
:107DA8000F29EC9F41925819A5A1C2D05ABDC2EC27
:107DB800D9E6E38F392CCB60FEF4D0ECD5B7078831
:107DC8003DB35579F0FD26E0074B95C723BDA75D68
:107DD800CCE2DA4BFB534EE97046AF98BFF85B2A0A
:107DE80044E1A30C5EF82209F95F390958589CC38D
:107DF8003C1C2EE7EDE880BDE93200A26E0EF84E7D
:107E08009F16BBE4A406DFFB34144DA5C45A001F1B
:107E1800B93C5CB3CCA28B7A986633EED673C95959
:107E2800F8D38AE48F6FB274A5F91D79D0F052386F
:107E38007C08647C1F930B673D000F8A31D611E2E2
:107E48001D36A4734B14C8DB04F3798F0D73779137
:107E5800BDA0B6CDFA3F771A52ECC9B5EC16AC49BD
:107E6800A81D9B6A3D097A18E7BEDE2207E1F3B137
:107E780008BEED7827C4F10FBBC90A369235800FCA
:107E88009A4488A576993719A22497E53BD047915B
:107E980026CC982B8264C4E443AFFDBD4E9AA6BDA0
:107EA800D4FB62DAB8E3BFF83EB5021F4A9800A9CE
:107EB8001B85A194BC30B77311CB7AB2AC848315FF
:107EC80015330DE72D1301BBC6AA32FB8EEAE53543
:107ED8008A5F102D82FAFF4D7404A92C7B88BA267C
:107EE8006DA4C78DEE2B0DE9E50A84F7F3AA8D0A78
:107EF800DA2DDB3ACE964972EA33FB5E7D1F25F315
:107F0800408CDE9A19A9E65201FC8C1204438418AD
:107F1800A4C5E4DFF29DC8C4C1C954EAB9E2AE2FD2
:107F28007DF486ECAD79D19C79EE56FB71E465E081
:107F3800A9B94568214CA242587A22CA39C54FF4DA
:107F48006843A8AF1786227F1EEC16816C71C6B5F0
:107F5800FDF66B8B2823B507CD7E3C946AE916F1B4
:107F68003C314ABF5EDB84F7CBA090092CA380C5C7
:107F7800FB4D5254089D8C1819A02617A43BAB4BF7
:107F8800867E099FEAA9997388C7D4A899CCD36635
:107F980059F5B84D9D3164B85F848F97588B79B582
:107FA8006137A1290A2FF52B87346C77C34DBFA5FC
:107FB8007CFA37BE6E935BF139296C7B63E2BB4771
:107FC8009DC7A819121B757E35BF4CE5560542DCC6
:107FD8008CC5D1FC3062B6779C0F07DA73D9F805E7
:107FE80091E2767FF08417E62A07CF6BA991CF94A8
:107FF8005A2853B7FF97AD33DB4A525287C023162E
:10800800F304B545B1DFFE42E0F1A5AADD700043F7
:108018000039B2AA407F02434078BDAA39B505436A
:108028008061A1AA453E0A430049C1AA4C5D10439C
:1080380080AAC5AA4577184310D8B2AAD9252343E0
:10804800001028A953593143B0B694AA309A444332
:1080580080DECDAA89925F43F428A7AB78A7834333
:10806800A0DF1DABCB52A34330F4042B40E4DC4328
:10807800E084BDAA3B083244D05A93AB404701453F
:108088009A069DC22F96FAC4C098102BA10F22C43D
:10809800009EC3AAF8D2BCC3909C6DABEA1083C300
:1080A800C02F3FAAC84746C3D0F83EAA27E41DC33D
:1080B800A8EBA0ABA41E02C3603914ABFACFDBC295
:1080C800404756AB8525BDC2A048B0AAAD24A5C27D
:1080D800405BCF2AC0E291C2C8A601AB042082C28D
:1080E8000029922991066AC2AC7719ABD0E753C22E
:1080F800E0039FAB080741C280B982ABB4C030C26D
:10810800007E69AB309922C200F755A94B3116C2DF
:108118004045942B963E0BC20004B1280C8601C240
:108128003040322B9AB0F1C170690FAAD51DE2C157
:10813800008934ABD114D4C100A4FCAA8F61C7C193
:10814800905F85ABD2D8BBC1A474A9AB8556B1C129
:10815800A08EA82A93BCA7C100FB02A94BF29EC11E
:1081680030769FABB4E496C10026CBAAC0898FC1F4
:1081780000DC96AB19F388C1088FF32BA54884C19E
:108188002E6E1D3D61FF71C12CC522AB5B686AC1B3
:10819800004E4D2AA0BC60C1849FA52CD15757C161
:1081A800F011292B6E6F4EC1A0820EAB790846C123
:1081B800581BD4ABDB1D3EC1E0130A2BE6A736C122
:1081C80080C37CAB739E2FC1E8C4CCAB97F928C1A0
:1081D800D871102BD7B122C1C018F22A41C01CC1D6
:1081E80080E96EAB671E17C1208C6F2A53C611C178
:1081F800804D31AB81B20CC194F46B2BC9DD07C142
:1082080080428AAB574303C1A2D19FAB2BBDFDC0AF
:10821800402E122A3356F5C040524EAB1649EDC0D7
:1082280050C20A2C0C8DE5C0C023C1AAD518DEC0E7
:1082380020072DAB30E2D6C080C7352AF4DCCFC08A
:10824800C008B6AB7AF9C8C0F02D5FABA221C2C096
:10825800974DA6AC9532BBC0D88B41AB45EEB3C0A9
:1082680000B6ADAA28D4ABC0A0A8AB2AA59BA1C0D4
:10827800C0CB3B2A869890C088F6D02AB4A81DC0E7
:108288004E3C0EBF47FB00C120AF7EAB2C8CC0C05C
:1082980040D260ABF13CB0C03098052B1813A7C092
:1082A800001AF2A86863A0C0C0EE50AA9FE69AC060
:1082B800B0218FABE41D96C0A89BD3AB39CD91C03C
:1082C80000A39AAB3BD48DC0403C982BA51F8AC015
:1082D8000040EBA71CA386C08C99D2AC375683C04C
:1082E8007458E1ACF83280C0A0BE2A2BD4697AC099
:1082F800E83DBA2B4EB174C0289340AB0E376FC01F
:108308000084AE2AE5F669C03C32A0AB8AED64C0B1
:1083180094AA84AC771860C0C0C18FAAE5755BC009
:10832800C0D0CB2ACE0457C0C0C67FAA13C552C03E
:10833800B81BA52CC1B74EC0B87B83AB96DF4AC02B
:108348004044712BF94147C05012F62ADEE843C079
:10835800A0FAC2AACAE640C0C8BCC02B2A603EC068
:10836800007EB9A9C2A43CC0B0EC0CAB2D863CC0C1
:108378004025C42A5D0841C0B0BF6DAB455865C0F3
:108388007AA4813EB864D6BF002739AC17AF0FC0B6
:10839800E086B7AB048B14C0767D412D45F314C03D
:1083A800000C622915EC13C0C0BEAC2A6C4712C081
:1083B800A0565DAB8A5510C00C1A7EAB703B0EC040
:1083C8004094F9AB520C0CC012CA052CF5D209C066
:1083D800B0D926ABAF9507C08850EAAA525805C055
:1083E800002078AB251D03C07406122C73E500C06D
:1083F800E00FD72BA563FDBF00930FA9A904F9BF10
:1084080080D211AC2FADF4BF009EFDAA9F5BF0BFD8
:1084180080F28DAB7A0DECBF0C1A86AB2EBFE7BF8E
:1084280000EC25ABC26BE3BF20519B29460CDFBF94
:1084380020BA6AABDF96DABF44F44D2B1EFDD5BFD8
:10844800801A16AB0429D1BF664EE3AD3CF7CBBF0B
:10845800645CDA2CFD2AC6BF28F812ABD451BFBF22
:108468006026D4ABFC76B6BF575B1BACC11EA9BF58
:1084780080D6EC2B762F8EBFE05B3AAB462D1EBE26
:1084880098BCFCBED28A3BC098320DACF6C6FCBF85
:10849800E0DD8AABE40DE2BFE07112AAF506D5BFB4
:1084A800C849672C6A98CCBF80C9C5A97B46C6BF96
:1084B80000D5A7A9421CC1BFA03572AA24A7BCBF7A
:1084C800A0C3CBAB22AAB8BF804B3B299D01B5BF47
:1084D80080C8952A3597B1BF10FD22ABFD5BAEBFB2
:1084E80090FFBFAB7645ABBF74E5432BD64BA8BF17
:1084F8002EEA062C0669A5BFA0AB192BFB97A2BFD5
:1085080000BEAEAB43D49FBF0884372BA7199DBFCD
:10851800244BAE2BE0639ABF2011F32A3AAE97BFE3
:1085280040F688AB31F394BF38F1D4ABDA2B92BF65
:10853800006AC4A8024F8FBF0000D328B34F8CBF76
:10854800605605AB991A89BF7CB6842B059185BF07
:10855800C0917FAB7F7E81BF80AAD329010179BFFB
:108568004081002B26896BBF44CB1E2CAA5056BFD6
:10857800D006B4AB4EB329BF18D69BAB98381C3E77
:1085880059D505BF0A500FC0E0E7F62A834DB6BF9C
:1085980018F699AC2A1BA0BF8072962977A995BFB7
:1085A80028A74DAC56268FBF8E9444AD796F8ABFED
:1085B800623EA2AC7EB286BF50CD8BABFB8C83BF34
:1085C80080A4F12A9CCA80BFD0A477ABAE997CBFA7
:1085D800F4C79DAC150178BFC09910ACF2B173BF58
:1085E8004020B6AA659A6FBF8C84AD2B37AD6BBFA0
:1085F800484DE72B1DE067BF929799AB982A64BF57
:1086080000ADB82C2C8560BFC08B68ABC7E85CBFD9
:10861800048189AC334E59BF30D633AB83AD55BFD7
:10862800001D37295FFD51BFC0CCDAAA06324EBF04
:10863800C474B92BC23B4ABF9872362C680446BF33
:1086480060E8892BCF6A41BFF89F992B3A3A3CBF23
:108658003005C0AB641836BF646BACACAB5B2EBFE7
:10866800F0A61C2D869923BF5CF60BAC9B2412BF89
:108678005C028CAC4006D9BE489E15ACC11B8D3E31
:1086880068A509BFBDE0E4BFA5377DAEEC5F8BBF31
:10869800586F87AB1D3D71BF48969A2B5CF65FBF3C
:1086A80080DD542AD87155BFC84EFEAB46024EBF76
:1086B800408E82AB343D48BFFFE6E82C197943BFB2
:1086C8008092CCABD05B3FBF006B1EAAC1B03BBF52
:1086D800B0D232ABF25638BFD6023CAC693835BF9F
:1086E8008089092CB04532BF60EDF72B4C732FBF42
:1086F800E02F0F2D39B82CBF607F5F2BF30C2ABFFA
:1087080000C80CABBB6A27BF58E5CBAB13CB24BF63
:10871800702CAFAB362722BF0056ADA78D771FBF91
:108728002097DCACF8B21CBFF02C21ABCCCD19BF24
:10873800DCC6B62B47B816BF041B83ABF85B13BF68
:10874800E023222C1D970FBFDC67E0ABCE330BBFB5
:10875800B08466AB86D505BFFFE5CD2C479CFDBE32
:1087680080BC27AB4852E9BE1C22F5AB893DC7BE89
:1087780020AD9CAC684E77BE8034522A08D9F23EB0
:10878800BA4925BFB364D3BFA02E1E2BCE976FBFA7
:1087980010DDCA2AC3E949BFC60A97AB440B39BFE3
:1087A800A0762BAB24212FBF4C349FABF56328BF99
:1087B800482100ABA45F23BF052A70AD9A661FBF8E
:1087C80050E323AC011D1CBF54E2462CC74D19BF12
:1087D800A0505BAC32D816BF9641872B0EA714BFAA
:1087E80054F8042C23AC12BF6505AFACABDD10BF49
:1087F80050948FABDB340FBF43304FAD07AD0DBF87
:1088080000FB702C1B430CBFF6EBAEAC50F50ABF57
:108818003A97502D08C309BF40C92DABD0AC08BF4B
:108828008012DF2988B407BFB04C3CABBFDD06BF60
:1088380088573AAB582E06BFF4FA43ACBBAF05BF16
:10884800F01ABB2C007105BFB012292A348B05BF62
:10885800BE0A312C3C2A06BFB475E0ABAAA107BFFB
:10886800A044FCAB4CA50ABF4200882B7F0911BF6E
:10887800E07ECDAAE48421BF072D88ADA58678BF08
:10888800431AB83E38F4873D80AC71AA0A158CBEED
:10889800B24555AD1229ADBE4884F82B751DBABE38
:1088A800803FBBABA25FC0BE2C1150AB8F98C3BE3C
:1088B8003C644FAC2730C5BE11F6D12CEECDC5BEF9
:1088C800A0B3A12C2ACAC5BE96AEB62C8757C5BE82
:1088D800F0AA74ABF194C4BE00C82CAA1696C3BE05
:1088E80050DE1F2CCD67C2BE3C7179AB8312C1BE6E
:1088F80080B4DCAA9A9BBFBE48AFF42B3306BEBE39
:1089080000582B2BA353BCBEEC2025AC9D83BABECC
:10891800008C70AB3694B8BE1CA820ACAC81B6BE37
:10892800A238C12DF245B4BEB49956ABDDD7B1BE5D
:1089380080A639ABB829AFBE0091FAA8C426ACBE50
:10894800308C982BB5AEA8BE283FA22BEF8CA4BEC6
:10895800361C0AAC30669FBE804A622BC38D98BE17
:10896800B4B486AC45918EBE54137D2DE35A7BBEBC
:10897800A41542AC432C30BE44B632ACDFC33C3EF7
:1089880074C6D6BEB6C05FBF9B8994AC108304BFC3
:108998008051A7AA3968E3BE687F41AC327AD2BE5B
:1089A800E0DCE22B7C6FC8BE98FF80AB4984C1BE77
:1089B800B09463AC7B45BCBE4839EBAB7405B8BE1C
:1089C800C0D5092BD067B4BE383533AC8836B1BEB4
:1089D800C4B3932C954FAEBE20AA5A2C179CABBE9D
:1089E800C0A7F1ABB70BA9BE55C18DAC0B92A6BE03
:1089F8000035322AF724A4BED503622CA3BBA1BE3E
:108A080000DE502BAB4D9FBE202A852B77D29CBE13
:108A1800727E8D2C84409ABE787457AB988C97BE22
:108A28001005822BA3A894BEC077BCAA248291BE4D
:108A380080829C2A99FF8DBE0034CBA828FC89BE71
:108A4800E09D8CABF03F85BE4022252B79E27EBEAF
:108A580020C6B1AA42EB6FBE70DFC12BEA535BBEE2
:108A6800F01C4B2CAF3D3CBE7FE5972D2E0006BE7B
:108A7800B65DAE2CF33823BC97D136ACD232163F54
:108A88005E3C4BBFD90E99BFD9430AADAC6319BF41
:108A980000BF58AADBF7F4BEC65FB4AC8FFBD9BEE3
:108AA800C05C92ABCF9ECABE0024EDABC98DC0BEE0
:108AB800B6913DAD9D59B9BEC7E7D2ACC1DFB3BED3
:108AC800B0968B2D9386AFBEB8F8E52B56F5ABBEA6
:108AD80006EB81AC57F5A8BE53E584AC3763A6BE58
:108AE8002A19052E3C27A4BEFE05ACAC1E31A2BE39
:108AF80098D20DAB9375A0BE31CB90ACD8EC9EBE8E
:108B080000FAC9ABD2919DBE1452022C8C619CBE56
:108B18001A9628AD025B9BBEB636A62B197F9ABE65
:108B280080DA1C2AE9D099BEA639882D475699BE05
:108B3800F09B382CDD1899BE935BEFAC182899BED2
:108B4800A0929B2BBB9C99BE80E9092BD59F9ABE0E
:108B580088B98A2C58799CBEE00FF5A93AB29FBE15
:108B6800002F18AA2871A5BE10BC80AAB8B5B0BE3F
:108B780068780FAD8E80CCBEE4926A2CA8EE2DBF2B
:108B8800C884D73E19162D3E02CB87AC025BE3BDE5
:108B980060CA442C635729BE7706C62CE0FE3FBE48
:108BA80096129DAD4CA54BBEB88C18ABE74952BE8A
:108BB80066610C2D213A56BE6C8F46AB078858BEAD
:108BC80078FC35ACA0C359BED1C7D9AC363F5ABE24
:108BD80028F7BD2B832C5ABEE89D112CA1AA59BE9B
:108BE800607E662D2CCD58BE3AD60AAC29A057BE59
:108BF800333CD32C2F2A56BE38B291AB8F6D54BE5E
:108C080000E7D4ACD86852BE68FD3D2CE81650BECB
:108C18008EFB20AC7D6E4DBE942C942B4D614ABECC
:108C280040E076AB5FDA46BE3143CCAC50BB42BEC7
:108C3800C8F464ACB0D73DBE7B57AC2C14ED37BE3E
:108C480050EA84AC9F9430BE22A90F2C3C2727BE43
:108C5800B893B1AC64831ABE8BFF6B2D438508BEF5
:108C68000A530FADC92BD9BDCAF2D12B5F146BBD06
:108C78004076562B45D4623D20CE16AB51F91D3FA8
:108C88006E666EBF477288BFC4982DAC0A1B01BFC1
:108C9800F052D5AB1C83C8BEA0EAB22BDEA9AFBE8A
:108CA800808DB2AB62C6A1BEE843582B8CE098BE5B
:108CB8002829CCABDAAC92BEC850AE2B5B198EBE5D
:108CC800E4B5882D41958ABE39D4942CF1CC87BE61
:108CD800B0735DACE98C85BE62A405ADD5B383BE27
:108CE800680F5C2C562B82BEAB88D22D04E480BE64
:108CF800ADD203AD37A67FBE8061C62A29E27DBE0C
:108D0800E00E332D92717CBEFD86862DE14D7BBE33
:108D18008E437A2EAF737ABE6F9B2F2D8FE279BE6A
:108D28008060382B379D79BE402371A91DAA79BE72
:108D38006080DAABAB147ABE78188EAC95EF7ABE49
:108D48001075392C1F597CBEB41CC3AC84837EBEFD
:108D5800B0A8D62B52E380BEDEA0D82CAA6483BE6E
:108D680000997BA9CD7887BE6040952A2BF18EBEED
:108D7800800BBD2ADB77A0BEA817CC2B5304F8BE06
:108D88006ECCA03E648AE23C241F75AC830E13BEF1
:108D98006C68022C75AA36BED4CA19AC1B7346BEC1
:108DA800005166AC2DBF4FBEFC95F0AC0F3556BEDA
:108DB800C40FCE2C5F3F5BBE00B5A7AAC18A5FBEB9
:108DC800606FD6AC577663BE3F38B62D4D3D67BE53
:108DD8000028E72AE4086BBE20A3B42A49F96EBE2E
:108DE800E1DF30AE792A73BEFEBF37AC60B777BE1D
:108DF800508505AC26BC7CBE145DEDAB202C81BE35
:108E080000A0C328565884BE5729FD2D53F987BEA4
:108E18008CF043ACA82B8CBE06002BAC6D1491BE15
:108E2800F07C752C28E596BE4677562DD5E19DBE7B
:108E38002035292BBD6AA6BEAAD4EFAC300DB1BE31
:108E480000F88CABA3A1BEBE90D601AB8785D0BE7F
:108E580044CA2CAC4914E9BEC01B32ABCB6006BF78
:108E6800D072AFACBA8B22BF000D26A9927155BF44
:108E78000EBD89AC5245A6BFC10DFF2C824468C007
:108E8800F19E974098655740586EA4ACFB88843F84
:108E9800E88E312CDCFE113F51817E2D2944BE3EE7
:108EA800006C16ABE406863E445733AD14F2443EDC
:108EB8004CE8A6AB1E22143E8CCDDC2CA56FE13D00
:108EC80050018FACCDFBAB3D50BDB62BC476823D77
:108ED800C4BE11ACEF06433DD0A333AAE8E40D3D70
:108EE8001493602CF526C53C6850BE2B9E117C3C23
:108EF800787685ADF405073CA137BFAD8CD71B3B11
:108F0800005C10AAC3931CBBF86316AB6FD6CABB30
:108F180014BFAA2CA34315BCE82636ABC57037BCD2
:108F28006ADCD2ACBD134CBCB28805ACCC9952BC3F
:108F3800C088EAA9178D49BC1926EEAC85362EBC27
:108F4800602FC6ABD8D2F7BB3439022C7B7E2ABB44
:108F58009009D32B91EDA73B8B3304ADE0AA8D3C50
:108F6800A848E3ABF5B6193DF01A86AA2D2E9A3D0E
:108F78007550AFAC653D293E20C730ABA5BA1E3F42
:108F88000DE182BFE98F3FBF48D315ACD32A96BE07
:108F9800D0308DAAFDB44FBED695562F3F5228BE6D
:108FA8001EEB9DAC219F12BE571F482DF1E904BE50
:108FB800605583AB3FF1F6BD10F88DAA581CE9BD8A
:108FC800E41983AC177EDEBD61C8B72D9005D6BD08
:108FD8000005AF295A09CFBD7907312C441AC9BDFC
:108FE800709A35ACB4EBC3BD64CCCBAB7246BFBD95
:108FF80018E42CACD600BBBD1C1008AFD0F9B6BD28
:10900800008CF1AC9315B3BDE8ACED2B193BAFBDAB
:1090180020D9D42B1152ABBD7D9FCEADDD40A7BD6D
:1090280050485CAC37EAA2BD0091CDAA132A9EBD78
:1090380040E2502AF5D098BD241817AC469C92BD42
:10904800E0C336ACD4288BBD01A5492D10D981BD0C
:10905800E6AA8E2EC83E6BBD003A072A590249BDC2
:10906800C062082A018714BDFC7D2D2CAE505FBC60
:1090780080577CA9239C1D3D30BE13ABD00C983E75
:10908800167223BFBFF4F3BE0077FA2BCC365FBE4F
:1090980056403DAC85DA29BEFECB4CAC91AD12BE34
:1090A800DAD899AC818E05BE927888AB90FEF9BD6E
:1090B80074052FAC24C5EDBDE8156DAB6C76E4BD29
:1090C800601E35AC3A05DDBD52F8D92C85D4D6BD25
:1090D800F155882DC381D1BD68B6D42D2ECBCCBD1A
:1090E80000FF43295582C8BD205D81A97E84C4BD87
:1090F80070ADABAC14B6C0BD30733C2DA1FFBCBD88
:10910800003BA1ABA74BB9BD9CFE5A2CD084B5BD82
:10911800C0C3FAAB3A94B1BD701A89AB765FADBDE6
:109128004CE514ADFCC5A8BDDB4C2F2C699DA3BD37
:10913800107F2DABA2AB9DBDFD2F8BAD079D96BDBE
:1091480060890A2CEBF28DBDE2308FADFDE182BD66
:1091580048AB2FAB6C1868BD7A263C2EA9BA3DBD2A
:10916800B01A9F2CEF3CF7BC52D341AC8865A1BA2A
:10917800D63B96ACE0A7873D2CDFB0ABD8A9CE3E56
:10918800FCFB6BBF2DE21BBFA7DC952C75128BBEB9
:109198009278D32C6E4651BE12CC352DCCF633BE08
:1091A800109A2DACE4E223BEB0484C2CF0DD19BE79
:1091B800717A382DB42613BE00CA89285E750EBE92
:1091C800802E2CABCA1D0BBEB81F9B2BDABD08BE68
:1091D800B83AF72B901A07BEE690C9AC6E0F06BED8
:1091E800107A3E2DF38505BE4129292DFE7005BE56
:1091F80048808D2C50CA05BEB08BEBAB3E9106BEA5
:10920800806EB32B35CA07BE7CAE622BE07E09BEEA
:10921800023851ADF1BE0BBE344D89ABA4A10EBED0
:109228000032DF295E4812BE784AA92DFAE216BE3E
:1092380080EBDFAAF5B61CBE907F39ACCF2B24BEDD
:1092480074B2C7AD5FE12DBE46711D2DEBDA3ABE93
:10925800C335FF2C42D94CBE40EC0FAB1A2D67BE6C
:10926800C09C93AB087988BE14C8492C1652AEBE70
:10927800E0786A2BDA8203BF20F513AC47E6B0BF6B
:10928800FCDF274040C69C3FEDDA3FAC317DB63E5F
:1092980038B70C2C4F713B3E66171AADD717DF3D18
:1092A800A018A32B2A038B3DDC1037AD83552B3D2B
:1092B80000697D2B3854C33CFB4984AC69ED2E3CD6
:1092C80080CC772DC7A61F3AE0E923AA8A12F1BB02
:1092D8009CA004ADFBC762BC1208D72B44B89DBC48
:1092E800FC3D2AAD318FC3BCE2AC962C5991E4BC4D
:1092F800005618A9E5FE00BD4E439AACBE670EBDE8
:109308000053FAAA32EB1ABD785354ACD2E426BD06
:10931800B8ADFEAC28AB32BD57869AACAF963EBD11
:10932800209DA9AB8A094BBD2C54012C977958BDB7
:10933800185A7E2C357F67BDF0EFEF2A44ED78BDD3
:1093480048331A2DA7FD86BD98769E2BE34A94BD17
:109358008C48D02D8702A6BD31E216AD4839BFBD75
:1093680095A6BF2E1B84E6BDE985002D167D16BE89
:10937800A146AE2D1B9F68BE84A197ACEFDE20BF2F
:10938800B6DFAB3FF26B133F40D2372BAAF2323E27
:10939800D09BA1AC0B20C23DE209702EDAD3783DF8
:1093A80048F89D2CEE442C3D41260D2D44D6F83C22
:1093B80028D925AC2C49B83C6D4872AD1CA48A3C10
:1093C800305F972B49DF523CB0CE0DAB3EE4213CD9
:1093D800D4B94CAC158BFB3BB888CFAA1F2BC73B25
:1093E80028251C2C30CCA23BEF4FA92CC1DB8B3B92
:1093F8009024DAABA6A9803B00315329F32B803B9C
:10940800001CE4AB48DD893BC367352D17AD9D3B98
:109418004CD2232C33FEBB3BC13451AD61B3E53B89
:10942800B049F92B8B260E3C124CC9ACF50F313CD8
:10943800C0B4A9ABAF595D3C588DD82B0BDA8A3C28
:1094480020841B2BD329AF3C32239C2CF80ADF3C09
:10945800188137ACD939103D60864BAA2E573F3D4D
:10946800E0B142ACD17C843D5F9D3A2C4550C63D6D
:10947800525F05ADE6722F3E882BDBAC6FBF0A3F0B
:10948800A343B0BF9E5311BF7C3937AC339F49BE4D
:10949800A03D08AB4D16FABD5A5000ACF964B7BDF3
:1094A80010ACF7AB116891BD644B7AACF9B870BDDC
:1094B80066AFC1AC535F4CBD59A2D22CA51230BDCA
:1094C800C04DAB2CAFC918BD1403B1ABA3BB04BDD1
:1094D800CE6972AD158CE5BCA42CDAAC5C45C4BC75
:1094E800309B81AC1C81A4BC361776AC315B85BC43
:1094F8000EF007AC0A234CBCA7A888ACBEE10BBC95
:10950800001836AABC1691BBBC83C72C51D61BB811
:10951800E316282DCE599B3B80E797AB0A72243C73
:1095280000ACD8284C38833CFD80E7ACE6A8BB3CAF
:10953800E40AA6AC6017FE3CB62EFBADB61B273D71
:1095480080CF582C9BD5583D000878297A608C3DEF
:1095580088917FACBD55B73D9062B52C91A6F43D7E
:1095680088ACC12C790A2A3E3073872AA44A7F3EE8
:1095780074643EAC1193E23E6316E22D23E7B33FD9
:109588009B0F80C01A77BDBF3B57AFAD556704BF6F
:1095980008B4AF2B5DD8A5BEB90F38ADA25676BEBC
:1095A8005C85EAAC6D7C46BE86FC69AC80A727BEAC
:1095B800041C4A2C53F611BEDE24C3AC3EBA01BECD
:1095C800EBC9002EFBFDE9BD1A13B12C4943D5BDEB
:1095D8005852652C57D9C3BD06EEA1AD22D0B4BDF3
:1095E800903A50ADBE80A7BD60E71E2A5B719BBD57
:1095F800D016BDAB8E4490BD3C9C89ACB5AE85BD44
:1096080040290DAC53DD76BD8C4C0E2D6A9062BDA1
:109618008200A8AC7EFE4DBD665C9CACC5A538BD7D
:109628009077FD2C04EF21BD988DBEAB511D09BD6F
:10963800A21C31AEB06ADABC6EB5932C16A999BCDF
:1096480058DB832C44A317BC74F136AD8B992D3BA2
:10965800BCBD16AD3D30963CCF9E992C1171253D71
:10966800F081B6AC6D4C983D80C9CAAB52E2093E58
:10967800E83FDEABA54D8C3E7889812D4AA9773F1E
:10968800547D4FC047088EBFA0223CAA412AD5BEB0
:10969800A8EFCD2B17EA8DBE83D0FB2DD96D5EBE0A
:1096A80060FED82BCA173CBE4D0D272DED1426BEE3
:1096B8001E1D782CEFB916BE5CC9102C7F610BBE3D
:1096C8005A7E26AD14A502BE502B932D696AF7BDAC
:1096D800DC6F89AC3923ECBDF2A86EADBECDE2BD1E
:1096E800A841A02C20F9DABD24FD312DB856D4BDEF
:1096F800E03036AC87AECEBD0AD0882D3AD8C9BD89
:10970800E856502ECDB6C5BD4AAEA2ACDB35C2BDBB
:109718009068E8ACFE47BFBDF6D9A1AC0BE6BCBD6E
:109728005069E3ACF70EBBBD9959072DA0C8B9BD68
:109738005E432BAC9C21B9BDA0E98D2BE434B9BDA7
:10974800F023B3ACCF30BABDB6864F2DD664BCBDBE
:10975800804DFB29A35EC0BD3BE11C2D332EC7BD48
:10976800F0E7FFACF41ED3BDE841C82B7B2DEABD62
:10977800D4B21EAD3A2A11BE100B542C5A5D90BEBD
:109788005CBF3F3F4AD4103E00C4982A4F41953AE7
:10979800DC773D2CBFDED8BCD55F502C4FC01BBD3D
:1097A8008BE9B22D664135BDBBA39AAD59F044BDD6
:1097B800D246552DF0694FBDFEE0F82BA4D556BD15
:1097C800B4BFFAAD21585CBDF1DA4EAFD39B60BD92
:1097D8008E037BAC7A0B64BDEE1107AD42EE66BD1D
:1097E8006886162C7A7669BDC585A3ACDFC96BBDC2
:1097F800689331ACA5066EBD3CB473ACC84670BD69
:1098080000A94D2D76A272BD10E97A2B1C3275BDC8
:1098180016AA31AD5E1078BDC90E0D2D6D5C7BBDED
:10982800E8A344AC183D7FBD0C51412CA2F281BD88
:109838000010362A7CCD84BD800E93299A6188BD9C
:10984800304D202C86FB8CBDB9AF3FAD0F1693BDB4
:10985800B686552C8D849BBD2FD781AD66D5A7BD07
:109868009A8768AE775DBBBDCE9EAE2C2EC5DEBD99
:10987800D163462DF5E418BE960193AD0784B4BEB6
:10988800D7069F3FDFF8833EF8283FAC412F5F3D66
:10989800CA38BE2C5E3C643CCEAE17AC1B255EBB02
:1098A800088CB12CC67E54BC2C3DAD2C98F39BBCC7
:1098B8003FF3282D7F34BEBC0480962C683BD7BC70
:1098C8001454732D4C55EABC149F2D2CE26CF9BC32
:1098D800605D36AECED902BDD8AF3FAB44F907BD07
:1098E8004057D72B3F5A0CBD050A9BACD32E10BD51
:1098F800400A022BB89C13BD80C8832BAFC116BD8C
:10990800E4D88FAD6EB619BD449E262DC4901CBDFB
:10991800944434AD52651FBD7E54C92C2C4922BDD8
:10992800A06D992CA65325BD00FBEDADADA028BDBB
:10993800107781AC34542CBDA8D444ABC89F30BD3B
:109948008074C82A5CCC35BDE8A7F6ABE04C3CBDBA
:10995800487386AC09E544BD80329E2B860351BD11
:10996800B0FCB5ABCDB663BD725A21AE967682BD5A
:109978009885212C6ADAA8BDE4B5E72C0DDF33BE43
:1099880025F2293F7AD8D33D8A05BC2CE882273CAA
:10999800176C062DD1E20BBC0CFC632CC39388BC5E
:1099A80058BEB42C6542AEBC3057D2AB6ADAC6BCDE
:1099B800E8667CAC6A79D8BCC09903ADA2FDE5BC69
:1099C8000CE8742D85EFF0BCA02C06AB4736FABC2A
:1099D80025952C2EB13201BD29F5232DF3F004BDB8
:1099E8005BAE202D0F7B08BD28F22AAD6AEE0BBDB9
:1099F8003CCB23AE2B640FBDDAA110AEAFF312BD82
:109A0800A0C0F4AC77B416BDAF13612D01C01ABD68
:109A180070E66EABCC331FBDA3BBB42CE73324BDBB
:109A280063F506AF90EE29BD789DBE2C9CA130BD94
:109A3800788120AD29A338BD306C22AB4E7042BD71
:109A48007812042D68C74EBDA0AAE32B9BDA5EBD31
:109A5800D1E4E3AC5EB974BD0EBF36AC4D238ABD0C
:109A680080D5462D5EEAA2BD7284E1AC7982CFBD75
:109A78003AC234AEDBC81BBEB6A78A2CB9FACFBE31
:109A8800E7730A40824CB63E4E32812D19D9D03D3B
:109A98004B3D0D2DBF94513DF9B4AB2C20CCF03C7F
:109AA800F0EFCA2CFBB38D3C003709AA6E3D1D3C74
:109AB800E09A7FAC1B9E8B3B807451AA2B28B2394D
:109AC80080AC01ADC9E62EBBDCD9D42B90B4A5BBC4
:109AD800F05E56ACAD93E5BB39E7042D967C0DBC22
:109AE8004AFC98ADE74A24BCE0D831AC062C38BC17
:109AF800589E1DACD4D849BCD8764D2B8CE159BCA6
:109B080058FD28AD35BC68BCF6F8B8ACEFCE76BCCD
:109B1800A0F73E2B0B3C82BC3E0D83ADDA0A89BC14
:109B2800B86B14ACAF0690BCD874462C246B97BCA9
:109B3800804465AACC839FBC145FEF2BD2B7A8BC26
:109B48000066952C279EB3BC2E7343ACEF23C1BC93
:109B5800B5C6022E54DCD2BC721DCDAD74BAEBBCB6
:109B6800C03CB42BCE0409BD3122882CA20F2BBDDA
:109B7800607633AC45EA79BD5F919A2DF9B520BE80
:109B8800BBC0803F8DBC053ED032FEACED1E0E3D05
:109B98003C6E43AD2FE57D3C60E7FF2BFEF5ED3BCA
:109BA8004863A02C313B303BEAD6D7AC314361B98E
:109BB800F83517ACD04011BB874712AC60C070BBFA
:109BC8002023062E38809CBB7BD9BDAC0A9AB8BB33
:109BD800BCC2612C4DE8CEBBE1E6202E04DFE0BB21
:109BE800E0D05C2CA37AEFBB6F3B10ACF66BFBBBF1
:109BF80036CCE8ACE09802BCD032462B299406BC9F
:109C08000030D2299FC909BC219921AEC2510CBC90
:109C18001888EBABAC3D0EBC6182E42D14980FBCE8
:109C28006C11D1AC9F6510BC141CCBAB6CA410BCE0
:109C38001FDC94AD974A10BC3FEEBDAC33430FBC5C
:109C4800C0229E2B51680DBC0870E8AB2D770ABC6A
:109C5800282BABAC1AF705BC33117B2D69FDFDBB76
:109C68000C83BF2CEE27E7BB10FE94AC5518BDBB88
:109C7800DBDAEA2DCDAC33BB10FE2AAC96464C3C61
:109C8800EB9D53BE06F507BDD276E32D203E93BC6F
:109C980072CA83AED48E74BC79FBA22C7F135FBCCE
:109CA800607FC5AD1C0D53BCC4F7152B854F4BBC4D
:109CB800A062842CD6DE45BC3564A9AC52CF41BC29
:109CC800B08CC62B63A53EBCDAEA2F2DB21A3CBC79
:109CD80040E9582CF5043ABC3C658CADF04938BCD9
:109CE8007CE34F2D4AD936BC66F1922D34A935BC98
:109CF800841D60AD8CB434BCD7DAC82CE7F933BC0A
:109D0800308BDFAC197B33BC8080922C373D33BC61
:109D18003EFBB62CF74833BCE0C7F4AA87AB33BC8C
:109D280050344E2D0B7834BC758E22AC14CA35BC19
:109D3800540631AEC7C937BC009A4F2B06B33ABC9C
:109D480087F0042F6AE23EBC96D59CAC41EE44BC39
:109D5800A083742DDEDA4DBCA69EE3ADC1945BBC36
:109D6800ECCC2FAC1B3C72BC364B202C12468EBC64
:109D780088C6402DE6EFC0BC62DFC22CA81B61BDBF
:109D880041311A3F75D4223D8282952C0DD2083C70
:109D9800BC2CDA2D8C720E3BAC19442D8FB8D0B97F
:109DA80000CAADAAD77DE7BA7C83502CF96F29BBCE
:109DB80060E6142A82A84BBB4207B5AC551762BBB4
:109DC800C0E291ABDFC970BB000933AB8F147ABB1B
:109DD80030C3E4ABF9637FBBBE06A6AD4CD080BBF5
:109DE80021E50D2E33B180BB26198D2D240D7FBBA7
:109DF800C7E620AD75E07ABB8907CA2D0A0175BB95
:109E08004015B42CA17D6DBBC06D31AA045164BB53
:109E18001CAE4CAC9F6159BB1C36952C8C7E4CBB40
:109E2800807AD92C6C593DBB90D5702B8D7B2BBB80
:109E38006E1C752E393316BBC89D0E2C3FE6F8BA3A
:109E4800B0EBDCAC352EB9BAC913492DF4C64FBAFC
:109E58004C455BAC9ED708382DB6152D8EEE9C3A36
:109E6800FC95042C3EF1433B392D122DC6DFC93B2E
:109E7800BC83C5AC8F905C3C626A34AE7B6F4B3D53
:109E880056B593BFED2A70BDA77AF2AD63B9B7BCDA
:109E98000C1CD92CD6BA77BC2B41D42D0FA443BCAB
:109EA80020C5982B0C1626BCA8F083ACB5C412BCF0
:109EB80040A091298AF504BC8C17FBABD5E7F4BB0D
:109EC800E89B122C4F2AE4BB648E0D2C2459D6BB78
:109ED800D8D438ACFB9ECABB9023272D2B71C0BBAE
:109EE80060C5A7AAEF71B7BBD6BD252DDB5FAFBB99
:109EF800D0CAA92B350CA8BBBEC5192D1855A1BBB6
:109F080078BF002DC6219BBB3655202D506095BBD0
:109F180034CA432D260490BBD940732C41058BBB12
:109F280054E0E3ACD25F86BB00F0222B7A1482BBEC
:109F38000849982B4E527CBB259D802EF75575BB42
:109F4800F7CBD6AE2B646FBBE8F351AC27D26ABB14
:109F5800D7D534AD233A68BBF435F6AB5FC668BBDA
:109F680070B964AC40FD6EBBE7118EACE8BB80BB3A
:109F780087B9472D5D399CBB2769B1AE2F8B1BBCB8
:109F8800A4ABEE3E8194AA3B903466AC56E2F93914
:109F98001426332D1726C1B96033D8AC44E92CBA3E
:109FA80080EAEF2C090D49BA785A47ABB46E4FBA1C
:109FB800F01EAA2BDA374ABA842B902CC8253EBA51
:109FC80000DA412DB8BA2DBA6C1D9A2CFA6A1ABA61
:109FD80024A04EAD0C1E05BAAADBA9ACF7D8DCB993
:109FE800007E76AB6880ADB9FD9AFCAE839A79B9EC
:109FF800F754A12E2E6E16B93814832E160249B8BE
:10A0080080858A8F94989DA2A6ABAFB3B8BCBFC316
:10A01800C7CACDD0D3D6D8DADCDEE0E1E2E3E4E4A7
:10A02800E4E4E4E3E2E1E0DEDCDAD8D6D3D0CDCA7A
:10A03800C7C3BFBCB8B3AFABA6A29D98948F8A859F
:10A04800807B76716C68635E5A55514D4844413D3A
:10A05800393633302D2A28262422201F1E1D1C1C89
:10A068001C1C1C1D1E1F20222426282A2D30333696
:10A07800393D4144484D51555A5E63686C71767B51
:10A088000000004396F347427D278F287CC0053C9B
:10A09800E5011828863E913DA1521328FC93BD3C4A
:10A0A800B6BEB3288030103D2F8F6128ECE4FA3C0F
:10A0B800253E8E287367DB3C12D4AB2835A2E53CDD
:10A0C80075768928DC26633CB0EB1B296DD86E3C7D
:10A0D80032A9F127012ACE3C431CA328936B493CA3
:10A0E8008B600F287403CF3CBEFA8B286BAE023C02
:10A0F800A09F59283921E83D4FD5862866CEBD3C1A
:10A108007ECFBC2839AD613CC55129283BD39B3C47
:10A11800454CE02816F2543DEFF77529B138D23C8A
:10A128001912C62603A2D03C0F8F08298A2E933D08
:10A13800C1A5CA28F44A683D17580D2AC2BD513C2A
:10A14800470A1F2AAD72AA3C151BF128B3FA323C04
:10A15800859A992914A80F3DFCB482298DF5833C72
:10A16800069A932867C7563BB313CB285D5C1B3C04
:10A178007BA91C2A121C943C8975E1290DBEEE3B73
:10A1880093832B280DBEEE3B6EA33728121C943CFC
:10A1980063E24F295D5C1B3C44C71D2A67C7563BD9
:10A1A8003BC3AF298DF5833C212E1C2A14A80F3DF3
:10A1B80022B9FC28B3FA323CCE58B428AD72AA3C76
:10A1C8006BA1A728C2BD513CC182A529F44A683DAC
:10A1D80077E2CE298A2E933DBC3AD62803A2D03CFA
:10A1E8005B595529B138D23C1EA61B2A16F2543D9C
:10A1F8004953B0293BD39B3C5F3E902A39AD613C23
:10A20800BCEAFE2966CEBD3CEFBDBC293921E83D3C
:10A218008274AC296BAE023C97539B297403CF3CE4
:10A22800BE3E3829936B493C3F360329012ACE3C70
:10A23800E3CA192A6DD86E3CBD2B0829DC26633C7D
:10A24800E2220A2A35A2E53C1F96022A7367DB3C04
:10A25800787EDB29ECE4FA3CFB4FD4298030103DB2
:10A26800F5BDB92AFC93BD3CCA73792A863E913D57
:10A27800E9AD8D2A7CC0053C5C563D2A96F34742E1
:10A28800B81C57D8F1F5C17F190E279E86F781DED5
:10A29800E155B05A779FE741A12A6BFACDE47B23B9
:10A2A800010000000200000003000000020000009E
:10A2B8000100000073717274000000007371727401
:10A2C80066000000FB21F93FFB2109407CD91240C0
:10A2D800FB2119407A6A1F407CD92240BBFD2540EA
:10A2E800FB2129403A462C407A6A2F405C4731408E
:10A2F8007CD932409C6B3440BBFD3540DB8F374006
:10A30800FB2139401BB43A403A463C405AD83D40BC
:10A318007A6A3F404C7E40405C4741406C10424066
:10A328007CD942408CA243409C6B4440AC344540AD
:10A33800BBFD4540CBC64640DB8F4740EB58484005
:10A34800FB21494083F9A200444E6E00FC29150008
:10A35800D1572700DD34F50062DBC0003C99950039
:10A36800419043006351FE00BBDEAB00B761C500FE
:10A378003A6E2400D24D42004906E00009EA2E0058
:10A388001C92D100EB1DFE0029B11C00E83EA7007D
:10A39800F535820044BB2E009CE98400B426700089
:10A3A800417E5F00D6913900538339009CF439000F
:10A3B8008B5F840028F9BD00F81F3B00DEFF970083
:10A3C8000F980500112FEF000A5A8B006D1F6D00C2
:10A3D800CF7E360009CB2700464FB7009E663F0068
:10A3E8002DEA5F00BA277500E5EBC7003D7BF10059
:10A3F800F739070092528A00FB6BEA001FB15F0031
:10A40800085D8D00300356007BFC4600F0AB6B0006
:10A4180020BCCF0036F49A00E3A91D005E619100CC
:10A42800081BE60085996500A0145F008D40680050
:10A4380080D8FF0027734D0006063100CA56150064
:10A44800C9A873007BE260006B8CC000000FC93F95
:10A45800000F494000CB9640000FC9400053FB4015
:10A4680000CB164100ED2F41000F494100316241F8
:10A4780000537B41003A8A4100CB9641005CA341DE
:10A4880000EDAF41007EBC41000FC94100A0D5419D
:10A498000031E24100C2EE410053FB4100F20342A9
:10A4A800003A0A420083104200CB164200141D42B3
:10A4B800005C234200A5294200ED2F4200363642B7
:10A4C800007E3C4200C74242000F4942A200000001
:10A4D800F9000000830000006E0000004E0000003C
:10A4E800440000001500000029000000FC000000E6
:10A4F8002700000057000000D1000000F500000010
:10A5080034000000DD000000C0000000DB00000097
:10A518006200000095000000990000003C00000067
:10A52800430000009000000041000000FE00000011
:10A538005100000063000000AB000000DE000000D6
:10A54800BB000000C500000061000000B70000006B
:10A55800240000006E0000003A00000042000000E5
:10A568004D000000D2000000E000000006000000DE
:10A57800490000002E000000EA0000000900000069
:10A58800D1000000920000001C000000FE00000046
:10A598001D000000EB0000001C000000B1000000DE
:10A5A80029000000A70000003E000000E8000000AD
:10A5B8008200000035000000F50000002E000000B9
:10A5C800BB0000004400000084000000E900000017
:10A5D8009C0000007000000026000000B40000008D
:10A5E8005F0000007E00000041000000390000000C
:10A5F80091000000D6000000390000008300000030
:10A608005300000039000000F40000009C00000026
:10A61800840000005F0000008B000000BD00000007
:10A62800F9000000280000003B0000001F000000A7
:10A63800F800000097000000FF000000DE000000A6
:10A6480005000000980000000F000000EF00000067
:10A658002F000000110000008B0000005A000000CD
:10A668000A0000006D0000001F0000006D000000DF
:10A67800360000007E000000CF0000002700000028
:10A68800CB00000009000000B70000004F000000E8
:10A69800460000003F000000660000009E00000029
:10A6A8005F000000EA0000002D00000075000000B7
:10A6B80027000000BA000000C7000000EB000000FF
:10A6C800E5000000F10000007B0000003D000000F4
:10A6D8000700000039000000F70000008A000000B1
:10A6E8005200000092000000EA0000006B00000029
:10A6F800FB0000005F000000B10000001F00000028
:10A708008D0000005D0000000800000056000000F9
:10A71800030000003000000046000000FC000000BC
:10A728007B0000006B000000AB000000F0000000A0
:10A73800CF000000BC000000200000009A000000CC
:10A74800F4000000360000001D000000A900000011
:10A75800E300000091000000610000005E000000BE
:10A76800E60000001B000000080000006500000073
:10A7780099000000850000005F0000001400000040
:10A78800A000000068000000400000008D000000EC
:10A79800FF000000D8000000800000004D0000000D
:10A7A80073000000270000003100000006000000D0
:10A7B800060000001500000056000000CA00000056
:10A7C80073000000A8000000C9000000600000003D
:10A7D800E20000007B000000C00000008C000000C8
:10A7E8006B0000000000000000000040FB21F93F62
:10A7F800000000002D44743E000000809846F83C9C
:10A808000000006051CC783B00000080831BF039C9
:10A818000000004020257A38000000802282E336BC
:10A82800000000001DF3693502000000030000006D
:10A8380004000000060000000000C93F0000F039D5
:10A848000000DA370000A2330000842E0000502BED
:10A858000000C2270000D0220000C41F0000C61B51
:10A868000000441704000000070000000900000071
:10A878000024F400010000000C000020000000008B
:10A8880000000000000000000000000000000000C0
:10A8980000000000000000000000000000000000B0
:10A8A80000000000000000000000000000000000A0
:10A8B8000000000000000000000000000000000090
:10A8C8000000000000000000000000000000000080
:0CA8D80000000000000000000000000074
:04000005080005B931
:00000001FF
