:020000040800F2
:1000000000000220A90B00088D0B00086D0B0008F2
:10001000750B00087D0B0008850B00080000000030
:10002000000000000000000000000000F90B0008C4
:10003000F90B000800000000F90B0008F90B00089C
:10004000F90B0008F90B0008F90B0008F90B000880
:10005000F90B0008F90B0008F90B0008F90B000870
:10006000F90B0008F90B0008F90B0008F90B000860
:10007000F90B0008F90B0008F90B0008F90B000850
:10008000F90B0008F90B0008F90B0008F90B000840
:10009000F90B0008F90B0008F90B0008F90B000830
:1000A000F90B0008F90B0008F90B0008F90B000820
:1000B000F90B0008F90B0008F90B0008F90B000810
:1000C000F90B0008F90B0008F90B0008F90B000800
:1000D000F90B0008F90B0008F90B0008F90B0008F0
:1000E000F90B0008F90B0008F90B0008F90B0008E0
:1000F000F90B0008F90B0008F90B0008F90B0008D0
:10010000F90B0008F90B0008F90B0008F90B0008BF
:10011000F90B0008F90B0008F90B0008F90B0008AF
:10012000F90B0008F90B0008F90B0008F90B00089F
:10013000F90B00080000000000000000F90B0008A7
:10014000F90B0008F90B0008F90B0008F90B00087F
:10015000F90B0008F90B0008F90B0008F90B00086F
:10016000F90B0008F90B0008F90B0008F90B00085F
:10017000F90B0008F90B0008F90B0008000000005B
:1001800000000000F90B0008000000000000000063
:10019000F90B00080000000000000000F90B000847
:1001A000000000000000000000000000F90B000843
:1001B000F90B0008F90B0008F90B0008F90B00080F
:0401C000F90B00082F
:1001C80070B4154E85B001AC0021A6FB0023DB08F6
:1001D80003EB8302A0EB420205463032D2B2092D6E
:1001E800184604F8012B0B4601F10101EDD8013B3B
:1001F80001A80A4918440DF1030400E000BF0B6888
:100208001B06FBD5A0424A6002D010F80129F6E788
:1002180005B070BC704700BFCDCCCCCC00480040C6
:10022800BFF35F8F034B01229A61BFF35F8F00BF5B
:10023800FDE700BF00080240BFF35F8F044B0028B2
:1002480014BF01224FF480329A61BFF35F8F704769
:10025800000802402DE9F0479A4C24780CB9BDE813
:10026800F0878146884617461E4600F0CDFC964822
:10027800964D83682968964C964AC3F38223032BCC
:1002880038BF0323033B21FA03FA0AF56143A4FBB1
:1002980003131B0C002442F20801D4609360D16060
:1002A80099F80030422B75D08B4D8C49894B4222EE
:1002B8001868040603D400BF1C682006FBD55A60E2
:1002C80011F8012F002AF3D199F800205AB1814B77
:1002D800494600E000BF18680406FBD55A6011F8CB
:1002E800012F002AF7D17E497A4B202200E000BF77
:1002F80018680006FBD55A6011F8012F002AF7D1BB
:100308004046FFF75DFF774A7248202300E000BFB0
:1003180001680906FBD5436012F8013F002BF7D1AD
:100328003846FFF74DFF70486A49202300E000BFB8
:100338000A681706FBD54B6010F8013F002BF7D170
:10034800644B1C211C6826FA01F202F00F022406F5
:10035800A85C03D400BF1A681206FBD504390F1D28
:100368005860EFD161485B4A0D2100E000BF136877
:100378001C06FBD5516010F8011F0029F7D113683E
:100388005A063FF56CAF534A00BF13685B06FBD5AE
:10039800BDE8F08799F801304F2B85D1846854481F
:1003A800C4F34234432100E000BF13681B06FBD5A9
:1003B800516010F8011F0029F7D12868FFF700FFE6
:1003C8004C48444A202100E000BF13681B06FBD5B7
:1003D800516010F8011F0029F7D15046FFF7F0FED1
:1003E80045483C4A202100E000BF13681B06FBD5A6
:1003F800516010F8011F0029F7D1032C2868234603
:1004080038BF0323033BD840FFF7DAFE3B48314AA5
:10041800202100E000BF13681C06FBD5516010F8CE
:10042800011F0029F7D1364B2B4DD3F800C0294ABC
:100438001C212CFA01F303F00F031468E85C23066F
:1004480003D400BF13681C06FBD504395060081D8F
:10045800EFD12C481F4A202100E000BF13681B067B
:10046800FBD5516010F8011F0029F7D1264B1888D9
:1004780080B2FFF7A5FE2548164A202100E000BFFC
:1004880013681C06FBD5516010F8011F0029F7D12D
:100498000D4B104AD3F804C01C212CFA01F303F0C9
:1004A8000F031468E85C230603D400BF13681C0616
:1004B800FBD504390B1D5060EFD11548054A2021A2
:1004C80029E000BF71000020003802400000002031
:1004D800C5B3A29100480040B45C0008985B0008CE
:1004E800985C0008A05C0008A85C0008945C000800
:1004F800A85B0008E45B0008F05B0008FC5B0008F0
:10050800002004E0085C0008227AFF1F145C000841
:10051800205C000800BF13681C06FBD5516010F86A
:10052800011F0029F7D16B4B6B4AD3F808C01C2177
:100538002CFA01F303F00F031468E85C230603D4D4
:1005480000BF13681C06FBD504390B1D5060EFD1A2
:100558006248614A202100E000BF13681C06FBD5F1
:10056800516010F8011F0029F7D15D4B5A4AD3F8A2
:1005780088C01C212CFA01F303F00F031468E85C0F
:10058800230603D400BF13681C06FBD504390B1DD2
:100598005060EFD15348504A202100E000BF136853
:1005A8001C06FBD5516010F8011F0029F7D14E4BEE
:1005B800494AD3F800C01C212CFA01F303F00F03B9
:1005C8001468E85C230603D400BF13681C06FBD537
:1005D80004390B1D5060EFD144483F4A202100E008
:1005E80000BF13681C06FBD5516010F8011F0029D5
:1005F800F7D13F4B384AD3F800C01C212CFA01F33D
:1006080003F00F031468E85C230603D400BF1368E3
:100618001C06FBD504390B1D5060EFD135482E4A16
:10062800202100E000BF13681C06FBD5516010F8BC
:10063800011F0029F7D12E4B274AD3F804C01C21EB
:100648002CFA01F303F00F031468E85C230603D4C3
:1006580000BF13681C06FBD504390B1D5060EFD191
:1006680025481D4A202100E000BF13681C06FBD561
:10067800516010F8011F0029F7D14FF08043986AA4
:10068800FFF79EFD1D48144A202100E000BF1368B3
:100698001B06FBD5516010F8011F0029F7D1184837
:1006A8000D4A202100E000BF13681C06FBD55160ED
:1006B80010F8011F0029F7D11248074A0D2100E060
:1006C80000BF13681B06FBD5516010F8011F0029F5
:1006D800F7D1EAE50038024000480040285C0008ED
:1006E80000ED00E0305C0008003C02403C5C000883
:1006F80000700040485C0008545C0008605C00081A
:100708007C5C0008945C00083C4B187838B13C4A83
:100718003C4B12689A4203D0002070471846704735
:10072800394B1B6840F22142C3F30B039342F3D1C8
:10073800364B1B889BB2B3F5007FEDD1344A354B5D
:100748001068354903408B42E6D1136803F0F8037B
:10075800802BE1D15368314923F0802323F43C03F3
:100768008B42D9D193684FF6FC410B4049F20841BE
:100778008B42D1D1D2F88C30DA01CDD4284BD3F8C2
:10078800883003F47003B3F5700FC5D1254B1B688F
:1007980040F20F72134040F205729342BCD1224AD4
:1007A800136803F47033B3F5404FB5D1536803F4BD
:1007B8005033B3F5804FAFD102F5E432136C13F028
:1007C8000103ABD04FF0804341F63F71986A8842ED
:1007D800A2D1D86800289FD1536B13F080039ED113
:1007E800106B12490140002998D1106C00F4C02008
:1007F800A0F5802358425841704700BF7000002080
:100808000000002000688909002004E0227AFF1F08
:1008180000380240020001020200000210500025C8
:1008280000ED00E0003C0240007000400010602035
:10083800A54AA64B106BA649F0B5A64C002540F07A
:100848000500257010634FF48030166B98611868A6
:1008580020F0030040F001001860586820F0010003
:100868005860986820F003009860D86820F003006A
:10087800D8604FF400138B610B68974823F44063EA
:1008880043F480630B600560136C944823F40033D1
:1008980023F001031364136C23F4802313640B689F
:1008A80043F0F0030B60CB6823F0F003CB600368E0
:1008B80040F22141C3F30B038B4285B054D0294643
:1008C8008148824B026C864D864E42F48022026437
:1008D800026C1A6822F4401242F400121A605A6834
:1008E80022F480625A609A6822F4401242F480121C
:1008F8009A60DA6822F44012DA605A6A22F4706266
:1009080042F4E0625A6201270023EB602B616B61BD
:10091800377031B37449D1F8882042F47002C1F8B5
:100928008820BFF34F8FBFF36F8F4FF07F514FF089
:10093800804201910292DDED017A9DED027A67EE27
:10094800877AB5EE007A77EE877AB0EE0A7ACDED3F
:10095800037ADDED037AF4EE477AF1EE10FA00F04F
:10096800A080002005B0F0BD604B1B889BB2B3F59A
:10097800007FA4D1116B5E4B21F005011163116B4F
:10098800116821F0F90141F08101116002E0013B99
:1009980000F0988011688E07F9D59068544B554936
:1009A80020F00300906002E0013B00F08B800A68B1
:1009B80012F00C0FF8D144494D4B0A6822F08672A8
:1009C80022F480320A6001E0013B7BD00A6895017D
:1009D800FAD40A6C484D464B484842F080520A64A3
:1009E8000A6C2A6822F4703242F440422A6001E01C
:1009F800013B67D0026812F4403FF9D1324A404BBC
:100A0800536010683A4B3D4940F08070106001E037
:100A1800013B57D00A685004FAD53A48344A40F2A4
:100A28000571016040F20F7501E0013A4AD0036890
:100A38002B408B42F9D124492D4B8A6822F47C4201
:100A480022F0F00242F414428A60D1F88C2022F09D
:100A58008072C1F88C2001E0013B33D00A68920112
:100A6800FAD58B68224A234823F0030343F0020394
:100A78008B6001E0013A25D0036803F00C03082BD2
:100A8800F8D100F0C1F8204A204B1168C91AB1FA10
:100A980081F149090C4B1A6B42F005021A631B6B72
:100AA8000EE7016C39430164006C4FF0804241F657
:100AB8003F711360D3609162277005B0BDE8F040C4
:100AC800FFF722BE0021E5E7003802400008024097
:100AD800000002407000002010E000E0002004E068
:100AE800004800407100002000ED00E0227AFF1F5E
:100AF80000093D00083802400070004004700040C2
:100B080010500025003C02400000002000688909C0
:100B180018B3F0B4DFF844C000252C464FF08043EA
:100B2800012709266045014628BF614601EB81027D
:100B38005200013A1C60DA625C625F611C611E60EF
:100B48001A69D20703D400BF1A69D207FBD5401A25
:100B58001D601D61E6D1F0BC70477047A08601009A
:100B680030BFFDE708B5FFF75BFB00BF08B5FFF72F
:100B780057FB00BF08B5FFF753FB00BF08B5FFF7E9
:100B88004FFB00BF08B5FFF74BFB00BF08B500F0EF
:100B980091F830BFFDE700BF704700BF704700BF46
:100BA800DFF834D000F026F80C480D490D4A002330
:100BB80002E0D458C4500433C4188C42F9D30A4A0A
:100BC8000A4C002301E013600432A242FBD304F074
:100BD80093FAFFF7DBFF70470000022000000020B7
:100BE8006C00002028B0000870000020109E002033
:100BF800FEE70000034AD2F8883043F47003C2F8D5
:100C08008830704700ED00E0164A936803F00C0343
:100C1800042B0CD0082B0CD0134B124A13489268A3
:100C28001349C2F30312825CD3400B607047114B27
:100C3800F3E75068516852684302C2F388124CBF08
:100C48000C4B094B01F03F01B3FBF1F303FB02F33B
:100C5800044A5268C2F3014201325200B3FBF2F374
:100C6800DBE700BF003802400024F400C85C00083D
:100C78000000002040787D0170B50B4B0B4E82B010
:100C8800044615460120019134601A60FFF7D4FA32
:100C9800019A07482B462146FFF7DCFA02B0BDE867
:100CA8007040FFF75DBF00BFA49D0020089E002094
:100CB800D85C00082DE9F84FFFF7BAFD00287FD06F
:100CC8000020FFF7B9FA00235248DFF86081DFF807
:100CD80060B1DFF860A1DFF860911A461946FFF7A6
:100CE800B9FA0125FFF710FD00286FD0042D65D94A
:100CF800082D8CBF514649464FF40062284601F042
:100D080029FC002869D0FFF7FFFC00286CD058F8B0
:100D1800046B4148324600232946FFF79BFA012D10
:100D280041F2883018BF4FF47A70FFF7F1FE6F1E5A
:100D38000120FFF781FA9EB1002402E00134A642A7
:100D48000ED0284601F0A2FC0028F7D1334B2846E4
:100D580043F8274021460522BDE8F84FFFF78CBF2E
:100D68000020FFF769FA2D4B43F82760FFF7CCFC0A
:100D7800002840D0284601F091FD002842D028469E
:100D880001F060FF264A034642F8273052F8273020
:100D98002448294632460135FFF75CFA0D2DA1D1CA
:100DA8004FF4FA60FFF7B4FE00231A4619461E48AE
:100DB800FFF750FABDE8F84FFFF7D2BE59469BE758
:100DC800BDE8F84F01460122FFF756BF014602224F
:100DD8002846BDE8F84FFFF74FBF014603222846D3
:100DE800BDE8F84FFFF748BF014604222846BDE892
:100DF800F84FFFF741BF314628460722BDE8F84FB4
:100E0800FFF73ABF314628460822BDE8F84FFFF7FA
:100E180033BF00BFE05C0008E85C0008D89D0020F4
:100E2800A89D0020F05C0008F85C0008005D000840
:100E3800305D0008306D0008306500082DE9F04F7E
:100E480085B0431E02934C1E00F10F0C13F8012FBE
:100E580014F8015F9C4582EA05021A70F6D101F187
:100E68000F03019301F19F030393DFF860A100F1E1
:100E780010030093029B13F8012F1AF802201A702E
:100E88009C45F8D14578447B417A42798378877AC2
:100E9800867945734472857BC47841714270C17903
:100EA800C27A8372C37B877086738571C471C1727D
:100EB800C273C370074697F800907C78BE7897F89D
:100EC80003804FEAD915E1096B00F2091D444B0074
:100ED800194453001A444FEAD8134FEA430B5B44B2
:100EE80005EBC50501EBC10102EBC20284EA060E5F
:100EF80081EA440182EA460285EA490589EA04044E
:100F080003EBC303EDB28EEA080BD2B289EA0606F8
:100F18008EEA090E88EA040483EA4803C9B25440F9
:100F2800DBB288EA060685EA0E0E4E405C4085EA8A
:100F38000B0B83EA0E03FB7081EA0B01009B3970EF
:100F480072407A70BC700437BB42B4D1DDE901133A
:100F580013F8012F11F8014F9C4582EA04021A7018
:100F6800F6D1019B039A10339A42019382D1029BD6
:100F780013F8012F1AF802201A709C45F8D142780C
:100F8800437A417B427342794371837A417242705A
:100F9800817882798370C3788172817B8273C27908
:100FA800C371C37B8171C370C17A029BC272039AF9
:100FB800C17313F8011F12F8010F9C4581EA000163
:100FC8001970F6D105B0BDE8F08F00BF5C76000857
:100FD800F0B41F4CB4F800688446A6B34FF0FF3154
:100FE8000D460023201D0EE0B1F1FF3F08D0AA42B4
:100FF80006D104EBC1023F5A9288974238BF19467E
:101008000133B3420AD054F83320AA424FEAC30747
:10101800EAD219460133B3421546F4D1CB001A4639
:10102800013E04EBC601A51803C9AD88A258ACF867
:101038000450234483E80300A4F800686046F0BC29
:10104800CCF8002070476FF007021346E8E700BFAE
:1010580074000020002944DD2DE9F04F83B0834659
:1010680000F1FF394FF00008531E40468944CBF188
:10107800010A019308F10103994228DD0BEB0803EB
:10108800012405E0FF2C0FD099455FFA8EF415D0A6
:1010980093F800C00AEB03051E4613F8017FBC4510
:1010A80004F1010EA846EDD01454019C33780230A7
:1010B800A9422354DEDC03B0BDE8F08F1454431C6E
:1010C8001BF80510D154023003B0BDE8F08F01239E
:1010D800135402301BF80830013A135403B0BDE82A
:1010E800F08F0020704700BFA1B1034601290078A6
:1010F80010700FDD70B45E1E0E441D4601336C780F
:101108002D78B342A4EB050402F8014FF5D1084647
:1011180070BC7047084670472DE9F04F002985B02C
:10112800CDE902025BDD4FF00008C646CDF8048029
:10113800C446934600F1FF3A029B13F80E308BF831
:101148000230019B8BF800800EF101060333B14297
:101158008BF801C0009339DDFE2E0BF1030B3CDD4B
:10116800AEF1FE07029B4FF00009CC4603EB0E08D8
:101178000AEB07004246002308E010F8015F12F866
:10118800014FA54205D10133FF2B02D09C198C4297
:10119800F3DB9C45BCBF9C46A6EB0709774507F1E6
:1011A800010301D01F46E3E70CEB060E8E455FFAFC
:1011B80089F85FFA8CFC0DDB039A019900985318A3
:1011C80002F8008083F804C04B1D0093009805B016
:1011D800BDE8F08F009B0193AEE70027C2E700232C
:1011E8000093009805B0BDE8F08F00BF2DE9F04FDF
:1011F800ADF21C5DCDE90120002800F0EF80B1F5CB
:10120800006F884600F2EA80019C002C00F0E6801E
:101218004FF484720021204603F0AEFF00254FEA08
:10122800182384F800806370A570E570B8F1000F8A
:1012380000F0E680294641F20442BB4803F09CFFD7
:101248002946029D46AC6B1E1E4620464FF480621E
:10125800039303F091FF31460B4611F8010F023357
:1012680054F820205B1B0132984544F82020F3DC19
:10127800AD4D002305F6023905F6021E1A4645A9AA
:101288000DF214574FF0010C51F8040F05EBC3048D
:101298005E1C50B145F8330090B2B3B2A080A5F8F7
:1012A800003802F809C02EF812008F4202F101023C
:1012B800EAD19E4E012B06F5807444D94FF480790B
:1012C80006AF04A8FFF784FE3846FFF781FEB5F89D
:1012D80000E83968049A954BBDF81400B7F804C0C3
:1012E80005EBCE0B0A440EF1010A45F83E20904961
:1012F800ABF804901FFA8AFA6FF43062CE46A5F86C
:1013080000A809F101099D181FFA89F9491B03E092
:1013180062450BD0A34213D013F8012F002AF9D04D
:1013280031F813208242A3F5407BF1D121F813E074
:101338009BF80020A34202F101028BF80020EBD1B8
:10134800BAF1010FBDD8794B4FF0000906A913F87F
:10135800012F2AB15A1E921B01F8092009F101092F
:101368009C42F4D1B9F1010F43D025DD0DF11703EB
:1013780003EB090709F1FF3E06AE4FF0000C0CF134
:10138800010CE145C8BF334603DC11E02CD09F4275
:101398000ED0327813F8011FAC18681894F8024878
:1013A80090F802088442F1D931701A709F42F0D146
:1013B800E64506F10106E2D1B9F1000F55D006AFB6
:1013C8003C4607EB09013A4601E091421ED012F86B
:1013D800013B2B4493F80238202BF6D94FF0FF300D
:1013E8000DF21C5DBDE8F08F8A42D0D931701A70B9
:1013F800DCE79DF818302B4406AF83F80298DFE746
:101408004FF484700DF21C5DBDE8F08F019B4949D3
:101418004FF4807203F1080003F0A0FE17F80109E9
:101428002B18291893F8023891F802188B424FF0BC
:101438000002B94417D20133DBB299424FEA4202A3
:10144800F9D100F5C07305EBC303A1459A60197182
:1014580002F1010211D014F8010F0B46291891F876
:1014680002188B42E7D31946EBE7019B31494FF449
:10147800807203F1080003F071FE039902980026B8
:101488000B4611F8012F05EBC202023392F8042C27
:101498001B1A98451644F3DC019C029F26714FEAFB
:1014A800166E002084F807E0330A310CDDF80CE0F2
:1014B80084F80801C7F1010C6371A171024607465F
:1014C80004F58474A9461EF8013FDB0003F60443C3
:1014D80009EB030119F803304D68591EBBB125FA11
:1014E80001F314F800A0C2F1070B03F0010303FA9B
:1014F8000BF3013243EA0A03082A235405D10130C9
:10150800B6EBC00F88BF275400220139E7D20CEB95
:101518000E039845D7DC002AC8BF013000F5847057
:101528000DF21C5DBDE8F08F74000020750B0020E3
:10153800FEF2FFFF760800202DE9F04FB3B08A468F
:101548000092013B06AA0AAC13F8011F02F8011B1E
:10155800A242F9D1584EDFF864E10DF123014FF0B2
:10156800010C102203AF02AB0C4614F8015F03F81C
:10157800015BBB42F9D113075FD09DF8083011F821
:101588000B8C4D1D0DF1090483EA0803BC4205F8D4
:10159800013B09D014F8013B15F8108CBC4283EAD2
:1015A800080305F8013BF5D10432B02A01F1040122
:1015B800D9D1BAF1000F7DDD0AF1FF330193AAF109
:1015C800100923F00F03A9EB0309009B00EB0A089D
:1015D800544603EB0A070DF1170613E006A902A803
:1015E800FFF72CFC0DF1080CBCE80F00103C07EBD2
:1015F800050CA1457851CCF80410CCF80820CCF89B
:101608000C3036D0102CA346A8BF4FF0100B5A460A
:10161800A8EB040102A803F0A1FD0F2CC4F10005FA
:10162800DCDCCBF110030BF1FF3202A9DBB20A4478
:1016380002F8013FB242FBD1D0E79DF809301EF80D
:101648000C809DF808909DF80B509DF80A40F35CBB
:1016580016F80990755D345D8DF80B9083EA0803E0
:101668000CF1010C8DF808308DF80A508DF80940FE
:1016780085E7019B23F00F0510351AF00F0F15D1E0
:101688000DF107030DF11701102203F8012F9942FC
:10169800FBD106A902A802ACFFF7D0FB0FCC009E35
:1016A800741970516160A260E3601035284633B048
:1016B800BDE8F08F0025E0E75C760008507600086A
:1016C8002DE9F04FCDB00DF12C0C039062461BAE06
:1016D8004B780D78CC7888781B0443EA056323435C
:1016E80043EA002342F8043F964201F10401EFD196
:1016F8003CAD0CAA966B134652F8040F5C6A1F683F
:101708004FEAF64383EA76434FEAB04183EA9623E9
:101718003C4481EAF011234481EAD0010B4495420C
:10172800D363E7D1039BDFF8E8B0D96858699A69B1
:101738001D685F689E681C69DB690493334B0193DD
:101748004BAB0293DDF81090059506970796089124
:1017580009940A900B928A46804696465B460BE0AF
:10176800B2463E462F461546019AF146C646A04661
:101778001C4652F8043F01924FEAF4212EEA040075
:1017880081EAB41104EA080281EA746142405CF813
:10179800040F0A4487EA060B4FEA7531024481EACE
:1017A800B5010BEA050B07EA060081EAB5518BEA99
:1017B8000000084402994A441A44614502EB0A03AE
:1017C8000244CDD1059911440A46069929440D468B
:1017D800079939440F46089931440E460999194426
:1017E8000A9B23441C460B9B43441846049B7344A2
:1017F8008C461946039BC3E90157C3E9036CC3E947
:1018080005401A60D9614DB0BDE8F08F50750008E9
:10181800982F8A422DE9F0433D4E0F4680461446E4
:101828000FCE99B06D460FC596E80F003F2F85E89B
:101838000F006BDDA7F1400626F03F0308F14009D1
:1018480099444546294668464035FFF739FFA9457A
:10185800F8D126F03F054035A8447D1B2A4641466D
:1018680008A803F07BFC18AB2B4401358022382DE7
:1018780003F8402C42DD08ABC5F14002581900219D
:1018880003F07AFC08A96846FFF71AFF38220021FE
:1018980008A803F071FCFB17DE0046EA5776F9004A
:1018A80000230DF15F07C3F1200521FA03F2A3F12C
:1018B800200006FA05F52A4326FA00F00833024309
:1018C800402B07F80129EED108A96846FFF7F8FE72
:1018D80007AD2246ADF1040151F8043FD3701C0E48
:1018E800180C8D424FEA132314705070937002F154
:1018F8000402F1D1202019B0BDE8F08308ABC5F18E
:1019080038025819002103F037FCC4E73D46A5E723
:101918003075000830B404680D682C4404601D68F4
:101928006C404FEA34441C6015682C4414600D6800
:101938006C404FEA34540C6005682C440460186805
:1019480060404FEA306018601368034413600A6807
:1019580053404FEA736330BC0B60704770B50D1F7E
:1019680090B004462A466B4610A852F8041F43F864
:10197800041B8342F9D10A260CAB08AA04A96846BD
:10198800FFF7C8FF0DAB09AA05A901A8FFF7C2FF19
:101998000EAB0AAA06A902A8FFF7BCFF0FAB0BAA59
:1019A80007A903A8FFF7B6FF0FAB0AAA05A968465F
:1019B800FFF7B0FF0CAB0BAA06A901A8FFF7AAFF17
:1019C8000DAB08AA07A902A8FFF7A4FF0EAB09AA46
:1019D80004A903A8FFF79EFF013ECDD1201FADF15A
:1019E80004020FAC52F8043F55F8041FA2420B44FE
:1019F80040F8043FF6D110B070BD00BF2DE9F047A4
:101A0800A0B01D6804955D6805959D680695DD681C
:101A180007951D69289C08955D6909959D69DB698D
:101A280026680A950B93A5686368264C009404F110
:101A38001A64254F0E9304F10F14244B019304F5F7
:101A48006D440123B1F10008CDE902740D960F959C
:101A58000C9332DD824616460027694610A8FFF728
:101A68007DFFA8EB070CBCF1400F06EB0704A8BFED
:101A78004FF0400C7A1E0CEB040021465244631AC6
:101A880023F0030E20ADAE4403F003035EF8405C80
:101A980012F8019FDB0025FA03F383EA090304F82F
:101AA800013BA042EBD10C9B67440133B8450C9332
:101AB800D3DC384620B0BDE8F0870027384620B090
:101AC800BDE8F08765787061322D62796E642033E5
:101AD800002917DD70B4441E0C4866184FF0FF3318
:101AE80014F8015F08216B40DD074CBF80EA5303FF
:101AF8005B080139F8D1B442F2D1DB43002070BC55
:101B08001360704700231360002070472083B8EDEE
:101B18002DE9F04F2DED0C8B91B00A910F92002812
:101B280000F0BF81002A00F0BC8101F1FF3EBEF544
:101B3800006F0B4680F0B5811EEA01040E9440F058
:101B4800B081012900F0AB815B10012B04F1010485
:101B5800FAD1DFF88083DFF878938644471EC0F116
:101B6800010C4FF0000BC2460120661E0CEB070566
:101B7800002C00F091810023194600FA03F22A4252
:101B880003D0F21A00FA02F2114301339C42F4D155
:101B9800CF4B03EB810308EB810117F8012FC1F844
:101BA80000B007EE902AF8EE677ABE45C3ED007ADA
:101BB800DCD1002C00F0288101239FEDBD7BBEA75E
:101BC800D7E90067B0EE47DAF0EE67DA0C93E3186E
:101BD8000D930C9A012101FA02F3079303EBD373D7
:101BE8000B4104939B000B93042393400993B84B38
:101BF800069307F10041B74B05930CEE106A0023DA
:101C08000CEE901A0893079B012B40F3C4809FEDBC
:101C1800AC7B0B9B069A059D991800245BEC17ABCF
:101C28004FF000084FF0000900915F191646039421
:101C3800009C206803F00CFC02460B46386843EC15
:101C48001A2B03F005FC524641EC180B5B4651EC8D
:101C58001A0BB0EE489AF0EE689A03F051FC42462F
:101C680041EC1B0B4B4651EC180B03F049FC0246A8
:101C78000B4651EC1B0B03F08BFA524641EC180B48
:101C88005B4651EC190B03F03BFC41EC170B424649
:101C98004B4651EC1A0BB0EE479AF0EE679A03F0F8
:101CA8002FFC02460B4651EC190B03F073FA02465F
:101CB8000B46306843EC1A2B03F0CAFB02460B466E
:101CC800286843EC1B2B03F0C3FB41EC170B53ECC8
:101CD8001B2BB0EE479AF0EE679A51EC180B03F005
:101CE80059FA03F005FF53EC192B46F8040B51EC95
:101CF8001A0B03F04FFA03F0FBFE844653EC182B43
:101D080045F804CB51EC1B0B03F042FA03F0F0FE4C
:101D1800844644F804CB53EC1A2B51EC190B00946D
:101D280003F036FA03F0E4FE53EC1D2B47F8040BDE
:101D38005946504603F0E4FB42464B4641EC1A0B29
:101D480051EC1C0B03F0DCFB02460B4651EC1A0B62
:101D580003F01EFA41EC170B53EC1D2B4046494685
:101D6800D046D9465BEC17AB03F0CAFB42464B465C
:101D78008046894651EC1C0B03F0C2FB42464B4699
:101D880003F008FA039A049B01329A4203928046B0
:101D98008946FFF64DAFDDE9072306991344084647
:101DA800099A05990893104411440A9A06909A4290
:101DB80005913FF728AF0C9B0D9901338B420C938B
:101DC80022D0012202FA03F003F030FB02460B4650
:101DD8003DA1D1E9000103F0BDFC41EC100B41EC41
:101DE800180B00F0D9FFB0EE407AF0EE607AB0EE52
:101DF800480AF0EE680A57EC176B00F079FFB0EE6E
:101E080040DAF0EE60DAE4E60A9B314EDFF8C4808F
:101E18000F9F06EB8309CDF80C90994656F8040BF2
:101E280003F016FB02460B4658F8040BCDE90023D5
:101E380003F00EFBDDE9002382468B461046194667
:101E480003F05EFB524604460D465B465046594633
:101E580003F056FB02460B462046294603F09AF942
:101E680041EC100B01F038F8484655EC104B03F0E4
:101E7800DDFA0B4602462946204603F06BFC03F0C8
:101E880037FE039B47F8040B9E42C7D10E9811B04A
:101E9800BDEC0C8BBDE8F08F51464B467DE60E9CA1
:101EA80057E64FF0FF330E93F0E700BFAFF3008023
:101EB800000000000000F0BF075C143326A6A13C18
:101EC800000000000000F03F182D4454FB21194089
:101ED80078340020781400202DE9F047DDF82090B0
:101EE800D8B3D2B3CBB300292FDD09F1FF3C9C4412
:101EF800C9F100079E464FF00008B9F1000FD8BF9E
:101F0800002527DD44464FF0000A002CC4F10005E7
:101F180004DB1EF80560055D06FB05AA013CBC4212
:101F2800F3D15C1E002514F8016F64453544FAD1DD
:101F380075B1BAFBF5F502F8085008F101084145FA
:101F480007F101070EF1010ED7D10020BDE8F08797
:101F58005FFA8AF502F80850EFE74FF0FF30F5E72F
:101F68002DE9F04F2DED048B89B0CDE906030591DD
:101F78000192002800F0DC80002A00F0D980002BB4
:101F880000F0D680179A002A00F0D280169A002A0C
:101F98009FED697B40F3C780551E57EC176B1D44B6
:101FA8005C1E14F8010F03F041FA02460B46304656
:101FB800394603F0EFF8AC4206460F46F1D147EC3C
:101FC800196B059B002B40F39980189B5B42039388
:101FD800169BC3F1000B00230293169B002B4FF0B6
:101FE80000044FF000051BDD029A079BDDF81880FE
:101FF80016469F18002EC6F100030EDBF85C18F891
:10200800063000FB03F003F011FA02460B462046A7
:10201800294603F0BFF804460D46013E5E45E9D166
:10202800189B012B4FF000064FF0000730DD029B94
:10203800179ACDF810B003F1FF3ADDF80CB0D318B9
:1020480045EC184B1D46BAF1000FCAF1000317DB27
:10205800E85C03F0DBF9019B804613F80A00894627
:1020680003F0E4F902460B464046494603F048FAB5
:1020780002460B463046394603F08CF806460F46B2
:102088000AF1FF3ADA45DED155EC184BDDF810B00D
:1020980059EC198B0022002319EE100A494603F067
:1020A800BFFC22462B4688B33046394603F072F807
:1020B80019EE102A4B4603F04DFB04460D4620A3AB
:1020C800D3E900232046294603F0AAFC0646D8B9DE
:1020D800002200232046294603F084FCE8B1019B36
:1020E800039A19460132029B0392059ACE54013392
:1020F8009A4202930BF1010B7FF46FAF002009B0F5
:10210800BDEC048BBDE8F08FFF26E8E73046394682
:1021180003F040F804460D46D1E72046294603F06F
:10212800C7FCC6B2DBE7B0EE479AF0EE679A48E71D
:102138004FF0FF30E3E700BF0000000000000000A0
:102148000000000000E06F40002874D02DE9F04F37
:102158002DED048B174683B0002A69D000298846E4
:1021680066DD07EE901AB8EEE78A814678EE087ABF
:1021780017EE900A03F06CF902460B4633A1D1E939
:10218800000103F0E7FA03F0B3FCF7EE007A87EEFC
:10219800880A08EE900AB5EE400AF1EE10FAB1EEA0
:1021A800C09A4ED4F0EE007A87EE880AB5EE400A5F
:1021B800F1EE10FAF1EEC09A40D409F1FF3308F1BC
:1021C800FF354D4401934FEA88090026DDF804B035
:1021D800B24674009FED1C8ABAFBF9F309FB13A3FE
:1021E80000EE103AB8EE400AA24420EE280A00F0A9
:1021F8002BFE1BF8013F07EE903AF8EE677A5D4533
:1022080027EE800A38EE008AE6D1002E14BFF0EEE1
:10221800697AF0EE497A27EE888A0136B045A7EC4C
:10222800018AD3D1002003B0BDEC048BBDE8F08F48
:102238004FF0FF30F7E74FF0FF30704700F0AAFE8D
:10224800BBE700F0A7FEADE700000000182D4454DE
:10225800FB2109402DE9F04F834B1D68B5F5847FBC
:10226800ADF52F7D06D3814B814ED3F8008073687E
:10227800984504D000200DF52F7DBDE8F08FB46897
:10228800E31DDB0803F584739D42F3D1B4EB481FCB
:10229800F0D80BAF84220021384602F06DFF84226B
:1022A80000212CA802F068FF4DA88422002102F02A
:1022B80063FF06F10B0E704606F20B134FF0000C8D
:1022C80009E032B157F82210013147F822100CF119
:1022D800010C984204D010F8012F202AF1D9C9E73F
:1022E800B8F1000F00F0B480BCF1000FC2D000219B
:1022F80000208B46CDE90001CDE907582CA94FF005
:10230800000C03914DA902910122614606970DF533
:10231800DC790994DC46009C0019019C4CEB040410
:102328000494069C0018009054F8040F0694049C2A
:102338004FF0010C6441A2F12008C2F120052CFAEB
:1023480005F50CFA08FB01944BEA050BDDE900459D
:10235800241845F100050CFA02FAAB4508BFA2455E
:102368004FF0000C86D3039C2546009C45F8044F8B
:10237800029C039544F8041F0294744614F8015F04
:10238800954205D1651EA5EB0E0509F801500131EE
:102398009C42F3D10132212ABDD1099CDDE90758BD
:1023A800002C52D096F80C110023C9119C4601222A
:1023B8000BE099F80C01013240FA0EF000F0010030
:1023C800212A40EA41013FF455AF013357F8220072
:1023D8006FEA030E06EBD3090EF0070E10B30DF1EA
:1023E800B00A5AF822A08A45A1EB0A0B1AD8584518
:1023F8000CF1010016D9E0457FF63CAF0DF59A7B4C
:102408005BF822B01B4A5944A1EB0A0A6EA912F8DC
:102418000CC011F80A1061454FF000027FF42AAF92
:1024280084461146A342C4D113F007030BD03544A8
:10243800C3F10803E8784FF0FF3101FA03F330EAFB
:1024480003037FF417AFE04508D00022104612E7D7
:102458005CEA04030CBF012000200CE7B2FA82F208
:102468005209104607E700BFA09D0020989D002054
:102478007C540020989500202DE9F84F2D4A2E4BCA
:1024880012681B68934230D132B32C4E2C4DDFF8C2
:10249800BCC031460024022750B30B78002C45D02D
:1024A80095F8008011F801EC4344012C17FB0E331A
:1024B8003CD011F802EC15F8018CC6447344B3F50E
:1024C800806F39BFC3F3870301310131FF23013422
:1024D800A24205F8013FDFD11A491B4802F030FE3D
:1024E800B0FA80F04009BDE8F88F0020BDE8F88F09
:1024F8000131DFF85C808E4608F1100B1EF8019D53
:102508004FF0010A0346C3450AFB093309D0B64513
:1025180007D058F804AB1EF8019DC3450AFB0933E0
:10252800F5D1ACFB03E3C3F34703D0E79B080131C4
:10253800CDE700BF989D0020A09D00209895002021
:102548008B6D0020805400208C6D0020398EE3387C
:102558005CAA00082DE9F041DFF828C13F4DDFF8FB
:1025680028E13F4E471E00230B2F2B608EF80030CA
:10257800CCF80030336024D8B2F5006F904620D8EC
:10258800044600295DD0092816D00C281CD0EAB9C9
:102598003449354A354B0B6042F2040641F60C10BB
:1025A8008B5113501360324A00231370314A2C6048
:1025B80013700120BDE8F081002A47D0501E104258
:1025C80004D01846BDE8F081002A3FD02A48424688
:1025D80002F0C4FD42F2040722482349C6F80080ED
:1025E80041F60C16214BC351B8F5006F8B510360AF
:1025F8000B60D8D12049214B01F500670A4601E05C
:10260800BA4229D083EA433383EA534312F8016B71
:1026180083EA4313D8B28642F2D00022144B184EF4
:102628001A708020002303E0B3F5006F12D0B05C6D
:1026380011F8012B0133824203F07F02F4D000230A
:10264800B4E72AB9092801D00C28A1D14046B9E736
:102658000846B7E70123A9E70122DFE778540020FD
:10266800989D00208C7500207C540020216DA78344
:102678009495002095950020989500204D3C2B1AA4
:10268800B8A70008A09D00209C9D00202DE9F043DC
:10269800714B724E1A680023824289B0337006D19A
:1026A800044620B16E4F6F493A688A4203D0002031
:1026B80009B0BDE8F08341F60C1179589142F6D182
:1026C800DFF8D091D9F800208A42F0D142F2040113
:1026D80059F801109142EAD1DFF8BC81421EC8F8CE
:1026E800003013460B2BE2D8DFE803F0AFA89C9527
:1026F8008D867C6D645232065B4D5C4A29685C4865
:10270800FFF722FD0028D2D1286880000028CEDB00
:10271800544A3B689342CAD141F60C12BA589A42BD
:10272800C5D1D9F800309342C1D142F2040259F818
:1027380002209A42BBD1092CC8F8000005D00C2C05
:1027480003D041F608139842B1DC01203070AFE79E
:10275800484B494A1B68444DADF814301B0CD2F85D
:1027680000C08DF81630032329680293009306AB46
:1027780001934FEA1C4E414A3D48ADF818C005ABDD
:102788008DF81AE0FFF7ECFB002890D12868BDE728
:102798003B4B354D394A93E80300052300930690D7
:1027A8008DF81C103248296806ABFFF795FB002806
:1027B800ECD07CE72C4D2D4A29682D48FFF7A8F965
:1027C8000028A1D073E7284B29481968002506AAD4
:1027D8000695FFF77DF900287FF469AF069B7B60BB
:1027E800042095E7204A274B116821480093234A83
:1027F800254BFFF703F989E71B4B204A19681C484A
:10280800FFF708F882E7184A204B116818481B4A56
:10281800FEF792FE7AE7144B184A19681448FEF737
:10282800E5FC73E7104B1A4A196811487960FEF7FE
:1028380073FC0028FFF63BAF043069E70A4B0F4AE8
:1028480019680B48FEF750FC60E7074B0B4A1968FC
:102858000748FEF7FFFB59E7785400209C9D0020AD
:102868007C540020216DA783989D0020907500203E
:10287800989500205C770008607700088054002055
:10288800647700089C7700087C7700086C7700085C
:10289800845400208C750020A09D00202DE9F84F5D
:1028A800C34B1B68834207D1C24B1A7822B1C24C72
:1028B800C24923688B4203D000221046BDE8F88F36
:1028C80041F60C1161589942F6D1BD4D2B688B42E7
:1028D800F2D142F2040169589942EDD1431E0B2B03
:1028E800EAD8DFE813F0E400C90090008C002A0160
:1028F800180179006800160011000C001600BDE8E8
:10290800F84F0120FFF7B8BDBDE8F84F0020FFF7EA
:10291800B3BDAC4B1A78002ACED0AB49AB4B0D688F
:102928001B68B3EB850FC7D1002DC6D0A849DFEDD2
:10293800A94ADFEDA93AA94E9FEDA95AA94F9FEDE3
:10294800AA4ADFEDAA5A002326E01C0913F00F0F4C
:1029580006EB840440F02681D4ED006AB0EEE67AF6
:1029680027EE057A37EE247AD1ED007AB0EEE76AE1
:10297800B4EE656AF1EE10FA03F1010301F1040106
:102988009AD877EEE67AF0EEE77AF4EEC77AF1EEC7
:1029980010FA91DC9D4290D00C28D6D107EB830425
:1029A800D4ED006AD1ED007AB0EEE67A27EE057A2A
:1029B80037EE047ADAE78E4B1A78002A3FF47DAFB7
:1029C800824B1B68042B7FF477AF6268894BD21A5D
:1029D800B2FA82F2520970E7854B1A78002A3FF45E
:1029E8006CAF7A4B1A68B2F5006F7FF465AF824915
:1029F800824802F0A5FBB0FA80F252095DE7BDE813
:102A0800F84FFFF727BC714BD3F800B0BBF1030FA9
:102A18007FF652AF6C4A6368126893427FF44CAFFA
:102A28004FF0040EABEB0E0929F00109DFF8E4A121
:102A38000026F14404EB0E0CB24240F2ED80CE4584
:102A48003FF43AAF9CF805700EF10208002F40F0F1
:102A58008780C3457FF630AF0EF1030EA044ABEB81
:102A68000E0998F804300AF8063029F001090136F1
:102A7800F14404EB0E0CDFE7534B54491B680E6816
:102A88009E427FF419AF002E3FF417AF5C485D4CAF
:102A98000644002302E0B0423FF40FAF14F8015F90
:102AA80010F8011B2B44DBB29942F4D004E7474BE2
:102AB8001F6817F0010E7FF4FFAEDFF80CA1002F9E
:102AC80000F0B580DFF8F0C0DAF80080DFF8309168
:102AD80074469CF80450002D3FF4EEAEA8EB0403B6
:102AE8009D423FF6E9AE621E9CF805604A442346C3
:102AF80012F8011F0133B142A4EB03007FF4DCAEEE
:102B0800E842F5D10EF1020E77450CF1020C40F2C5
:102B18008F801C46DDE7364B1A78002A3FF4CDAE8D
:102B28002A4B1A68202A7FF4C7AE3749334802F087
:102B380007FBB0FA80F25209BFE62D4B1A78002A3B
:102B48003FF4BBAE214B1A68B2F5016F7FF4B4AE07
:102B58002E492A4802F0F4FAB0FA80F25209ACE69B
:102B68009CF80430002B3FF4A7AEB3423FF6A4AE66
:102B7800911B8F423FF6A0AE2548F11A0139731E0A
:102B88008519514453443D4411F8010F03F8010FCE
:102B98009D42F9D13E44B2420CF1020C3FF659AFC6
:102BA800C64649E7B0EE647AF0EE636ADCE600BF39
:102BB800785400209C9D00207C540020216DA78320
:102BC8008C75002095950020989D0020A09D0020E0
:102BD8009075002017B7D1380000000038A8000809
:102BE800ACC5A737B88700080AD7233CFFFF7F7F0B
:102BF80094950020339A3E9DB87F000880540020A9
:102C0800989500207F54002038AA0008A87700086B
:102C18008B6D00208C6D0020F3457FF44DAE074985
:102C2800074802F08DFAB0FA80F2520945E63B46B1
:102C3800DAF80020D31A5A425A413EE69895002005
:102C48008C6D0020224B1A68824207D1214B1878DC
:102C580030B1214B21481968814202D000207047C9
:102C6800704741F60C1018588842F7D130B41C4C04
:102C78002168814202D0002030BC704742F2040033
:102C880020588842F7D1092A1FD0043404330C2A6B
:102C980018BF1C46134B18680028EDD0431E124875
:102CA800E518013C4FF0FF3314F8011F08224B4090
:102CB8005908DB074CBF81EA00030B46013AF7D1FC
:102CC800AC42F1D1D84330BC70470434E2E700BFCE
:102CD800785400209C9D00207C540020216DA783FF
:102CE8008C750020A09D00202083B8ED0000000016
:102CF80000B551EC100B264A21F00043934285B0F1
:102D08001EDD244A934209DD10EE102A0B4602F01C
:102D18003FFA41EC100B05B05DF804FB684600F083
:102D280093F900F00300012811D0022825D0E8B15A
:102D38009DED021B9DED000B012001F035FBEAE73C
:102D48009FED111B00F0C8FD05B05DF804FB9DED7B
:102D5800021B9DED000B01F027FB53EC102B03F138
:102D6800004300EE903A05B05DF804FB9DED021BB0
:102D78009DED000B00F0B0FDCDE79DED021B9DED34
:102D8800000B00F0A9FDE8E70000000000000000CB
:102D9800FB21E93FFFFFEF7F00B551EC100B284AFC
:102DA80021F00043934285B025DD264A934209DD90
:102DB80010EE102A0B4602F0EBF941EC100B05B0AF
:102DC8005DF804FB684600F03FF900F003000128B5
:102DD80019D0022826D0E8B19DED021B9DED000B0D
:102DE80000F07AFD53EC102B03F1004300EE903A0B
:102DF80005B05DF804FB9FED101B002001F0D4FA2C
:102E080005B05DF804FB9DED021B9DED000B00F085
:102E180063FDD4E79DED021B9DED000B012001F041
:102E2800C3FACCE79DED021B9DED000B012001F0DC
:102E3800BBFAD7E7AFF300800000000000000000F5
:102E4800FB21E93FFFFFEF7F00B510EE103A204A63
:102E580023F00043934283B019DDB3F1FF4F04DB45
:102E680030EE400A03B05DF804FB684600F0E6FB6C
:102E780000F00300012811D002281FD0B8B1DDED01
:102E8800010A9DED000A012001F004FFEAE7DFEDE9
:102E9800110A01F047FB03B05DF804FBDDED010A00
:102EA8009DED000A01F0F6FEB1EE400ADAE7DDED2D
:102EB800010A9DED000A01F035FBD3E7DDED010ABB
:102EC8009DED000A01F02EFBB1EE400ACAE700BFF3
:102ED800D80F493F000000002DE9F0432DED028B8B
:102EE8008BB055EC104B00F0E5FA284BB0EE408A59
:102EF800F0EE608A93F900707B1C12D022462B46B4
:102F08002046294602F096FD064650B94FF00008C3
:102F18004FF000092046294642464B4602F062FD22
:102F280040B9B0EE480AF0EE680A0BB0BDEC028B6F
:102F3800BDE8F083164B08960122CDE90445CDE99A
:102F480002450092019397B142464B464046494696
:102F580002F000FC022FCDE906010AD102F0C6F802
:102F680021230360089B63B99DED068BD9E7CDE962
:102F78000689684601F064FF0028EFD0089B002B03
:102F8800F2D002F0B3F8089B0360EDE704000020DC
:102F98006CAA000810B52DED028B8AB0B0EE408AFD
:102FA80000F096FC254B93F90040631C09D0B4EE61
:102FB800488AF1EE10FA04D6B5EEC08AF1EE10FA9E
:102FC80003D40AB0BDEC028B10BD01231C4A009348
:102FD80018EE100A00230192089302F039FA002231
:102FE800CDE90401CDE902010023BCB11046194620
:102FF80002F0B0FB022CCDE9060111D102F076F8FF
:1030080021230360089B9BB9DDE9060102F070FDEE
:1030180000EE100A0AB0BDEC028B10BDCDE9062304
:10302800684601F00DFF0028E8D0089B002BEBD084
:1030380002F05CF8089B0360E6E700BF040000208C
:1030480074AA0008000000002DE9F04F53EC102B83
:103058002DED048B924923F000458D4289B004463A
:1030680040F38F808F498D429B462DDCBBF1000FCA
:10307800194610EE100A80A3D3E9002340F3C78154
:1030880002F086F8884B9D4206460F4600F0918074
:103098007BA3D3E9002302F07BF802460B46C4E980
:1030A80000233046394602F073F875A3D3E90023AC
:1030B80002F06EF8C4E902014FF0010A504609B067
:1030C800BDEC048BBDE8F08F78498D4240F39480C5
:1030D80077498D4210EE100A61DC4FEA255AAAF2B0
:1030E800164AA5EB0A5116460F4602F0B9FC02F043
:1030F8009DF9804689463046394642464B46CDE9D9
:10310800028902F045F86B4B002202F0F9F90F46EC
:10311800064602F0A5FC054602F088F902460B4671
:1031280030463946CDE9042302F032F8614B0022DB
:1031380002F0E6F902460B46CDE9062300220023F9
:1031480002F046FC002800F06081002D0CBF01232E
:103158000223594A019202215246009102A82146AF
:1031680000F0FAFCBBF1000F8246A7DA6268E36858
:1031780002F1004203F10043C0F1000A6260E3601B
:103188009CE7002000214FF0000AC4E902015046E4
:1031980084ED000B09B0BDEC048BBDE8F08F194637
:1031A80001F0F6FF4FF0000AC4E90201C4E900018A
:1031B80084E735A3D3E9002301F0EAFF34A3D3E978
:1031C800002306460F4601F0E3FF02460B46C4E91A
:1031D80000233046394601F0DBFF2DA3D3E9002355
:1031E80001F0D6FF4FF0010AC4E90201504609B0C8
:1031F800BDEC048BBDE8F08F01F094FD57EC106B2B
:1032080010EE100A24A3D3E90023394602F078F916
:103218002A4B002201F0BEFF02F022FC824602F097
:1032280005F915A3D3E900238046894602F068F919
:1032380002460B463046394601F0AAFF10A3D3E9EF
:10324800002306460F464046494602F059F9BAF1AE
:103258001F0F49EC198B47EC186B8046894631DC07
:10326800174B0AF1FF3253F82230AB422AD00246FC
:103278000B4630463946A4E000004054FB21F93F94
:103288003163621A61B4D03D0000601A61B4D03D68
:103298007370032E8A19A33B83C8C96D305FE43F5E
:1032A800FB21E93F7BD90240FB21F93FFB21394152
:1032B800FFFFEF7F00007041FCAA00080000E03F1C
:1032C8007CAA000842464B4651EC180B01F060FFFF
:1032D8000A46C2F30A53C3EB1553102B01460646A0
:1032E80017464FEA255573DD69A3D3E9002351EC4E
:1032F800190B02F005F959EC188B06460F463246B1
:103308003B4618EE100A494601F042FF41EC180B03
:10331800404653EC182B494601F03AFF32463B46EB
:1033280001F036FF5CA3D3E9002306460F4651ECB3
:10333800190B02F0E5F832463B4601F029FF8046BA
:10334800894642464B4651EC180B01F021FF0A46CC
:10335800C2F30A53ED1A312D01460646174637DDEA
:1033680050A3D3E9002351EC190B02F0C9F856EC2D
:10337800185B8046894642464B4618EE100A31468D
:1033880001F006FF41EC180B314653EC182B284688
:1033980001F0FEFE42464B4601F0FAFE43A3D3E994
:1033A800002306460F4651EC190B02F0A9F83246E5
:1033B8003B4601F0EDFE8046894651EC180B42462B
:1033C8004B4601F0E5FEC4E9000106460F4601E060
:1033D800C4E9001232463B4651EC180B01F0D8FE06
:1033E80042464B4601F0D4FEBBF1000FC4E902018E
:1033F800BFF664AE07F1004501F10043C4E900657A
:10340800C4E90203CAF1000A58E60323A1E601F061
:10341800C1FE234B9D4206460F4616D01AA3D3E998
:10342800002301F0B7FE02460B46C4E900233046EC
:10343800394601F0ADFE14A3D3E9002301F0AAFE3A
:103448004FF0FF3AC4E9020138E611A3D3E900239B
:1034580001F0A0FE10A3D3E9002306460F4601F0B1
:1034680099FE02460B46C4E900233046394601F06E
:103478008FFE09A3D3E9002301F08CFE4FF0FF3A39
:10348800C4E902011AE600BF3163621A61B4D03D93
:103498000000601A61B4D03D7370032E8A19A33BF3
:1034A800FB21F93F0000002E8A19A33BC1492025C2
:1034B8009A837B392DE9F0415F4A57EC106BBA4388
:1034C80000F09880002F10EE104A3B464EDD39156B
:1034D8005BD0C3F31303CA0743F48013A1F2FF3E82
:1034E80003D45B0003EBD4736400E20F4FF0000CCD
:1034F80002EB43034FEA6E0E6400664616254FF44E
:103508000012B118994202DC5B1A8E1894445B00D1
:10351800013D03EBD4734FEA52024FEA4404F0D161
:103528002F4620204FF0004209E03ED0E10F01383D
:103538004FEA520201EB43034FEA44043ED0B34240
:1035480002EB0501F1DD002901EB020509DBB046BC
:103558009B1BA14288BF03F1FF33641A17444646F8
:10356800E4E7002DF3DB06F10108F1E727F000425C
:10357800324336D0002F4DD13946E20A1539640559
:103588001346002AF9D0D70251D400205B00DE028E
:10359800054600F10100F9D51A4623468440C0F1DA
:1035A8002000C3401343491B93E7A142BED800291A
:1035B80001EB0205D5DB98460023CEE7234312D161
:1035C80078084FEA6C0101F17F511CF0010F01F5F9
:1035D800001118BF40F0004001EB0E53024643ECC7
:1035E800102BBDE8F0817B1C16BF781C0CF1010C78
:1035F8004008E6E710EE102A10EE100A3B4639465E
:1036080001F07EFF32463B4601F0C4FD41EC100B51
:10361800BDE8F08110EE102A3046394601F0B8FDB9
:1036280002460B4602F096F841EC100BD9E7234608
:1036380020204FF0FF35B4E70000F07F70B510EEA2
:10364800103A954A23F00044944286B0054668DD56
:10365800924A944210EE106A1ADC002BDFED907A41
:10366800904A24F00F0440F3F180944270EE677A98
:1036780066D09FED8D7A77EEC76A012077EEE67AFD
:10368800C5ED006A77EEC77AC5ED017A06B070BD60
:10369800864A944267DDB4F1FF4F49DAE215863A6B
:1036A800A4EBC25307EE903ABDEEE77ADFED806AED
:1036B800B8EEC77A77EEC77A8DED037A67EEA67A09
:1036C800BDEEE77AB8EEC77A77EEC77A8DED047A61
:1036D80067EEA67AF5EE407AF1EE10FACDED057AAE
:1036E80040F0A380B5EE407AF1EE10FA14BF022341
:1036F8000123704901910221009103A8294600F095
:1037080093FF002EC2DA95ED007AD5ED017AB1EE7D
:10371800477AF1EE677A404285ED007AC5ED017A85
:10372800B4E7002285ED000A4260002006B070BDB3
:1037380070EE407A0020C5ED017AC5ED007AA5E764
:10374800DFED5D6A9FED5D7A77EEE67A012077EE30
:10375800C76A77EEE67AC5ED006A77EEC77AC5EDF7
:10376800017A06B070BD01F001FCDFED556A9FEDEE
:103778004C6A9FED4D7AF6EE007AE0EE267AFDEE81
:10378800E77A17EE900AF8EEE76A1F28A6EEC60A4F
:1037980066EE877AB1EE666A1EDC4A4A411E24F05C
:1037A800FF0352F82120934216D030EE677A85ED58
:1037B800007A30EE470A002E30EE670A85ED010ADE
:1037C800BFF664AFB1EE477AB1EE400A85ED007AF4
:1037D80085ED010A404259E730EE677AE21517EEA7
:1037E800103AC3F3C753C3EBD454082CDFDDDFED25
:1037F800327A9FED327AF0EE405AE6EE275A30EEF2
:10380800650AA6EE270AF0EE407AD6EE877A35EEFC
:10381800E77A17EE103AC3F3C753D21A192A06DC0F
:1038280085ED007AB0EE650AC3E7032361E79FEDF3
:10383800267A9FED265AB0EE650AA6EE070A75EEBF
:10384800C07AE6EE077AD6EE857AAEE7944270EE55
:10385800277A0ED09FED147A77EE876A4FF0FF3003
:1038680077EEE67AC5ED006A77EE877AC5ED017ADC
:103878000CE7DFED116A9FED117A77EEA67A4FF02B
:10388800FF3077EE876A77EEE67AC5ED006A77EE65
:10389800877AC5ED017AF9E6D80F493FE3CB1640A0
:1038A800800FC93FD00FC93F43443537800F494384
:1038B8000000804384AC00080044353708A3852EF7
:1038C80084F9223F04AC000800A3852E32318D24F0
:1038D800B1EEC00A704700BF2DE9F84F57EC106BE6
:1038E80027F00049B9F1795F2DED048B5BEC11AB42
:1038F80071DA10EE100A394602F0B2F8002800F02A
:10390800F68032463B463046394601F0F9FD7CA345
:10391800D3E9002304460D4601F0F2FD7AA3D3E96A
:10392800002301F037FC22462B4601F0E9FD78A37D
:10393800D3E9002301F02CFC22462B4601F0E0FDE0
:1039480075A3D3E9002301F025FC22462B4601F09C
:10395800D7FD73A3D3E9002301F01AFC22462B46B6
:1039680001F0CEFD70A3D3E9002301F013FC224639
:103978002B4601F0C5FD41EC180B714B0022204687
:10398800294601F0BDFD53EC182B80468946204698
:10399800294601F0B5FD52465B4604460D463046C1
:1039A800394601F0ADFD02460B462046294601F096
:1039B800EFFB02460B464046494601F0E9FB02464A
:1039C8000B4600205F4901F0E3FBBDEC048B41ECA2
:1039D800100BBDE8F88F10EE102A10EE100A3B46C7
:1039E800394601F08DFD46A3D3E9002304460D4670
:1039F80001F086FD44A3D3E9002301F0CBFB224666
:103A08002B4601F07DFD42A3D3E9002301F0C0FB62
:103A180022462B4601F074FD3FA3D3E9002301F0B1
:103A2800B9FB22462B4601F06BFD3DA3D3E90023E9
:103A380001F0AEFB22462B4601F062FD3AA3D3E922
:103A4800002301F0A7FB2B46224601F059FD3E4B0F
:103A5800994541EC180B90DD3C4B99453CDC002224
:103A6800A9F50013374900209046994601F090FBCC
:103A780041EC190B324B00222046294601F040FD4B
:103A880042464B4601F084FB53EC182B804689468E
:103A98002046294601F034FD52465B4604460D4651
:103AA8003046394601F02CFD02460B462046294691
:103AB80001F06EFB02460B464046494601F068FBA2
:103AC80002460B4651EC190B01F062FBBDEC048B6E
:103AD80041EC100BBDE8F88F9FED157BDFF8709077
:103AE800B0EE479AF0EE679A4FF00008C2E7BDECD7
:103AF800048B9FED110BBDE8F88F00BFAFF300807A
:103B0800D43888BEE9FAA8BDC4B1B4BD9EEE213E42
:103B1800AD529C804F7E923E9015CB19A001FA3E83
:103B28007751C1166CC1563F4C5555555555A53F53
:103B3800000000000000E73F000000000000F03F28
:103B48000000E03F0000F03F3233D33F0000E93F80
:103B58000000D23F000000002DE9F04FADF5197DBF
:103B6800BB4CA29D089354F825400594013B12F1E3
:103B7800140F04900B910393C0F22683B549D31E0A
:103B880081FB0301DB17C3EBA10307930133A3EB0D
:103B98008303DB00D3180693079A039BD41A059A6C
:103BA800D6181AD40136A39F4FF000084FF0000929
:103BB800264420AD08E057F8240001F037FC013412
:103BC800B442E5E8020108D0002CF4DA013440469A
:103BD8004946B442E5E80201F6D1059B002BC0F244
:103BE800C883089BDDF80C90DA000292059A1A4403
:103BF8000192049A20A901EBC30A0DF5E07B02EBC0
:103C0800C308039B002B4FF000044FF0000511DBA5
:103C1800049E574677E90223F6E8020101F070FC9A
:103C280002460B462046294601F0B4FA46450446AA
:103C38000D46EFD1019B09F101099945EBE80245D1
:103C48000AF1080ADDD1059A04980CA901EB820350
:103C580002990144083B8B460BA90993134601EBD3
:103C680082020A920193019A98A901EBC203002AE1
:103C780053E928452ADD0DF5E07909EBC2080DF175
:103C8800300A754B00222046294601F039FC01F024
:103C9800E7FE01F0CBFB714B002206460F4601F010
:103CA8002FFC02460B462046294601F071FA01F026
:103CB800D7FE044678E902234AF8044B30463946D1
:103CC80001F068FAC84504460D46DAD1DDF81890C7
:103CD80045EC104B484601F0B7F855EC104B002264
:103CE8004FF07F5310EE100A294601F009FC41EC11
:103CF800100B01F021F85A4B51EC100B002201F087
:103D0800FFFB02460B462046294601F041FA0D46C4
:103D1800044601F0A5FE804601F088FB0B460246EA
:103D28002946204601F034FA4B46002B06460F463A
:103D380040F39880019A0CA9013AC9F1180351F887
:103D4800225045FA03F101FA03F3EB1AC9F11705FA
:103D58000CA843FA05F5002D40F82230884400F3FA
:103D68008B80002200233046394601F031FE0028BE
:103D780000F05682019B059A03F1FF3A524510DC88
:103D880003F180430CAA013B0A9802EB830300224B
:103D980053F80419834242EA0102F9D1002A40F09B
:103DA800DC80059B0CAA013B52F82330002B40F025
:103DB800CF80099A012352F8041901330029FAD057
:103DC80001994A1CCB1802939146079B089902EB6C
:103DD800030A019B0B44984620AB0AF1804A03EB87
:103DE800C808A39B0AF1FF3A03EB8A0A70AB03EBFE
:103DF800C20301935AF8040F01F018FB0B4603990C
:103E080002460029C8E9002347464FF0000408F19C
:103E180008084FF0000511DB049E01E077E9022352
:103E2800F6E8020101F06CFB02460B4620462946E3
:103E380001F0B0F95E4504460D46EFD1019BE3E879
:103E480002450193029B09F101099945D2DD09E771
:103E5800E0AF0008ABAAAA2A0000703E000070413B
:103E6800000020406BD1019B0CAA013B52F8235063
:103E7800ED15002D7FF775AF019B002B08F10108A8
:103E880040F3CC810C9C002C51D1019B012B20D0FC
:103E98000CAB012253F8044F002C4BD0531C0CA937
:103EA800C4F1807441F822400199994210DD0CAAAE
:103EB8000CA852F8232000EB830300EB81006FF07D
:103EC8007F4100E01A688A1A43F8042B8342F9D12B
:103ED8000124069B002B0EDD012B00F06A81022BCA
:103EE80009D1019B5A1E0CAB0CA953F82230C3F31D
:103EF800150341F82230022D7FF433AF32463B469A
:103F0800B949002001F044F906460F46002C3FF459
:103F180028AF06989FEDB00B00F096FF3046394663
:103F280053EC102B01F034F906460F4619E701232C
:103F38000022B4E7019901328A42ABD1C9E7AB4B01
:103F4800002201F063FD002840F05681054608E78D
:103F5800019B5A1C9146029237E70CAB069A53F81C
:103F68002A30CDF81C80183A0395069273B9019B44
:103F780003F18043023B0CA901EB830353F80419B6
:103F88000AF1FF3A183A0029F8D006929FED920BF1
:103F9800069800F059FFBAF1000F55EC104BC0F22B
:103FA800DE8170AB03EBCA0B0CAA0AF1010306937E
:103FB80002EB83084FEACA030BF10809049358F887
:103FC800040D01F033FA22462B4601F099FA064611
:103FD8000F46874B2046294669E90267002201F00F
:103FE8008FFA0CAB984504460D46E8D148ABCDE9AD
:103FF800013ADDF814A0BAF1000F4FF000092CDBEC
:1040080077A3D3E90023DFF8EC815F46002400257D
:10401800002603E0B14510DBF8E80223F7E80201C7
:1040280001F06EFA02460B462046294601F0B2F826
:104038000136B24504460D46ECDA019B029A03EBC1
:10404800C9034A45C3E90045ABF1080B09F101036F
:1040580006D0BAF1000F9946D2DA00240025ECE721
:10406800A29BDDF808A0022B1EDC002B00F30F81B9
:1040780013D1049C019D0834002000212C4474E9CC
:10408800022301F087F8A542F9D1039B13B101F18E
:10409800004319460B9BC3E90001079B03F0070087
:1040A8000DF5197DBDE8F08FA29B032BF5D1BAF170
:1040B800000F00F07081019A049BD318D3E90045E2
:1040C80002EBCA0B7BE902672046294632463B468B
:1040D80001F060F8A046A94604460D4622462B4644
:1040E8003046394601F054F84B46424601F052F842
:1040F800019B5B45CBE90045CBE90201E2D1BAF16E
:10410800010F40F34881019A049B0AF1005A0AF111
:10411800FF3A13444FEACA01D3E9004501F1080AFE
:10412800029192440DF5947B7AE90267204629466C
:1041380032463B4601F02EF8A046A94604460D46F5
:1041480022462B463046394601F022F842464B4675
:1041580001F020F8D345CAE90045CAE90201E3D1D4
:10416800029C019B0026002710341C4403F1100513
:104178003046394674E9022301F00CF8A542F9D11A
:1041880006460F46039B002B40F0BF80019A0B990F
:10419800D2E90045D2E90223C1E90223079B03F0D3
:1041A8000700C1E90467C1E900450DF5197DBDE8BF
:1041B800F08F019B5A1E0CAB0CA953F82230C3F3A5
:1041C800160341F8223096E600216FF01703079195
:1041D800E0E400BFAFF30080000000000000F03F03
:1041E80000000040FB21F93F0000F03F0000E03FE5
:1041F8000000703EA8AF0008019B002B08F10108E1
:10420800C8BF02253FF73EAE32463B466349002011
:1042180000F0BEFF022506460F46A2E5002458E638
:10422800069B0395584247EC106BCDF81C8000F0B4
:104238000BFE55EC104B5A4B10EE100A0022294683
:1042480001F0E4FB002856D0564B002220462946B0
:1042580001F056F901F004FC064601F0E7F8504B6E
:10426800002201F04DF90B4602462946204600F08F
:104278008FFF01F0F5FB069B019C183304F1010A3E
:1042880006930CAB43F8240043F82A607EE6019DB0
:10429800069A002005EBC204002174E9022300F00D
:1042A80079FFA542F9D1039B002B48D10B9BC3E9A9
:1042B80000010B4601990246D1E9000100F068FFB0
:1042C800BAF1000F0DDD4AAD0124F5E802230134EF
:1042D80000F060FFA245F8DA039B13B101F1004337
:1042E80019460B9BC3E90201079B03F007000DF574
:1042F800197DBDE8F08F2046294601F0B1FB019BEE
:104308000CAA9A4642F8230040E6019B19465A68CF
:10431800DB680D688C680B9903F10043CB60079B41
:104328000D6002F100424A6003F0070007F1004205
:104338008C600E614A610DF5197DBDE8F08F0B9C0C
:1043480001F10043C4E900030B4601990246D1E993
:10435800000100F01DFFBAF1000FB4DCBEE7A29B1C
:10436800022B0ADC002B11DC7FF497AE0020002121
:104378008BE6089BDB00029365E4A29B032B7FF48A
:104388008CAE48AB002600270193FBE648AB002023
:104398000021019387E700260027F3E60000F03F9D
:1043A800000070410000703E2DE9F04F55EC104BB5
:1043B80085B025F00043B3F1795F8DED001B0390C4
:1043C80007DA10EE100A294601F04AFB002800F02F
:1043D800898022462B462046294601F091F8064658
:1043E8000F4632463B462046294601F089F843A34A
:1043F800D3E9002382468B463046394601F080F8DF
:1044080040A3D3E9002300F0C3FE32463B4601F047
:1044180077F83EA3D3E9002300F0BCFE32463B46C2
:1044280001F06EF83BA3D3E9002300F0B1FE324659
:104438003B4601F065F839A3D3E9002300F0AAFE52
:10444800039B80468946ABB3DDE900012A4B002275
:1044580001F056F842464B46804689465046594632
:1044680001F04EF802460B464046494600F090FEE1
:1044780032463B4601F044F8DDE9002300F088FEAF
:104488001BA3D3E9002306460F465046594601F0C0
:1044980037F802460B463046394600F07BFE0246A6
:1044A8000B462046294600F073FE41EC100B05B080
:1044B800BDE8F08F02460B463046394601F020F839
:1044C8000BA3D3E9002300F063FE52465B4601F0DC
:1044D80017F822462B4600F05DFE41EC100B05B0A4
:1044E800BDE8F08F45EC104B05B0BDE8F08F00BF7C
:1044F800495555555555C53F0000E03F7CD5CF5A25
:104508003AD9E53DEB9C2B8AE6E55A3E7DFEB1574C
:10451800E31DC73ED561C119A0012A3FA6F81011B5
:104528001111813F10EE103A23F00043B3F1485FB8
:104538002CDAFDEEC07A17EE903A002B60D020EE10
:10454800007ADFED314A9FED315ADFED315A9FEDA8
:10455800316ADFED317ADFED316AA7EE245AE7EEF2
:10456800055AA7EE256AE7EE067AE7EE276A67EEB0
:10457800266A60EEC00AF6EE007AE7EE260AB7EE83
:10458800000AD7EE270A30EE600A704720EE007A5C
:10459800DFED1D4A9FED1D5ADFED1D5A9FED1D6A87
:1045A800DFED1D7ADFED1D6A1D4AA7EE245A9342FE
:1045B800E5EE075AA5EE876AE6EE077AE7EE876A20
:1045C80066EE876AD5DD174A934214DC03F17F4310
:1045D80007EE903AB7EE006A36EE676A60EEC00AF8
:1045E800F6EE005AE7EE260AD7EE257A77EEE00ACD
:1045F80036EE600A7047B6EE076AF5EE027AEDE726
:10460800B7EE000A704700BF4ED747ADF6740F31BA
:104618007CF293B4010DD037610BB6BAABAA2A3D30
:104628009999993E0000483F2DE9F04F2DED048BF4
:10463800DBB0D74C689D0791111D54F82560049391
:104648000992834603F1FF39C0F29D82D31E44BF0D
:1046580013460433DB1003930133DB000893DDE9D1
:1046680008239B1A0693039B16EB0901A3EB090386
:1046780016D401319FEDC77A699819441EAA002BF8
:10468800A4BF50F8234007EE904A03F10103ACBFE2
:10469800F8EEE77AF0EE477A8B42E2EC017AEED157
:1046A800002EC0F2E082049B1EA901EB830446ADF4
:1046B8004FEA830C4846F7180BEB8301B9F1000F5A
:1046C800DFEDB47A09DB22465B46F3EC016A32ED92
:1046D800017A8B42E6EE877AF7D10130B842E5ECF1
:1046E800017A04F10404E9D10DF1280808EB8603E6
:1046F800083B05939FEDA99ADFEDA78A06980096D7
:1047080009AB03EB860A0BEB0C0446AF5B465AAACF
:1047180002EB8602002E12ED140A4FEA860B16DD14
:1047280007EB8602414660EE097AB0EE407AFDEE6C
:10473800E77A72ED016AF8EEE77ABA42A7EEE87A0C
:1047480037EEA60ABDEEC77AA1EC017AEBD1CDE926
:10475800010300F059FCB0EE408AB4EE000A28EEDE
:10476800000A00F00BFCF2EE007AA0EE678A0198CE
:10477800029BFDEEC89A0028F8EEE97A38EE678ABF
:1047880078DD06F1FF3CC0F1080258F82C5045FAD4
:1047980002F101FA02F2AA1A48F82C20C0F1070522
:1047A80019EE90CA42FA05F58C44002D09EE90CA1C
:1047B80068DCB5EE408AF1EE10FA40F0B680009A57
:1047C80006F1FF3E724510DC06F18042013A08EB23
:1047D800820200219C4652F80439524541EA0301FD
:1047E800F9D16346002940F0F280009A013A58F85E
:1047F8002220002A40F0E680059A4FF0010C52F87A
:1048080004190CF1010C0029F9D006F1010BB4448C
:10481800DE460499039A8D195A441EA902F1804272
:1048280001EB85056999013A01EB820607EB8B0BD1
:10483800D6ED017A9FED577AF8EEE77AB9F1000FD5
:1048480006F104062946C5ED007A05F1040509DBE1
:104858001A4601E071ED017AF2EC016AA242A6EE75
:10486800A77AF7D10EF1010EE645ABEC017ADFDD50
:1048780066464CE740F09C80721E58F822502D1274
:10488800002D96DD19EE902A002E02F1010209EEA4
:10489800902A40F38E81D8F80010002974D1012E97
:1048A8001CD042464FF0010C52F8041F002979D061
:1048B8000CF10102C1F58071964248F82C100CDD0C
:1048C80058F82210C34408EB820200E01168C1F1D5
:1048D800FF0142F8041B5A45F8D1012100280CDDDC
:1048E800012800F04781022807D106F1FF3C58F85B
:1048F8002C2002F03F0248F82C20022D7FF459AFFB
:10490800B7EE000A30EE488A00293FF452AFCDE9ED
:10491800010300F079FB38EE408ADDE90103B5EECA
:10492800408AF1EE10FA3FF44AAFDDE90832B0EE02
:10493800480A981A02960195009E00F065FB9FEDC3
:10494800167AB4EEC70AF1EE10FADDE90123C0F2D7
:104958005781DFED127A069960EE277A0831FDEE6D
:10496800E77A0691F8EEE77A5D1CA7EEC70AFDEE36
:10497800E77ABDEEC00A10EE101A48F8231017EEB9
:10498800903A48F8253039E001224FF0000C91E7C1
:104998001CB0000800000000000080430000803BBD
:1049A8000000C93F0CF1010CB4457FF47DAF95E7D9
:1049B800F6EE007AB4EEE78AF1EE10FA80F2E880BB
:1049C8000025F6E606F1010BDE46DC4621E70698EF
:1049D80058F82E10083833462A46009E0690754629
:1049E80061B903F18043023B08EB8303014653F8A6
:1049F8000409013D08390028F9D00691069800926B
:104A0800B7EE000A00F000FB002D009AC0F21E81EC
:104A18004FEA850E46AB03EB0E070EF1040C1FEDB3
:104A2800217A08EB0C03391D73ED017AF8EEE77A69
:104A3800434567EE807A20EE070A61ED017AF3D1EB
:104A4800002E1FED296A4FF0000420DB8F48DFEDB0
:104A5800907A3946B0EE467A002303E09C4208DBA0
:104A6800B0EC017AF1EC016A01339E42E6EE877AF6
:104A7800F4DA5AAB03EB8403A54243ED287AA7F195
:104A8800040704F1010305D0002E1C46DEDADFED31
:104A9800807AEEE7689902291CDC002900F38B80F4
:104AA8000FD132ABDFED7A7A9C443CED017A634555
:104AB80077EE877AF9D10AB1F1EE677A079BC3EDF1
:104AC800007A19EE903A03F007005BB0BDEC048B56
:104AD800BDE8F08F689B032BF3D1002D00F0CB804D
:104AE8005AAB734432A913ED287A01EB850373EDB1
:104AF800017AF0EE476A37EE277A994277EEC77A5D
:104B080083ED007A77EEA67AC3ED017AEFD1012D15
:104B180040F3B18005F180455AAB013D9E44AD009C
:104B28002B1D1EED287A0B4433A873ED017AF0EEA5
:104B3800476A37EE277A984277EEC77A83ED007A8C
:104B480077EEA67AC3ED017AEFD10835DFED507A1A
:104B58004B19083133ED017A994277EE877AF9D10A
:104B6800002A55D10799329A339BC1ED027A0A601F
:104B78004B60A6E706F1FF3C58F82C2002F07F02B4
:104B880048F82C20B9E6082308930023039366E528
:104B980019EE902A002E02F1010209EE902AC8BFF0
:104BA80002253FF778AEF7EE007A37EEC88A02257D
:104BB800FFE5002192E632A9DFED357A01EB8303A8
:104BC80033ED017A994277EE877AF9D192BB9DED60
:104BD800327A079B002DC3ED007A77EE677A0BDDFA
:104BE80033A90123B1EC017A01339D4277EE877A2C
:104BF800F8DA0AB1F1EE677A079BC3ED017A60E74C
:104C0800BDEEC00A1D4610EE101A48F82310F5E64E
:104C1800DDED326A9DED337A079BF1EE677AF1EEAE
:104C2800666AB1EE477AC3ED027AC3ED006A83ED96
:104C3800017A46E7DDED326A079BB1EE677A002D0F
:104C480076EEE77A83ED007ACADCD3E7689B022B1D
:104C58000DDC002B14DC7FF434AFDFED0D7A002A75
:104C68003FF42CAF28E7049B4FEA830C3CE5689B94
:104C7800032B7FF426AFDFED067A002AC8D171E74F
:104C8800DFED037A002AA2D0D4E700BFF4AF000812
:104C98000000000010EE103A23F00043B3F1485F23
:104CA80004DAFDEEC07A17EE903A5BB360EE007A54
:104CB8009FED155ADFED155A9FED156ADFED156A60
:104CC8009FED157AE7EE855A20EE275AA5EEA76ADA
:104CD800E6EE276AA6EEA77A30B9DFED106AE7EEAE
:104CE800876AA6EE850A704727EE457AF6EE006ACF
:104CF800A0EEA67ADFED0A6AD7EE270AE5EE260AC5
:104D080030EE600A704700BFD3C92E2F342FD7B2B8
:104D18001BEF3836010D50B98988083CABAA2ABE6A
:104D2800ABAA2A3E51EC100B10EE102A21F00043DA
:104D380043EC102B704700BF51EC100BF8B5C1F3D2
:104D48000A53A3F2FF35132D10EE106A0C4620DC2F
:104D5800002D3DDB384F2F4101EA070303431DD0E7
:104D680033A3D3E9002300F015FA0022002300F052
:104D780057FE48B1002C04DA4FF4801343FA05F5C6
:104D88002C4424EA070400262346324643EC102B21
:104D9800F8BD332D05DDB5F5806F29D041EC100B3A
:104DA800F8BDA3F213434FF0FF37DF400742F5D0B9
:104DB8001FA3D3E9002300F0EDF90022002300F03F
:104DC8002FFE0028E0D0002C23DB26EA0706DBE7CD
:104DD80017A3D3E9002300F0DDF90022002300F037
:104DE8001FFE0028D0D0002C0ADB00263446CBE773
:104DF80010EE102A0B4600F0CDF941EC100BF8BD6F
:104E080024F000430D4A1E43002E18BF1446002606
:104E1800BAE7142D08D00123C5F1340503FA05F5C6
:104E2800AE1928BFE418D0E70134CEE7AFF300800D
:104E38009C7500883CE4377EFFFF0F000000F0BF40
:104E4800002070470000000038B553EC102BC3F366
:104E58000A511C46054681BB10EE101A23F0004487
:104E6800214329D0194600223D4B3E4C10EE100A32
:104E780000F046FBA54202460B4616DB0C46C1F382
:104E88000A513639294440F2FE70814221DC00295A
:104E980047DC11F1350F34DA4CF250318D4218DC11
:104EA800002B27A1D1E9000144DB25A3D3E9002386
:104EB80000F026FB41EC100B38BD40F2FF70814238
:104EC800E0D110EE100A194600F064F941EC100B1D
:104ED80038BD002B1CA1D1E9000107DB1AA3D3E9D7
:104EE800002300F00DFB41EC100B38BD18A1D1E9EF
:104EF800000115A3D3E9002300F002FB41EC100BDD
:104F0800F3E724F0FF4424F4E004363144EA015383
:104F1800104619460022144B00F0F2FA41EC100B2F
:104F280038BD24F0FF4424F4E00444EA015343EC80
:104F3800102B38BD08A1D1E90001B6E7AFF3008016
:104F480059F3F8C21F6EA5019C7500883CE4377EB2
:104F58009C7500883CE437FE59F3F8C21F6EA581A2
:104F680000005043B03CFFFF0000903C10EE103AA8
:104F780023F0004300EE103A704700BF10EE102AED
:104F8800C2F3C7537F3B162B22F000411ADC002BDB
:104F98001EDB1A4919410A4227D0DFED197A70EE53
:104FA800277AF5EEC07AF1EE10FA1EDD002A04DA4F
:104FB8004FF4000040FA03F31A4422EA010300EE1A
:104FC800103A7047B1F1FF4F0FD330EE000A704727
:104FD800DFED0B7A70EE277AF5EEC07AF1EE10FA73
:104FE80003DD002A02DB9FED070A70470029FFEE68
:104FF800007A18BFB0EE670A704700BFFFFF7F0056
:10500800CAF249710000000082B08DED010A019BCF
:1050180033F000422AD0B2F1FF4F23D213F0FF4FF2
:1050280028D19DED017ADFED2A7A2A4B67EE277A9F
:105038009842CDED017A37DB019BC3F3C752193A89
:105048000244FE2A1ADD9FED240A9FED247A019B73
:10505800002BF0EE407AB8BFB0EE470A20EE270AE0
:1050680002B0704730EE000A02B070479DED010AA9
:1050780002B07047D20D0244FE2AE4DC002A0BDCA1
:1050880012F1160F17DA4CF250339842DBDC9FED21
:10509800140A9FED147ADAE723F0FF4343EAC25378
:1050A80000EE103A02B070479FED0D0ADDED017A6F
:1050B80027EE800AD8E7193223F0FF4343EAC253A8
:1050C800DFED097A07EE103A27EE270ACCE700BF92
:1050D8000000004CB03CFFFFCAF24971CAF249F126
:1050E8006042A20D6042A28D00000033014B186897
:1050F800704700BF0800002070B50D4D0D4C641BB3
:10510800A4100026A64209D10B4D0C4CFBF744FD18
:10511800641BA4100026A64205D170BD55F8043BB7
:1051280098470136EEE755F8043B98470136F2E711
:1051380028B0000828B0000828B0000828B00008E7
:1051480030B501390024A24201D1002005E0035DF9
:1051580001340D5DAB42F6D0581B30BD0A44914274
:1051680000F1FF3300D1704710B511F8014B03F877
:10517800014F9142F9D110BD02440346934200D138
:10518800704703F8011BF9E781F0004102E000BF16
:1051980083F0004330B54FEA41044FEA430594EAEF
:1051A800050F08BF90EA020F1FBF54EA000C55EA2A
:1051B800020C7FEA645C7FEA655C00F0E2804FEAFB
:1051C8005454D4EB5555B8BF6D420CDD2C4480EADD
:1051D800020281EA030382EA000083EA010180EA0D
:1051E800020281EA0303362D88BF30BD11F0004F5B
:1051F8004FEA01314FF4801C4CEA113102D0404291
:1052080061EB410113F0004F4FEA03334CEA1333CB
:1052180002D0524263EB430394EA050F00F0A780E3
:10522800A4F10104D5F1200E0DDB02FA0EFC22FADE
:1052380005F2801841F1000103FA0EF2801843FAD2
:1052480005F359410EE0A5F120050EF1200E012AC3
:1052580003FA0EFC28BF4CF0020C43FA05F3C01801
:1052680051EBE37101F0004507D54FF0000EDCF17A
:10527800000C7EEB00006EEB0101B1F5801F1BD323
:10528800B1F5001F0CD349085FEA30004FEA3C0C27
:1052980004F101044FEA445212F5800F80F09A801D
:1052A800BCF1004F08BF5FEA500C50F1000041EB21
:1052B800045141EA050130BD5FEA4C0C404141EB25
:1052C8000101013C28BFB1F5801FE9D291F0000F20
:1052D80004BF01460020B1FA81F308BF2033A3F1CF
:1052E8000B03B3F120020CDA0C3208DD02F1140CC6
:1052F800C2F10C0201FA0CF021FA02F10CE002F101
:105308001402D8BFC2F1200C01FA02F120FA0CFCF9
:10531800DCBF41EA0C019040E41AA2BF01EB045142
:10532800294330BD6FEA04041F3C1CDA0C340EDC40
:1053380004F11404C4F1200220FA04F001FA02F383
:1053480040EA030021FA04F345EA030130BDC4F141
:105358000C04C4F1200220FA02F001FA04F340EA36
:105368000300294630BD21FA04F0294630BD94F0E7
:10537800000F83F4801306BF81F480110134013DCE
:105388004EE77FEA645C18BF7FEA655C29D094EA3F
:10539800050F08BF90EA020F05D054EA000C04BFBD
:1053A8001946104630BD91EA030F1EBF00210020A8
:1053B80030BD5FEA545C05D14000494128BF41F047
:1053C800004130BD14F580043CBF01F5801130BDAB
:1053D80001F0004545F0FE4141F470014FF0000036
:1053E80030BD7FEA645C1ABF194610467FEA655CE7
:1053F8001CBF0B46024650EA013406BF52EA033589
:1054080091EA030F41F4002130BD00BF90F0000F76
:1054180004BF0021704730B54FF4806404F13204B2
:105428004FF000054FF0000150E700BF90F0000F6B
:1054380004BF0021704730B54FF4806404F1320492
:1054480010F0004548BF40424FF000013EE700BF62
:1054580042004FEAE2014FEA31014FEA02701FBFF2
:1054680012F07F4393F07F4F81F06051704732F024
:105478007F4208BF704793F07F4F04BF41F400217B
:10548800704730B54FF4607401F0004521F00041D9
:105498001CE700BF50EA010208BF704730B54FF063
:1054A80000050AE050EA010208BF704730B511F064
:1054B800004502D5404261EB41014FF4806404F19C
:1054C80032045FEA915C3FF4D8AE4FF003025FEA22
:1054D800DC0C18BF03325FEADC0C18BF033202EBA6
:1054E800DC02C2F1200300FA03FC20FA02F001FA00
:1054F80003FE40EA0E0021FA02F11444BDE600BFA3
:1055080070B54FF0FF0C4CF4E06C1CEA11541DBF51
:105518001CEA135594EA0C0F95EA0C0F00F0DEF81C
:105528002C4481EA030621EA4C5123EA4C5350EA01
:10553800013518BF52EA033541F4801143F4801352
:1055480038D0A0FB02CE4FF00005E1FB02E506F0E3
:105558000042E0FB03E54FF00006E1FB03569CF038
:10556800000F18BF4EF0010EA4F1FF04B6F5007F3E
:1055780064F5407404D25FEA4E0E6D4146EB0606B0
:1055880042EAC62141EA55514FEAC52040EA5E5039
:105598004FEACE2EB4F1FD0C88BFBCF5E06F1ED8E3
:1055A800BEF1004F08BF5FEA500E50F1000041EB1A
:1055B800045170BD06F0004646EA010140EA0200C7
:1055C80081EA0301B4EB5C04C2BFD4EB0C0541EAE9
:1055D800045170BD41F480114FF0000E013C00F3FE
:1055E800AB8014F1360FDEBF002001F0004170BD22
:1055F800C4F10004203C35DA0C341BDC04F114043B
:10560800C4F1200500FA05F320FA04F001FA05F2C6
:1056180040EA020001F0004221F0004110EBD37093
:1056280021FA04F642EB06015EEA430E08BF20EABF
:10563800D37070BDC4F10C04C4F1200500FA04F362
:1056480020FA05F001FA04F240EA020001F00041F4
:1056580010EBD37041F100015EEA430E08BF20EA67
:10566800D37070BDC4F1200500FA05F24EEA020EAF
:1056780020FA04F301FA05F243EA020321FA04F0DE
:1056880001F0004121FA04F220EA020000EBD37095
:105698005EEA430E08BF20EAD37070BD94F0000F95
:1056A8000FD101F00046400041EB010111F4801FC9
:1056B80008BF013CF7D041EA060195F0000F18BF7A
:1056C800704703F00046520043EB030313F4801FB6
:1056D80008BF013DF7D043EA0603704794EA0C0F70
:1056E8000CEA135518BF95EA0C0F0CD050EA410686
:1056F80018BF52EA4306D1D181EA030101F0004103
:105708004FF0000070BD50EA410606BF104619462A
:1057180052EA430619D094EA0C0F02D150EA013636
:1057280013D195EA0C0F05D152EA03361CBF104677
:1057380019460AD181EA030101F0004141F0FE4116
:1057480041F470014FF0000070BD41F0FE4141F49A
:10575800780170BD70B54FF0FF0C4CF4E06C1CEA9A
:1057680011541DBF1CEA135594EA0C0F95EA0C0F4F
:1057780000F0A7F8A4EB050481EA030E52EA03350A
:105788004FEA013100F088804FEA03334FF080552B
:1057980045EA131343EA12634FEA022245EA111558
:1057A80045EA10654FEA00260EF000419D4208BF09
:1057B800964244F1FD0404F5407402D25B084FEAB6
:1057C8003202B61A65EB03055B084FEA32024FF462
:1057D80080104FF4002CB6EB020E75EB030E22BFBF
:1057E800B61A754640EA0C005B084FEA3202B6EB7F
:1057F800020E75EB030E22BFB61A754640EA5C002E
:105808005B084FEA3202B6EB020E75EB030E22BFBD
:10581800B61A754640EA9C005B084FEA3202B6EBBE
:10582800020E75EB030E22BFB61A754640EADC007D
:1058380055EA060E18D04FEA051545EA16754FEADF
:1058480006164FEAC30343EA52734FEAC2025FEAFD
:105858001C1CC0D111F4801F0BD141EA00014FF08C
:1058680000004FF0004CB6E711F4801F04BF01435D
:105878000020B4F1FD0C88BFBCF5E06F3FF6AFAE79
:10588800B5EB030C04BFB6EB020C5FEA500C50F109
:10589800000041EB045170BD0EF0004E4EEA11318C
:1058A80014EB5C04C2BFD4EB0C0541EA045170BD93
:1058B80041F480114FF0000E013C90E645EA060ED7
:1058C8008DE60CEA135594EA0C0F08BF95EA0C0F05
:1058D8003FF43BAF94EA0C0F0AD150EA01347FF44D
:1058E80034AF95EA0C0F7FF425AF104619462CE724
:1058F80095EA0C0F06D152EA03353FF4FDAE104687
:10590800194622E750EA410618BF52EA43067FF4D7
:10591800C5AE50EA41047FF40DAF52EA43057FF467
:10592800EBAE12E74FF0FF3C06E000BF4FF0010C72
:1059380002E000BF4FF0010C4DF804CD4FEA410CD6
:105948007FEA6C5C4FEA430C18BF7FEA6C5C1BD0A3
:1059580001B050EA410C0CBF52EA430C91EA030F24
:1059680002BF90EA020F0020704710F1000F91EA81
:10597800030F58BF994208BF90422CBFD8176FEA4F
:10598800E37040F0010070474FEA410C7FEA6C5C1D
:1059980002D150EA013C07D14FEA430C7FEA6C5C24
:1059A800D6D152EA033CD3D05DF8040B704700BF50
:1059B8008446104662468C461946634600E000BF9E
:1059C80001B5FFF7B7FF002848BF10F1000F01BD70
:1059D8004DF808EDFFF7F4FF0CBF012000205DF83B
:1059E80008FB00BF4DF808EDFFF7EAFF34BF0120C0
:1059F80000205DF808FB00BF4DF808EDFFF7E0FF59
:105A080094BF012000205DF808FB00BF4DF808EDA9
:105A1800FFF7CEFF94BF012000205DF808FB00BF10
:105A28004DF808EDFFF7C4FF34BF012000205DF8F2
:105A380008FB00BF4FEA410C7FEA6C5C02D150EAD8
:105A4800013C0AD14FEA430C7FEA6C5C02D152EA6E
:105A5800033C02D14FF0000070474FF0010070473F
:105A68004FEA410212F5001215D211D56FF478737E
:105A7800B3EB625212D94FEAC12343F0004343EA21
:105A8800505311F0004F23FA02F018BF40427047FC
:105A98004FF00000704750EA013005D111F0004086
:105AA80008BF6FF0004070474FF00000704700BF1C
:105AB8004A0011D212F5001211D20DD56FF4787385
:105AC800B3EB62520ED44FEAC12343F0004343EADA
:105AD800505323FA02F070474FF00000704750EA25
:105AE800013002D14FF0FF3070474FF0000070478F
:105AF8004FEA4102B2F1E04324BFB3F5001CDCF1E8
:105B0800FE5C0DD901F0004C4FEAC0024CEA50701F
:105B1800B2F1004F40EB830008BF20F0010070474E
:105B280011F0804F21D113F13872BCBF01F0004051
:105B3800704741F480114FEA5252C2F11802C2F183
:105B4800200C10FA0CF320FA02F018BF40F0010004
:105B58004FEAC1234FEAD32303FA0CFC40EA0C00B6
:105B680023FA02F34FEA4303CCE77FEA625307D1F3
:105B780050EA01331EBF4FF0FE4040F4400070472A
:105B880001F0004040F0FE4040F40000704700BFC4
:105B980042454E4348206576656E743D000000001E
:105BA800434F4E46494720626F6172643D4E5543EC
:105BB8004C454F2D46343436524520646961676E32
:105BC8006F73746963733D3120636C6F636B3D4819
:105BD8005349206370755F687A3D00002070636CDC
:105BE8006B315F687A3D00002070636C6B325F68D0
:105BF8007A3D0000206964636F64653D0000000021
:105C080020666C6173685F6B69623D0020706C6C24
:105C1800636667723D00000020636667723D00009E
:105C28002063706163723D0020666C6173685F6118
:105C380063723D00207077725F63723D0000000060
:105C4800207077725F6373723D0000002074696D85
:105C5800325F7073633D000020636C6F636B5F702D
:105C6800726F66696C653D636F6D6D6F6E3136304E
:105C780000000000207472616E73706F72743D557D
:105C880053415254335F5043313000000D0A000035
:105C98002069643D000000002063616C6C733D0066
:105CA800206469676573743D000000003031323349
:105CB8003435363738396162636465660000000040
:105CC80000000000000000000102030406070809A4
:105CD8004552524F52000000424F4F5400000000FE
:105CE80053544152540000005041535300000000E7
:105CF800444F4E4500000000B80B0000B80B0000F0
:105D0800C80000006400000064000000F401000006
:105D1800B80B0000B80B0000140000002C010000B4
:105D28003200000001000000000000000000000038
:105D3800000000000000000000000000000000005B
:105D48000000000000000000FFFFFFFFFFFFFFFF53
:105D5800FFFFFFFFFFFFFFFFFFFFFFFFFFFFFFFF4B
:105D6800FFFFFFFFFFFFFFFF000102030405060717
:105D780008090A0B0C0D0E0F101112131415161723
:105D880018191A1B1C1D1E1F202122232425262713
:105D980028292A2B2C2D2E2F303132333435363703
:105DA80038393A3B3C3D3E3F000001010202030303
:105DB80010203040AA55AA55000001010202030331
:105DC80010203040AA55AA55000001010202030321
:105DD80010203040AA55AA55000001010202030311
:105DE80010203040AA55AA55000001010202030301
:105DF80010203040AA55AA550000010102020303F1
:105E080010203040AA55AA550000010102020303E0
:105E180010203040AA55AA550000010102020303D0
:105E280010203040AA55AA550000000000000000CC
:105E3800000000000000000000000000000000005A
:105E48000000000000000000FFFFFFFFFFFFFFFF52
:105E5800FFFFFFFFFFFFFFFFFFFFFFFFFFFFFFFF4A
:105E6800FFFFFFFFFFFFFFFF000102030405060716
:105E780008090A0B0C0D0E0F101112131415161722
:105E880018191A1B1C1D1E1F202122232425262712
:105E980028292A2B2C2D2E2F303132333435363702
:105EA80038393A3B3C3D3E3F000001010202030302
:105EB80010203040AA55AA55000001010202030330
:105EC80010203040AA55AA55000001010202030320
:105ED80010203040AA55AA55000001010202030310
:105EE80010203040AA55AA55000001010202030300
:105EF80010203040AA55AA550000010102020303F0
:105F080010203040AA55AA550000010102020303DF
:105F180010203040AA55AA550000010102020303CF
:105F280010203040AA55AA550000000000000000CB
:105F38000000000000000000000000000000000059
:105F48000000000000000000FFFFFFFFFFFFFFFF51
:105F5800FFFFFFFFFFFFFFFFFFFFFFFFFFFFFFFF49
:105F6800FFFFFFFFFFFFFFFF000102030405060715
:105F780008090A0B0C0D0E0F101112131415161721
:105F880018191A1B1C1D1E1F202122232425262711
:105F980028292A2B2C2D2E2F303132333435363701
:105FA80038393A3B3C3D3E3F000001010202030301
:105FB80010203040AA55AA5500000101020203032F
:105FC80010203040AA55AA5500000101020203031F
:105FD80010203040AA55AA5500000101020203030F
:105FE80010203040AA55AA550000010102020303FF
:105FF80010203040AA55AA550000010102020303EF
:1060080010203040AA55AA550000010102020303DE
:1060180010203040AA55AA550000010102020303CE
:1060280010203040AA55AA550000000000000000CA
:106038000000000000000000000000000000000058
:106048000000000000000000FFFFFFFFFFFFFFFF50
:10605800FFFFFFFFFFFFFFFFFFFFFFFFFFFFFFFF48
:10606800FFFFFFFFFFFFFFFF000102030405060714
:1060780008090A0B0C0D0E0F101112131415161720
:1060880018191A1B1C1D1E1F202122232425262710
:1060980028292A2B2C2D2E2F303132333435363700
:1060A80038393A3B3C3D3E3F000001010202030300
:1060B80010203040AA55AA5500000101020203032E
:1060C80010203040AA55AA5500000101020203031E
:1060D80010203040AA55AA5500000101020203030E
:1060E80010203040AA55AA550000010102020303FE
:1060F80010203040AA55AA550000010102020303EE
:1061080010203040AA55AA550000010102020303DD
:1061180010203040AA55AA550000010102020303CD
:1061280010203040AA55AA550000000000000000C9
:106138000000000000000000000000000000000057
:106148000000000000000000FFFFFFFFFFFFFFFF4F
:10615800FFFFFFFFFFFFFFFFFFFFFFFFFFFFFFFF47
:10616800FFFFFFFFFFFFFFFF000102030405060713
:1061780008090A0B0C0D0E0F10111213141516171F
:1061880018191A1B1C1D1E1F20212223242526270F
:1061980028292A2B2C2D2E2F3031323334353637FF
:1061A80038393A3B3C3D3E3F0000010102020303FF
:1061B80010203040AA55AA5500000101020203032D
:1061C80010203040AA55AA5500000101020203031D
:1061D80010203040AA55AA5500000101020203030D
:1061E80010203040AA55AA550000010102020303FD
:1061F80010203040AA55AA550000010102020303ED
:1062080010203040AA55AA550000010102020303DC
:1062180010203040AA55AA550000010102020303CC
:1062280010203040AA55AA550000000000000000C8
:106238000000000000000000000000000000000056
:106248000000000000000000FFFFFFFFFFFFFFFF4E
:10625800FFFFFFFFFFFFFFFFFFFFFFFFFFFFFFFF46
:10626800FFFFFFFFFFFFFFFF000102030405060712
:1062780008090A0B0C0D0E0F10111213141516171E
:1062880018191A1B1C1D1E1F20212223242526270E
:1062980028292A2B2C2D2E2F3031323334353637FE
:1062A80038393A3B3C3D3E3F0000010102020303FE
:1062B80010203040AA55AA5500000101020203032C
:1062C80010203040AA55AA5500000101020203031C
:1062D80010203040AA55AA5500000101020203030C
:1062E80010203040AA55AA550000010102020303FC
:1062F80010203040AA55AA550000010102020303EC
:1063080010203040AA55AA550000010102020303DB
:1063180010203040AA55AA550000010102020303CB
:1063280010203040AA55AA550000000000000000C7
:106338000000000000000000000000000000000055
:106348000000000000000000FFFFFFFFFFFFFFFF4D
:10635800FFFFFFFFFFFFFFFFFFFFFFFFFFFFFFFF45
:10636800FFFFFFFFFFFFFFFF000102030405060711
:1063780008090A0B0C0D0E0F10111213141516171D
:1063880018191A1B1C1D1E1F20212223242526270D
:1063980028292A2B2C2D2E2F3031323334353637FD
:1063A80038393A3B3C3D3E3F0000010102020303FD
:1063B80010203040AA55AA5500000101020203032B
:1063C80010203040AA55AA5500000101020203031B
:1063D80010203040AA55AA5500000101020203030B
:1063E80010203040AA55AA550000010102020303FB
:1063F80010203040AA55AA550000010102020303EB
:1064080010203040AA55AA550000010102020303DA
:1064180010203040AA55AA550000010102020303CA
:1064280010203040AA55AA550000000000000000C6
:106438000000000000000000000000000000000054
:106448000000000000000000FFFFFFFFFFFFFFFF4C
:10645800FFFFFFFFFFFFFFFFFFFFFFFFFFFFFFFF44
:10646800FFFFFFFFFFFFFFFF000102030405060710
:1064780008090A0B0C0D0E0F10111213141516171C
:1064880018191A1B1C1D1E1F20212223242526270C
:1064980028292A2B2C2D2E2F3031323334353637FC
:1064A80038393A3B3C3D3E3F0000010102020303FC
:1064B80010203040AA55AA5500000101020203032A
:1064C80010203040AA55AA5500000101020203031A
:1064D80010203040AA55AA5500000101020203030A
:1064E80010203040AA55AA550000010102020303FA
:1064F80010203040AA55AA550000010102020303EA
:1065080010203040AA55AA550000010102020303D9
:1065180010203040AA55AA550000010102020303C9
:1065280010203040AA55AA551C36C84190A1EDB498
:10653800A79DD47EF3AA3907677CA4C371BA8E7865
:10654800AE7C94B222C84ED58214F46417E45E9BE4
:10655800A46A61680E8E098479FA7CEF525FD6418D
:10656800D2E2D9CEBBE6D6505F5BCECE9346BF799A
:10657800689DD27F5E8E13AE4507B95818FBC907D0
:106588007903AF61EFF0E158C5D0EEE761711FDB29
:1065980060C472AF8ED35740FF34873E5FEFCCABF9
:1065A800C8D9CCD3A27234E034030301E052C478D2
:1065B800729B75E168B0A6F48DF3A439E4C9396E0D
:1065C80094DA7BD9FBB663D17AFEAD4B68AAF7A201
:1065D80045BDA9D22709D276069EB199C854F05B69
:1065E800B4C6EAD7B272419DBEC10C7D6DC82EF407
:1065F80099298F0A2EAA12C6F9F6AFC68337BB6A45
:10660800C629C3748271FC9146E33380286840F13F
:10661800C154B54DB8DA8F84163BC98DCE8674A0A7
:10662800A6AEB421DDABAACA6E4D83A45981098FE9
:10663800EC5611DA8A1F59F81E7D97824BDD4516F4
:10664800CF832A58C90367DC6EF3919880FEC5E1B1
:10665800A03FE85A97FE869AE7415F502EA9E2FAD2
:106668009BD26C6E50765C7D41ED022A6161FEA87A
:1066780089E37FCD98FD8D67333D7AE24193BF1260
:1066880048D62FC298690132C19BD521DB9EB2A1A1
:106698005EB9304B9C46B3A143F0DDEA996E6D9626
:1066A800D9DCAB804F51841AE84595FC0A40C0C636
:1066B8000F3B9C3D66A87C0D0ADC99EA7832215C88
:1066C8004A8909DD34082E5C8700AC99C124AA5494
:1066D800B37F2CD0E4D38A2000280B535A87C8896B
:1066E8002EDF96D21186DCB85515289351518F6C40
:1066F8005CFCAF4D8E878D79DDEEC71FE3A74F4851
:10670800131940E5CA597AB7A0A156980B20DBBBEC
:106718001755DCE7DE62CD2A02CFE3673655DBED9D
:106728007A1E869FCFEA1550E1D25910368FDCE7E2
:1067380001222207EDA119B6A039A7BE84C31C5EA9
:10674800CD81B038AB5DBE62D7437D8961155A569D
:106758009C60627614A5375A22B8374E783F1F6777
:10676800F9C6B8E6852C81E2062E7CB4A79D55159E
:106778005AE51D0425A083764424CE7F46A9F10658
:106788006F08C1A348B7119139BB25E99272EAE4B1
:106798009FB89DE995E2E3CAAA8D87D0A7D47FD692
:1067A8007027815B8741AAAAEBF97E6490709D0DE2
:1067B80063E52D484FFDF61DF1FCAAE41BEA5C3D9C
:1067C80081BC9952F7F3DBEA3BD62C89B8F4F5B6CD
:1067D8007BFA6284EB1076AE1F951221E2F2DC7828
:1067E80028DC0D988BA039585A4CCC835B98B97D1E
:1067F8005E917A324945C6EFBED730AF93FA366D0F
:106808004CE90CFF92910A787ADA54C2FFA24D8EB5
:106818000D9540983337750B02327FC961294F1A9D
:1068280016EFCE77C584F27210AC2522BB85675867
:1068380008E7C43B641A8642B7DA816379218E1867
:1068480011EF924E29B6A29534F1D625CED8235110
:106858006ECC08795CB4DB9EF5375A88A6FEA6EEA6
:1068680065D1F5ED65485BFA23EF9BADA25DFB8131
:106878002EEDA063C5E4BE4E05C736E3C95E47E604
:10688800A4430A39B6BC000D4080C1E62BE6D51BEF
:106898008CEE9F63EFC371C466598ED81299B458B1
:1068A800D4B9341C2407B1AE4ACFAE83398B68F211
:1068B800FA926CD34DA31EAE242668F67510A96C07
:1068C800F3FE186EAFA8A68BDD89D341B015F91871
:1068D800881CF79192974D35E0CAA43137ABC29521
:1068E8004218FC21CAE5814483781A28E33ED04B3C
:1068F800B229B7E19BAB4D92685B52752277174B73
:106908006F94C2A3FFD99F188C1B06F508A05D8D54
:106918002B1553E316837EA02C408450840B5B7B9D
:106928000B772D91D8B2975201495D965B98DF6A33
:1069380094006DD31A113A5D8492B609698C52BFDE
:10694800D5099106C3F559B5719F0D7525B189A96A
:106958007979E01B4080F91B401D4A9CE443E2B86A
:1069680071A3AC47BBA7856B0F1E5397580FF44A0A
:1069780093935B10FAAE0786620A13B39AAB645A14
:10698800D85AF17EEBD48D0C721E04301A7CEEAF0F
:106998004AB9C8E7F405ACEE9163CE75450896464A
:1069A8006DC5142909676E9FF266B3201C6B6A399E
:1069B800C38F327D0D105999B1D21A8BD15E4DDC3F
:1069C800EB182A822DE43D5D1B16FB9F935DF6FDB7
:1069D800A067D0FE68EFA90F383E2436EAF1E70930
:1069E80005E3B6A9EA9FCF181BE2607A47687A2FB9
:1069F80050E533C61333C40F3CCD7197517955CC4C
:106A08004DF54F0D1E019F914C5621CCF9C278E8E7
:106A180068D83CBD4CD720AB123D4CC810C2384694
:106A2800D6FFD2440FAC15770C55BF530302B46799
:106A3800C18F4A70C3E817B00F8B06C11D1452E707
:106A4800DB973F5443DDA915D55BF7F58B7F0EA285
:106A58008A59BEB955A9EA0CDB6BAA6BFD56861F8D
:106A6800274C6FA23336012F657C2D2DF9274595CC
:106A7800160EEC4265CF3BAA9DCA155D4B0567FD16
:106A880080F246639EAA72BE7353A7CD7FE66E6CF2
:106A98009EAFC5FC16434DC2642180C01850BAB2DF
:106AA8006038EF9B6FA9F3D514EE00F5B9306CE2AE
:106AB800707E42E6C711FB1E52AD730E1BB6C13E77
:106AC800FFF6D591F078E2E69E13353FD71B6B6B46
:106AD800E3FC0A61B703379DB4936301B838046BCC
:106AE8002D4514093B1432D7D2BD7E4683E7DFAE6D
:106AF8005F4414036FC04B7AF16A7BF60DB82EF62B
:106B08002FEE0608DF30DCFF2A9A223E7B4B46191F
:106B1800A9A1166A017E0CD6A425BDB93B68539479
:106B2800948CD55FEFC592D165E34D06A0A5C485C9
:106B38006BF825215EAC9510955AB25B17F47A9CD8
:106B4800AA9D7323E58073178CB696E7E5FF92B08C
:106B5800EA2AFE0F96832713CBD7DED188BA135AB9
:106B68008385F64ED69A333DEA0EC5AA6237C139F7
:106B780022F9EE8B3AF60F6A6757F0C69FC22A5879
:106B880016C04FFBE2E5C8488B95B5F72A01F6C059
:106B98007B56E5C0C728DBE5F11CE9A26DD2630E80
:106BA800E1970FD788D98E0AFD3393A065C1CB8EA4
:106BB800CFB2C201B76F1E1925B6503371B475290B
:106BC800B04AF10BE2C054F49390646AB9CB89E7F8
:106BD800A9EEA76CCA079D3D56FC9EDAACB67A7E34
:106BE800F20F4E508B11144EF69FCFC012FBF912C4
:106BF8004751464BDE80FD08006B974BFA9B5F5E62
:106C080090758E61ACB4F5C27D21834377961AF0F6
:106C18005202A673E2B11FA91D3F72692C27A57CF9
:106C28002A0F766B499AB1BDFC763B16A0351EAF8C
:106C38006AF0433AB6E2868875D28B2CF3238864CF
:106C480081E76621753C6275B998DCB40FBAB5C79F
:106C58003B7A037D53F864324874790648EBC58261
:106C6800A603AA7AFF007063883F44D282A580D326
:106C7800404A7E8CB55E13AC1386B4B588965562CF
:106C8800E9BD22B498F5F2D7646781DF5646270735
:106C9800A4D07031D2351EDFF71C05E2137D38759C
:106CA8002AF0FAF401C19701C7893ECD1EF5E555D2
:106CB800D50C1DA5BDFC047D38A8032A47B9E7BF3C
:106CC80071B2B472671B592728B45200F41661AD2B
:106CD800295FBC66389469CD177DB21E1660446F73
:106CE800795C84CEA358A73515E1348C1E9BE2C687
:106CF800FB2037A99EF192794169DC6E1653D48046
:106D0800CA03EBE3A01EF3BAA20B315CA4AE019058
:106D1800E18AC56BE7D9C46DB37C9B8DDA8491B1E8
:106D2800B9AD82272E324DEB80858A8F94989DA22B
:106D3800A6ABAFB3B8BCBFC3C7CACDD0D3D6D8DA19
:106D4800DCDEE0E1E2E3E4E4E4E4E4E3E2E1E0DE23
:106D5800DCDAD8D6D3D0CDCAC7C3BFBCB8B3AFABC3
:106D6800A6A29D98948F8A85807B76716C68635EF5
:106D78005A55514D4844413D393633302D2A28263D
:106D88002422201F1E1D1C1C1C1C1C1D1E1F202213
:106D98002426282A2D303336393D4144484D515553
:106DA8005A5E63686C71767B80858A8F94989DA201
:106DB800A6ABAFB3B8BCBFC3C7CACDD0D3D6D8DA99
:106DC800DCDEE0E1E2E3E4E4E4E4E4E3E2E1E0DEA3
:106DD800DCDAD8D6D3D0CDCAC7C3BFBCB8B3AFAB43
:106DE800A6A29D98948F8A85807B76716C68635E75
:106DF8005A55514D4844413D393633302D2A2826BD
:106E08002422201F1E1D1C1C1C1C1C1D1E1F202292
:106E18002426282A2D303336393D4144484D5155D2
:106E28005A5E63686C71767B80858A8F94989DA280
:106E3800A6ABAFB3B8BCBFC3C7CACDD0D3D6D8DA18
:106E4800DCDEE0E1E2E3E4E4E4E4E4E3E2E1E0DE22
:106E5800DCDAD8D6D3D0CDCAC7C3BFBCB8B3AFABC2
:106E6800A6A29D98948F8A85807B76716C68635EF4
:106E78005A55514D4844413D393633302D2A28263C
:106E88002422201F1E1D1C1C1C1C1C1D1E1F202212
:106E98002426282A2D303336393D4144484D515552
:106EA8005A5E63686C71767B80858A8F94989DA200
:106EB800A6ABAFB3B8BCBFC3C7CACDD0D3D6D8DA98
:106EC800DCDEE0E1E2E3E4E4E4E4E4E3E2E1E0DEA2
:106ED800DCDAD8D6D3D0CDCAC7C3BFBCB8B3AFAB42
:106EE800A6A29D98948F8A85807B76716C68635E74
:106EF8005A55514D4844413D393633302D2A2826BC
:106F08002422201F1E1D1C1C1C1C1C1D1E1F202291
:106F18002426282A2D303336393D4144484D5155D1
:106F28005A5E63686C71767B80858A8F94989DA27F
:106F3800A6ABAFB3B8BCBFC3C7CACDD0D3D6D8DA17
:106F4800DCDEE0E1E2E3E4E4E4E4E4E3E2E1E0DE21
:106F5800DCDAD8D6D3D0CDCAC7C3BFBCB8B3AFABC1
:106F6800A6A29D98948F8A85807B76716C68635EF3
:106F78005A55514D4844413D393633302D2A28263B
:106F88002422201F1E1D1C1C1C1C1C1D1E1F202211
:106F98002426282A2D303336393D4144484D515551
:106FA8005A5E63686C71767B80858A8F94989DA2FF
:106FB800A6ABAFB3B8BCBFC3C7CACDD0D3D6D8DA97
:106FC800DCDEE0E1E2E3E4E4E4E4E4E3E2E1E0DEA1
:106FD800DCDAD8D6D3D0CDCAC7C3BFBCB8B3AFAB41
:106FE800A6A29D98948F8A85807B76716C68635E73
:106FF8005A55514D4844413D393633302D2A2826BB
:107008002422201F1E1D1C1C1C1C1C1D1E1F202290
:107018002426282A2D303336393D4144484D5155D0
:107028005A5E63686C71767B80858A8F94989DA27E
:10703800A6ABAFB3B8BCBFC3C7CACDD0D3D6D8DA16
:10704800DCDEE0E1E2E3E4E4E4E4E4E3E2E1E0DE20
:10705800DCDAD8D6D3D0CDCAC7C3BFBCB8B3AFABC0
:10706800A6A29D98948F8A85807B76716C68635EF2
:107078005A55514D4844413D393633302D2A28263A
:107088002422201F1E1D1C1C1C1C1C1D1E1F202210
:107098002426282A2D303336393D4144484D515550
:1070A8005A5E63686C71767B80858A8F94989DA2FE
:1070B800A6ABAFB3B8BCBFC3C7CACDD0D3D6D8DA96
:1070C800DCDEE0E1E2E3E4E4E4E4E4E3E2E1E0DEA0
:1070D800DCDAD8D6D3D0CDCAC7C3BFBCB8B3AFAB40
:1070E800A6A29D98948F8A85807B76716C68635E72
:1070F8005A55514D4844413D393633302D2A2826BA
:107108002422201F1E1D1C1C1C1C1C1D1E1F20228F
:107118002426282A2D303336393D4144484D5155CF
:107128005A5E63686C71767B80858A8F94989DA27D
:10713800A6ABAFB3B8BCBFC3C7CACDD0D3D6D8DA15
:10714800DCDEE0E1E2E3E4E4E4E4E4E3E2E1E0DE1F
:10715800DCDAD8D6D3D0CDCAC7C3BFBCB8B3AFABBF
:10716800A6A29D98948F8A85807B76716C68635EF1
:107178005A55514D4844413D393633302D2A282639
:107188002422201F1E1D1C1C1C1C1C1D1E1F20220F
:107198002426282A2D303336393D4144484D51554F
:1071A8005A5E63686C71767B80858A8F94989DA2FD
:1071B800A6ABAFB3B8BCBFC3C7CACDD0D3D6D8DA95
:1071C800DCDEE0E1E2E3E4E4E4E4E4E3E2E1E0DE9F
:1071D800DCDAD8D6D3D0CDCAC7C3BFBCB8B3AFAB3F
:1071E800A6A29D98948F8A85807B76716C68635E71
:1071F8005A55514D4844413D393633302D2A2826B9
:107208002422201F1E1D1C1C1C1C1C1D1E1F20228E
:107218002426282A2D303336393D4144484D5155CE
:107228005A5E63686C71767B80858A8F94989DA27C
:10723800A6ABAFB3B8BCBFC3C7CACDD0D3D6D8DA14
:10724800DCDEE0E1E2E3E4E4E4E4E4E3E2E1E0DE1E
:10725800DCDAD8D6D3D0CDCAC7C3BFBCB8B3AFABBE
:10726800A6A29D98948F8A85807B76716C68635EF0
:107278005A55514D4844413D393633302D2A282638
:107288002422201F1E1D1C1C1C1C1C1D1E1F20220E
:107298002426282A2D303336393D4144484D51554E
:1072A8005A5E63686C71767B80858A8F94989DA2FC
:1072B800A6ABAFB3B8BCBFC3C7CACDD0D3D6D8DA94
:1072C800DCDEE0E1E2E3E4E4E4E4E4E3E2E1E0DE9E
:1072D800DCDAD8D6D3D0CDCAC7C3BFBCB8B3AFAB3E
:1072E800A6A29D98948F8A85807B76716C68635E70
:1072F8005A55514D4844413D393633302D2A2826B8
:107308002422201F1E1D1C1C1C1C1C1D1E1F20228D
:107318002426282A2D303336393D4144484D5155CD
:107328005A5E63686C71767B80858A8F94989DA27B
:10733800A6ABAFB3B8BCBFC3C7CACDD0D3D6D8DA13
:10734800DCDEE0E1E2E3E4E4E4E4E4E3E2E1E0DE1D
:10735800DCDAD8D6D3D0CDCAC7C3BFBCB8B3AFABBD
:10736800A6A29D98948F8A85807B76716C68635EEF
:107378005A55514D4844413D393633302D2A282637
:107388002422201F1E1D1C1C1C1C1C1D1E1F20220D
:107398002426282A2D303336393D4144484D51554D
:1073A8005A5E63686C71767B80858A8F94989DA2FB
:1073B800A6ABAFB3B8BCBFC3C7CACDD0D3D6D8DA93
:1073C800DCDEE0E1E2E3E4E4E4E4E4E3E2E1E0DE9D
:1073D800DCDAD8D6D3D0CDCAC7C3BFBCB8B3AFAB3D
:1073E800A6A29D98948F8A85807B76716C68635E6F
:1073F8005A55514D4844413D393633302D2A2826B7
:107408002422201F1E1D1C1C1C1C1C1D1E1F20228C
:107418002426282A2D303336393D4144484D5155CC
:107428005A5E63686C71767B80858A8F94989DA27A
:10743800A6ABAFB3B8BCBFC3C7CACDD0D3D6D8DA12
:10744800DCDEE0E1E2E3E4E4E4E4E4E3E2E1E0DE1C
:10745800DCDAD8D6D3D0CDCAC7C3BFBCB8B3AFABBC
:10746800A6A29D98948F8A85807B76716C68635EEE
:107478005A55514D4844413D393633302D2A282636
:107488002422201F1E1D1C1C1C1C1C1D1E1F20220C
:107498002426282A2D303336393D4144484D51554C
:1074A8005A5E63686C71767B80858A8F94989DA2FA
:1074B800A6ABAFB3B8BCBFC3C7CACDD0D3D6D8DA92
:1074C800DCDEE0E1E2E3E4E4E4E4E4E3E2E1E0DE9C
:1074D800DCDAD8D6D3D0CDCAC7C3BFBCB8B3AFAB3C
:1074E800A6A29D98948F8A85807B76716C68635E6E
:1074F8005A55514D4844413D393633302D2A2826B6
:107508002422201F1E1D1C1C1C1C1C1D1E1F20228B
:107518002426282A2D303336393D4144484D5155CB
:107528005A5E63686C71767B67E6096A85AE67BBED
:1075380072F36E3C3AF54FA57F520E518C68059B4D
:10754800ABD9831F19CDE05B982F8A4291443771DC
:10755800CFFBC0B5A5DBB5E95BC25639F111F159CE
:10756800A4823F92D55E1CAB98AA07D8015B831210
:10757800BE853124C37D0C55745DBE72FEB1DE80BC
:10758800A706DC9B74F19BC1C1699BE48647BEEFEB
:10759800C69DC10FCCA10C246F2CE92DAA84744A76
:1075A800DCA9B05CDA88F97652513E986DC631A8EC
:1075B800C82703B0C77F59BFF30BE0C64791A7D5CB
:1075C8005163CA0667292914850AB72738211B2E53
:1075D800FC6D2C4D130D385354730A65BB0A6A763B
:1075E8002EC9C281852C7292A1E8BFA24B661AA847
:1075F800708B4BC2A3516CC719E892D1240699D657
:1076080085350EF470A06A1016C1A419086C371ECF
:107618004C774827B5BCB034B30C1C394AAAD84EAD
:107628004FCA9C5BF36F2E68EE828F746F63A578E8
:107638001478C8840802C78CFAFFBE90EB6C50A47B
:10764800F7A3F9BEF27871C68D0102040810204034
:10765800801B3600637C777BF26B6FC53001672B2C
:10766800FED7AB76CA82C97DFA5947F0ADD4A2AF2E
:107678009CA472C0B7FD9326363FF7CC34A5E5F13C
:1076880071D8311504C723C31896059A071280E2EA
:10769800EB27B27509832C1A1B6E5AA0523BD6B33E
:1076A80029E32F8453D100ED20FCB15B6ACBBE39AE
:1076B8004A4C58CFD0EFAAFB434D338545F9027F9A
:1076C800503C9FA851A3408F929D38F5BCB6DA2153
:1076D80010FFF3D2CD0C13EC5F974417C4A77E3D7F
:1076E800645D197360814FDC222A908846EEB814D5
:1076F800DE5E0BDBE0323A0A4906245CC2D3AC6298
:107708009195E479E7C8376D8DD54EA96C56F4EAA2
:10771800657AAE08BA78252E1CA6B4C6E8DD741FB3
:107728004BBD8B8A703EB5664803F60E613557B976
:1077380086C11D9EE1F8981169D98E949B1E87E930
:10774800CE5528DF8CA1890DBFE6426841992D0FDF
:10775800B054BB160102010001010100010203023D
:107768000100000030313233343536373839616240
:10777800636465663031323334353637383961629F
:10778800636465663031323334353637383961628F
:10779800636465660000000000000000000000004F
:1077A8003B7DD85D2526561DC10709B950718F4408
:1077B80077805F094A4FB7DA57F4EF77EF08B5904B
:1077C8004109FC85C77508C5692C8D7331D99500A9
:1077D8009CBA175E199F1963C2CE3FB66B00A40509
:1077E8008981BFCEABD9787A96C9227DDF2B8A9D55
:1077F8007EEE93A1F2C20254B08930388CE3FC29A2
:1078080099A1E02229B39E97E324611152CEC4C105
:107818009CA4D3B71B19F75BFA584B6FC787A17D98
:1078280018639D4A21E433A32CDCC94F385F61DA21
:107838005D11AFB3F3AB6F1FEF002CF9353BCA54A2
:107848002FCADAA99EDBE33DF22A9896869FB87E76
:1078580075888DA4DA5FEB84C02270C9FDC3D04B54
:1078680004D8B0F85F3FD32D9A1A440A1520C713DD
:1078780056129B2B118E4332ADC6A8C155CF07E8CF
:10788800FBA98BF2EC247A8CA7BF3CD18C05252C64
:10789800BA57FBF6BD5C9A0A03614624CF32064804
:1078A8001B743E9E896E2AB27CF70C4AE2F5DB5DBA
:1078B8006756E93745A45CE4562F0D3EDAD61FC754
:1078C800D6ED7B0F981EF93CF7C23AB02974E03B1D
:1078D80030E119764BD46A75DDE8308163182E1AC9
:1078E80013F142530B93F1B534DDAF14C10177DEC8
:1078F800B3BEE3946274FDD1ED332A00C9D23927AF
:107908009587B745D0116772B2A794E588CE1A81DA
:10791800D815DFC43B0D803E1FAEF60EC165B89E7C
:107928002E9EC5FB5295DEDD08B306908626581BB1
:1079380093E42C94EB5C9FA8ACB0C46AB787606CE6
:10794800B7A7500508C686B02179D127C7AF9EA032
:10795800F93DCBC67DBB9E675CC5DCE24F34D2E403
:107968000EA5039E5B64B260057D78FD66C714C8EA
:107978007AC092C2A78C6FA235CE7214D27E3C19FF
:107988008BFB5354B9D99836F32498B8FC5722AED8
:10799800DD93F868D05871C7646F932596DBD112D0
:1079A800B5F16F9FCB1641D91063EB485FF02C16E9
:1079B8007E6EE951A6D33AF44A3E9C68F50A36FB36
:1079C80063161411756752A9880AB842FAB857C9DC
:1079D80014C194AD4A241828892A6A5D7ACBCEC28C
:1079E800BD256EC97A6264DA0A113F5E78993CAEA9
:1079F8001972AE44528ED58C917AF2838467BC3A60
:107A0800F190E9C38ECB47061AE43F47DF7DA00F0C
:107A18009A864F4D6B460CF2942E990822B032523A
:107A2800B245B665ABAFBDDE67835A234B6F1F8483
:107A3800315EAB063649537A9EB0CDA532CE4DA8FD
:107A48007DBBEA7C2425591BD888244DFE9D469091
:107A5800128A76EBC2CBF74B64367B82F434207DF6
:107A68008B5285F43652A997D53A813D355D814EC2
:107A78008DD2DECC6B423D4A9574DBBE868621A74B
:107A88003989DEBB7C97CC38E9C5B331292C3A2437
:107A980016D593BBE3DF3A4E53C91DB374F38BA9D4
:107AA8004441DF232DA04987FCC5FDF628960DB972
:107AB80094C250FD32E62BFC55BBECC97E3C317CB0
:107AC80099DB43AF50B4633B6F953537D71CE35907
:107AD800B973338645A8631DDD76106546A9CCAD1C
:107AE8003CB087D4AC475B2EEF6EA869639B968F3A
:107AF800BB8A062C53B066ADA8E4F18A0A7B1358FA
:107B0800D11FE860108D18C06710239139DD956E7C
:107B180038D734DD135B6EECF6C1DD36D2C0CF90BA
:107B2800F7017476451E3694C2F7BDBE59FA5A86D7
:107B380056C268CFE892863F55F52E05790E723EFB
:107B4800CAD623AB561746BAD6998736D79F6274DA
:107B5800A528D6D022A1FA451E9B94C908E2A60AF8
:107B6800172B3E5CC53C01C2D3A9DC88A104ABAE8F
:107B78003468A38AAA2E70CCCBE56EA697D7D91DF8
:107B88009D0A95AE9A88713AA20DE18896B937494F
:107B98006D63CC258B299DE63871E6A6C9F07AD8A5
:107BA800347E591F117A230AA6F06649E5C1566F3B
:107BB800AF5DC86E1DE83EFCBE6A608CAA1A3F9B8A
:107BC80092242228566825975E200C453883ABE31B
:107BD80069BE8F9780C8F6C299682842D4C4A21893
:107BE800AC6EF85808AEC6C57C63BC57D1095B8C2F
:107BF800437C26E5288DE521F3DB200CB42CB13F2E
:107C0800A96C5EC5177022A6BAC9ADCF729ECC7397
:107C18001587A41F00C9511C1522CB870C8D3E4423
:107C28008C1D8342EFA4442B55554D9F115B413069
:107C3800295D55C6C55344DB7FEBD12D0D055F6823
:107C48003E8767BC600DD97C04F20FFF26C683D33C
:107C5800AA56005FB1411A1227169176F41A9BE6CC
:107C68009930A08427052C5C4BC5EED60592992A3D
:107C780080B3E8384C61AC68D72E59879476A682D1
:107C8800349471E8075D34A5F0C33D57BD8156268D
:107C98002765670B2A031C44F13B10F4FEA925EB6A
:107CA800D7C50C2E354ABFBDBB38A97AA2AF4A6AE0
:107CB8006E4395C1DC12BE37A469C68F592FC467BD
:107CC800A70C70D969177B20CCE3251338F4DA7D2B
:107CD8007A6A56337BC07FE3AB2819BB2767A36159
:107CE800E4DA8E0F14897B4E91EC3A983EC9AD2E9A
:107CF800C4B9B4063008CF9586A10EE7A884C52379
:107D0800CBD81FB6687829B9EBA187E5040714FA20
:107D1800FBF68336150F087693FBE104BEBEF87DAB
:107D2800D2898F73C970A199CC1E540BE40B0AB782
:107D3800A757A003A1CC303D6A3F99EBBC6276C936
:107D4800960FFD620D5B4953135C79830A172C3239
:107D58003484740A693738F27C600A3C51405338DD
:107D6800C9437DAD812D269256B3D118C4BF458530
:107D780009556311618558D67DB27BC01F8FCE73BC
:107D88004152219939A00B27864553ABB58062062D
:107D980041020856135409945DCE40A27A239C0EE2
:107DA800D73938AFBD98ADF0E9ACF9954F78A35AFB
:107DB80048AD54AF85BD84C8C4DEB9CA63551BAF8E
:107DC800A22566CBDF7F68F235767CD987FC94DF05
:107DD800F7BEC4DDA4992E635E0F157E8254A67D7E
:107DE800A8949D36BB3B99AF87A139D6AD8615B609
:107DF8009671A5FD886F8630B2C1BF39090937274A
:107E080066819518F4CE134379FCA957A8ADEC2BDD
:107E180085DC803919D154F9E10A98D3884A9DC67E
:107E2800B37FCCAAAFCF4214410C3E285E6F837457
:107E380042FAB7DDD06AA38B20E5167A913293CB4C
:107E4800B407A60AE6C898B9F03A6FC510DC49FD30
:107E5800DE9E8194205464771E78ACC2723BAA15CA
:107E6800B65199A65514015AAF755DE24A6FCA65B5
:107E78006A11EA4A6C2C981DEDB41ECFBD488042A9
:107E880081A6593F847AE95AB04C4B7E98027FD23A
:107E9800626C2B1E1348D8ED9B6402D494C4BDFCBD
:107EA800AA19616330A60263723B7BBF6DE8149F19
:107EB800C5C4662B9AA5699D5A174F0624D8A5A450
:107EC800F54C8A36FDD3DA9BE3DDA9C72D6DAE16D6
:107ED80096D24A8B121D005F45C113701728BF192F
:107EE800CF19F49FB212941818CA7731A80C7D885C
:107EF800DD0A64B6084E525A1D5CB6C4951E0BC204
:107F0800CF1BA6A19C6D9F14B368C1703ABE23E62F
:107F180049E44E22E5777FD9DBC515BF663BFCE80F
:107F28003BE4A7B983669B791151D6EF523ABC60FE
:107F3800E8528F3E6E72011F1EFB17B7BB6DD55CF2
:107F48006CB252767C05671E2BF188DF6BD5CAE0D0
:107F580012F6B014378F69C1B58538303150AD2766
:107F6800542C447072CF4A9148CC0EA7C5E9DA4226
:107F7800B0D9EE341B6C4EE6B6A702EBB392A4045C
:107F8800BEAA2415E19750D3EAA7ABD1D45B2BB88E
:107F98006A9C2D91EC7D1E7561DF5BFC0B0AEBC2C0
:107FA800377222E061A924C591CD9C27EA163ED4F8
:107FB800C1318D81240FCDC6C3C5690E2C5A9C7062
:107FC8004DF1CD524928B974340EB6949775834F44
:107FD8001271439EA463B37AE6B27FD4AE523204E0
:107FE800488A8893CFB08D1E24A49A794FF335AB75
:107FF8002C885BE175E0775657BA5237F467CE564E
:108008005153D9110682B1AFD61143D372CA116543
:10801800721D8C2F11C61B62056A6E1AB93E6BD988
:108028005CCEAEC7247A4337599E7B0AB68CFE389D
:10803800FC0BF9B3BB4DF9B52C28B1ABA163E9AD85
:10804800E81458A48548C98A47BA00222238325D04
:10805800ECB2C273D4FB632D5BDEEE53BE286B9A81
:10806800AD97EA79CD2050F6F9E72EABABA424F60C
:108078006F168DE81E6893121457B14D717E3455F2
:1080880087AEE6A7A63BAABC6EEC9E05E78E91419B
:108098002C7808B72538348AA75EB11605A0ED1DDF
:1080A80018277EF3D010053DA190D8D6235D2F79EF
:1080B800557015E77828418FF9D4AF49CAF3594B61
:1080C80062043B70131BC486B3157C5B4062961A2E
:1080D8005C965E3D6140DDBEBB9EDF1D29121EB968
:1080E800FB3B842996D48F2A99A6FBAEBECEC8F551
:1080F800F2A447E264939E5E79FC36B8D3F9FC118A
:10810800A3EAB0A79E0B3F6792289B9E67F5E7936B
:10811800FC51CFDBFC3F5E4A1763C5AF9CCAE86DD4
:108128002252E5580777DBB525C90A9B6B43E6C0A1
:10813800AA8AAB9875C092E027793D7CA722D93AE4
:10814800A835808B9367BD05F75742B069FBCBB163
:10815800301B1ADC126EE833916E2FECD71012190F
:1081680074C27EF55FD711339A3927D0BB88062BA6
:10817800B24C9F822E0BE08F790A57D5B57A997049
:10818800AEFD7C20BE02680D1F4EB80AFB8AAB7696
:10819800ECA1E3FC552020CA400216E7203CCDF8AC
:1081A8009B4A022917B07F3FD82004C90415BF4C49
:1081B8001765963436B0370832C3C1DEC1D1CF2037
:1081C800213C51B275470A62AE9182692BF2E0B543
:1081D800E16B115D36776ECA47805C6723DAD25748
:1081E80074A1543AFD5FB17C3A11DB6176BD959E6E
:1081F800855CEB525F8C40D85E6B49C0AB814812FE
:10820800B20E9884F4995F8A17282382C6C45E70D8
:10821800EC43DFD06FC1A0347FD448649B0D9D8BA5
:1082280073D7A71953926142BEFE285755305A6436
:10823800A44B8536ACCF5C39A36F3E7891BC850FD3
:10824800B7ED985E515975ED9ACA86607E72407096
:10825800D008919BED82F50EC3803C206F7719946E
:1082680037F589018E2D2F010BFF904EA57D0AE46D
:10827800507138B780C6FD822BFA2E9982B32CAE86
:10828800DB118736C38FC318CFB99182F9C3F14187
:108298002E6E6E1C07E25D97D2DA93E2FF3CA230A5
:1082A800CF318E08B4D69FA6036695FBB7DD54E59B
:1082B800DA7F64552F3001AAD211910495FCC5814B
:1082C800BD37206C3ACC9AF84F19E0E63EE458479F
:1082D8001E0903EEA8C545436F7DC04C7D6A417AEF
:1082E800A41BB4AAE7DD7AE44C699298F85AFC7C9E
:1082F8008AC00F463075DA0AA22C3F621677BA3464
:10830800ABC474941095F8AA8D51FB5BC5AA47E6D7
:10831800DB420ABB66248FED03BCC851E6E31B7E33
:1083280045CAB83357BB53DCB49D4268817EB76BEE
:10833800C032C91430B0EC0D371D3EBAC2A6AB8CA2
:10834800A5C9B92345CB0AB381782F25C2BF3423E9
:10835800A050A2714BBA4EE8AEDE2915A6BB8B071A
:10836800D7DAD700D5E2525DA2D321058779AD349B
:108378008361D1D0F4CA2085D02B33B5BF4A1AC542
:10838800E09F4B5EB971B4C13491E8BB12C7C3B664
:10839800B50E6255578056DAE9BB38B4ACE4775568
:1083A80074BF7F6971A1CC6FE7912FDBB8EFF3AB96
:1083B800EF81132D05DB3485717A0366F524A8CB8C
:1083C80004EBA2A26465CCF89D2706732FFFD62381
:1083D800F9234824D40A0354C8C6C663B89F703426
:1083E80095CF5FFCB36049A7E7C2F9816D14086AAD
:1083F8005B0AE99AEE8D2F3C5B6D5B750FD36A1DA6
:1084080028C4968BF81431767C8B7D5875642E3C85
:10841800AB59B31BD18BA613EBBF9CEC13E4B21082
:108428001E7A746BD2B415E5CCBA5B1500B8E46F4C
:10843800F0E7A894092779DAB1D1715DC7D4C050A3
:10844800808B6B1E5966E7E9F5EB784EEA91D7C346
:1084580094DDBBE9671A6BEE1BD7B848ADD3E5A826
:10846800BD6EFEE88E3589F1CA841CD9F75CE581BA
:1084780067CB8DD0028F29F71B6F1EA3538B1F81EB
:108488002EF0DEB665DF8EA10FDDC3703DAA5784DE
:10849800303BD5EE2F9EC087791F01B2EDA0D4FDE9
:1084A8006982ACC748E99FF4282332A9027899FA6F
:1084B800C3C42221294BF666789D347CAF16C64F7B
:1084C8007DD8894F4ACF745D096C5EDF067676EAFF
:1084D800D3A8A5591E23CA7096549FDA47CCAFE299
:1084E80039FE8838FDDC2BDB3723313EF863DDAEFF
:1084F80024816E09D3152D71D3B8CC5195FC86E231
:1085080013DA1FF7B138EFC4DC2054B30CF6CD9E54
:10851800DBB94F7BA002C3B0A9FE6B136BFC778C51
:1085280034469F2E453ACF907FD61076257C4DFE57
:10853800F22F55809B94E5B94D7C010E12CBE505D1
:108548007056CE9D82CDFBE3E55E1CC8F7633714F9
:108558000F29EC9F41925819A5A1C2D05ABDC2EC6F
:10856800D9E6E38F392CCB60FEF4D0ECD5B7078879
:108578003DB35579F0FD26E0074B95C723BDA75DB0
:10858800CCE2DA4BFB534EE97046AF98BFF85B2A52
:1085980044E1A30C5EF82209F95F390958589CC3D5
:1085A8003C1C2EE7EDE880BDE93200A26E0EF84EC5
:1085B8009F16BBE4A406DFFB34144DA5C45A001F64
:1085C800B93C5CB3CCA28B7A986633EED673C959A2
:1085D800F8D38AE48F6FB274A5F91D79D0F05238B8
:1085E8007C08647C1F930B673D000F8A31D611E22B
:1085F8001D36A4734B14C8DB04F3798F0D73779180
:10860800BDA0B6CDFA3F771A52ECC9B5EC16AC4905
:10861800A81D9B6A3D097A18E7BEDE2207E1F3B17F
:1086280008BEED7827C4F10FBBC90A369235800F12
:108638009A4488A576993719A22497E53BD04791A3
:1086480026CC982B8264C4E443AFFDBD4E9AA6BDE8
:10865800D4FB62DAB8E3BFF83EB5021F4A9800A916
:108668001B85A194BC30B77311CB7AB2AC84831547
:1086780015330DE72D1301BBC6AA32FB8EEAE5358B
:108688008A5F102D82FAFF4D7404A92C7B88BA26C4
:108698006DA4C78DEE2B0DE9E50A84F7F3AA8D0AC0
:1086A800DA2DDB3ACE964972EA33FB5E7D1F25F35D
:1086B800408CDE9A19A9E65201FC8C1204438418F6
:1086C800A4C5E4DFF29DC8C4C1C954EAB9E2AE2F1B
:1086D8007DF486ECAD79D19C79EE56FB71E465E0CA
:1086E800A9B94568214CA242587A22CA39C54FF423
:1086F8006843A8AF1786227F1EEC16816C71C6B539
:10870800FDF66B8B2823B507CD7E3C946AE916F1FC
:108718003C314ABF5EDB84F7CBA090092CA380C50F
:10872800FB4D5254089D8C1819A02617A43BAB4B3F
:10873800867E099FEAA9997388C7D4A899CCD3667D
:1087480059F5B84D9D3164B85F848F97588B79B5CA
:108758006137A1290A2FF52B87346C77C34DBFA544
:108768007CFA37BE6E935BF139296C7B63E2BB47B9
:108778009DC7A819121B757E35BF4CE5560542DC0E
:108788008CC5D1FC3062B6779C0F07DA73D9F8052F
:1087980091E2767FF08417E62A07CF6BA991CF94F0
:1087A8005A2853B7FF97AD33DB4A525287C0231676
:1087B800F304B545B1DFFE42E0F1A5AADD70004340
:1087C8000039B2AA407F02434078BDAA39B50543B3
:1087D8008061A1AA453E0A430049C1AA4C5D1043E5
:1087E80080AAC5AA4577184310D8B2AAD925234329
:1087F800001028A953593143B0B694AA309A44437B
:1088080080DECDAA89925F43F428A7AB78A783437B
:10881800A0DF1DABCB52A34330F4042B40E4DC4370
:10882800E084BDAA3B083244D05A93AB4047014587
:108838009A069DC22F96FAC4C098102BA10F22C485
:10884800009EC3AAF8D2BCC3909C6DABEA1083C348
:10885800C02F3FAAC84746C3D0F83EAA27E41DC385
:10886800A8EBA0ABA41E02C3603914ABFACFDBC2DD
:10887800404756AB8525BDC2A048B0AAAD24A5C2C5
:10888800405BCF2AC0E291C2C8A601AB042082C2D5
:108898000029922991066AC2AC7719ABD0E753C276
:1088A800E0039FAB080741C280B982ABB4C030C2B5
:1088B800007E69AB309922C200F755A94B3116C228
:1088C8004045942B963E0BC20004B1280C8601C289
:1088D8003040322B9AB0F1C170690FAAD51DE2C1A0
:1088E800008934ABD114D4C100A4FCAA8F61C7C1DC
:1088F800905F85ABD2D8BBC1A474A9AB8556B1C172
:10890800A08EA82A93BCA7C100FB02A94BF29EC166
:1089180030769FABB4E496C10026CBAAC0898FC13C
:1089280000DC96AB19F388C1088FF32BA54884C1E6
:108938002E6E1D3D61FF71C12CC522AB5B686AC1FB
:10894800004E4D2AA0BC60C1849FA52CD15757C1A9
:10895800F011292B6E6F4EC1A0820EAB790846C16B
:10896800581BD4ABDB1D3EC1E0130A2BE6A736C16A
:1089780080C37CAB739E2FC1E8C4CCAB97F928C1E8
:10898800D871102BD7B122C1C018F22A41C01CC11E
:1089980080E96EAB671E17C1208C6F2A53C611C1C0
:1089A800804D31AB81B20CC194F46B2BC9DD07C18A
:1089B80080428AAB574303C1A2D19FAB2BBDFDC0F8
:1089C800402E122A3356F5C040524EAB1649EDC020
:1089D80050C20A2C0C8DE5C0C023C1AAD518DEC030
:1089E80020072DAB30E2D6C080C7352AF4DCCFC0D3
:1089F800C008B6AB7AF9C8C0F02D5FABA221C2C0DF
:108A0800974DA6AC9532BBC0D88B41AB45EEB3C0F1
:108A180000B6ADAA28D4ABC0A0A8AB2AA59BA1C01C
:108A2800C0CB3B2A869890C088F6D02AB4A81DC02F
:108A38004E3C0EBF47FB00C120AF7EAB2C8CC0C0A4
:108A480040D260ABF13CB0C03098052B1813A7C0DA
:108A5800001AF2A86863A0C0C0EE50AA9FE69AC0A8
:108A6800B0218FABE41D96C0A89BD3AB39CD91C084
:108A780000A39AAB3BD48DC0403C982BA51F8AC05D
:108A88000040EBA71CA386C08C99D2AC375683C094
:108A98007458E1ACF83280C0A0BE2A2BD4697AC0E1
:108AA800E83DBA2B4EB174C0289340AB0E376FC067
:108AB8000084AE2AE5F669C03C32A0AB8AED64C0FA
:108AC80094AA84AC771860C0C0C18FAAE5755BC052
:108AD800C0D0CB2ACE0457C0C0C67FAA13C552C087
:108AE800B81BA52CC1B74EC0B87B83AB96DF4AC074
:108AF8004044712BF94147C05012F62ADEE843C0C2
:108B0800A0FAC2AACAE640C0C8BCC02B2A603EC0B0
:108B1800007EB9A9C2A43CC0B0EC0CAB2D863CC009
:108B28004025C42A5D0841C0B0BF6DAB455865C03B
:108B38007AA4813EB864D6BF002739AC17AF0FC0FE
:108B4800E086B7AB048B14C0767D412D45F314C085
:108B5800000C622915EC13C0C0BEAC2A6C4712C0C9
:108B6800A0565DAB8A5510C00C1A7EAB703B0EC088
:108B78004094F9AB520C0CC012CA052CF5D209C0AE
:108B8800B0D926ABAF9507C08850EAAA525805C09D
:108B9800002078AB251D03C07406122C73E500C0B5
:108BA800E00FD72BA563FDBF00930FA9A904F9BF58
:108BB80080D211AC2FADF4BF009EFDAA9F5BF0BF21
:108BC80080F28DAB7A0DECBF0C1A86AB2EBFE7BFD7
:108BD80000EC25ABC26BE3BF20519B29460CDFBFDD
:108BE80020BA6AABDF96DABF44F44D2B1EFDD5BF21
:108BF800801A16AB0429D1BF664EE3AD3CF7CBBF54
:108C0800645CDA2CFD2AC6BF28F812ABD451BFBF6A
:108C18006026D4ABFC76B6BF575B1BACC11EA9BFA0
:108C280080D6EC2B762F8EBFE05B3AAB462D1EBE6E
:108C380098BCFCBED28A3BC098320DACF6C6FCBFCD
:108C4800E0DD8AABE40DE2BFE07112AAF506D5BFFC
:108C5800C849672C6A98CCBF80C9C5A97B46C6BFDE
:108C680000D5A7A9421CC1BFA03572AA24A7BCBFC2
:108C7800A0C3CBAB22AAB8BF804B3B299D01B5BF8F
:108C880080C8952A3597B1BF10FD22ABFD5BAEBFFA
:108C980090FFBFAB7645ABBF74E5432BD64BA8BF5F
:108CA8002EEA062C0669A5BFA0AB192BFB97A2BF1D
:108CB80000BEAEAB43D49FBF0884372BA7199DBF16
:108CC800244BAE2BE0639ABF2011F32A3AAE97BF2C
:108CD80040F688AB31F394BF38F1D4ABDA2B92BFAE
:108CE800006AC4A8024F8FBF0000D328B34F8CBFBF
:108CF800605605AB991A89BF7CB6842B059185BF50
:108D0800C0917FAB7F7E81BF80AAD329010179BF43
:108D18004081002B26896BBF44CB1E2CAA5056BF1E
:108D2800D006B4AB4EB329BF18D69BAB98381C3EBF
:108D380059D505BF0A500FC0E0E7F62A834DB6BFE4
:108D480018F699AC2A1BA0BF8072962977A995BFFF
:108D580028A74DAC56268FBF8E9444AD796F8ABF35
:108D6800623EA2AC7EB286BF50CD8BABFB8C83BF7C
:108D780080A4F12A9CCA80BFD0A477ABAE997CBFEF
:108D8800F4C79DAC150178BFC09910ACF2B173BFA0
:108D98004020B6AA659A6FBF8C84AD2B37AD6BBFE8
:108DA800484DE72B1DE067BF929799AB982A64BF9F
:108DB80000ADB82C2C8560BFC08B68ABC7E85CBF22
:108DC800048189AC334E59BF30D633AB83AD55BF20
:108DD800001D37295FFD51BFC0CCDAAA06324EBF4D
:108DE800C474B92BC23B4ABF9872362C680446BF7C
:108DF80060E8892BCF6A41BFF89F992B3A3A3CBF6C
:108E08003005C0AB641836BF646BACACAB5B2EBF2F
:108E1800F0A61C2D869923BF5CF60BAC9B2412BFD1
:108E28005C028CAC4006D9BE489E15ACC11B8D3E79
:108E380068A509BFBDE0E4BFA5377DAEEC5F8BBF79
:108E4800586F87AB1D3D71BF48969A2B5CF65FBF84
:108E580080DD542AD87155BFC84EFEAB46024EBFBE
:108E6800408E82AB343D48BFFFE6E82C197943BFFA
:108E78008092CCABD05B3FBF006B1EAAC1B03BBF9A
:108E8800B0D232ABF25638BFD6023CAC693835BFE7
:108E98008089092CB04532BF60EDF72B4C732FBF8A
:108EA800E02F0F2D39B82CBF607F5F2BF30C2ABF42
:108EB80000C80CABBB6A27BF58E5CBAB13CB24BFAC
:108EC800702CAFAB362722BF0056ADA78D771FBFDA
:108ED8002097DCACF8B21CBFF02C21ABCCCD19BF6D
:108EE800DCC6B62B47B816BF041B83ABF85B13BFB1
:108EF800E023222C1D970FBFDC67E0ABCE330BBFFE
:108F0800B08466AB86D505BFFFE5CD2C479CFDBE7A
:108F180080BC27AB4852E9BE1C22F5AB893DC7BED1
:108F280020AD9CAC684E77BE8034522A08D9F23EF8
:108F3800BA4925BFB364D3BFA02E1E2BCE976FBFEF
:108F480010DDCA2AC3E949BFC60A97AB440B39BF2B
:108F5800A0762BAB24212FBF4C349FABF56328BFE1
:108F6800482100ABA45F23BF052A70AD9A661FBFD6
:108F780050E323AC011D1CBF54E2462CC74D19BF5A
:108F8800A0505BAC32D816BF9641872B0EA714BFF2
:108F980054F8042C23AC12BF6505AFACABDD10BF91
:108FA80050948FABDB340FBF43304FAD07AD0DBFCF
:108FB80000FB702C1B430CBFF6EBAEAC50F50ABFA0
:108FC8003A97502D08C309BF40C92DABD0AC08BF94
:108FD8008012DF2988B407BFB04C3CABBFDD06BFA9
:108FE80088573AAB582E06BFF4FA43ACBBAF05BF5F
:108FF800F01ABB2C007105BFB012292A348B05BFAB
:10900800BE0A312C3C2A06BFB475E0ABAAA107BF43
:10901800A044FCAB4CA50ABF4200882B7F0911BFB6
:10902800E07ECDAAE48421BF072D88ADA58678BF50
:10903800431AB83E38F4873D80AC71AA0A158CBE35
:10904800B24555AD1229ADBE4884F82B751DBABE80
:10905800803FBBABA25FC0BE2C1150AB8F98C3BE84
:109068003C644FAC2730C5BE11F6D12CEECDC5BE41
:10907800A0B3A12C2ACAC5BE96AEB62C8757C5BECA
:10908800F0AA74ABF194C4BE00C82CAA1696C3BE4D
:1090980050DE1F2CCD67C2BE3C7179AB8312C1BEB6
:1090A80080B4DCAA9A9BBFBE48AFF42B3306BEBE81
:1090B80000582B2BA353BCBEEC2025AC9D83BABE15
:1090C800008C70AB3694B8BE1CA820ACAC81B6BE80
:1090D800A238C12DF245B4BEB49956ABDDD7B1BEA6
:1090E80080A639ABB829AFBE0091FAA8C426ACBE99
:1090F800308C982BB5AEA8BE283FA22BEF8CA4BE0F
:10910800361C0AAC30669FBE804A622BC38D98BE5F
:10911800B4B486AC45918EBE54137D2DE35A7BBE04
:10912800A41542AC432C30BE44B632ACDFC33C3E3F
:1091380074C6D6BEB6C05FBF9B8994AC108304BF0B
:109148008051A7AA3968E3BE687F41AC327AD2BEA3
:10915800E0DCE22B7C6FC8BE98FF80AB4984C1BEBF
:10916800B09463AC7B45BCBE4839EBAB7405B8BE64
:10917800C0D5092BD067B4BE383533AC8836B1BEFC
:10918800C4B3932C954FAEBE20AA5A2C179CABBEE5
:10919800C0A7F1ABB70BA9BE55C18DAC0B92A6BE4B
:1091A8000035322AF724A4BED503622CA3BBA1BE86
:1091B80000DE502BAB4D9FBE202A852B77D29CBE5C
:1091C800727E8D2C84409ABE787457AB988C97BE6B
:1091D8001005822BA3A894BEC077BCAA248291BE96
:1091E80080829C2A99FF8DBE0034CBA828FC89BEBA
:1091F800E09D8CABF03F85BE4022252B79E27EBEF8
:1092080020C6B1AA42EB6FBE70DFC12BEA535BBE2A
:10921800F01C4B2CAF3D3CBE7FE5972D2E0006BEC3
:10922800B65DAE2CF33823BC97D136ACD232163F9C
:109238005E3C4BBFD90E99BFD9430AADAC6319BF89
:1092480000BF58AADBF7F4BEC65FB4AC8FFBD9BE2B
:10925800C05C92ABCF9ECABE0024EDABC98DC0BE28
:10926800B6913DAD9D59B9BEC7E7D2ACC1DFB3BE1B
:10927800B0968B2D9386AFBEB8F8E52B56F5ABBEEE
:1092880006EB81AC57F5A8BE53E584AC3763A6BEA0
:109298002A19052E3C27A4BEFE05ACAC1E31A2BE81
:1092A80098D20DAB9375A0BE31CB90ACD8EC9EBED6
:1092B80000FAC9ABD2919DBE1452022C8C619CBE9F
:1092C8001A9628AD025B9BBEB636A62B197F9ABEAE
:1092D80080DA1C2AE9D099BEA639882D475699BE4E
:1092E800F09B382CDD1899BE935BEFAC182899BE1B
:1092F800A0929B2BBB9C99BE80E9092BD59F9ABE57
:1093080088B98A2C58799CBEE00FF5A93AB29FBE5D
:10931800002F18AA2871A5BE10BC80AAB8B5B0BE87
:1093280068780FAD8E80CCBEE4926A2CA8EE2DBF73
:10933800C884D73E19162D3E02CB87AC025BE3BD2D
:1093480060CA442C635729BE7706C62CE0FE3FBE90
:1093580096129DAD4CA54BBEB88C18ABE74952BED2
:1093680066610C2D213A56BE6C8F46AB078858BEF5
:1093780078FC35ACA0C359BED1C7D9AC363F5ABE6C
:1093880028F7BD2B832C5ABEE89D112CA1AA59BEE3
:10939800607E662D2CCD58BE3AD60AAC29A057BEA1
:1093A800333CD32C2F2A56BE38B291AB8F6D54BEA6
:1093B80000E7D4ACD86852BE68FD3D2CE81650BE14
:1093C8008EFB20AC7D6E4DBE942C942B4D614ABE15
:1093D80040E076AB5FDA46BE3143CCAC50BB42BE10
:1093E800C8F464ACB0D73DBE7B57AC2C14ED37BE87
:1093F80050EA84AC9F9430BE22A90F2C3C2727BE8C
:10940800B893B1AC64831ABE8BFF6B2D438508BE3D
:109418000A530FADC92BD9BDCAF2D12B5F146BBD4E
:109428004076562B45D4623D20CE16AB51F91D3FF0
:109438006E666EBF477288BFC4982DAC0A1B01BF09
:10944800F052D5AB1C83C8BEA0EAB22BDEA9AFBED2
:10945800808DB2AB62C6A1BEE843582B8CE098BEA3
:109468002829CCABDAAC92BEC850AE2B5B198EBEA5
:10947800E4B5882D41958ABE39D4942CF1CC87BEA9
:10948800B0735DACE98C85BE62A405ADD5B383BE6F
:10949800680F5C2C562B82BEAB88D22D04E480BEAC
:1094A800ADD203AD37A67FBE8061C62A29E27DBE54
:1094B800E00E332D92717CBEFD86862DE14D7BBE7C
:1094C8008E437A2EAF737ABE6F9B2F2D8FE279BEB3
:1094D8008060382B379D79BE402371A91DAA79BEBB
:1094E8006080DAABAB147ABE78188EAC95EF7ABE92
:1094F8001075392C1F597CBEB41CC3AC84837EBE46
:10950800B0A8D62B52E380BEDEA0D82CAA6483BEB6
:1095180000997BA9CD7887BE6040952A2BF18EBE35
:10952800800BBD2ADB77A0BEA817CC2B5304F8BE4E
:109538006ECCA03E648AE23C241F75AC830E13BE39
:109548006C68022C75AA36BED4CA19AC1B7346BE09
:10955800005166AC2DBF4FBEFC95F0AC0F3556BE22
:10956800C40FCE2C5F3F5BBE00B5A7AAC18A5FBE01
:10957800606FD6AC577663BE3F38B62D4D3D67BE9B
:109588000028E72AE4086BBE20A3B42A49F96EBE76
:10959800E1DF30AE792A73BEFEBF37AC60B777BE65
:1095A800508505AC26BC7CBE145DEDAB202C81BE7D
:1095B80000A0C328565884BE5729FD2D53F987BEED
:1095C8008CF043ACA82B8CBE06002BAC6D1491BE5E
:1095D800F07C752C28E596BE4677562DD5E19DBEC4
:1095E8002035292BBD6AA6BEAAD4EFAC300DB1BE7A
:1095F80000F88CABA3A1BEBE90D601AB8785D0BEC8
:1096080044CA2CAC4914E9BEC01B32ABCB6006BFC0
:10961800D072AFACBA8B22BF000D26A9927155BF8C
:109628000EBD89AC5245A6BFC10DFF2C824468C04F
:10963800F19E974098655740586EA4ACFB88843FCC
:10964800E88E312CDCFE113F51817E2D2944BE3E2F
:10965800006C16ABE406863E445733AD14F2443E24
:109668004CE8A6AB1E22143E8CCDDC2CA56FE13D48
:1096780050018FACCDFBAB3D50BDB62BC476823DBF
:10968800C4BE11ACEF06433DD0A333AAE8E40D3DB8
:109698001493602CF526C53C6850BE2B9E117C3C6B
:1096A800787685ADF405073CA137BFAD8CD71B3B59
:1096B800005C10AAC3931CBBF86316AB6FD6CABB79
:1096C80014BFAA2CA34315BCE82636ABC57037BC1B
:1096D8006ADCD2ACBD134CBCB28805ACCC9952BC88
:1096E800C088EAA9178D49BC1926EEAC85362EBC70
:1096F800602FC6ABD8D2F7BB3439022C7B7E2ABB8D
:109708009009D32B91EDA73B8B3304ADE0AA8D3C98
:10971800A848E3ABF5B6193DF01A86AA2D2E9A3D56
:109728007550AFAC653D293E20C730ABA5BA1E3F8A
:109738000DE182BFE98F3FBF48D315ACD32A96BE4F
:10974800D0308DAAFDB44FBED695562F3F5228BEB5
:109758001EEB9DAC219F12BE571F482DF1E904BE98
:10976800605583AB3FF1F6BD10F88DAA581CE9BDD2
:10977800E41983AC177EDEBD61C8B72D9005D6BD50
:109788000005AF295A09CFBD7907312C441AC9BD44
:10979800709A35ACB4EBC3BD64CCCBAB7246BFBDDD
:1097A80018E42CACD600BBBD1C1008AFD0F9B6BD70
:1097B800008CF1AC9315B3BDE8ACED2B193BAFBDF4
:1097C80020D9D42B1152ABBD7D9FCEADDD40A7BDB6
:1097D80050485CAC37EAA2BD0091CDAA132A9EBDC1
:1097E80040E2502AF5D098BD241817AC469C92BD8B
:1097F800E0C336ACD4288BBD01A5492D10D981BD55
:10980800E6AA8E2EC83E6BBD003A072A590249BD0A
:10981800C062082A018714BDFC7D2D2CAE505FBCA8
:1098280080577CA9239C1D3D30BE13ABD00C983EBD
:10983800167223BFBFF4F3BE0077FA2BCC365FBE97
:1098480056403DAC85DA29BEFECB4CAC91AD12BE7C
:10985800DAD899AC818E05BE927888AB90FEF9BDB6
:1098680074052FAC24C5EDBDE8156DAB6C76E4BD71
:10987800601E35AC3A05DDBD52F8D92C85D4D6BD6D
:10988800F155882DC381D1BD68B6D42D2ECBCCBD62
:1098980000FF43295582C8BD205D81A97E84C4BDCF
:1098A80070ADABAC14B6C0BD30733C2DA1FFBCBDD0
:1098B800003BA1ABA74BB9BD9CFE5A2CD084B5BDCB
:1098C800C0C3FAAB3A94B1BD701A89AB765FADBD2F
:1098D8004CE514ADFCC5A8BDDB4C2F2C699DA3BD80
:1098E800107F2DABA2AB9DBDFD2F8BAD079D96BD07
:1098F80060890A2CEBF28DBDE2308FADFDE182BDAF
:1099080048AB2FAB6C1868BD7A263C2EA9BA3DBD72
:10991800B01A9F2CEF3CF7BC52D341AC8865A1BA72
:10992800D63B96ACE0A7873D2CDFB0ABD8A9CE3E9E
:10993800FCFB6BBF2DE21BBFA7DC952C75128BBE01
:109948009278D32C6E4651BE12CC352DCCF633BE50
:10995800109A2DACE4E223BEB0484C2CF0DD19BEC1
:10996800717A382DB42613BE00CA89285E750EBEDA
:10997800802E2CABCA1D0BBEB81F9B2BDABD08BEB0
:10998800B83AF72B901A07BEE690C9AC6E0F06BE20
:10999800107A3E2DF38505BE4129292DFE7005BE9E
:1099A80048808D2C50CA05BEB08BEBAB3E9106BEED
:1099B800806EB32B35CA07BE7CAE622BE07E09BE33
:1099C800023851ADF1BE0BBE344D89ABA4A10EBE19
:1099D8000032DF295E4812BE784AA92DFAE216BE87
:1099E80080EBDFAAF5B61CBE907F39ACCF2B24BE26
:1099F80074B2C7AD5FE12DBE46711D2DEBDA3ABEDC
:109A0800C335FF2C42D94CBE40EC0FAB1A2D67BEB4
:109A1800C09C93AB087988BE14C8492C1652AEBEB8
:109A2800E0786A2BDA8203BF20F513AC47E6B0BFB3
:109A3800FCDF274040C69C3FEDDA3FAC317DB63EA7
:109A480038B70C2C4F713B3E66171AADD717DF3D60
:109A5800A018A32B2A038B3DDC1037AD83552B3D73
:109A680000697D2B3854C33CFB4984AC69ED2E3C1E
:109A780080CC772DC7A61F3AE0E923AA8A12F1BB4A
:109A88009CA004ADFBC762BC1208D72B44B89DBC90
:109A9800FC3D2AAD318FC3BCE2AC962C5991E4BC95
:109AA800005618A9E5FE00BD4E439AACBE670EBD30
:109AB8000053FAAA32EB1ABD785354ACD2E426BD4F
:109AC800B8ADFEAC28AB32BD57869AACAF963EBD5A
:109AD800209DA9AB8A094BBD2C54012C977958BD00
:109AE800185A7E2C357F67BDF0EFEF2A44ED78BD1C
:109AF80048331A2DA7FD86BD98769E2BE34A94BD60
:109B08008C48D02D8702A6BD31E216AD4839BFBDBD
:109B180095A6BF2E1B84E6BDE985002D167D16BED1
:109B2800A146AE2D1B9F68BE84A197ACEFDE20BF77
:109B3800B6DFAB3FF26B133F40D2372BAAF2323E6F
:109B4800D09BA1AC0B20C23DE209702EDAD3783D40
:109B580048F89D2CEE442C3D41260D2D44D6F83C6A
:109B680028D925AC2C49B83C6D4872AD1CA48A3C58
:109B7800305F972B49DF523CB0CE0DAB3EE4213C21
:109B8800D4B94CAC158BFB3BB888CFAA1F2BC73B6D
:109B980028251C2C30CCA23BEF4FA92CC1DB8B3BDA
:109BA8009024DAABA6A9803B00315329F32B803BE4
:109BB800001CE4AB48DD893BC367352D17AD9D3BE1
:109BC8004CD2232C33FEBB3BC13451AD61B3E53BD2
:109BD800B049F92B8B260E3C124CC9ACF50F313C21
:109BE800C0B4A9ABAF595D3C588DD82B0BDA8A3C71
:109BF80020841B2BD329AF3C32239C2CF80ADF3C52
:109C0800188137ACD939103D60864BAA2E573F3D95
:109C1800E0B142ACD17C843D5F9D3A2C4550C63DB5
:109C2800525F05ADE6722F3E882BDBAC6FBF0A3F53
:109C3800A343B0BF9E5311BF7C3937AC339F49BE95
:109C4800A03D08AB4D16FABD5A5000ACF964B7BD3B
:109C580010ACF7AB116891BD644B7AACF9B870BD24
:109C680066AFC1AC535F4CBD59A2D22CA51230BD12
:109C7800C04DAB2CAFC918BD1403B1ABA3BB04BD19
:109C8800CE6972AD158CE5BCA42CDAAC5C45C4BCBD
:109C9800309B81AC1C81A4BC361776AC315B85BC8B
:109CA8000EF007AC0A234CBCA7A888ACBEE10BBCDD
:109CB800001836AABC1691BBBC83C72C51D61BB85A
:109CC800E316282DCE599B3B80E797AB0A72243CBC
:109CD80000ACD8284C38833CFD80E7ACE6A8BB3CF8
:109CE800E40AA6AC6017FE3CB62EFBADB61B273DBA
:109CF80080CF582C9BD5583D000878297A608C3D38
:109D080088917FACBD55B73D9062B52C91A6F43DC6
:109D180088ACC12C790A2A3E3073872AA44A7F3E30
:109D280074643EAC1193E23E6316E22D23E7B33F21
:109D38009B0F80C01A77BDBF3B57AFAD556704BFB7
:109D480008B4AF2B5DD8A5BEB90F38ADA25676BE04
:109D58005C85EAAC6D7C46BE86FC69AC80A727BEF4
:109D6800041C4A2C53F611BEDE24C3AC3EBA01BE15
:109D7800EBC9002EFBFDE9BD1A13B12C4943D5BD33
:109D88005852652C57D9C3BD06EEA1AD22D0B4BD3B
:109D9800903A50ADBE80A7BD60E71E2A5B719BBD9F
:109DA800D016BDAB8E4490BD3C9C89ACB5AE85BD8C
:109DB80040290DAC53DD76BD8C4C0E2D6A9062BDEA
:109DC8008200A8AC7EFE4DBD665C9CACC5A538BDC6
:109DD8009077FD2C04EF21BD988DBEAB511D09BDB8
:109DE800A21C31AEB06ADABC6EB5932C16A999BC28
:109DF80058DB832C44A317BC74F136AD8B992D3BEB
:109E0800BCBD16AD3D30963CCF9E992C1171253DB9
:109E1800F081B6AC6D4C983D80C9CAAB52E2093EA0
:109E2800E83FDEABA54D8C3E7889812D4AA9773F66
:109E3800547D4FC047088EBFA0223CAA412AD5BEF8
:109E4800A8EFCD2B17EA8DBE83D0FB2DD96D5EBE52
:109E580060FED82BCA173CBE4D0D272DED1426BE2B
:109E68001E1D782CEFB916BE5CC9102C7F610BBE85
:109E78005A7E26AD14A502BE502B932D696AF7BDF4
:109E8800DC6F89AC3923ECBDF2A86EADBECDE2BD66
:109E9800A841A02C20F9DABD24FD312DB856D4BD37
:109EA800E03036AC87AECEBD0AD0882D3AD8C9BDD1
:109EB800E856502ECDB6C5BD4AAEA2ACDB35C2BD04
:109EC8009068E8ACFE47BFBDF6D9A1AC0BE6BCBDB7
:109ED8005069E3ACF70EBBBD9959072DA0C8B9BDB1
:109EE8005E432BAC9C21B9BDA0E98D2BE434B9BDF0
:109EF800F023B3ACCF30BABDB6864F2DD664BCBD07
:109F0800804DFB29A35EC0BD3BE11C2D332EC7BD90
:109F1800F0E7FFACF41ED3BDE841C82B7B2DEABDAA
:109F2800D4B21EAD3A2A11BE100B542C5A5D90BE05
:109F38005CBF3F3F4AD4103E00C4982A4F41953A2F
:109F4800DC773D2CBFDED8BCD55F502C4FC01BBD85
:109F58008BE9B22D664135BDBBA39AAD59F044BD1E
:109F6800D246552DF0694FBDFEE0F82BA4D556BD5D
:109F7800B4BFFAAD21585CBDF1DA4EAFD39B60BDDA
:109F88008E037BAC7A0B64BDEE1107AD42EE66BD65
:109F98006886162C7A7669BDC585A3ACDFC96BBD0A
:109FA800689331ACA5066EBD3CB473ACC84670BDB1
:109FB80000A94D2D76A272BD10E97A2B1C3275BD11
:109FC80016AA31AD5E1078BDC90E0D2D6D5C7BBD36
:109FD800E8A344AC183D7FBD0C51412CA2F281BDD1
:109FE8000010362A7CCD84BD800E93299A6188BDE5
:109FF800304D202C86FB8CBDB9AF3FAD0F1693BDFD
:10A00800B686552C8D849BBD2FD781AD66D5A7BD4F
:10A018009A8768AE775DBBBDCE9EAE2C2EC5DEBDE1
:10A02800D163462DF5E418BE960193AD0784B4BEFE
:10A03800D7069F3FDFF8833EF8283FAC412F5F3DAE
:10A04800CA38BE2C5E3C643CCEAE17AC1B255EBB4A
:10A05800088CB12CC67E54BC2C3DAD2C98F39BBC0F
:10A068003FF3282D7F34BEBC0480962C683BD7BCB8
:10A078001454732D4C55EABC149F2D2CE26CF9BC7A
:10A08800605D36AECED902BDD8AF3FAB44F907BD4F
:10A098004057D72B3F5A0CBD050A9BACD32E10BD99
:10A0A800400A022BB89C13BD80C8832BAFC116BDD4
:10A0B800E4D88FAD6EB619BD449E262DC4901CBD44
:10A0C800944434AD52651FBD7E54C92C2C4922BD21
:10A0D800A06D992CA65325BD00FBEDADADA028BD04
:10A0E800107781AC34542CBDA8D444ABC89F30BD84
:10A0F8008074C82A5CCC35BDE8A7F6ABE04C3CBD03
:10A10800487386AC09E544BD80329E2B860351BD59
:10A11800B0FCB5ABCDB663BD725A21AE967682BDA2
:10A128009885212C6ADAA8BDE4B5E72C0DDF33BE8B
:10A1380025F2293F7AD8D33D8A05BC2CE882273CF2
:10A14800176C062DD1E20BBC0CFC632CC39388BCA6
:10A1580058BEB42C6542AEBC3057D2AB6ADAC6BC26
:10A16800E8667CAC6A79D8BCC09903ADA2FDE5BCB1
:10A178000CE8742D85EFF0BCA02C06AB4736FABC72
:10A1880025952C2EB13201BD29F5232DF3F004BD00
:10A198005BAE202D0F7B08BD28F22AAD6AEE0BBD01
:10A1A8003CCB23AE2B640FBDDAA110AEAFF312BDCA
:10A1B800A0C0F4AC77B416BDAF13612D01C01ABDB1
:10A1C80070E66EABCC331FBDA3BBB42CE73324BD04
:10A1D80063F506AF90EE29BD789DBE2C9CA130BDDD
:10A1E800788120AD29A338BD306C22AB4E7042BDBA
:10A1F8007812042D68C74EBDA0AAE32B9BDA5EBD7A
:10A20800D1E4E3AC5EB974BD0EBF36AC4D238ABD54
:10A2180080D5462D5EEAA2BD7284E1AC7982CFBDBD
:10A228003AC234AEDBC81BBEB6A78A2CB9FACFBE79
:10A23800E7730A40824CB63E4E32812D19D9D03D83
:10A248004B3D0D2DBF94513DF9B4AB2C20CCF03CC7
:10A25800F0EFCA2CFBB38D3C003709AA6E3D1D3CBC
:10A26800E09A7FAC1B9E8B3B807451AA2B28B23995
:10A2780080AC01ADC9E62EBBDCD9D42B90B4A5BB0C
:10A28800F05E56ACAD93E5BB39E7042D967C0DBC6A
:10A298004AFC98ADE74A24BCE0D831AC062C38BC5F
:10A2A800589E1DACD4D849BCD8764D2B8CE159BCEE
:10A2B80058FD28AD35BC68BCF6F8B8ACEFCE76BC16
:10A2C800A0F73E2B0B3C82BC3E0D83ADDA0A89BC5D
:10A2D800B86B14ACAF0690BCD874462C246B97BCF2
:10A2E800804465AACC839FBC145FEF2BD2B7A8BC6F
:10A2F8000066952C279EB3BC2E7343ACEF23C1BCDC
:10A30800B5C6022E54DCD2BC721DCDAD74BAEBBCFE
:10A31800C03CB42BCE0409BD3122882CA20F2BBD22
:10A32800607633AC45EA79BD5F919A2DF9B520BEC8
:10A33800BBC0803F8DBC053ED032FEACED1E0E3D4D
:10A348003C6E43AD2FE57D3C60E7FF2BFEF5ED3B12
:10A358004863A02C313B303BEAD6D7AC314361B9D6
:10A36800F83517ACD04011BB874712AC60C070BB42
:10A378002023062E38809CBB7BD9BDAC0A9AB8BB7B
:10A38800BCC2612C4DE8CEBBE1E6202E04DFE0BB69
:10A39800E0D05C2CA37AEFBB6F3B10ACF66BFBBB39
:10A3A80036CCE8ACE09802BCD032462B299406BCE7
:10A3B8000030D2299FC909BC219921AEC2510CBCD9
:10A3C8001888EBABAC3D0EBC6182E42D14980FBC31
:10A3D8006C11D1AC9F6510BC141CCBAB6CA410BC29
:10A3E8001FDC94AD974A10BC3FEEBDAC33430FBCA5
:10A3F800C0229E2B51680DBC0870E8AB2D770ABCB3
:10A40800282BABAC1AF705BC33117B2D69FDFDBBBE
:10A418000C83BF2CEE27E7BB10FE94AC5518BDBBD0
:10A42800DBDAEA2DCDAC33BB10FE2AAC96464C3CA9
:10A43800EB9D53BE06F507BDD276E32D203E93BCB7
:10A4480072CA83AED48E74BC79FBA22C7F135FBC16
:10A45800607FC5AD1C0D53BCC4F7152B854F4BBC95
:10A46800A062842CD6DE45BC3564A9AC52CF41BC71
:10A47800B08CC62B63A53EBCDAEA2F2DB21A3CBCC1
:10A4880040E9582CF5043ABC3C658CADF04938BC21
:10A498007CE34F2D4AD936BC66F1922D34A935BCE0
:10A4A800841D60AD8CB434BCD7DAC82CE7F933BC52
:10A4B800308BDFAC197B33BC8080922C373D33BCAA
:10A4C8003EFBB62CF74833BCE0C7F4AA87AB33BCD5
:10A4D80050344E2D0B7834BC758E22AC14CA35BC62
:10A4E800540631AEC7C937BC009A4F2B06B33ABCE5
:10A4F80087F0042F6AE23EBC96D59CAC41EE44BC82
:10A50800A083742DDEDA4DBCA69EE3ADC1945BBC7E
:10A51800ECCC2FAC1B3C72BC364B202C12468EBCAC
:10A5280088C6402DE6EFC0BC62DFC22CA81B61BD07
:10A5380041311A3F75D4223D8282952C0DD2083CB8
:10A54800BC2CDA2D8C720E3BAC19442D8FB8D0B9C7
:10A5580000CAADAAD77DE7BA7C83502CF96F29BB16
:10A5680060E6142A82A84BBB4207B5AC551762BBFC
:10A57800C0E291ABDFC970BB000933AB8F147ABB63
:10A5880030C3E4ABF9637FBBBE06A6AD4CD080BB3D
:10A5980021E50D2E33B180BB26198D2D240D7FBBEF
:10A5A800C7E620AD75E07ABB8907CA2D0A0175BBDD
:10A5B8004015B42CA17D6DBBC06D31AA045164BB9C
:10A5C8001CAE4CAC9F6159BB1C36952C8C7E4CBB89
:10A5D800807AD92C6C593DBB90D5702B8D7B2BBBC9
:10A5E8006E1C752E393316BBC89D0E2C3FE6F8BA83
:10A5F800B0EBDCAC352EB9BAC913492DF4C64FBA45
:10A608004C455BAC9ED708382DB6152D8EEE9C3A7E
:10A61800FC95042C3EF1433B392D122DC6DFC93B76
:10A62800BC83C5AC8F905C3C626A34AE7B6F4B3D9B
:10A6380056B593BFED2A70BDA77AF2AD63B9B7BC22
:10A648000C1CD92CD6BA77BC2B41D42D0FA443BCF3
:10A6580020C5982B0C1626BCA8F083ACB5C412BC38
:10A6680040A091298AF504BC8C17FBABD5E7F4BB55
:10A67800E89B122C4F2AE4BB648E0D2C2459D6BBC0
:10A68800D8D438ACFB9ECABB9023272D2B71C0BBF6
:10A6980060C5A7AAEF71B7BBD6BD252DDB5FAFBBE1
:10A6A800D0CAA92B350CA8BBBEC5192D1855A1BBFE
:10A6B80078BF002DC6219BBB3655202D506095BB19
:10A6C80034CA432D260490BBD940732C41058BBB5B
:10A6D80054E0E3ACD25F86BB00F0222B7A1482BB35
:10A6E8000849982B4E527CBB259D802EF75575BB8B
:10A6F800F7CBD6AE2B646FBBE8F351AC27D26ABB5D
:10A70800D7D534AD233A68BBF435F6AB5FC668BB22
:10A7180070B964AC40FD6EBBE7118EACE8BB80BB82
:10A7280087B9472D5D399CBB2769B1AE2F8B1BBC00
:10A73800A4ABEE3E8194AA3B903466AC56E2F9395C
:10A748001426332D1726C1B96033D8AC44E92CBA86
:10A7580080EAEF2C090D49BA785A47ABB46E4FBA64
:10A76800F01EAA2BDA374ABA842B902CC8253EBA99
:10A7780000DA412DB8BA2DBA6C1D9A2CFA6A1ABAA9
:10A7880024A04EAD0C1E05BAAADBA9ACF7D8DCB9DB
:10A79800007E76AB6880ADB9FD9AFCAE839A79B934
:10A7A800F754A12E2E6E16B93814832E160249B806
:10A7B80080858A8F94989DA2A6ABAFB3B8BCBFC35F
:10A7C800C7CACDD0D3D6D8DADCDEE0E1E2E3E4E4F0
:10A7D800E4E4E4E3E2E1E0DEDCDAD8D6D3D0CDCAC3
:10A7E800C7C3BFBCB8B3AFABA6A29D98948F8A85E8
:10A7F800807B76716C68635E5A55514D4844413D83
:10A80800393633302D2A28262422201F1E1D1C1CD1
:10A818001C1C1C1D1E1F20222426282A2D303336DE
:10A82800393D4144484D51555A5E63686C71767B99
:10A838000000004396F347427D278F287CC0053CE3
:10A84800E5011828863E913DA1521328FC93BD3C92
:10A85800B6BEB3288030103D2F8F6128ECE4FA3C57
:10A86800253E8E287367DB3C12D4AB2835A2E53C25
:10A8780075768928DC26633CB0EB1B296DD86E3CC5
:10A8880032A9F127012ACE3C431CA328936B493CEB
:10A898008B600F287403CF3CBEFA8B286BAE023C4A
:10A8A800A09F59283921E83D4FD5862866CEBD3C62
:10A8B8007ECFBC2839AD613CC55129283BD39B3C90
:10A8C800454CE02816F2543DEFF77529B138D23CD3
:10A8D8001912C62603A2D03C0F8F08298A2E933D51
:10A8E800C1A5CA28F44A683D17580D2AC2BD513C73
:10A8F800470A1F2AAD72AA3C151BF128B3FA323C4D
:10A90800859A992914A80F3DFCB482298DF5833CBA
:10A91800069A932867C7563BB313CB285D5C1B3C4C
:10A928007BA91C2A121C943C8975E1290DBEEE3BBB
:10A9380093832B280DBEEE3B6EA33728121C943C44
:10A9480063E24F295D5C1B3C44C71D2A67C7563B21
:10A958003BC3AF298DF5833C212E1C2A14A80F3D3B
:10A9680022B9FC28B3FA323CCE58B428AD72AA3CBE
:10A978006BA1A728C2BD513CC182A529F44A683DF4
:10A9880077E2CE298A2E933DBC3AD62803A2D03C42
:10A998005B595529B138D23C1EA61B2A16F2543DE4
:10A9A8004953B0293BD39B3C5F3E902A39AD613C6B
:10A9B800BCEAFE2966CEBD3CEFBDBC293921E83D85
:10A9C8008274AC296BAE023C97539B297403CF3C2D
:10A9D800BE3E3829936B493C3F360329012ACE3CB9
:10A9E800E3CA192A6DD86E3CBD2B0829DC26633CC6
:10A9F800E2220A2A35A2E53C1F96022A7367DB3C4D
:10AA0800787EDB29ECE4FA3CFB4FD4298030103DFA
:10AA1800F5BDB92AFC93BD3CCA73792A863E913D9F
:10AA2800E9AD8D2A7CC0053C5C563D2A96F3474229
:10AA3800B81C57D8F1F5C17F190E279E86F781DE1D
:10AA4800E155B05A779FE741A12A6BFACDE47B2301
:10AA580001000000020000000300000002000000E6
:10AA68000100000073717274000000007371727449
:10AA780066000000FB21F93FFB2109407CD9124008
:10AA8800FB2119407A6A1F407CD92240BBFD254032
:10AA9800FB2129403A462C407A6A2F405C473140D6
:10AAA8007CD932409C6B3440BBFD3540DB8F37404E
:10AAB800FB2139401BB43A403A463C405AD83D4005
:10AAC8007A6A3F404C7E40405C4741406C104240AF
:10AAD8007CD942408CA243409C6B4440AC344540F6
:10AAE800BBFD4540CBC64640DB8F4740EB5848404E
:10AAF800FB21494083F9A200444E6E00FC29150051
:10AB0800D1572700DD34F50062DBC0003C99950081
:10AB1800419043006351FE00BBDEAB00B761C50046
:10AB28003A6E2400D24D42004906E00009EA2E00A0
:10AB38001C92D100EB1DFE0029B11C00E83EA700C5
:10AB4800F535820044BB2E009CE98400B4267000D1
:10AB5800417E5F00D6913900538339009CF4390057
:10AB68008B5F840028F9BD00F81F3B00DEFF9700CB
:10AB78000F980500112FEF000A5A8B006D1F6D000A
:10AB8800CF7E360009CB2700464FB7009E663F00B0
:10AB98002DEA5F00BA277500E5EBC7003D7BF100A1
:10ABA800F739070092528A00FB6BEA001FB15F0079
:10ABB800085D8D00300356007BFC4600F0AB6B004F
:10ABC80020BCCF0036F49A00E3A91D005E61910015
:10ABD800081BE60085996500A0145F008D40680099
:10ABE80080D8FF0027734D0006063100CA561500AD
:10ABF800C9A873007BE260006B8CC000000FC93FDE
:10AC0800000F494000CB9640000FC9400053FB405D
:10AC180000CB164100ED2F41000F49410031624140
:10AC280000537B41003A8A4100CB9641005CA34126
:10AC380000EDAF41007EBC41000FC94100A0D541E5
:10AC48000031E24100C2EE410053FB4100F20342F1
:10AC5800003A0A420083104200CB164200141D42FB
:10AC6800005C234200A5294200ED2F4200363642FF
:10AC7800007E3C4200C74242000F4942A200000049
:10AC8800F9000000830000006E0000004E00000084
:10AC9800440000001500000029000000FC0000002E
:10ACA8002700000057000000D1000000F500000058
:10ACB80034000000DD000000C0000000DB000000E0
:10ACC8006200000095000000990000003C000000B0
:10ACD800430000009000000041000000FE0000005A
:10ACE8005100000063000000AB000000DE0000001F
:10ACF800BB000000C500000061000000B7000000B4
:10AD0800240000006E0000003A000000420000002D
:10AD18004D000000D2000000E00000000600000026
:10AD2800490000002E000000EA00000009000000B1
:10AD3800D1000000920000001C000000FE0000008E
:10AD48001D000000EB0000001C000000B100000026
:10AD580029000000A70000003E000000E8000000F5
:10AD68008200000035000000F50000002E00000001
:10AD7800BB0000004400000084000000E90000005F
:10AD88009C0000007000000026000000B4000000D5
:10AD98005F0000007E000000410000003900000054
:10ADA80091000000D6000000390000008300000078
:10ADB8005300000039000000F40000009C0000006F
:10ADC800840000005F0000008B000000BD00000050
:10ADD800F9000000280000003B0000001F000000F0
:10ADE800F800000097000000FF000000DE000000EF
:10ADF80005000000980000000F000000EF000000B0
:10AE08002F000000110000008B0000005A00000015
:10AE18000A0000006D0000001F0000006D00000027
:10AE2800360000007E000000CF0000002700000070
:10AE3800CB00000009000000B70000004F00000030
:10AE4800460000003F000000660000009E00000071
:10AE58005F000000EA0000002D00000075000000FF
:10AE680027000000BA000000C7000000EB00000047
:10AE7800E5000000F10000007B0000003D0000003C
:10AE88000700000039000000F70000008A000000F9
:10AE98005200000092000000EA0000006B00000071
:10AEA800FB0000005F000000B10000001F00000070
:10AEB8008D0000005D000000080000005600000042
:10AEC800030000003000000046000000FC00000005
:10AED8007B0000006B000000AB000000F0000000E9
:10AEE800CF000000BC000000200000009A00000015
:10AEF800F4000000360000001D000000A90000005A
:10AF0800E300000091000000610000005E00000006
:10AF1800E60000001B0000000800000065000000BB
:10AF280099000000850000005F0000001400000088
:10AF3800A000000068000000400000008D00000034
:10AF4800FF000000D8000000800000004D00000055
:10AF58007300000027000000310000000600000018
:10AF6800060000001500000056000000CA0000009E
:10AF780073000000A8000000C90000006000000085
:10AF8800E20000007B000000C00000008C00000010
:10AF98006B0000000000000000000040FB21F93FAA
:10AFA800000000002D44743E000000809846F83CE4
:10AFB8000000006051CC783B00000080831BF03912
:10AFC8000000004020257A38000000802282E33605
:10AFD800000000001DF369350200000003000000B6
:10AFE80004000000060000000000C93F0000F0391E
:10AFF8000000DA370000A2330000842E0000502B36
:10B008000000C2270000D0220000C41F0000C61B99
:10B0180000004417040000000700000009000000B9
:10B028000024F400010000000C00002000000000D3
:10B038000000000000000000000000000000000008
:10B0480000000000000000000000000000000000F8
:10B0580000000000000000000000000000000000E8
:10B0680000000000000000000000000000000000D8
:10B0780000000000000000000000000000000000C8
:0CB08800000000000000000000000000BC
:0400000508000BA93B
:00000001FF
