:020000040800F2
:1000000000000220550600083906000819060008FD
:10001000210600082906000831060008000000003B
:10002000000000000000000000000000A50600081D
:10003000A506000800000000A5060008A5060008A7
:10004000A5060008A5060008A5060008A5060008E4
:10005000A5060008A5060008A5060008A5060008D4
:10006000A5060008A5060008A5060008A5060008C4
:10007000A5060008A5060008A5060008A5060008B4
:10008000A5060008A5060008A5060008A5060008A4
:10009000A5060008A5060008A5060008A506000894
:1000A000A5060008A5060008A5060008A506000884
:1000B000A5060008A5060008A5060008A506000874
:1000C000A5060008A5060008A5060008A506000864
:1000D000A5060008A5060008A5060008A506000854
:1000E000A5060008A5060008A5060008A506000844
:1000F000A5060008A5060008A5060008A506000834
:10010000A5060008A5060008A5060008A506000823
:10011000A5060008A5060008A5060008A506000813
:10012000A5060008A5060008A5060008A506000803
:10013000A50600080000000000000000A506000859
:10014000A5060008A5060008A5060008A5060008E3
:10015000A5060008A5060008A5060008A5060008D3
:10016000A5060008A5060008A5060008A5060008C3
:10017000A5060008A5060008A50600080000000066
:1001800000000000A50600080000000000000000BC
:10019000A50600080000000000000000A5060008F9
:1001A000000000000000000000000000A50600089C
:1001B000A5060008A5060008A5060008A506000873
:0401C000A506000888
:1001C800BFF35F8F034B01229A61BFF35F8F00BFBC
:1001D800FDE700BF00080240BFF35F8F044B002813
:1001E80014BF01224FF480329A61BFF35F8F7047CA
:1001F800000802403B4B187838B13B4A3B4B126829
:100208009A4203D00020704718467047384B1B6845
:1002180040F22142C3F30B039342F3D1354B1B88C1
:100228009BB2B3F5007FEDD1334A344B10683449A3
:1002380003408B42E6D1136803F0F803802BE1D129
:100248005368304923F0802323F43C038B42D9D1EF
:1002580093684FF6FC410B4049F208418B42D1D1DB
:10026800D2F88C30DB01CDD4274BD3F8883003F497
:100278007003B3F5700FC5D1244B1B6840F20F72A1
:10028800134040F205729342BCD1214A136803F42B
:100298007033B3F5404FB5D1536803F45033B3F519
:1002A800804FAFD102F5E432136C13F00103ABD0E9
:1002B8004FF0804341F63F71986A8842A2D1D868CE
:1002C80000289FD1536B13F080039ED1106B114906
:1002D8000140002998D1106C80F40030C0F34040F0
:1002E800704700BF700000200000002000688909E6
:1002F800002004E0227AFF1F0038024002000102B9
:10030800020000021050002500ED00E0003C024011
:100318000070004000106020984A994B106B994972
:1003280070B5994C002540F00500257010634FF416
:100338008030166B9861186820F0030040F00100C7
:100348001860586820F001005860986820F0030091
:100358009860D86820F00300D8604FF400138B61D0
:100368000B688A4823F4406343F480630B6005609C
:10037800136C874823F4003323F0010313640B68DC
:1003880043F0F0030B60CB6823F0F003CB60036805
:1003980040F22141C3F30B038B4284B005D17D4B5E
:1003A8001B889BB2B3F5007F02D0002004B070BD5B
:1003B800116B794B21F005011163116B116821F064
:1003C800F90141F08101116002E0013B00F0C980B0
:1003D80011688E07F9D590686F4B704920F00300BB
:1003E800906002E0013B00F0B5800A6812F00C0F43
:1003F800F8D16249684B0A6822F0867222F480328A
:100408000A6002E0013B00F0B2800A689501F9D465
:100418000A6C634D604B634842F080520A640A6C70
:100428002A6822F4703242F440422A6002E0013B1A
:1004380000F09080026812F4403FF8D14F4A5A4BBE
:1004480053601068544B574940F08070106001E0C9
:10045800013B7FD00A685004FAD554484E4A40F20E
:100468000571016040F20F7501E0013A72D003682E
:100478002B408B42F9D14149474B8A6822F47C4290
:1004880022F0F00242F414428A60D1F88C2022F063
:100498008072C1F88C2001E0013B68D00A689201A3
:1004A800FAD58B683C4A3D4823F0030343F0020326
:1004B8008B6001E0013A4DD0036803F00C03082B70
:1004C800F8D100F0F7F82D49394A0B6B1068394A12
:1004D80043F005030B6390420B6B7FF466AF364A1B
:1004E800D2F8883043F47003C2F88830BFF34F8FD6
:1004F800BFF36F8F4FF07F524FF08043019202930A
:10050800DDED017A9DED027A67EE877AB5EE007A25
:1005180077EE877AB0EE0A7ACDED037ADDED037ACD
:10052800F4EE477AF1EE10FA7FF43FAF0A6C42F02E
:1005380001020A644FF08043096C002241F63F70C3
:1005480001211A60DA609862217004B0BDE8704039
:10055800FFF750BE094B1A6B42F005021A631B6B7A
:1005680023E7136B43F005031363136B1DE70B6B52
:1005780043F005030B630B6B17E700BF003802401D
:1005880000080240000002407000002010E000E077
:10059800002004E0227AFF1F00093D0008380240CD
:1005A800007000400470004010500025003C0240DC
:1005B800000000200068890900ED00E018B3F0B4DD
:1005C800DFF844C000252C464FF080430127092658
:1005D8006045014628BF614601EB81025200013A9D
:1005E8001C60DA625C625F611C611E601A69D20776
:1005F80003D400BF1A69D207FBD5401A1D601D61DC
:10060800E6D1F0BC70477047A086010030BFFDE717
:1006180008B5FFF7D5FD00BF08B5FFF7D1FD00BF4E
:1006280008B5FFF7CDFD00BF08B5FFF7C9FD00BF4E
:1006380008B5FFF7C5FD00BF08B500F073F830BF77
:10064800FDE700BF704700BF704700BFDFF834D038
:1006580000F026F80C480D490D4A002302E0D45852
:10066800C4500433C4188C42F9D30A4A0A4C0023F4
:1006780001E013600432A242FBD304F061FAFFF7F1
:10068800DBFF704700000220000000206C00002003
:1006980018A9000870000020109E0020FEE7000046
:1006A800034AD2F8883043F47003C2F888307047A0
:1006B80000ED00E0164A936803F00C03042B0CD0FD
:1006C800082B0CD0134B124A134892681349C2F3F3
:1006D8000312825CD3400B607047114BF3E75068FC
:1006E800516852684302C2F388124CBF0C4B094B45
:1006F80001F03F01B3FBF1F303FB02F3044A526834
:10070800C2F3014201325200B3FBF2F3DBE700BF50
:10071800003802400024F400E055000800000020E2
:1007280040787D012DE9F84FFFF7F6FD00286CD0E1
:100738000020FFF751FDDFF83881DFF838B1DFF826
:1007480038A1DFF838910125FFF754FD002867D05C
:10075800042D58D9082D8CBF514649464FF40062E4
:10076800284601F01BFC002866D0FFF743FD00284F
:1007780067D0012D41F2883018BF4FF47A7058F8CD
:10078800046B6F1EFFF71AFF0120FFF725FDC6B1A6
:10079800002402E00134A64213D0284601F09AFC56
:1007A8000028F7D12E4A2F4B2F4942F82740012025
:1007B80005220D601A60FFF70FFDBDE8F84FFFF73F
:1007C80025BF0020FFF708FD254B43F82760FFF7FA
:1007D80011FD00283AD0284601F084FD00283AD0BF
:1007E800284601F053FF214B013543F827000D2D12
:1007F80053F82730A8D14FF4FA60FFF7DFFEBDE8C1
:10080800F84FFFF703BF5946A8E7174A154B106082
:1008180001201860FFF7E0FCBDE8F84FFFF7F6BECF
:10082800114A104B1560022201201A60FFF7D4FC10
:10083800BDE8F84FFFF7EABE0B4A0A4B15600322E2
:10084800F2E7094A074B15600422EDE7064A054B13
:1008580015600722E8E7044A024B15600822E3E71F
:10086800D89D0020A49D0020089E0020A89D00205F
:10087800F05500082056000820660008205E000891
:100888002DE9F04F85B0431E02934C1E00F10F0C6A
:1008980013F8012F14F8015F9C4582EA05021A70CB
:1008A800F6D101F10F03019301F19F030393DFF8E0
:1008B80060A100F110030093029B13F8012F1AF8AE
:1008C80002201A709C45F8D14578447B417A4279D8
:1008D8008378877A867945734472857BC4784171B9
:1008E8004270C179C27A8372C37B877086738571BF
:1008F800C471C172C273C370074697F800907C78C0
:10090800BE7897F803804FEAD915E1096B00F20920
:100918001D444B00194453001A444FEAD8134FEAB8
:10092800430B5B4405EBC50501EBC10102EBC202B9
:1009380084EA060E81EA440182EA460285EA49050C
:1009480089EA040403EBC303EDB28EEA080BD2B2C2
:1009580089EA06068EEA090E88EA040483EA48034F
:10096800C9B25440DBB288EA060685EA0E0E4E404C
:100978005C4085EA0B0B83EA0E03FB7081EA0B01EE
:10098800009B397072407A70BC700437BB42B4D196
:10099800DDE9011313F8012F11F8014F9C4582EA94
:1009A80004021A70F6D1019B039A10339A420193FC
:1009B80082D1029B13F8012F1AF802201A709C4565
:1009C800F8D14278437A417B427342794371837A02
:1009D80041724270817882798370C3788172817B99
:1009E8008273C279C371C37B8171C370C17A029B60
:1009F800C272039AC17313F8011F12F8010F9C45C4
:100A080081EA00011970F6D105B0BDE8F08F00BF8A
:100A18004C6F0008F0B41F4CB4F800688446A6B3C5
:100A28004FF0FF310D460023201D0EE0B1F1FF3FCE
:100A380008D0AA4206D104EBC1023F5A92889742D5
:100A480038BF19460133B3420AD054F83320AA42BA
:100A58004FEAC307EAD219460133B3421546F4D127
:100A6800CB001A46013E04EBC601A51803C9AD88A0
:100A7800A258ACF80450234483E80300A4F80068A3
:100A88006046F0BCCCF8002070476FF007021346B0
:100A9800E8E700BF74000020002944DD2DE9F04F8D
:100AA80083B0834600F1FF394FF00008531E4046DB
:100AB8008944CBF1010A019308F10103994228DD29
:100AC8000BEB0803012405E0FF2C0FD099455FFAD2
:100AD8008EF415D093F800C00AEB03051E4613F8F0
:100AE800017FBC4504F1010EA846EDD01454019CC9
:100AF80033780230A9422354DEDC03B0BDE8F08F1E
:100B08001454431C1BF80510D154023003B0BDE83F
:100B1800F08F0123135402301BF80830013A1354A4
:100B280003B0BDE8F08F0020704700BFA1B10346B5
:100B38000129007810700FDD70B45E1E0E441D464A
:100B480001336C782D78B342A4EB050402F8014F09
:100B5800F5D1084670BC7047084670472DE9F04F3C
:100B6800002985B0CDE902025BDD4FF00008C646DA
:100B7800CDF80480C446934600F1FF3A029B13F86F
:100B88000E308BF80230019B8BF800800EF10106C5
:100B98000333B1428BF801C0009339DDFE2E0BF10F
:100BA800030B3CDDAEF1FE07029B4FF00009CC467B
:100BB80003EB0E080AEB07004246002308E010F892
:100BC800015F12F8014FA54205D10133FF2B02D076
:100BD8009C198C42F3DB9C45BCBF9C46A6EB0709DD
:100BE800774507F1010301D01F46E3E70CEB060E3A
:100BF8008E455FFA89F85FFA8CFC0DDB039A019940
:100C08000098531802F8008083F804C04B1D009325
:100C1800009805B0BDE8F08F009B0193AEE7002770
:100C2800C2E700230093009805B0BDE8F08F00BF2D
:100C38002DE9F04FADF21C5DCDE90120002800F050
:100C4800EF80B1F5006F884600F2EA80019C002C25
:100C580000F0E6804FF484720021204603F0B0FFD4
:100C680000254FEA182384F800806370A570E570AA
:100C7800B8F1000F00F0E680294641F20442BB4873
:100C880003F09EFF2946029D46AC6B1E1E46204679
:100C98004FF48062039303F093FF31460B4611F83B
:100CA800010F023354F820205B1B0132984544F8A9
:100CB8002020F3DCAD4D002305F6023905F6021EAF
:100CC8001A4645A90DF214574FF0010C51F8040FBC
:100CD80005EBC3045E1C50B145F8330090B2B3B2C3
:100CE800A080A5F8003802F809C02EF812008F423B
:100CF80002F10102EAD19E4E012B06F5807444D917
:100D08004FF4807906AF04A8FFF784FE3846FFF752
:100D180081FEB5F800E83968049A954BBDF81400CF
:100D2800B7F804C005EBCE0B0A440EF1010A45F8EA
:100D38003E209049ABF804901FFA8AFA6FF43062AB
:100D4800CE46A5F800A809F101099D181FFA89F9EE
:100D5800491B03E062450BD0A34213D013F8012FBF
:100D6800002AF9D031F813208242A3F5407BF1D153
:100D780021F813E09BF80020A34202F101028BF84E
:100D88000020EBD1BAF1010FBDD8794B4FF0000923
:100D980006A913F8012F2AB15A1E921B01F809203F
:100DA80009F101099C42F4D1B9F1010F43D025DDC5
:100DB8000DF1170303EB090709F1FF3E06AE4FF0EB
:100DC800000C0CF1010CE145C8BF334603DC11E00F
:100DD8002CD09F420ED0327813F8011FAC18681837
:100DE80094F8024890F802088442F1D931701A70D8
:100DF8009F42F0D1E64506F10106E2D1B9F1000FB4
:100E080055D006AF3C4607EB09013A4601E091424E
:100E18001ED012F8013B2B4493F80238202BF6D948
:100E28004FF0FF300DF21C5DBDE8F08F8A42D0D93B
:100E380031701A70DCE79DF818302B4406AF83F840
:100E48000298DFE74FF484700DF21C5DBDE8F08F67
:100E5800019B49494FF4807203F1080003F0A2FE98
:100E680017F801092B18291893F8023891F8021875
:100E78008B424FF00002B94417D20133DBB29942DA
:100E88004FEA4202F9D100F5C07305EBC303A1454F
:100E98009A60197102F1010211D014F8010F0B4682
:100EA800291891F802188B42E7D31946EBE7019B02
:100EB80031494FF4807203F1080003F073FE03997F
:100EC800029800260B4611F8012F05EBC2020233E7
:100ED80092F8042C1B1A98451644F3DC019C029FD7
:100EE80026714FEA166E002084F807E0330A310CA9
:100EF800DDF80CE084F80801C7F1010C6371A171F9
:100F08000246074604F58474A9461EF8013FDB0033
:100F180003F6044309EB030119F803304D68591E21
:100F2800BBB125FA01F314F800A0C2F1070B03F0D6
:100F3800010303FA0BF3013243EA0A03082A235494
:100F480005D10130B6EBC00F88BF27540022013904
:100F5800E7D20CEB0E039845D7DC002AC8BF013056
:100F680000F584700DF21C5DBDE8F08F7400002060
:100F7800750B0020FEF2FFFF760800202DE9F04FE8
:100F8800B3B08A460092013B06AA0AAC13F8011FC7
:100F980002F8011BA242F9D1584EDFF864E10DF1C5
:100FA80023014FF0010C102203AF02AB0C4614F8DA
:100FB800015F03F8015BBB42F9D113075FD09DF8CD
:100FC800083011F80B8C4D1D0DF1090483EA080354
:100FD800BC4205F8013B09D014F8013B15F8108C08
:100FE800BC4283EA080305F8013BF5D10432B02A74
:100FF80001F10401D9D1BAF1000F7DDD0AF1FF3307
:101008000193AAF1100923F00F03A9EB0309009B30
:1010180000EB0A08544603EB0A070DF1170613E024
:1010280006A902A8FFF72CFC0DF1080CBCE80F007C
:10103800103C07EB050CA1457851CCF80410CCF80E
:101048000820CCF80C3036D0102CA346A8BF4FF09F
:10105800100B5A46A8EB040102A803F0A3FD0F2CBD
:10106800C4F10005DCDCCBF110030BF1FF3202A95F
:10107800DBB20A4402F8013FB242FBD1D0E79DF847
:1010880009301EF80C809DF808909DF80B509DF8CB
:101098000A40F35C16F80990755D345D8DF80B9085
:1010A80083EA08030CF1010C8DF808308DF80A501A
:1010B8008DF8094085E7019B23F00F0510351AF0DC
:1010C8000F0F15D10DF107030DF11701102203F8C9
:1010D800012F9942FBD106A902A802ACFFF7D0FB69
:1010E8000FCC009E741970516160A260E3601035E6
:1010F800284633B0BDE8F08F0025E0E74C6F0008C4
:10110800406F00082DE9F04FCDB00DF12C0C039085
:1011180062461BAE4B780D78CC7888781B0443EA7E
:101128000563234343EA002342F8043F964201F152
:101138000401EFD13CAD0CAA966B134652F8040F8C
:101148005C6A1F684FEAF64383EA76434FEAB04188
:1011580083EA96233C4481EAF011234481EAD001D2
:101168000B449542D363E7D1039BDFF8E8B0D96815
:1011780058699A691D685F689E681C69DB690493F1
:10118800334B01934BAB0293DDF81090059506970E
:101198000796089109940A900B928A4680469646CB
:1011A8005B460BE0B2463E462F461546019AF1468D
:1011B800C646A0461C4652F8043F01924FEAF42165
:1011C8002EEA040081EAB41104EA080281EA746193
:1011D80042405CF8040F0A4487EA060B4FEA75316F
:1011E800024481EAB5010BEA050B07EA060081EA29
:1011F800B5518BEA0000084402994A441A446145F3
:1012080002EB0A030244CDD1059911440A46069916
:1012180029440D46079939440F46089931440E462A
:10122800099919440A9B23441C460B9B43441846BE
:10123800049B73448C461946039BC3E90157C3E9D1
:10124800036CC3E905401A60D9614DB0BDE8F08F61
:10125800406E0008982F8A422DE9F0433D4E0F4614
:10126800804614460FCE99B06D460FC596E80F001C
:101278003F2F85E80F006BDDA7F1400626F03F03FE
:1012880008F1400999444546294668464035FFF724
:1012980039FFA945F8D126F03F054035A8447D1B04
:1012A8002A46414608A803F07DFC18AB2B440135BB
:1012B8008022382D03F8402C42DD08ABC5F14002EE
:1012C8005819002103F07CFC08A96846FFF71AFFAB
:1012D8003822002108A803F073FCFB17DE0046EA59
:1012E8005776F90000230DF15F07C3F1200521FAB5
:1012F80003F2A3F1200006FA05F52A4326FA00F0C6
:1013080008330243402B07F80129EED108A96846A3
:10131800FFF7F8FE07AD2246ADF1040151F8043F8E
:10132800D3701C0E180C8D424FEA132314705070A2
:10133800937002F10402F1D1202019B0BDE8F083C6
:1013480008ABC5F138025819002103F039FCC4E78D
:101358003D46A5E7206E000830B404680D682C44AB
:1013680004601D686C404FEA34441C6015682C44C6
:1013780014600D686C404FEA34540C6005682C44C6
:101388000460186860404FEA3060186013680344CE
:1013980013600A6853404FEA736330BC0B607047B0
:1013A80070B50D1F90B004462A466B4610A852F837
:1013B800041F43F8041B8342F9D10A260CAB08AA80
:1013C80004A96846FFF7C8FF0DAB09AA05A901A83B
:1013D800FFF7C2FF0EAB0AAA06A902A8FFF7BCFFD7
:1013E8000FAB0BAA07A903A8FFF7B6FF0FAB0AAA12
:1013F80005A96846FFF7B0FF0CAB0BAA06A901A820
:10140800FFF7AAFF0DAB08AA07A902A8FFF7A4FFD8
:101418000EAB09AA04A903A8FFF79EFF013ECDD190
:10142800201FADF104020FAC52F8043F55F8041F19
:10143800A2420B4440F8043FF6D110B070BD00BF83
:101448002DE9F047A0B01D6804955D6805959D6875
:101458000695DD6807951D69289C08955D690995BD
:101468009D69DB6926680A950B93A5686368264C15
:10147800009404F11A64254F0E9304F10F14244BC1
:10148800019304F56D440123B1F10008CDE902741C
:101498000D960F950C9332DD824616460027694655
:1014A80010A8FFF77DFFA8EB070CBCF1400F06EB77
:1014B8000704A8BF4FF0400C7A1E0CEB040021462D
:1014C8005244631A23F0030E20ADAE4403F0030325
:1014D8005EF8405C12F8019FDB0025FA03F383EA0B
:1014E800090304F8013BA042EBD10C9B674401338C
:1014F800B8450C93D3DC384620B0BDE8F087002708
:10150800384620B0BDE8F08765787061322D627981
:101518006E642033002917DD70B4441E0C48661829
:101528004FF0FF3314F8015F08216B40DD074CBF13
:1015380080EA53035B080139F8D1B442F2D1DB43A6
:10154800002070BC136070470023136000207047B0
:101558002083B8ED000000002DE9F04F2DED0C8B35
:1015680091B00A910F92002800F0BF81002A00F084
:10157800BC8101F1FF3EBEF5006F0B4680F0B581DE
:101588001EEA01040E9440F0B081012900F0AB81FD
:101598005B10012B04F10104FAD1DFF88083DFF836
:1015A80078938644471EC0F1010C4FF0000BC246E9
:1015B8000120661E0CEB0705002C00F0918100232A
:1015C800194600FA03F22A4203D0F21A00FA02F28C
:1015D800114301339C42F4D1CF4B03EB810308EB59
:1015E800810117F8012FC1F800B007EE902AF8EE34
:1015F800677ABE45C3ED007ADCD1002C00F0288163
:1016080001239FEDBD7BBEA7D7E90067B0EE47DA9F
:10161800F0EE67DA0C93E3180D930C9A012101FAA6
:1016280002F3079303EBD3730B4104939B000B93D3
:10163800042393400993B84B069307F10041B74B35
:1016480005930CEE106A00230CEE901A0893079B82
:10165800012B40F3C4809FEDAC7B0B9B069A059D44
:10166800991800245BEC17AB4FF000084FF0000905
:1016780000915F1916460394009C206803F00CFC47
:1016880002460B46386843EC1A2B03F005FC524619
:1016980041EC180B5B4651EC1A0BB0EE489AF0EE91
:1016A800689A03F051FC424641EC1B0B4B4651EC47
:1016B800180B03F049FC02460B4651EC1B0B03F0D8
:1016C8008BFA524641EC180B5B4651EC190B03F0B0
:1016D8003BFC41EC170B42464B4651EC1A0BB0EE63
:1016E800479AF0EE679A03F02FFC02460B4651EC3E
:1016F800190B03F073FA02460B46306843EC1A2BB9
:1017080003F0CAFB02460B46286843EC1B2B03F088
:10171800C3FB41EC170B53EC1B2BB0EE479AF0EED2
:10172800679A51EC180B03F059FA03F005FF53ECD4
:10173800192B46F8040B51EC1A0B03F04FFA03F07F
:10174800FBFE844653EC182B45F804CB51EC1B0BDD
:1017580003F042FA03F0F0FE844644F804CB53EC5D
:101768001A2B51EC190B009403F036FA03F0E4FE3F
:1017780053EC1D2B47F8040B5946504603F0E4FB85
:1017880042464B4641EC1A0B51EC1C0B03F0DCFBB8
:1017980002460B4651EC1A0B03F01EFA41EC170BEC
:1017A80053EC1D2B40464946D046D9465BEC17AB57
:1017B80003F0CAFB42464B468046894651EC1C0B57
:1017C80003F0C2FB42464B4603F008FA039A049B17
:1017D80001329A42039280468946FFF64DAFDDE911
:1017E8000723069913440846099A05990893104453
:1017F80011440A9A06909A4205913FF728AF0C9B2C
:101808000D9901338B420C9322D0012202FA03F086
:1018180003F030FB02460B463DA1D1E9000103F07D
:10182800BDFC41EC100B41EC180B00F0D9FFB0EEF9
:10183800407AF0EE607AB0EE480AF0EE680A57ECAB
:10184800176B00F079FFB0EE40DAF0EE60DAE4E60C
:101858000A9B314EDFF8C4800F9F06EB8309CDF851
:101868000C90994656F8040B03F016FB02460B46FB
:1018780058F8040BCDE9002303F00EFBDDE9002343
:1018880082468B461046194603F05EFB52460446D4
:101898000D465B465046594603F056FB02460B463A
:1018A8002046294603F09AF941EC100B01F038F86C
:1018B800484655EC104B03F0DDFA0B460246294624
:1018C800204603F06BFC03F037FE039B47F8040B3C
:1018D8009E42C7D10E9811B0BDEC0C8BBDE8F08FBD
:1018E80051464B467DE60E9C57E64FF0FF330E936C
:1018F800F0E700BFAFF30080000000000000F0BF79
:10190800075C143326A6A13C000000000000F03F4D
:10191800182D4454FB2119407834002078140020F5
:101928002DE9F047DDF82090D8B3D2B3CBB3002926
:101938002FDD09F1FF3C9C44C9F100079E464FF09A
:101948000008B9F1000FD8BF002527DD44464FF045
:10195800000A002CC4F1000504DB1EF80560055DD3
:1019680006FB05AA013CBC42F3D15C1E002514F815
:10197800016F64453544FAD175B1BAFBF5F502F843
:10198800085008F10108414507F101070EF1010E61
:10199800D7D10020BDE8F0875FFA8AF502F8085031
:1019A800EFE74FF0FF30F5E72DE9F04F2DED048B11
:1019B80089B0CDE9060305910192002800F0DC808A
:1019C800002A00F0D980002B00F0D680179A002A50
:1019D80000F0D280169A002A9FED697B40F3C780F9
:1019E800551E57EC176B1D445C1E14F8010F03F0CD
:1019F80041FA02460B463046394603F0EFF8AC424E
:101A080006460F46F1D147EC196B059B002B40F3B6
:101A18009980189B5B420393169BC3F1000B00232C
:101A28000293169B002B4FF000044FF000051BDDBE
:101A3800029A079BDDF8188016469F18002EC6F1FB
:101A480000030EDBF85C18F8063000FB03F003F027
:101A580011FA02460B462046294603F0BFF8044611
:101A68000D46013E5E45E9D1189B012B4FF000065B
:101A78004FF0000730DD029B179ACDF810B003F144
:101A8800FF3ADDF80CB0D31845EC184B1D46BAF1F7
:101A9800000FCAF1000317DBE85C03F0DBF9019BD8
:101AA800804613F80A00894603F0E4F902460B461B
:101AB8004046494603F048FA02460B463046394646
:101AC80003F08CF806460F460AF1FF3ADA45DED1F4
:101AD80055EC184BDDF810B059EC198B0022002397
:101AE80019EE100A494603F0BFFC22462B4688B37C
:101AF8003046394603F072F819EE102A4B4603F0C7
:101B08004DFB04460D4620A3D3E900232046294671
:101B180003F0AAFC0646D8B900220023204629462D
:101B280003F084FCE8B1019B039A19460132029B39
:101B38000392059ACE5401339A4202930BF1010B9A
:101B48007FF46FAF002009B0BDEC048BBDE8F08FC7
:101B5800FF26E8E73046394603F040F804460D46CC
:101B6800D1E72046294603F0C7FCC6B2DBE7B0EE52
:101B7800479AF0EE679A48E74FF0FF30E3E700BF77
:101B880000000000000000000000000000E06F40BE
:101B9800002874D02DE9F04F2DED048B174683B043
:101BA800002A69D00029884666DD07EE901AB8EE4B
:101BB800E78A814678EE087A17EE900A03F06CF906
:101BC80002460B4633A1D1E9000103F0E7FA03F01E
:101BD800B3FCF7EE007A87EE880A08EE900AB5EEB5
:101BE800400AF1EE10FAB1EEC09A4ED4F0EE007A47
:101BF80087EE880AB5EE400AF1EE10FAF1EEC09AC7
:101C080040D409F1FF3308F1FF354D4401934FEA01
:101C180088090026DDF804B0B24674009FED1C8ADE
:101C2800BAFBF9F309FB13A300EE103AB8EE400A29
:101C3800A24420EE280A00F02BFE1BF8013F07EE15
:101C4800903AF8EE677A5D4527EE800A38EE008A0A
:101C5800E6D1002E14BFF0EE697AF0EE497A27EE4D
:101C6800888A0136B045A7EC018AD3D1002003B099
:101C7800BDEC048BBDE8F08F4FF0FF30F7E74FF075
:101C8800FF30704700F0AAFEBBE700F0A7FEADE703
:101C980000000000182D4454FB2109402DE9F04FA5
:101CA800834B1D68B5F5847FADF52F7D06D3814B39
:101CB800814ED3F800807368984504D000200DF554
:101CC8002F7DBDE8F08FB468E31DDB0803F584734E
:101CD8009D42F3D1B4EB481FF0D80BAF842200210A
:101CE800384602F06DFF842200212CA802F068FF1C
:101CF8004DA88422002102F063FF06F10B0E704606
:101D080006F20B134FF0000C09E032B157F822101D
:101D1800013147F822100CF1010C984204D010F858
:101D2800012F202AF1D9C9E7B8F1000F00F0B480DB
:101D3800BCF1000FC2D0002100208B46CDE9000184
:101D4800CDE907582CA94FF0000C03914DA9029139
:101D58000122614606970DF5DC790994DC46009C62
:101D68000019019C4CEB04040494069C0018009094
:101D780054F8040F0694049C4FF0010C6441A2F13E
:101D88002008C2F120052CFA05F50CFA08FB01948D
:101D98004BEA050BDDE90045241845F100050CFA6E
:101DA80002FAAB4508BFA2454FF0000C86D3039C4E
:101DB8002546009C45F8044F029C039544F8041FEF
:101DC8000294744614F8015F954205D1651EA5EB8F
:101DD8000E0509F8015001319C42F3D10132212A44
:101DE800BDD1099CDDE90758002C52D096F80C119A
:101DF8000023C9119C4601220BE099F80C0101321D
:101E080040FA0EF000F00100212A40EA41013FF4B7
:101E180055AF013357F822006FEA030E06EBD309DA
:101E28000EF0070E10B30DF1B00A5AF822A08A4539
:101E3800A1EB0A0B1AD858450CF1010016D9E04558
:101E48007FF63CAF0DF59A7B5BF822B01B4A5944EC
:101E5800A1EB0A0A6EA912F80CC011F80A10614524
:101E68004FF000027FF42AAF84461146A342C4D142
:101E780013F007030BD03544C3F10803E8784FF09B
:101E8800FF3101FA03F330EA03037FF417AFE045AB
:101E980008D00022104612E75CEA04030CBF0120B8
:101EA80000200CE7B2FA82F25209104607E700BF99
:101EB800A09D0020989D00207C540020989500202B
:101EC8002DE9F84F2D4A2E4B12681B68934230D1EA
:101ED80032B32C4E2C4DDFF8BCC03146002402270B
:101EE80050B30B78002C45D095F8008011F801EC20
:101EF8004344012C17FB0E333CD011F802EC15F8C3
:101F0800018CC6447344B3F5806F39BFC3F38703AC
:101F180001310131FF230134A24205F8013FDFD12D
:101F28001A491B4802F030FEB0FA80F04009BDE8BB
:101F3800F88F0020BDE8F88F0131DFF85C808E460D
:101F480008F1100B1EF8019D4FF0010A0346C34526
:101F58000AFB093309D0B64507D058F804AB1EF878
:101F6800019DC3450AFB0933F5D1ACFB03E3C3F379
:101F78004703D0E79B080131CDE700BF989D0020BB
:101F8800A09D0020989500208B6D00208054002093
:101F98008C6D0020398EE3384CA300082DE9F04100
:101FA800DFF828C13F4DDFF828E13F4E471E0023E8
:101FB8000B2F2B608EF80030CCF80030336024D81B
:101FC800B2F5006F904620D8044600295DD0092854
:101FD80016D00C281CD0EAB93449354A354B0B6069
:101FE80042F2040641F60C108B5113501360324A2A
:101FF80000231370314A2C6013700120BDE8F08172
:10200800002A47D0501E104204D01846BDE8F0817F
:10201800002A3FD02A48424602F0C4FD42F2040793
:1020280022482349C6F8008041F60C16214BC351BB
:10203800B8F5006F8B5103600B60D8D12049214B54
:1020480001F500670A4601E0BA4229D083EA433322
:1020580083EA534312F8016B83EA4313D8B28642EA
:10206800F2D00022144B184E1A708020002303E08F
:10207800B3F5006F12D0B05C11F8012B0133824226
:1020880003F07F02F4D00023B4E72AB9092801D06D
:102098000C28A1D14046B9E70846B7E70123A9E7CC
:1020A8000122DFE778540020989D00208C750020DD
:1020B8007C540020216DA7839495002095950020DD
:1020C800989500204D3C2B1AA8A00008A09D002040
:1020D8009C9D00202DE9F043714B724E1A68002335
:1020E800824289B0337006D1044620B16E4F6F49E1
:1020F8003A688A4203D0002009B0BDE8F08341F66F
:102108000C1179589142F6D1DFF8D091D9F8002016
:102118008A42F0D142F2040159F801109142EAD101
:10212800DFF8BC81421EC8F8003013460B2BE2D8FA
:10213800DFE803F0AFA89C958D867C6D645232066B
:102148005B4D5C4A29685C48FFF722FD0028D2D124
:10215800286880000028CEDB544A3B689342CAD1E5
:1021680041F60C12BA589A42C5D1D9F800309342B8
:10217800C1D142F2040259F802209A42BBD1092C7B
:10218800C8F8000005D00C2C03D041F6081398427B
:10219800B1DC01203070AFE7484B494A1B68444D19
:1021A800ADF814301B0CD2F800C08DF8163003239C
:1021B80029680293009306AB01934FEA1C4E414AEB
:1021C8003D48ADF818C005AB8DF81AE0FFF7ECFBF9
:1021D800002890D12868BDE73B4B354D394A93E834
:1021E80003000523009306908DF81C1032482968D7
:1021F80006ABFFF795FB0028ECD07CE72C4D2D4A69
:1022080029682D48FFF7A8F90028A1D073E7284BC3
:1022180029481968002506AA0695FFF77BF90028C2
:102228007FF469AF069B7B60042095E7204A274B23
:10223800116821480093234A254BFFF701F989E7E4
:102248001B4B204A19681C48FFF706F882E7184A12
:10225800204B116818481B4AFEF790FE7AE7144B8A
:10226800184A19681448FEF7E3FC73E7104B1A4A3A
:10227800196811487960FEF771FC0028FFF63BAF3A
:10228800043069E70A4B0F4A19680B48FEF74EFC01
:1022980060E7074B0B4A19680748FEF7FDFB59E74B
:1022A800785400209C9D00207C540020216DA78339
:1022B800989D002090750020989500204C7000088B
:1022C8005070000880540020547000088C7000087A
:1022D8006C7000085C700008845400208C75002025
:1022E800A09D00202DE9F84FC34B1B68834207D1FE
:1022F800C24B1A7822B1C24CC24923688B4203D020
:1023080000221046BDE8F88F41F60C116158994239
:10231800F6D1BD4D2B688B42F2D142F204016958C7
:102328009942EDD1431E0B2BEAD8DFE813F0E40005
:10233800C90090008C002A01180179006800160075
:1023480011000C001600BDE8F84F0120FFF7B8BDDA
:10235800BDE8F84F0020FFF7B3BDAC4B1A78002A50
:10236800CED0AB49AB4B0D681B68B3EB850FC7D11B
:10237800002DC6D0A849DFEDA94ADFEDA93AA94E3C
:102388009FEDA95AA94F9FEDAA4ADFEDAA5A00234B
:1023980026E01C0913F00F0F06EB840440F0268199
:1023A800D4ED006AB0EEE67A27EE057A37EE247AA5
:1023B800D1ED007AB0EEE76AB4EE656AF1EE10FA94
:1023C80003F1010301F104019AD877EEE67AF0EE01
:1023D800E77AF4EEC77AF1EE10FA91DC9D4290D0DC
:1023E8000C28D6D107EB8304D4ED006AD1ED007A2E
:1023F800B0EEE67A27EE057A37EE047ADAE78E4B06
:102408001A78002A3FF47DAF824B1B68042B7FF4B7
:1024180077AF6268894BD21AB2FA82F2520970E732
:10242800854B1A78002A3FF46CAF7A4B1A68B2F5DC
:10243800006F7FF465AF8249824802F0A5FBB0FACD
:1024480080F252095DE7BDE8F84FFFF727BC714BF2
:10245800D3F800B0BBF1030F7FF652AF6C4A636844
:10246800126893427FF44CAF4FF0040EABEB0E09A9
:1024780029F00109DFF8E4A10026F14404EB0E0C71
:10248800B24240F2ED80CE453FF43AAF9CF8057079
:102498000EF10208002F40F08780C3457FF630AF69
:1024A8000EF1030EA044ABEB0E0998F804300AF8BD
:1024B800063029F001090136F14404EB0E0CDFE780
:1024C800534B54491B680E689E427FF419AF002E87
:1024D8003FF417AF5C485D4C0644002302E0B0426D
:1024E8003FF40FAF14F8015F10F8011B2B44DBB267
:1024F8009942F4D004E7474B1F6817F0010E7FF4A8
:10250800FFAEDFF80CA1002F00F0B580DFF8F0C0B7
:10251800DAF80080DFF8309174469CF80450002DFA
:102528003FF4EEAEA8EB04039D423FF6E9AE621E0F
:102538009CF805604A44234612F8011F0133B14252
:10254800A4EB03007FF4DCAEE842F5D10EF1020EF5
:1025580077450CF1020C40F28F801C46DDE7364BC4
:102568001A78002A3FF4CDAE2A4B1A68202A7FF445
:10257800C7AE3749334802F007FBB0FA80F2520978
:10258800BFE62D4B1A78002A3FF4BBAE214B1A68E0
:10259800B2F5016F7FF4B4AE2E492A4802F0F4FA7E
:1025A800B0FA80F25209ACE69CF80430002B3FF4F4
:1025B800A7AEB3423FF6A4AE911B8F423FF6A0AE42
:1025C8002548F11A0139731E8519514453443D4475
:1025D80011F8010F03F8010F9D42F9D13E44B242B0
:1025E8000CF1020C3FF659AFC64649E7B0EE647AE3
:1025F800F0EE636ADCE600BF785400209C9D002062
:102608007C540020216DA7838C75002095950020AF
:10261800989D0020A09D00209075002017B7D13804
:102628000000000028A10008ACC5A737A880000852
:102638000AD7233CFFFF7F7F94950020339A3E9D65
:10264800A878000880540020989500207F54002026
:1026580028A30008987000088B6D00208C6D00205E
:10266800F3457FF44DAE0749074802F08DFAB0FAFA
:1026780080F2520945E63B46DAF80020D31A5A425E
:102688005A413EE6989500208C6D0020224B1A682E
:10269800824207D1214B187830B1214B2148196863
:1026A800814202D000207047704741F60C1018583C
:1026B8008842F7D130B41C4C2168814202D00020F6
:1026C80030BC704742F2040020588842F7D1092AEA
:1026D8001FD0043404330C2A18BF1C46134B186847
:1026E8000028EDD0431E1248E518013C4FF0FF3397
:1026F80014F8011F08224B405908DB074CBF81EA38
:1027080000030B46013AF7D1AC42F1D1D84330BCB3
:1027180070470434E2E700BF785400209C9D0020F5
:102728007C540020216DA7838C750020A09D00207B
:102738002083B8ED0000000000B551EC100B264ACC
:1027480021F00043934285B01EDD244A934209DDFF
:1027580010EE102A0B4602F03FFA41EC100B05B0C0
:102768005DF804FB684600F093F900F003000128C7
:1027780011D0022825D0E8B19DED021B9DED000B7C
:10278800012001F035FBEAE79FED111B00F0C8FDC1
:1027980005B05DF804FB9DED021B9DED000B01F0FB
:1027A80027FB53EC102B03F1004300EE903A05B0E1
:1027B8005DF804FB9DED021B9DED000B00F0B0FDE4
:1027C800CDE79DED021B9DED000B00F0A9FDE8E7AC
:1027D8000000000000000000FB21E93FFFFFEF7F41
:1027E80000B551EC100B284A21F00043934285B004
:1027F80025DD264A934209DD10EE102A0B4602F029
:10280800EBF941EC100B05B05DF804FB684600F0ED
:102818003FF900F00300012819D0022826D0E8B1BA
:102828009DED021B9DED000B00F07AFD53EC102B83
:1028380003F1004300EE903A05B05DF804FB9FED0C
:10284800101B002001F0D4FA05B05DF804FB9DEDE3
:10285800021B9DED000B00F063FDD4E79DED021B0C
:102868009DED000B012001F0C3FACCE79DED021BA2
:102878009DED000B012001F0BBFAD7E7AFF3008014
:102888000000000000000000FB21E93FFFFFEF7F90
:1028980000B510EE103A204A23F00043934283B06B
:1028A80019DDB3F1FF4F04DB30EE400A03B05DF8E9
:1028B80004FB684600F0E6FB00F00300012811D095
:1028C80002281FD0B8B1DDED010A9DED000A0120F4
:1028D80001F004FFEAE7DFED110A01F047FB03B05E
:1028E8005DF804FBDDED010A9DED000A01F0F6FE3E
:1028F800B1EE400ADAE7DDED010A9DED000A01F0CC
:1029080035FBD3E7DDED010A9DED000A01F02EFB52
:10291800B1EE400ACAE700BFD80F493F00000000E7
:102928002DE9F0432DED028B8BB055EC104B00F0E8
:10293800E5FA284BB0EE408AF0EE608A93F9007011
:102948007B1C12D022462B462046294602F096FDD3
:10295800064650B94FF000084FF0000920462946B6
:1029680042464B4602F062FD40B9B0EE480AF0EE2E
:10297800680A0BB0BDEC028BBDE8F083164B0896D5
:102988000122CDE90445CDE902450092019397B1B2
:1029980042464B464046494602F000FC022FCDE92C
:1029A80006010AD102F0C6F821230360089B63B927
:1029B8009DED068BD9E7CDE90689684601F064FFED
:1029C8000028EFD0089B002BF2D002F0B3F8089B48
:1029D8000360EDE7040000205CA3000810B52DEDAE
:1029E800028B8AB0B0EE408A00F096FC254B93F932
:1029F8000040631C09D0B4EE488AF1EE10FA04D600
:102A0800B5EEC08AF1EE10FA03D40AB0BDEC028B21
:102A180010BD01231C4A009318EE100A00230192EE
:102A2800089302F039FA0022CDE90401CDE9020148
:102A38000023BCB11046194602F0B0FB022CCDE9C8
:102A4800060111D102F076F821230360089B9BB997
:102A5800DDE9060102F070FD00EE100A0AB0BDECD7
:102A6800028B10BDCDE90623684601F00DFF002852
:102A7800E8D0089B002BEBD002F05CF8089B0360C1
:102A8800E6E700BF0400002064A30008000000007F
:102A98002DE9F04F53EC102B2DED048B924923F0C8
:102AA80000458D4289B0044640F38F808F498D429E
:102AB8009B462DDCBBF1000F194610EE100A80A3CF
:102AC800D3E9002340F3C78102F086F8884B9D4282
:102AD80006460F4600F091807BA3D3E9002302F05D
:102AE8007BF802460B46C4E900233046394602F01B
:102AF80073F875A3D3E9002302F06EF8C4E9020164
:102B08004FF0010A504609B0BDEC048BBDE8F08FC8
:102B180078498D4240F3948077498D4210EE100A2F
:102B280061DC4FEA255AAAF2164AA5EB0A51164665
:102B38000F4602F0B9FC02F09DF9804689463046FE
:102B4800394642464B46CDE9028902F045F86B4BBF
:102B5800002202F0F9F90F46064602F0A5FC0546E8
:102B680002F088F902460B4630463946CDE904237F
:102B780002F032F8614B002202F0E6F902460B46F9
:102B8800CDE906230022002302F046FC002800F0CD
:102B98006081002D0CBF01230223594A01920221B2
:102BA8005246009102A8214600F0FAFCBBF1000F42
:102BB8008246A7DA6268E36802F1004203F1004343
:102BC800C0F1000A6260E3609CE7002000214FF03A
:102BD800000AC4E90201504684ED000B09B0BDECBF
:102BE800048BBDE8F08F194601F0F6FF4FF0000A9C
:102BF800C4E90201C4E9000184E735A3D3E900234D
:102C080001F0EAFF34A3D3E9002306460F4601F09A
:102C1800E3FF02460B46C4E900233046394601F07B
:102C2800DBFF2DA3D3E9002301F0D6FF4FF0010A03
:102C3800C4E90201504609B0BDEC048BBDE8F08F31
:102C480001F094FD57EC106B10EE100A24A3D3E9A1
:102C58000023394602F078F92A4B002201F0BEFF22
:102C680002F022FC824602F005F915A3D3E90023FD
:102C78008046894602F068F902460B4630463946D6
:102C880001F0AAFF10A3D3E9002306460F464046E9
:102C9800494602F059F9BAF11F0F49EC198B47EC74
:102CA800186B8046894631DC174B0AF1FF3253F81E
:102CB8002230AB422AD002460B4630463946A4E0C1
:102CC80000004054FB21F93F3163621A61B4D03DE2
:102CD8000000601A61B4D03D7370032E8A19A33BBB
:102CE80083C8C96D305FE43FFB21E93F7BD90240CF
:102CF800FB21F93FFB213941FFFFEF7F00007041C5
:102D0800ECA300080000E03F6CA3000842464B46D5
:102D180051EC180B01F060FF0A46C2F30A53C3EBEB
:102D28001553102B0146064617464FEA255573DD05
:102D380069A3D3E9002351EC190B02F005F959EC0A
:102D4800188B06460F4632463B4618EE100A49468F
:102D580001F042FF41EC180B404653EC182B494652
:102D680001F03AFF32463B4601F036FF5CA3D3E957
:102D7800002306460F4651EC190B02F0E5F83246DF
:102D88003B4601F029FF8046894642464B4651ECB6
:102D9800180B01F021FF0A46C2F30A53ED1A312D30
:102DA80001460646174637DD50A3D3E9002351EC08
:102DB800190B02F0C9F856EC185B80468946424662
:102DC8004B4618EE100A314601F006FF41EC180B8D
:102DD800314653EC182B284601F0FEFE42464B467E
:102DE80001F0FAFE43A3D3E9002306460F4651EC4F
:102DF800190B02F0A9F832463B4601F0EDFE804679
:102E0800894651EC180B42464B4601F0E5FEC4E9F1
:102E1800000106460F4601E0C4E9001232463B466F
:102E280051EC180B01F0D8FE42464B4601F0D4FE97
:102E3800BBF1000FC4E90201BFF664AE07F100451B
:102E480001F10043C4E90065C4E90203CAF1000ABC
:102E580058E60323A1E601F0C1FE234B9D42064636
:102E68000F4616D01AA3D3E9002301F0B7FE024695
:102E78000B46C4E900233046394601F0ADFE14A3E1
:102E8800D3E9002301F0AAFE4FF0FF3AC4E902019A
:102E980038E611A3D3E9002301F0A0FE10A3D3E97B
:102EA800002306460F4601F099FE02460B46C4E988
:102EB80000233046394601F08FFE09A3D3E90023E9
:102EC80001F08CFE4FF0FF3AC4E902011AE600BF98
:102ED8003163621A61B4D03D0000601A61B4D03D1C
:102EE8007370032E8A19A33BFB21F93F0000002EC3
:102EF8008A19A33BC14920259A837B392DE9F041E2
:102F08005F4A57EC106BBA4300F09880002F10EE20
:102F1800104A3B464EDD39155BD0C3F31303CA078D
:102F280043F48013A1F2FF3E03D45B0003EBD47398
:102F38006400E20F4FF0000C02EB43034FEA6E0E01
:102F48006400664616254FF40012B118994202DC57
:102F58005B1A8E1894445B00013D03EBD4734FEA6F
:102F680052024FEA4404F0D12F4620204FF000428D
:102F780009E03ED0E10F01384FEA520201EB43036A
:102F88004FEA44043ED0B34202EB0501F1DD0029CB
:102F980001EB020509DBB0469B1BA14288BF03F188
:102FA800FF33641A17444646E4E7002DF3DB06F1C5
:102FB8000108F1E727F00042324336D0002F4DD107
:102FC8003946E20A153964051346002AF9D0D702B2
:102FD80051D400205B00DE02054600F10100F9D55E
:102FE8001A4623468440C0F12000C3401343491BBE
:102FF80093E7A142BED8002901EB0205D5DB98462C
:103008000023CEE7234312D178084FEA6C0101F17F
:103018007F511CF0010F01F5001118BF40F000406E
:1030280001EB0E53024643EC102BBDE8F0817B1CEC
:1030380016BF781C0CF1010C4008E6E710EE102AC8
:1030480010EE100A3B46394601F07EFF32463B46F9
:1030580001F0C4FD41EC100BBDE8F08110EE102A20
:103068003046394601F0B8FD02460B4602F096F8A4
:1030780041EC100BD9E7234620204FF0FF35B4E789
:103088000000F07F70B510EE103A954A23F0004426
:10309800944286B0054668DD924A944210EE106A62
:1030A8001ADC002BDFED907A904A24F00F0440F3ED
:1030B800F180944270EE677A66D09FED8D7A77EE54
:1030C800C76A012077EEE67AC5ED006A77EEC77A1F
:1030D800C5ED017A06B070BD864A944267DDB4F149
:1030E800FF4F49DAE215863AA4EBC25307EE903A4D
:1030F800BDEEE77ADFED806AB8EEC77A77EEC77A79
:103108008DED037A67EEA67ABDEEE77AB8EEC77A58
:1031180077EEC77A8DED047A67EEA67AF5EE407AF7
:10312800F1EE10FACDED057A40F0A380B5EE407AC5
:10313800F1EE10FA14BF0223012370490191022114
:10314800009103A8294600F093FF002EC2DA95EDFE
:10315800007AD5ED017AB1EE477AF1EE677A40420E
:1031680085ED007AC5ED017AB4E7002285ED000A05
:103178004260002006B070BD70EE407A0020C5EDB8
:10318800017AC5ED007AA5E7DFED5D6A9FED5D7A0E
:1031980077EEE67A012077EEC76A77EEE67AC5ED34
:1031A800006A77EEC77AC5ED017A06B070BD01F006
:1031B80001FCDFED556A9FED4C6A9FED4D7AF6EE06
:1031C800007AE0EE267AFDEEE77A17EE900AF8EE3E
:1031D800E76A1F28A6EEC60A66EE877AB1EE666A27
:1031E8001EDC4A4A411E24F0FF0352F82120934274
:1031F80016D030EE677A85ED007A30EE470A002E59
:1032080030EE670A85ED010ABFF664AFB1EE477A82
:10321800B1EE400A85ED007A85ED010A404259E792
:1032280030EE677AE21517EE103AC3F3C753C3EBD3
:10323800D454082CDFDDDFED327A9FED327AF0EEE0
:10324800405AE6EE275A30EE650AA6EE270AF0EE57
:10325800407AD6EE877A35EEE77A17EE103AC3F35E
:10326800C753D21A192A06DC85ED007AB0EE650A32
:10327800C3E7032361E79FED267A9FED265AB0EE58
:10328800650AA6EE070A75EEC07AE6EE077AD6EE6C
:10329800857AAEE7944270EE277A0ED09FED147AC5
:1032A80077EE876A4FF0FF3077EEE67AC5ED006A71
:1032B80077EE877AC5ED017A0CE7DFED116A9FEDAD
:1032C800117A77EEA67A4FF0FF3077EE876A77EEBD
:1032D800E67AC5ED006A77EE877AC5ED017AF9E6F8
:1032E800D80F493FE3CB1640800FC93FD00FC93FE5
:1032F80043443537800F49430000804374A50008D4
:103308000044353708A3852E84F9223FF4A4000829
:1033180000A3852E32318D24B1EEC00A704700BF5C
:103328002DE9F84F57EC106B27F00049B9F1795F98
:103338002DED048B5BEC11AB71DA10EE100A3946F7
:1033480002F0B2F8002800F0F68032463B463046DC
:10335800394601F0F9FD7CA3D3E9002304460D4664
:1033680001F0F2FD7AA3D3E9002301F037FC2246ED
:103378002B4601F0E9FD78A3D3E9002301F02CFCEA
:1033880022462B4601F0E0FD75A3D3E9002301F0A6
:1033980025FC22462B4601F0D7FD73A3D3E9002371
:1033A80001F01AFC22462B4601F0CEFD70A3D3E9AA
:1033B800002301F013FC22462B4601F0C5FD41EC29
:1033C800180B714B00222046294601F0BDFD53EC35
:1033D800182B804689462046294601F0B5FD5246FD
:1033E8005B4604460D463046394601F0ADFD0246BF
:1033F8000B462046294601F0EFFB02460B464046A5
:10340800494601F0E9FB02460B4600205F4901F0FE
:10341800E3FBBDEC048B41EC100BBDE8F88F10EE1C
:10342800102A10EE100A3B46394601F08DFD46A3DE
:10343800D3E9002304460D4601F086FD44A3D3E9F1
:10344800002301F0CBFB22462B4601F07DFD42A371
:10345800D3E9002301F0C0FB22462B4601F074FD9E
:103468003FA3D3E9002301F0B9FB22462B4601F024
:103478006BFD3DA3D3E9002301F0AEFB22462B46AA
:1034880001F062FD3AA3D3E9002301F0A7FB2B4624
:10349800224601F059FD3E4B994541EC180B90DD51
:1034A8003C4B99453CDC0022A9F500133749002024
:1034B8009046994601F090FB41EC190B324B0022E3
:1034C8002046294601F040FD42464B4601F084FB68
:1034D80053EC182B804689462046294601F034FDD6
:1034E80052465B4604460D463046394601F02CFDEF
:1034F80002460B462046294601F06EFB02460B4663
:103508004046494601F068FB02460B4651EC190B50
:1035180001F062FBBDEC048B41EC100BBDE8F88FA9
:103528009FED157BDFF87090B0EE479AF0EE679A42
:103538004FF00008C2E7BDEC048B9FED110BBDE80E
:10354800F88F00BFAFF30080D43888BEE9FAA8BD71
:10355800C4B1B4BD9EEE213EAD529C804F7E923EDA
:103568009015CB19A001FA3E7751C1166CC1563F90
:103578004C5555555555A53F000000000000E73F44
:10358800000000000000F03F0000E03F0000F03FB6
:103598003233D33F0000E93F0000D23F0000000073
:1035A8002DE9F04FADF5197DBB4CA29D089354F859
:1035B80025400594013B12F1140F04900B910393DD
:1035C800C0F22683B549D31E81FB0301DB17C3EB89
:1035D800A10307930133A3EB8303DB00D3180693FE
:1035E800079A039BD41A059AD6181AD40136A39FB2
:1035F8004FF000084FF00009264420AD08E057F8C6
:10360800240001F037FC0134B442E5E8020108D097
:10361800002CF4DA013440464946B442E5E8020198
:10362800F6D1059B002BC0F2C883089BDDF80C90EF
:10363800DA000292059A1A440192049A20A901EB31
:10364800C30A0DF5E07B02EBC308039B002B4FF088
:1036580000044FF0000511DB049E574677E902236A
:10366800F6E8020101F070FC02460B4620462946A6
:1036780001F0B4FA464504460D46EFD1019B09F125
:1036880001099945EBE802450AF1080ADDD1059AD6
:1036980004980CA901EB820302990144083B8B466C
:1036A8000BA90993134601EB82020A920193019A2E
:1036B80098A901EBC203002A53E928452ADD0DF534
:1036C800E07909EBC2080DF1300A754B002220465B
:1036D800294601F039FC01F0E7FE01F0CBFB714B04
:1036E800002206460F4601F02FFC02460B462046F4
:1036F800294601F071FA01F0D7FE044678E9022361
:103708004AF8044B3046394601F068FAC845044681
:103718000D46DAD1DDF8189045EC104B484601F01B
:10372800B7F855EC104B00224FF07F5310EE100AFB
:10373800294601F009FC41EC100B01F021F85A4B25
:1037480051EC100B002201F0FFFB02460B4620460D
:10375800294601F041FA0D46044601F0A5FE8046CF
:1037680001F088FB0B4602462946204601F034FA50
:103778004B46002B06460F4640F39880019A0CA949
:10378800013AC9F1180351F8225045FA03F101FA38
:1037980003F3EB1AC9F117050CA843FA05F5002D38
:1037A80040F82230884400F38B8000220023304602
:1037B800394601F031FE002800F05682019B059A37
:1037C80003F1FF3A524510DC03F180430CAA013B98
:1037D8000A9802EB8303002253F80419834242EA51
:1037E8000102F9D1002A40F0DC80059B0CAA013BBC
:1037F80052F82330002B40F0CF80099A012352F869
:10380800041901330029FAD001994A1CCB180293F4
:103818009146079B089902EB030A019B0B449846C3
:1038280020AB0AF1804A03EBC808A39B0AF1FF3AD0
:1038380003EB8A0A70AB03EBC20301935AF8040F37
:1038480001F018FB0B46039902460029C8E900233A
:1038580047464FF0000408F108084FF0000511DB57
:10386800049E01E077E90223F6E8020101F06CFB0F
:1038780002460B462046294601F0B0F95E4504464B
:103888000D46EFD1019BE3E802450193029B09F144
:1038980001099945D2DD09E7D0A80008ABAAAA2AF0
:1038A8000000703E00007041000020406BD1019B79
:1038B8000CAA013B52F82350ED15002D7FF775AF88
:1038C800019B002B08F1010840F3CC810C9C002CD3
:1038D80051D1019B012B20D00CAB012253F8044F8E
:1038E800002C4BD0531C0CA9C4F1807441F8224021
:1038F8000199994210DD0CAA0CA852F8232000EB7C
:10390800830300EB81006FF07F4100E01A688A1A98
:1039180043F8042B8342F9D10124069B002B0EDDCA
:10392800012B00F06A81022B09D1019B5A1E0CABB6
:103938000CA953F82230C3F3150341F82230022DA5
:103948007FF433AF32463B46B949002001F044F9D1
:1039580006460F46002C3FF428AF06989FEDB00BA3
:1039680000F096FF3046394653EC102B01F034F93D
:1039780006460F4619E701230022B4E701990132F0
:103988008A42ABD1C9E7AB4B002201F063FD0028A6
:1039980040F05681054608E7019B5A1C9146029261
:1039A80037E70CAB069A53F82A30CDF81C80183A42
:1039B8000395069273B9019B03F18043023B0CA95E
:1039C80001EB830353F804190AF1FF3A183A002966
:1039D800F8D006929FED920B069800F059FFBAF1C5
:1039E800000F55EC104BC0F2DE8170AB03EBCA0B35
:1039F8000CAA0AF10103069302EB83084FEACA03F3
:103A08000BF10809049358F8040D01F033FA224623
:103A18002B4601F099FA06460F46874B2046294661
:103A280069E90267002201F08FFA0CAB9845044659
:103A38000D46E8D148ABCDE9013ADDF814A0BAF15A
:103A4800000F4FF000092CDB77A3D3E90023DFF840
:103A5800EC815F4600240025002603E0B14510DB19
:103A6800F8E80223F7E8020101F06EFA02460B4675
:103A78002046294601F0B2F80136B24504460D4603
:103A8800ECDA019B029A03EBC9034A45C3E90045F6
:103A9800ABF1080B09F1010306D0BAF1000F994602
:103AA800D2DA00240025ECE7A29BDDF808A0022B5F
:103AB8001EDC002B00F30F8113D1049C019D0834F8
:103AC800002000212C4474E9022301F087F8A54264
:103AD800F9D1039B13B101F1004319460B9BC3E9CC
:103AE8000001079B03F007000DF5197DBDE8F08F75
:103AF800A29B032BF5D1BAF1000F00F07081019A57
:103B0800049BD318D3E9004502EBCA0B7BE9026793
:103B18002046294632463B4601F060F8A046A946B1
:103B280004460D4622462B463046394601F054F8E5
:103B38004B46424601F052F8019B5B45CBE90045F4
:103B4800CBE90201E2D1BAF1010F40F34881019AB1
:103B5800049B0AF1005A0AF1FF3A13444FEACA01DA
:103B6800D3E9004501F1080A029192440DF5947BCE
:103B78007AE902672046294632463B4601F02EF88C
:103B8800A046A94604460D4622462B4630463946ED
:103B980001F022F842464B4601F020F8D345CAE925
:103BA8000045CAE90201E3D1029C019B00260027D7
:103BB80010341C4403F110053046394674E90223D9
:103BC80001F00CF8A542F9D106460F46039B002BDD
:103BD80040F0BF80019A0B99D2E90045D2E902234F
:103BE800C1E90223079B03F00700C1E90467C1E9A3
:103BF80000450DF5197DBDE8F08F019B5A1E0CABF1
:103C08000CA953F82230C3F3160341F8223096E684
:103C180000216FF017030791E0E400BFAFF30080C5
:103C2800000000000000F03F00000040FB21F93FC9
:103C38000000F03F0000E03F0000703E98A8000838
:103C4800019B002B08F10108C8BF02253FF73EAED3
:103C580032463B466349002000F0BEFF0225064677
:103C68000F46A2E5002458E6069B0395584247EC08
:103C7800106BCDF81C8000F00BFE55EC104B5A4B26
:103C880010EE100A0022294601F0E4FB002856D065
:103C9800564B00222046294601F056F901F004FC53
:103CA800064601F0E7F8504B002201F04DF90B46AB
:103CB80002462946204600F08FFF01F0F5FB069BDF
:103CC800019C183304F1010A06930CAB43F8240055
:103CD80043F82A607EE6019D069A002005EBC2049F
:103CE800002174E9022300F079FFA542F9D1039B72
:103CF800002B48D10B9BC3E900010B4601990246F2
:103D0800D1E9000100F068FFBAF1000F0DDD4AADFE
:103D18000124F5E80223013400F060FFA245F8DA37
:103D2800039B13B101F1004319460B9BC3E9020140
:103D3800079B03F007000DF5197DBDE8F08F2046BD
:103D4800294601F0B1FB019B0CAA9A4642F82300D0
:103D580040E6019B19465A68DB680D688C680B9928
:103D680003F10043CB60079B0D6002F100424A60FB
:103D780003F0070007F100428C600E614A610DF5FF
:103D8800197DBDE8F08F0B9C01F10043C4E90003E5
:103D98000B4601990246D1E9000100F01DFFBAF176
:103DA800000FB4DCBEE7A29B022B0ADC002B11DC5F
:103DB8007FF497AE002000218BE6089BDB0002937E
:103DC80065E4A29B032B7FF48CAE48AB002600274A
:103DD8000193FBE648AB00200021019387E700260A
:103DE8000027F3E60000F03F000070410000703E3D
:103DF8002DE9F04F55EC104B85B025F00043B3F199
:103E0800795F8DED001B039007DA10EE100A294642
:103E180001F04AFB002800F0898022462B46204604
:103E2800294601F091F806460F4632463B462046A1
:103E3800294601F089F843A3D3E9002382468B463B
:103E48003046394601F080F840A3D3E9002300F05A
:103E5800C3FE32463B4601F077F83EA3D3E9002380
:103E680000F0BCFE32463B4601F06EF83BA3D3E9B6
:103E7800002300F0B1FE32463B4601F065F839A355
:103E8800D3E9002300F0AAFE039B80468946ABB322
:103E9800DDE900012A4B002201F056F842464B4664
:103EA800804689465046594601F04EF802460B4670
:103EB8004046494600F090FE32463B4601F044F841
:103EC800DDE9002300F088FE1BA3D3E900230646A2
:103ED8000F465046594601F037F802460B46304621
:103EE800394600F07BFE02460B462046294600F084
:103EF80073FE41EC100B05B0BDE8F08F02460B468F
:103F08003046394601F020F80BA3D3E9002300F02E
:103F180063FE52465B4601F017F822462B4600F036
:103F28005DFE41EC100B05B0BDE8F08F45EC104B81
:103F380005B0BDE8F08F00BF495555555555C53FEB
:103F48000000E03F7CD5CF5A3AD9E53DEB9C2B8A5F
:103F5800E6E55A3E7DFEB157E31DC73ED561C1195E
:103F6800A0012A3FA6F810111111813F10EE103A56
:103F780023F00043B3F1485F2CDAFDEEC07A17EE68
:103F8800903A002B60D020EE007ADFED314A9FEDA9
:103F9800315ADFED315A9FED316ADFED317ADFEDCD
:103FA800316AA7EE245AE7EE055AA7EE256AE7EE2E
:103FB800067AE7EE276A67EE266A60EEC00AF6EE32
:103FC800007AE7EE260AB7EE000AD7EE270A30EEA7
:103FD800600A704720EE007ADFED1D4A9FED1D5AFA
:103FE800DFED1D5A9FED1D6ADFED1D7ADFED1D6ABD
:103FF8001D4AA7EE245A9342E5EE075AA5EE876AB2
:10400800E6EE077AE7EE876A66EE876AD5DD174A35
:10401800934214DC03F17F4307EE903AB7EE006A4F
:1040280036EE676A60EEC00AF6EE005AE7EE260A38
:10403800D7EE257A77EEE00A36EE600A7047B6EEDC
:10404800076AF5EE027AEDE7B7EE000A704700BF9F
:104058004ED747ADF6740F317CF293B4010DD037CB
:10406800610BB6BAABAA2A3D9999993E0000483F20
:104078002DE9F04F2DED048BDBB0D74C689D0791EF
:10408800111D54F8256004930992834603F1FF3902
:10409800C0F29D82D31E44BF13460433DB10039342
:1040A8000133DB000893DDE908239B1A0693039B81
:1040B80016EB0901A3EB090316D401319FEDC77A6A
:1040C800699819441EAA002BA4BF50F8234007EE94
:1040D800904A03F10103ACBFF8EEE77AF0EE477AB5
:1040E8008B42E2EC017AEED1002EC0F2E082049B12
:1040F8001EA901EB830446AD4FEA830C4846F71826
:104108000BEB8301B9F1000FDFEDB47A09DB22462E
:104118005B46F3EC016A32ED017A8B42E6EE877A70
:10412800F7D10130B842E5EC017A04F10404E9D191
:104138000DF1280808EB8603083B05939FEDA99A23
:10414800DFEDA78A0698009609AB03EB860A0BEB0E
:104158000C0446AF5B465AAA02EB8602002E12ED0B
:10416800140A4FEA860B16DD07EB8602414660EE1D
:10417800097AB0EE407AFDEEE77A72ED016AF8EE60
:10418800E77ABA42A7EEE87A37EEA60ABDEEC77A12
:10419800A1EC017AEBD1CDE9010300F059FCB0EEB6
:1041A800408AB4EE000A28EE000A00F00BFCF2EE9A
:1041B800007AA0EE678A0198029BFDEEC89A002853
:1041C800F8EEE97A38EE678A78DD06F1FF3CC0F14F
:1041D800080258F82C5045FA02F101FA02F2AA1A1C
:1041E80048F82C20C0F1070519EE90CA42FA05F5E7
:1041F8008C44002D09EE90CA68DCB5EE408AF1EED9
:1042080010FA40F0B680009A06F1FF3E724510DCC5
:1042180006F18042013A08EB820200219C4652F8DE
:104228000439524541EA0301F9D16346002940F0B7
:10423800F280009A013A58F82220002A40F0E680DD
:10424800059A4FF0010C52F804190CF1010C0029E1
:10425800F9D006F1010BB444DE460499039A8D198E
:104268005A441EA902F1804201EB85056999013A79
:1042780001EB820607EB8B0BD6ED017A9FED577A9F
:10428800F8EEE77AB9F1000F06F104062946C5ED04
:10429800007A05F1040509DB1A4601E071ED017A9F
:1042A800F2EC016AA242A6EEA77AF7D10EF1010E4E
:1042B800E645ABEC017ADFDD66464CE740F09C80D2
:1042C800721E58F822502D12002D96DD19EE902AF4
:1042D800002E02F1010209EE902A40F38E81D8F8EF
:1042E8000010002974D1012E1CD042464FF0010C59
:1042F80052F8041F002979D00CF10102C1F5807130
:10430800964248F82C100CDD58F82210C34408EBEC
:10431800820200E01168C1F1FF0142F8041B5A450E
:10432800F8D1012100280CDD012800F0478102287E
:1043380007D106F1FF3C58F82C2002F03F0248F85C
:104348002C20022D7FF459AFB7EE000A30EE488AD0
:1043580000293FF452AFCDE9010300F079FB38EEB4
:10436800408ADDE90103B5EE408AF1EE10FA3FF428
:104378004AAFDDE90832B0EE480A981A029601956C
:10438800009E00F065FB9FED167AB4EEC70AF1EEC9
:1043980010FADDE90123C0F25781DFED127A0699A0
:1043A80060EE277A0831FDEEE77A0691F8EEE77AB3
:1043B8005D1CA7EEC70AFDEEE77ABDEEC00A10EE57
:1043C800101A48F8231017EE903A48F8253039E0CB
:1043D80001224FF0000C91E70CA900080000000032
:1043E800000080430000803B0000C93F0CF1010C35
:1043F800B4457FF47DAF95E7F6EE007AB4EEE78A30
:10440800F1EE10FA80F2E8800025F6E606F1010BDD
:10441800DE46DC4621E7069858F82E100838334661
:104428002A46009E0690754661B903F18043023B17
:1044380008EB8303014653F80409013D08390028B5
:10444800F9D0069106980092B7EE000A00F000FB3A
:10445800002D009AC0F21E814FEA850E46AB03EB91
:104468000E070EF1040C1FED217A08EB0C03391D21
:1044780073ED017AF8EEE77A434567EE807A20EE2D
:10448800070A61ED017AF3D1002E1FED296A4FF07A
:10449800000420DB8F48DFED907A3946B0EE467A8B
:1044A800002303E09C4208DBB0EC017AF1EC016ADE
:1044B80001339E42E6EE877AF4DA5AAB03EB8403C3
:1044C800A54243ED287AA7F1040704F1010305D0BA
:1044D800002E1C46DEDADFED807AEEE768990229C5
:1044E8001CDC002900F38B800FD132ABDFED7A7A28
:1044F8009C443CED017A634577EE877AF9D10AB19D
:10450800F1EE677A079BC3ED007A19EE903A03F053
:1045180007005BB0BDEC048BBDE8F08F689B032BF4
:10452800F3D1002D00F0CB805AAB734432A913EDC0
:10453800287A01EB850373ED017AF0EE476A37EECE
:10454800277A994277EEC77A83ED007A77EEA67AD2
:10455800C3ED017AEFD1012D40F3B18005F180451B
:104568005AAB013D9E44AD002B1D1EED287A0B442D
:1045780033A873ED017AF0EE476A37EE277A98424E
:1045880077EEC77A83ED007A77EEA67AC3ED017AE3
:10459800EFD10835DFED507A4B19083133ED017A48
:1045A800994277EE877AF9D1002A55D10799329A3C
:1045B800339BC1ED027A0A604B60A6E706F1FF3C27
:1045C80058F82C2002F07F0248F82C20B9E608237E
:1045D80008930023039366E519EE902A002E02F152
:1045E800010209EE902AC8BF02253FF778AEF7EE20
:1045F800007A37EEC88A0225FFE5002192E632A943
:10460800DFED357A01EB830333ED017A994277EEDA
:10461800877AF9D192BB9DED327A079B002DC3EDC5
:10462800007A77EE677A0BDD33A90123B1EC017AC2
:1046380001339D4277EE877AF8DA0AB1F1EE677AAC
:10464800079BC3ED017A60E7BDEEC00A1D4610EE78
:10465800101A48F82310F5E6DDED326A9DED337A3D
:10466800079BF1EE677AF1EE666AB1EE477AC3ED21
:10467800027AC3ED006A83ED017A46E7DDED326A1E
:10468800079BB1EE677A002D76EEE77A83ED007A24
:10469800CADCD3E7689B022B0DDC002B14DC7FF40B
:1046A80034AFDFED0D7A002A3FF42CAF28E7049BE6
:1046B8004FEA830C3CE5689B032B7FF426AFDFEDC4
:1046C800067A002AC8D171E7DFED037A002AA2D062
:1046D800D4E700BFE4A800080000000010EE103A7C
:1046E80023F00043B3F1485F04DAFDEEC07A17EE19
:1046F800903A5BB360EE007A9FED155ADFED155ADC
:104708009FED156ADFED156A9FED157AE7EE855A7C
:1047180020EE275AA5EEA76AE6EE276AA6EEA77A44
:1047280030B9DFED106AE7EE876AA6EE850A7047B2
:1047380027EE457AF6EE006AA0EEA67ADFED0A6A61
:10474800D7EE270AE5EE260A30EE600A704700BF6A
:10475800D3C92E2F342FD7B21BEF3836010D50B9DD
:104768008988083CABAA2ABEABAA2A3E51EC100B9A
:1047780010EE102A21F0004343EC102B704700BFC5
:1047880051EC100BF8B5C1F30A53A3F2FF35132D02
:1047980010EE106A0C4620DC002D3DDB384F2F410F
:1047A80001EA070303431DD033A3D3E9002300F034
:1047B80015FA0022002300F057FE48B1002C04DA55
:1047C8004FF4801343FA05F52C4424EA0704002625
:1047D8002346324643EC102BF8BD332D05DDB5F5E5
:1047E800806F29D041EC100BF8BDA3F213434FF0B2
:1047F800FF37DF400742F5D01FA3D3E9002300F0BD
:10480800EDF90022002300F02FFE0028E0D0002C54
:1048180023DB26EA0706DBE717A3D3E9002300F02A
:10482800DDF90022002300F01FFE0028D0D0002C64
:104838000ADB00263446CBE710EE102A0B4600F0C0
:10484800CDF941EC100BF8BD24F000430D4A1E438E
:10485800002E18BF14460026BAE7142D08D00123ED
:10486800C5F1340503FA05F5AE1928BFE418D0E7F9
:104878000134CEE7AFF300809C7500883CE4377EB6
:10488800FFFF0F000000F0BF00207047000000008D
:1048980038B553EC102BC3F30A511C46054681BBAF
:1048A80010EE101A23F00044214329D019460022A3
:1048B8003D4B3E4C10EE100A00F046FBA542024666
:1048C8000B4616DB0C46C1F30A513639294440F22F
:1048D800FE70814221DC002947DC11F1350F34DA02
:1048E8004CF250318D4218DC002B27A1D1E9000190
:1048F80044DB25A3D3E9002300F026FB41EC100B91
:1049080038BD40F2FF708142E0D110EE100A19461E
:1049180000F064F941EC100B38BD002B1CA1D1E963
:10492800000107DB1AA3D3E9002300F00DFB41ECDB
:10493800100B38BD18A1D1E9000115A3D3E9002354
:1049480000F002FB41EC100BF3E724F0FF4424F4E1
:10495800E004363144EA0153104619460022144B4C
:1049680000F0F2FA41EC100B38BD24F0FF4424F4B7
:10497800E00444EA015343EC102B38BD08A1D1E907
:104988000001B6E7AFF3008059F3F8C21F6EA50126
:104998009C7500883CE4377E9C7500883CE437FEB3
:1049A80059F3F8C21F6EA58100005043B03CFFFFC9
:1049B8000000903C10EE103A23F0004300EE103A4D
:1049C800704700BF10EE102AC2F3C7537F3B162B67
:1049D80022F000411ADC002B1EDB1A4919410A4259
:1049E80027D0DFED197A70EE277AF5EEC07AF1EE6E
:1049F80010FA1EDD002A04DA4FF4000040FA03F32F
:104A08001A4422EA010300EE103A7047B1F1FF4F51
:104A18000FD330EE000A7047DFED0B7A70EE277A7D
:104A2800F5EEC07AF1EE10FA03DD002A02DB9FED05
:104A3800070A70470029FFEE007A18BFB0EE670A30
:104A4800704700BFFFFF7F00CAF2497100000000F5
:104A580082B08DED010A019B33F000422AD0B2F1F9
:104A6800FF4F23D213F0FF4F28D19DED017ADFEDE0
:104A78002A7A2A4B67EE277A9842CDED017A37DBFE
:104A8800019BC3F3C752193A0244FE2A1ADD9FED6F
:104A9800240A9FED247A019B002BF0EE407AB8BFE0
:104AA800B0EE470A20EE270A02B0704730EE000A3F
:104AB80002B070479DED010A02B07047D20D024462
:104AC800FE2AE4DC002A0BDC12F1160F17DA4CF28E
:104AD80050339842DBDC9FED140A9FED147ADAE735
:104AE80023F0FF4343EAC25300EE103A02B0704786
:104AF8009FED0D0ADDED017A27EE800AD8E719321D
:104B080023F0FF4343EAC253DFED097A07EE103A78
:104B180027EE270ACCE700BF0000004CB03CFFFF9F
:104B2800CAF24971CAF249F16042A20D6042A28DEF
:104B380000000033014B1868704700BF08000020D0
:104B480070B50D4D0D4C641BA4100026A64209D16A
:104B58000B4D0C4CFBF776FD641BA4100026A642F7
:104B680005D170BD55F8043B98470136EEE755F876
:104B7800043B98470136F2E718A9000818A900086D
:104B880018A9000818A9000830B501390024A24264
:104B980001D1002005E0035D01340D5DAB42F6D084
:104BA800581B30BD0A44914200F1FF3300D17047D1
:104BB80010B511F8014B03F8014F9142F9D110BD1E
:104BC80002440346934200D1704703F8011BF9E7FA
:104BD80081F0004102E000BF83F0004330B54FEAA6
:104BE80041044FEA430594EA050F08BF90EA020F13
:104BF8001FBF54EA000C55EA020C7FEA645C7FEAA6
:104C0800655C00F0E2804FEA5454D4EB5555B8BFC8
:104C18006D420CDD2C4480EA020281EA030382EA39
:104C2800000083EA010180EA020281EA0303362DCB
:104C380088BF30BD11F0004F4FEA01314FF4801C9E
:104C48004CEA113102D0404261EB410113F0004FB0
:104C58004FEA03334CEA133302D0524263EB430367
:104C680094EA050F00F0A780A4F10104D5F1200E05
:104C78000DDB02FA0EFC22FA05F2801841F1000160
:104C880003FA0EF2801843FA05F359410EE0A5F134
:104C980020050EF1200E012A03FA0EFC28BF4CF065
:104CA800020C43FA05F3C01851EBE37101F000451B
:104CB80007D54FF0000EDCF1000C7EEB00006EEB28
:104CC8000101B1F5801F1BD3B1F5001F0CD34908B2
:104CD8005FEA30004FEA3C0C04F101044FEA445209
:104CE80012F5800F80F09A80BCF1004F08BF5FEA90
:104CF800500C50F1000041EB045141EA050130BD70
:104D08005FEA4C0C404141EB0101013C28BFB1F581
:104D1800801FE9D291F0000F04BF01460020B1FACC
:104D280081F308BF2033A3F10B03B3F120020CDA9F
:104D38000C3208DD02F1140CC2F10C0201FA0CF07D
:104D480021FA02F10CE002F11402D8BFC2F1200CE2
:104D580001FA02F120FA0CFCDCBF41EA0C01904098
:104D6800E41AA2BF01EB0451294330BD6FEA0404E1
:104D78001F3C1CDA0C340EDC04F11404C4F12002CC
:104D880020FA04F001FA02F340EA030021FA04F3DE
:104D980045EA030130BDC4F10C04C4F1200220FA35
:104DA80002F001FA04F340EA0300294630BD21FA73
:104DB80004F0294630BD94F0000F83F4801306BF39
:104DC80081F480110134013D4EE77FEA645C18BF2D
:104DD8007FEA655C29D094EA050F08BF90EA020FC4
:104DE80005D054EA000C04BF1946104630BD91EABC
:104DF800030F1EBF0021002030BD5FEA545C05D1BF
:104E08004000494128BF41F0004130BD14F58004FD
:104E18003CBF01F5801130BD01F0004545F0FE4171
:104E280041F470014FF0000030BD7FEA645C1ABFA6
:104E3800194610467FEA655C1CBF0B46024650EADD
:104E4800013406BF52EA033591EA030F41F4002109
:104E580030BD00BF90F0000F04BF0021704730B58F
:104E68004FF4806404F132044FF000054FF0000164
:104E780050E700BF90F0000F04BF0021704730B525
:104E88004FF4806404F1320410F0004548BF4042FA
:104E98004FF000013EE700BF42004FEAE2014FEA4F
:104EA80031014FEA02701FBF12F07F4393F07F4F2A
:104EB80081F06051704732F07F4208BF704793F02D
:104EC8007F4F04BF41F40021704730B54FF4607440
:104ED80001F0004521F000411CE700BF50EA010243
:104EE80008BF704730B54FF000050AE050EA0102EC
:104EF80008BF704730B511F0004502D5404261EB5C
:104F080041014FF4806404F132045FEA915C3FF49C
:104F1800D8AE4FF003025FEADC0C18BF03325FEA39
:104F2800DC0C18BF033202EBDC02C2F1200300FAEA
:104F380003FC20FA02F001FA03FE40EA0E0021FA0F
:104F480002F11444BDE600BF70B54FF0FF0C4CF4FD
:104F5800E06C1CEA11541DBF1CEA135594EA0C0FAF
:104F680095EA0C0F00F0DEF82C4481EA030621EAEA
:104F78004C5123EA4C5350EA013518BF52EA033525
:104F880041F4801143F4801338D0A0FB02CE4FF0D7
:104F98000005E1FB02E506F00042E0FB03E54FF007
:104FA8000006E1FB03569CF0000F18BF4EF0010EFF
:104FB800A4F1FF04B6F5007F64F5407404D25FEAFB
:104FC8004E0E6D4146EB060642EAC62141EA5551AE
:104FD8004FEAC52040EA5E504FEACE2EB4F1FD0CF0
:104FE80088BFBCF5E06F1ED8BEF1004F08BF5FEA6E
:104FF800500E50F1000041EB045170BD06F0004620
:1050080046EA010140EA020081EA0301B4EB5C04CC
:10501800C2BFD4EB0C0541EA045170BD41F48011C4
:105028004FF0000E013C00F3AB8014F1360FDEBFE9
:10503800002001F0004170BDC4F10004203C35DAC5
:105048000C341BDC04F11404C4F1200500FA05F348
:1050580020FA04F001FA05F240EA020001F00042E9
:1050680021F0004110EBD37021FA04F642EB06015F
:105078005EEA430E08BF20EAD37070BDC4F10C0489
:10508800C4F1200500FA04F320FA05F001FA04F24D
:1050980040EA020001F0004110EBD37041F1000139
:1050A8005EEA430E08BF20EAD37070BDC4F1200544
:1050B80000FA05F24EEA020E20FA04F301FA05F2AC
:1050C80043EA020321FA04F001F0004121FA04F254
:1050D80020EA020000EBD3705EEA430E08BF20EA24
:1050E800D37070BD94F0000F0FD101F0004640005E
:1050F80041EB010111F4801F08BF013CF7D041EAE0
:10510800060195F0000F18BF704703F000465200E3
:1051180043EB030313F4801F08BF013DF7D043EAB4
:105128000603704794EA0C0F0CEA135518BF95EA6A
:105138000C0F0CD050EA410618BF52EA4306D1D1F1
:1051480081EA030101F000414FF0000070BD50EA10
:10515800410606BF1046194652EA430619D094EA9A
:105168000C0F02D150EA013613D195EA0C0F05D184
:1051780052EA03361CBF104619460AD181EA0301D8
:1051880001F0004141F0FE4141F470014FF0000090
:1051980070BD41F0FE4141F4780170BD70B54FF02B
:1051A800FF0C4CF4E06C1CEA11541DBF1CEA1355AB
:1051B80094EA0C0F95EA0C0F00F0A7F8A4EB05048D
:1051C80081EA030E52EA03354FEA013100F0888084
:1051D8004FEA03334FF0805545EA131343EA12634D
:1051E8004FEA022245EA111545EA10654FEA002602
:1051F8000EF000419D4208BF964244F1FD0404F5BB
:10520800407402D25B084FEA3202B61A65EB030516
:105218005B084FEA32024FF480104FF4002CB6EBD3
:10522800020E75EB030E22BFB61A754640EA0C0053
:105238005B084FEA3202B6EB020E75EB030E22BF93
:10524800B61A754640EA5C005B084FEA3202B6EBD4
:10525800020E75EB030E22BFB61A754640EA9C0093
:105268005B084FEA3202B6EB020E75EB030E22BF63
:10527800B61A754640EADC0055EA060E18D04FEA21
:10528800051545EA16754FEA06164FEAC30343EAC1
:1052980052734FEAC2025FEA1C1CC0D111F4801F8E
:1052A8000BD141EA00014FF000004FF0004CB6E787
:1052B80011F4801F04BF01430020B4F1FD0C88BF26
:1052C800BCF5E06F3FF6AFAEB5EB030C04BFB6EB31
:1052D800020C5FEA500C50F1000041EB045170BD24
:1052E8000EF0004E4EEA113114EB5C04C2BFD4EB51
:1052F8000C0541EA045170BD41F480114FF0000ED5
:10530800013C90E645EA060E8DE60CEA135594EA50
:105318000C0F08BF95EA0C0F3FF43BAF94EA0C0F53
:105328000AD150EA01347FF434AF95EA0C0F7FF4C8
:1053380025AF104619462CE795EA0C0F06D152EA1C
:1053480003353FF4FDAE1046194622E750EA410600
:1053580018BF52EA43067FF4C5AE50EA41047FF411
:105368000DAF52EA43057FF4EBAE12E74FF0FF3C76
:1053780006E000BF4FF0010C02E000BF4FF0010C47
:105388004DF804CD4FEA410C7FEA6C5C4FEA430CC0
:1053980018BF7FEA6C5C1BD001B050EA410C0CBF0F
:1053A80052EA430C91EA030F02BF90EA020F002071
:1053B800704710F1000F91EA030F58BF994208BFD8
:1053C80090422CBFD8176FEAE37040F00100704795
:1053D8004FEA410C7FEA6C5C02D150EA013C07D1EC
:1053E8004FEA430C7FEA6C5CD6D152EA033CD3D037
:1053F8005DF8040B704700BF8446104662468C4631
:105408001946634600E000BF01B5FFF7B7FF002863
:1054180048BF10F1000F01BD4DF808EDFFF7F4FF8C
:105428000CBF012000205DF808FB00BF4DF808ED17
:10543800FFF7EAFF34BF012000205DF808FB00BF3A
:105448004DF808EDFFF7E0FF94BF012000205DF85C
:1054580008FB00BF4DF808EDFFF7CEFF94BF012011
:1054680000205DF808FB00BF4DF808EDFFF7C4FF0A
:1054780034BF012000205DF808FB00BF4FEA410C53
:105488007FEA6C5C02D150EA013C0AD14FEA430C36
:105498007FEA6C5C02D152EA033C02D14FF0000073
:1054A80070474FF0010070474FEA410212F50012B1
:1054B80015D211D56FF47873B3EB625212D94FEA53
:1054C800C12343F0004343EA505311F0004F23FA3D
:1054D80002F018BF404270474FF00000704750EA92
:1054E800013005D111F0004008BF6FF0004070474F
:1054F8004FF00000704700BF4A0011D212F50012A9
:1055080011D20DD56FF47873B3EB62520ED44FEA13
:10551800C12343F0004343EA505323FA02F0704793
:105528004FF00000704750EA013002D14FF0FF30D1
:1055380070474FF0000070474FEA4102B2F1E04374
:1055480024BFB3F5001CDCF1FE5C0DD901F0004C62
:105558004FEAC0024CEA5070B2F1004F40EB8300B2
:1055680008BF20F00100704711F0804F21D113F1DE
:105578003872BCBF01F00040704741F480114FEA17
:105588005252C2F11802C2F1200C10FA0CF320FAA0
:1055980002F018BF40F001004FEAC1234FEAD323BD
:1055A80003FA0CFC40EA0C0023FA02F34FEA430327
:1055B800CCE77FEA625307D150EA01331EBF4FF0B0
:1055C800FE4040F44000704701F0004040F0FE40CB
:1055D80040F40000704700BF000000000000000019
:1055E8000102030406070809B80B0000B80B000005
:1055F800C80000006400000064000000F40100001E
:10560800B80B0000B80B0000140000002C010000CB
:10561800320000000100000000000000000000004F
:105628000000000000000000000000000000000072
:105638000000000000000000FFFFFFFFFFFFFFFF6A
:10564800FFFFFFFFFFFFFFFFFFFFFFFFFFFFFFFF62
:10565800FFFFFFFFFFFFFFFF00010203040506072E
:1056680008090A0B0C0D0E0F10111213141516173A
:1056780018191A1B1C1D1E1F20212223242526272A
:1056880028292A2B2C2D2E2F30313233343536371A
:1056980038393A3B3C3D3E3F00000101020203031A
:1056A80010203040AA55AA55000001010202030348
:1056B80010203040AA55AA55000001010202030338
:1056C80010203040AA55AA55000001010202030328
:1056D80010203040AA55AA55000001010202030318
:1056E80010203040AA55AA55000001010202030308
:1056F80010203040AA55AA550000010102020303F8
:1057080010203040AA55AA550000010102020303E7
:1057180010203040AA55AA550000000000000000E3
:105728000000000000000000000000000000000071
:105738000000000000000000FFFFFFFFFFFFFFFF69
:10574800FFFFFFFFFFFFFFFFFFFFFFFFFFFFFFFF61
:10575800FFFFFFFFFFFFFFFF00010203040506072D
:1057680008090A0B0C0D0E0F101112131415161739
:1057780018191A1B1C1D1E1F202122232425262729
:1057880028292A2B2C2D2E2F303132333435363719
:1057980038393A3B3C3D3E3F000001010202030319
:1057A80010203040AA55AA55000001010202030347
:1057B80010203040AA55AA55000001010202030337
:1057C80010203040AA55AA55000001010202030327
:1057D80010203040AA55AA55000001010202030317
:1057E80010203040AA55AA55000001010202030307
:1057F80010203040AA55AA550000010102020303F7
:1058080010203040AA55AA550000010102020303E6
:1058180010203040AA55AA550000000000000000E2
:105828000000000000000000000000000000000070
:105838000000000000000000FFFFFFFFFFFFFFFF68
:10584800FFFFFFFFFFFFFFFFFFFFFFFFFFFFFFFF60
:10585800FFFFFFFFFFFFFFFF00010203040506072C
:1058680008090A0B0C0D0E0F101112131415161738
:1058780018191A1B1C1D1E1F202122232425262728
:1058880028292A2B2C2D2E2F303132333435363718
:1058980038393A3B3C3D3E3F000001010202030318
:1058A80010203040AA55AA55000001010202030346
:1058B80010203040AA55AA55000001010202030336
:1058C80010203040AA55AA55000001010202030326
:1058D80010203040AA55AA55000001010202030316
:1058E80010203040AA55AA55000001010202030306
:1058F80010203040AA55AA550000010102020303F6
:1059080010203040AA55AA550000010102020303E5
:1059180010203040AA55AA550000000000000000E1
:10592800000000000000000000000000000000006F
:105938000000000000000000FFFFFFFFFFFFFFFF67
:10594800FFFFFFFFFFFFFFFFFFFFFFFFFFFFFFFF5F
:10595800FFFFFFFFFFFFFFFF00010203040506072B
:1059680008090A0B0C0D0E0F101112131415161737
:1059780018191A1B1C1D1E1F202122232425262727
:1059880028292A2B2C2D2E2F303132333435363717
:1059980038393A3B3C3D3E3F000001010202030317
:1059A80010203040AA55AA55000001010202030345
:1059B80010203040AA55AA55000001010202030335
:1059C80010203040AA55AA55000001010202030325
:1059D80010203040AA55AA55000001010202030315
:1059E80010203040AA55AA55000001010202030305
:1059F80010203040AA55AA550000010102020303F5
:105A080010203040AA55AA550000010102020303E4
:105A180010203040AA55AA550000000000000000E0
:105A2800000000000000000000000000000000006E
:105A38000000000000000000FFFFFFFFFFFFFFFF66
:105A4800FFFFFFFFFFFFFFFFFFFFFFFFFFFFFFFF5E
:105A5800FFFFFFFFFFFFFFFF00010203040506072A
:105A680008090A0B0C0D0E0F101112131415161736
:105A780018191A1B1C1D1E1F202122232425262726
:105A880028292A2B2C2D2E2F303132333435363716
:105A980038393A3B3C3D3E3F000001010202030316
:105AA80010203040AA55AA55000001010202030344
:105AB80010203040AA55AA55000001010202030334
:105AC80010203040AA55AA55000001010202030324
:105AD80010203040AA55AA55000001010202030314
:105AE80010203040AA55AA55000001010202030304
:105AF80010203040AA55AA550000010102020303F4
:105B080010203040AA55AA550000010102020303E3
:105B180010203040AA55AA550000000000000000DF
:105B2800000000000000000000000000000000006D
:105B38000000000000000000FFFFFFFFFFFFFFFF65
:105B4800FFFFFFFFFFFFFFFFFFFFFFFFFFFFFFFF5D
:105B5800FFFFFFFFFFFFFFFF000102030405060729
:105B680008090A0B0C0D0E0F101112131415161735
:105B780018191A1B1C1D1E1F202122232425262725
:105B880028292A2B2C2D2E2F303132333435363715
:105B980038393A3B3C3D3E3F000001010202030315
:105BA80010203040AA55AA55000001010202030343
:105BB80010203040AA55AA55000001010202030333
:105BC80010203040AA55AA55000001010202030323
:105BD80010203040AA55AA55000001010202030313
:105BE80010203040AA55AA55000001010202030303
:105BF80010203040AA55AA550000010102020303F3
:105C080010203040AA55AA550000010102020303E2
:105C180010203040AA55AA550000000000000000DE
:105C2800000000000000000000000000000000006C
:105C38000000000000000000FFFFFFFFFFFFFFFF64
:105C4800FFFFFFFFFFFFFFFFFFFFFFFFFFFFFFFF5C
:105C5800FFFFFFFFFFFFFFFF000102030405060728
:105C680008090A0B0C0D0E0F101112131415161734
:105C780018191A1B1C1D1E1F202122232425262724
:105C880028292A2B2C2D2E2F303132333435363714
:105C980038393A3B3C3D3E3F000001010202030314
:105CA80010203040AA55AA55000001010202030342
:105CB80010203040AA55AA55000001010202030332
:105CC80010203040AA55AA55000001010202030322
:105CD80010203040AA55AA55000001010202030312
:105CE80010203040AA55AA55000001010202030302
:105CF80010203040AA55AA550000010102020303F2
:105D080010203040AA55AA550000010102020303E1
:105D180010203040AA55AA550000000000000000DD
:105D2800000000000000000000000000000000006B
:105D38000000000000000000FFFFFFFFFFFFFFFF63
:105D4800FFFFFFFFFFFFFFFFFFFFFFFFFFFFFFFF5B
:105D5800FFFFFFFFFFFFFFFF000102030405060727
:105D680008090A0B0C0D0E0F101112131415161733
:105D780018191A1B1C1D1E1F202122232425262723
:105D880028292A2B2C2D2E2F303132333435363713
:105D980038393A3B3C3D3E3F000001010202030313
:105DA80010203040AA55AA55000001010202030341
:105DB80010203040AA55AA55000001010202030331
:105DC80010203040AA55AA55000001010202030321
:105DD80010203040AA55AA55000001010202030311
:105DE80010203040AA55AA55000001010202030301
:105DF80010203040AA55AA550000010102020303F1
:105E080010203040AA55AA550000010102020303E0
:105E180010203040AA55AA551C36C84190A1EDB4AF
:105E2800A79DD47EF3AA3907677CA4C371BA8E787C
:105E3800AE7C94B222C84ED58214F46417E45E9BFB
:105E4800A46A61680E8E098479FA7CEF525FD641A4
:105E5800D2E2D9CEBBE6D6505F5BCECE9346BF79B1
:105E6800689DD27F5E8E13AE4507B95818FBC907E7
:105E78007903AF61EFF0E158C5D0EEE761711FDB40
:105E880060C472AF8ED35740FF34873E5FEFCCAB10
:105E9800C8D9CCD3A27234E034030301E052C478E9
:105EA800729B75E168B0A6F48DF3A439E4C9396E24
:105EB80094DA7BD9FBB663D17AFEAD4B68AAF7A218
:105EC80045BDA9D22709D276069EB199C854F05B80
:105ED800B4C6EAD7B272419DBEC10C7D6DC82EF41E
:105EE80099298F0A2EAA12C6F9F6AFC68337BB6A5C
:105EF800C629C3748271FC9146E33380286840F157
:105F0800C154B54DB8DA8F84163BC98DCE8674A0BE
:105F1800A6AEB421DDABAACA6E4D83A45981098F00
:105F2800EC5611DA8A1F59F81E7D97824BDD45160B
:105F3800CF832A58C90367DC6EF3919880FEC5E1C8
:105F4800A03FE85A97FE869AE7415F502EA9E2FAE9
:105F58009BD26C6E50765C7D41ED022A6161FEA891
:105F680089E37FCD98FD8D67333D7AE24193BF1277
:105F780048D62FC298690132C19BD521DB9EB2A1B8
:105F88005EB9304B9C46B3A143F0DDEA996E6D963D
:105F9800D9DCAB804F51841AE84595FC0A40C0C64D
:105FA8000F3B9C3D66A87C0D0ADC99EA7832215C9F
:105FB8004A8909DD34082E5C8700AC99C124AA54AB
:105FC800B37F2CD0E4D38A2000280B535A87C88982
:105FD8002EDF96D21186DCB85515289351518F6C57
:105FE8005CFCAF4D8E878D79DDEEC71FE3A74F4868
:105FF800131940E5CA597AB7A0A156980B20DBBB04
:106008001755DCE7DE62CD2A02CFE3673655DBEDB4
:106018007A1E869FCFEA1550E1D25910368FDCE7F9
:1060280001222207EDA119B6A039A7BE84C31C5EC0
:10603800CD81B038AB5DBE62D7437D8961155A56B4
:106048009C60627614A5375A22B8374E783F1F678E
:10605800F9C6B8E6852C81E2062E7CB4A79D5515B5
:106068005AE51D0425A083764424CE7F46A9F1066F
:106078006F08C1A348B7119139BB25E99272EAE4C8
:106088009FB89DE995E2E3CAAA8D87D0A7D47FD6A9
:106098007027815B8741AAAAEBF97E6490709D0DF9
:1060A80063E52D484FFDF61DF1FCAAE41BEA5C3DB3
:1060B80081BC9952F7F3DBEA3BD62C89B8F4F5B6E4
:1060C8007BFA6284EB1076AE1F951221E2F2DC783F
:1060D80028DC0D988BA039585A4CCC835B98B97D35
:1060E8005E917A324945C6EFBED730AF93FA366D26
:1060F8004CE90CFF92910A787ADA54C2FFA24D8ECD
:106108000D9540983337750B02327FC961294F1AB4
:1061180016EFCE77C584F27210AC2522BB8567587E
:1061280008E7C43B641A8642B7DA816379218E187E
:1061380011EF924E29B6A29534F1D625CED8235127
:106148006ECC08795CB4DB9EF5375A88A6FEA6EEBD
:1061580065D1F5ED65485BFA23EF9BADA25DFB8148
:106168002EEDA063C5E4BE4E05C736E3C95E47E61B
:10617800A4430A39B6BC000D4080C1E62BE6D51B06
:106188008CEE9F63EFC371C466598ED81299B458C8
:10619800D4B9341C2407B1AE4ACFAE83398B68F228
:1061A800FA926CD34DA31EAE242668F67510A96C1E
:1061B800F3FE186EAFA8A68BDD89D341B015F91888
:1061C800881CF79192974D35E0CAA43137ABC29538
:1061D8004218FC21CAE5814483781A28E33ED04B53
:1061E800B229B7E19BAB4D92685B52752277174B8A
:1061F8006F94C2A3FFD99F188C1B06F508A05D8D6C
:106208002B1553E316837EA02C408450840B5B7BB4
:106218000B772D91D8B2975201495D965B98DF6A4A
:1062280094006DD31A113A5D8492B609698C52BFF5
:10623800D5099106C3F559B5719F0D7525B189A981
:106248007979E01B4080F91B401D4A9CE443E2B881
:1062580071A3AC47BBA7856B0F1E5397580FF44A21
:1062680093935B10FAAE0786620A13B39AAB645A2B
:10627800D85AF17EEBD48D0C721E04301A7CEEAF26
:106288004AB9C8E7F405ACEE9163CE754508964661
:106298006DC5142909676E9FF266B3201C6B6A39B5
:1062A800C38F327D0D105999B1D21A8BD15E4DDC56
:1062B800EB182A822DE43D5D1B16FB9F935DF6FDCE
:1062C800A067D0FE68EFA90F383E2436EAF1E70947
:1062D80005E3B6A9EA9FCF181BE2607A47687A2FD0
:1062E80050E533C61333C40F3CCD7197517955CC63
:1062F8004DF54F0D1E019F914C5621CCF9C278E8FF
:1063080068D83CBD4CD720AB123D4CC810C23846AB
:10631800D6FFD2440FAC15770C55BF530302B467B0
:10632800C18F4A70C3E817B00F8B06C11D1452E71E
:10633800DB973F5443DDA915D55BF7F58B7F0EA29C
:106348008A59BEB955A9EA0CDB6BAA6BFD56861FA4
:10635800274C6FA23336012F657C2D2DF9274595E3
:10636800160EEC4265CF3BAA9DCA155D4B0567FD2D
:1063780080F246639EAA72BE7353A7CD7FE66E6C09
:106388009EAFC5FC16434DC2642180C01850BAB2F6
:106398006038EF9B6FA9F3D514EE00F5B9306CE2C5
:1063A800707E42E6C711FB1E52AD730E1BB6C13E8E
:1063B800FFF6D591F078E2E69E13353FD71B6B6B5D
:1063C800E3FC0A61B703379DB4936301B838046BE3
:1063D8002D4514093B1432D7D2BD7E4683E7DFAE84
:1063E8005F4414036FC04B7AF16A7BF60DB82EF642
:1063F8002FEE0608DF30DCFF2A9A223E7B4B461937
:10640800A9A1166A017E0CD6A425BDB93B68539490
:10641800948CD55FEFC592D165E34D06A0A5C485E0
:106428006BF825215EAC9510955AB25B17F47A9CEF
:10643800AA9D7323E58073178CB696E7E5FF92B0A3
:10644800EA2AFE0F96832713CBD7DED188BA135AD0
:106458008385F64ED69A333DEA0EC5AA6237C1390E
:1064680022F9EE8B3AF60F6A6757F0C69FC22A5890
:1064780016C04FFBE2E5C8488B95B5F72A01F6C070
:106488007B56E5C0C728DBE5F11CE9A26DD2630E97
:10649800E1970FD788D98E0AFD3393A065C1CB8EBB
:1064A800CFB2C201B76F1E1925B6503371B4752922
:1064B800B04AF10BE2C054F49390646AB9CB89E70F
:1064C800A9EEA76CCA079D3D56FC9EDAACB67A7E4B
:1064D800F20F4E508B11144EF69FCFC012FBF912DB
:1064E8004751464BDE80FD08006B974BFA9B5F5E79
:1064F80090758E61ACB4F5C27D21834377961AF00E
:106508005202A673E2B11FA91D3F72692C27A57C10
:106518002A0F766B499AB1BDFC763B16A0351EAFA3
:106528006AF0433AB6E2868875D28B2CF3238864E6
:1065380081E76621753C6275B998DCB40FBAB5C7B6
:106548003B7A037D53F864324874790648EBC58278
:10655800A603AA7AFF007063883F44D282A580D33D
:10656800404A7E8CB55E13AC1386B4B588965562E6
:10657800E9BD22B498F5F2D7646781DF564627074C
:10658800A4D07031D2351EDFF71C05E2137D3875B3
:106598002AF0FAF401C19701C7893ECD1EF5E555E9
:1065A800D50C1DA5BDFC047D38A8032A47B9E7BF53
:1065B80071B2B472671B592728B45200F41661AD42
:1065C800295FBC66389469CD177DB21E1660446F8A
:1065D800795C84CEA358A73515E1348C1E9BE2C69E
:1065E800FB2037A99EF192794169DC6E1653D4805D
:1065F800CA03EBE3A01EF3BAA20B315CA4AE019070
:10660800E18AC56BE7D9C46DB37C9B8DDA8491B1FF
:10661800B9AD82272E324DEB80858A8F94989DA242
:10662800A6ABAFB3B8BCBFC3C7CACDD0D3D6D8DA30
:10663800DCDEE0E1E2E3E4E4E4E4E4E3E2E1E0DE3A
:10664800DCDAD8D6D3D0CDCAC7C3BFBCB8B3AFABDA
:10665800A6A29D98948F8A85807B76716C68635E0C
:106668005A55514D4844413D393633302D2A282654
:106678002422201F1E1D1C1C1C1C1C1D1E1F20222A
:106688002426282A2D303336393D4144484D51556A
:106698005A5E63686C71767B80858A8F94989DA218
:1066A800A6ABAFB3B8BCBFC3C7CACDD0D3D6D8DAB0
:1066B800DCDEE0E1E2E3E4E4E4E4E4E3E2E1E0DEBA
:1066C800DCDAD8D6D3D0CDCAC7C3BFBCB8B3AFAB5A
:1066D800A6A29D98948F8A85807B76716C68635E8C
:1066E8005A55514D4844413D393633302D2A2826D4
:1066F8002422201F1E1D1C1C1C1C1C1D1E1F2022AA
:106708002426282A2D303336393D4144484D5155E9
:106718005A5E63686C71767B80858A8F94989DA297
:10672800A6ABAFB3B8BCBFC3C7CACDD0D3D6D8DA2F
:10673800DCDEE0E1E2E3E4E4E4E4E4E3E2E1E0DE39
:10674800DCDAD8D6D3D0CDCAC7C3BFBCB8B3AFABD9
:10675800A6A29D98948F8A85807B76716C68635E0B
:106768005A55514D4844413D393633302D2A282653
:106778002422201F1E1D1C1C1C1C1C1D1E1F202229
:106788002426282A2D303336393D4144484D515569
:106798005A5E63686C71767B80858A8F94989DA217
:1067A800A6ABAFB3B8BCBFC3C7CACDD0D3D6D8DAAF
:1067B800DCDEE0E1E2E3E4E4E4E4E4E3E2E1E0DEB9
:1067C800DCDAD8D6D3D0CDCAC7C3BFBCB8B3AFAB59
:1067D800A6A29D98948F8A85807B76716C68635E8B
:1067E8005A55514D4844413D393633302D2A2826D3
:1067F8002422201F1E1D1C1C1C1C1C1D1E1F2022A9
:106808002426282A2D303336393D4144484D5155E8
:106818005A5E63686C71767B80858A8F94989DA296
:10682800A6ABAFB3B8BCBFC3C7CACDD0D3D6D8DA2E
:10683800DCDEE0E1E2E3E4E4E4E4E4E3E2E1E0DE38
:10684800DCDAD8D6D3D0CDCAC7C3BFBCB8B3AFABD8
:10685800A6A29D98948F8A85807B76716C68635E0A
:106868005A55514D4844413D393633302D2A282652
:106878002422201F1E1D1C1C1C1C1C1D1E1F202228
:106888002426282A2D303336393D4144484D515568
:106898005A5E63686C71767B80858A8F94989DA216
:1068A800A6ABAFB3B8BCBFC3C7CACDD0D3D6D8DAAE
:1068B800DCDEE0E1E2E3E4E4E4E4E4E3E2E1E0DEB8
:1068C800DCDAD8D6D3D0CDCAC7C3BFBCB8B3AFAB58
:1068D800A6A29D98948F8A85807B76716C68635E8A
:1068E8005A55514D4844413D393633302D2A2826D2
:1068F8002422201F1E1D1C1C1C1C1C1D1E1F2022A8
:106908002426282A2D303336393D4144484D5155E7
:106918005A5E63686C71767B80858A8F94989DA295
:10692800A6ABAFB3B8BCBFC3C7CACDD0D3D6D8DA2D
:10693800DCDEE0E1E2E3E4E4E4E4E4E3E2E1E0DE37
:10694800DCDAD8D6D3D0CDCAC7C3BFBCB8B3AFABD7
:10695800A6A29D98948F8A85807B76716C68635E09
:106968005A55514D4844413D393633302D2A282651
:106978002422201F1E1D1C1C1C1C1C1D1E1F202227
:106988002426282A2D303336393D4144484D515567
:106998005A5E63686C71767B80858A8F94989DA215
:1069A800A6ABAFB3B8BCBFC3C7CACDD0D3D6D8DAAD
:1069B800DCDEE0E1E2E3E4E4E4E4E4E3E2E1E0DEB7
:1069C800DCDAD8D6D3D0CDCAC7C3BFBCB8B3AFAB57
:1069D800A6A29D98948F8A85807B76716C68635E89
:1069E8005A55514D4844413D393633302D2A2826D1
:1069F8002422201F1E1D1C1C1C1C1C1D1E1F2022A7
:106A08002426282A2D303336393D4144484D5155E6
:106A18005A5E63686C71767B80858A8F94989DA294
:106A2800A6ABAFB3B8BCBFC3C7CACDD0D3D6D8DA2C
:106A3800DCDEE0E1E2E3E4E4E4E4E4E3E2E1E0DE36
:106A4800DCDAD8D6D3D0CDCAC7C3BFBCB8B3AFABD6
:106A5800A6A29D98948F8A85807B76716C68635E08
:106A68005A55514D4844413D393633302D2A282650
:106A78002422201F1E1D1C1C1C1C1C1D1E1F202226
:106A88002426282A2D303336393D4144484D515566
:106A98005A5E63686C71767B80858A8F94989DA214
:106AA800A6ABAFB3B8BCBFC3C7CACDD0D3D6D8DAAC
:106AB800DCDEE0E1E2E3E4E4E4E4E4E3E2E1E0DEB6
:106AC800DCDAD8D6D3D0CDCAC7C3BFBCB8B3AFAB56
:106AD800A6A29D98948F8A85807B76716C68635E88
:106AE8005A55514D4844413D393633302D2A2826D0
:106AF8002422201F1E1D1C1C1C1C1C1D1E1F2022A6
:106B08002426282A2D303336393D4144484D5155E5
:106B18005A5E63686C71767B80858A8F94989DA293
:106B2800A6ABAFB3B8BCBFC3C7CACDD0D3D6D8DA2B
:106B3800DCDEE0E1E2E3E4E4E4E4E4E3E2E1E0DE35
:106B4800DCDAD8D6D3D0CDCAC7C3BFBCB8B3AFABD5
:106B5800A6A29D98948F8A85807B76716C68635E07
:106B68005A55514D4844413D393633302D2A28264F
:106B78002422201F1E1D1C1C1C1C1C1D1E1F202225
:106B88002426282A2D303336393D4144484D515565
:106B98005A5E63686C71767B80858A8F94989DA213
:106BA800A6ABAFB3B8BCBFC3C7CACDD0D3D6D8DAAB
:106BB800DCDEE0E1E2E3E4E4E4E4E4E3E2E1E0DEB5
:106BC800DCDAD8D6D3D0CDCAC7C3BFBCB8B3AFAB55
:106BD800A6A29D98948F8A85807B76716C68635E87
:106BE8005A55514D4844413D393633302D2A2826CF
:106BF8002422201F1E1D1C1C1C1C1C1D1E1F2022A5
:106C08002426282A2D303336393D4144484D5155E4
:106C18005A5E63686C71767B80858A8F94989DA292
:106C2800A6ABAFB3B8BCBFC3C7CACDD0D3D6D8DA2A
:106C3800DCDEE0E1E2E3E4E4E4E4E4E3E2E1E0DE34
:106C4800DCDAD8D6D3D0CDCAC7C3BFBCB8B3AFABD4
:106C5800A6A29D98948F8A85807B76716C68635E06
:106C68005A55514D4844413D393633302D2A28264E
:106C78002422201F1E1D1C1C1C1C1C1D1E1F202224
:106C88002426282A2D303336393D4144484D515564
:106C98005A5E63686C71767B80858A8F94989DA212
:106CA800A6ABAFB3B8BCBFC3C7CACDD0D3D6D8DAAA
:106CB800DCDEE0E1E2E3E4E4E4E4E4E3E2E1E0DEB4
:106CC800DCDAD8D6D3D0CDCAC7C3BFBCB8B3AFAB54
:106CD800A6A29D98948F8A85807B76716C68635E86
:106CE8005A55514D4844413D393633302D2A2826CE
:106CF8002422201F1E1D1C1C1C1C1C1D1E1F2022A4
:106D08002426282A2D303336393D4144484D5155E3
:106D18005A5E63686C71767B80858A8F94989DA291
:106D2800A6ABAFB3B8BCBFC3C7CACDD0D3D6D8DA29
:106D3800DCDEE0E1E2E3E4E4E4E4E4E3E2E1E0DE33
:106D4800DCDAD8D6D3D0CDCAC7C3BFBCB8B3AFABD3
:106D5800A6A29D98948F8A85807B76716C68635E05
:106D68005A55514D4844413D393633302D2A28264D
:106D78002422201F1E1D1C1C1C1C1C1D1E1F202223
:106D88002426282A2D303336393D4144484D515563
:106D98005A5E63686C71767B80858A8F94989DA211
:106DA800A6ABAFB3B8BCBFC3C7CACDD0D3D6D8DAA9
:106DB800DCDEE0E1E2E3E4E4E4E4E4E3E2E1E0DEB3
:106DC800DCDAD8D6D3D0CDCAC7C3BFBCB8B3AFAB53
:106DD800A6A29D98948F8A85807B76716C68635E85
:106DE8005A55514D4844413D393633302D2A2826CD
:106DF8002422201F1E1D1C1C1C1C1C1D1E1F2022A3
:106E08002426282A2D303336393D4144484D5155E2
:106E18005A5E63686C71767B67E6096A85AE67BB04
:106E280072F36E3C3AF54FA57F520E518C68059B64
:106E3800ABD9831F19CDE05B982F8A4291443771F3
:106E4800CFFBC0B5A5DBB5E95BC25639F111F159E5
:106E5800A4823F92D55E1CAB98AA07D8015B831227
:106E6800BE853124C37D0C55745DBE72FEB1DE80D3
:106E7800A706DC9B74F19BC1C1699BE48647BEEF02
:106E8800C69DC10FCCA10C246F2CE92DAA84744A8D
:106E9800DCA9B05CDA88F97652513E986DC631A803
:106EA800C82703B0C77F59BFF30BE0C64791A7D5E2
:106EB8005163CA0667292914850AB72738211B2E6A
:106EC800FC6D2C4D130D385354730A65BB0A6A7652
:106ED8002EC9C281852C7292A1E8BFA24B661AA85E
:106EE800708B4BC2A3516CC719E892D1240699D66E
:106EF80085350EF470A06A1016C1A419086C371EE7
:106F08004C774827B5BCB034B30C1C394AAAD84EC4
:106F18004FCA9C5BF36F2E68EE828F746F63A578FF
:106F28001478C8840802C78CFAFFBE90EB6C50A492
:106F3800F7A3F9BEF27871C68D010204081020404B
:106F4800801B3600637C777BF26B6FC53001672B43
:106F5800FED7AB76CA82C97DFA5947F0ADD4A2AF45
:106F68009CA472C0B7FD9326363FF7CC34A5E5F153
:106F780071D8311504C723C31896059A071280E201
:106F8800EB27B27509832C1A1B6E5AA0523BD6B355
:106F980029E32F8453D100ED20FCB15B6ACBBE39C5
:106FA8004A4C58CFD0EFAAFB434D338545F9027FB1
:106FB800503C9FA851A3408F929D38F5BCB6DA216A
:106FC80010FFF3D2CD0C13EC5F974417C4A77E3D96
:106FD800645D197360814FDC222A908846EEB814EC
:106FE800DE5E0BDBE0323A0A4906245CC2D3AC62AF
:106FF8009195E479E7C8376D8DD54EA96C56F4EABA
:10700800657AAE08BA78252E1CA6B4C6E8DD741FCA
:107018004BBD8B8A703EB5664803F60E613557B98D
:1070280086C11D9EE1F8981169D98E949B1E87E947
:10703800CE5528DF8CA1890DBFE6426841992D0FF6
:10704800B054BB1601020100010101000102030254
:107058000100000030313233343536373839616257
:1070680063646566303132333435363738396162B6
:1070780063646566303132333435363738396162A6
:107088006364656600000000000000000000000066
:107098003B7DD85D2526561DC10709B950718F441F
:1070A80077805F094A4FB7DA57F4EF77EF08B59062
:1070B8004109FC85C77508C5692C8D7331D99500C0
:1070C8009CBA175E199F1963C2CE3FB66B00A40520
:1070D8008981BFCEABD9787A96C9227DDF2B8A9D6C
:1070E8007EEE93A1F2C20254B08930388CE3FC29B9
:1070F80099A1E02229B39E97E324611152CEC4C11D
:107108009CA4D3B71B19F75BFA584B6FC787A17DAF
:1071180018639D4A21E433A32CDCC94F385F61DA38
:107128005D11AFB3F3AB6F1FEF002CF9353BCA54B9
:107138002FCADAA99EDBE33DF22A9896869FB87E8D
:1071480075888DA4DA5FEB84C02270C9FDC3D04B6B
:1071580004D8B0F85F3FD32D9A1A440A1520C713F4
:1071680056129B2B118E4332ADC6A8C155CF07E8E6
:10717800FBA98BF2EC247A8CA7BF3CD18C05252C7B
:10718800BA57FBF6BD5C9A0A03614624CF3206481B
:107198001B743E9E896E2AB27CF70C4AE2F5DB5DD1
:1071A8006756E93745A45CE4562F0D3EDAD61FC76B
:1071B800D6ED7B0F981EF93CF7C23AB02974E03B34
:1071C80030E119764BD46A75DDE8308163182E1AE0
:1071D80013F142530B93F1B534DDAF14C10177DEDF
:1071E800B3BEE3946274FDD1ED332A00C9D23927C6
:1071F8009587B745D0116772B2A794E588CE1A81F2
:10720800D815DFC43B0D803E1FAEF60EC165B89E93
:107218002E9EC5FB5295DEDD08B306908626581BC8
:1072280093E42C94EB5C9FA8ACB0C46AB787606CFD
:10723800B7A7500508C686B02179D127C7AF9EA049
:10724800F93DCBC67DBB9E675CC5DCE24F34D2E41A
:107258000EA5039E5B64B260057D78FD66C714C801
:107268007AC092C2A78C6FA235CE7214D27E3C1916
:107278008BFB5354B9D99836F32498B8FC5722AEEF
:10728800DD93F868D05871C7646F932596DBD112E7
:10729800B5F16F9FCB1641D91063EB485FF02C1600
:1072A8007E6EE951A6D33AF44A3E9C68F50A36FB4D
:1072B80063161411756752A9880AB842FAB857C9F3
:1072C80014C194AD4A241828892A6A5D7ACBCEC2A3
:1072D800BD256EC97A6264DA0A113F5E78993CAEC0
:1072E8001972AE44528ED58C917AF2838467BC3A77
:1072F800F190E9C38ECB47061AE43F47DF7DA00F24
:107308009A864F4D6B460CF2942E990822B0325251
:10731800B245B665ABAFBDDE67835A234B6F1F849A
:10732800315EAB063649537A9EB0CDA532CE4DA814
:107338007DBBEA7C2425591BD888244DFE9D4690A8
:10734800128A76EBC2CBF74B64367B82F434207D0D
:107358008B5285F43652A997D53A813D355D814ED9
:107368008DD2DECC6B423D4A9574DBBE868621A762
:107378003989DEBB7C97CC38E9C5B331292C3A244E
:1073880016D593BBE3DF3A4E53C91DB374F38BA9EB
:107398004441DF232DA04987FCC5FDF628960DB989
:1073A80094C250FD32E62BFC55BBECC97E3C317CC7
:1073B80099DB43AF50B4633B6F953537D71CE3591E
:1073C800B973338645A8631DDD76106546A9CCAD33
:1073D8003CB087D4AC475B2EEF6EA869639B968F51
:1073E800BB8A062C53B066ADA8E4F18A0A7B135811
:1073F800D11FE860108D18C06710239139DD956E94
:1074080038D734DD135B6EECF6C1DD36D2C0CF90D1
:10741800F7017476451E3694C2F7BDBE59FA5A86EE
:1074280056C268CFE892863F55F52E05790E723E12
:10743800CAD623AB561746BAD6998736D79F6274F1
:10744800A528D6D022A1FA451E9B94C908E2A60A0F
:10745800172B3E5CC53C01C2D3A9DC88A104ABAEA6
:107468003468A38AAA2E70CCCBE56EA697D7D91D0F
:107478009D0A95AE9A88713AA20DE18896B9374966
:107488006D63CC258B299DE63871E6A6C9F07AD8BC
:10749800347E591F117A230AA6F06649E5C1566F52
:1074A800AF5DC86E1DE83EFCBE6A608CAA1A3F9BA1
:1074B80092242228566825975E200C453883ABE332
:1074C80069BE8F9780C8F6C299682842D4C4A218AA
:1074D800AC6EF85808AEC6C57C63BC57D1095B8C46
:1074E800437C26E5288DE521F3DB200CB42CB13F45
:1074F800A96C5EC5177022A6BAC9ADCF729ECC73AF
:107508001587A41F00C9511C1522CB870C8D3E443A
:107518008C1D8342EFA4442B55554D9F115B413080
:10752800295D55C6C55344DB7FEBD12D0D055F683A
:107538003E8767BC600DD97C04F20FFF26C683D353
:10754800AA56005FB1411A1227169176F41A9BE6E3
:107558009930A08427052C5C4BC5EED60592992A54
:1075680080B3E8384C61AC68D72E59879476A682E8
:10757800349471E8075D34A5F0C33D57BD815626A4
:107588002765670B2A031C44F13B10F4FEA925EB81
:10759800D7C50C2E354ABFBDBB38A97AA2AF4A6AF7
:1075A8006E4395C1DC12BE37A469C68F592FC467D4
:1075B800A70C70D969177B20CCE3251338F4DA7D42
:1075C8007A6A56337BC07FE3AB2819BB2767A36170
:1075D800E4DA8E0F14897B4E91EC3A983EC9AD2EB1
:1075E800C4B9B4063008CF9586A10EE7A884C52390
:1075F800CBD81FB6687829B9EBA187E5040714FA38
:10760800FBF68336150F087693FBE104BEBEF87DC2
:10761800D2898F73C970A199CC1E540BE40B0AB799
:10762800A757A003A1CC303D6A3F99EBBC6276C94D
:10763800960FFD620D5B4953135C79830A172C3250
:107648003484740A693738F27C600A3C51405338F4
:10765800C9437DAD812D269256B3D118C4BF458547
:1076680009556311618558D67DB27BC01F8FCE73D3
:107678004152219939A00B27864553ABB580620644
:1076880041020856135409945DCE40A27A239C0EF9
:10769800D73938AFBD98ADF0E9ACF9954F78A35A12
:1076A80048AD54AF85BD84C8C4DEB9CA63551BAFA5
:1076B800A22566CBDF7F68F235767CD987FC94DF1C
:1076C800F7BEC4DDA4992E635E0F157E8254A67D95
:1076D800A8949D36BB3B99AF87A139D6AD8615B620
:1076E8009671A5FD886F8630B2C1BF390909372761
:1076F80066819518F4CE134379FCA957A8ADEC2BF5
:1077080085DC803919D154F9E10A98D3884A9DC695
:10771800B37FCCAAAFCF4214410C3E285E6F83746E
:1077280042FAB7DDD06AA38B20E5167A913293CB63
:10773800B407A60AE6C898B9F03A6FC510DC49FD47
:10774800DE9E8194205464771E78ACC2723BAA15E1
:10775800B65199A65514015AAF755DE24A6FCA65CC
:107768006A11EA4A6C2C981DEDB41ECFBD488042C0
:1077780081A6593F847AE95AB04C4B7E98027FD251
:10778800626C2B1E1348D8ED9B6402D494C4BDFCD4
:10779800AA19616330A60263723B7BBF6DE8149F30
:1077A800C5C4662B9AA5699D5A174F0624D8A5A467
:1077B800F54C8A36FDD3DA9BE3DDA9C72D6DAE16ED
:1077C80096D24A8B121D005F45C113701728BF1946
:1077D800CF19F49FB212941818CA7731A80C7D8873
:1077E800DD0A64B6084E525A1D5CB6C4951E0BC21B
:1077F800CF1BA6A19C6D9F14B368C1703ABE23E647
:1078080049E44E22E5777FD9DBC515BF663BFCE826
:107818003BE4A7B983669B791151D6EF523ABC6015
:10782800E8528F3E6E72011F1EFB17B7BB6DD55C09
:107838006CB252767C05671E2BF188DF6BD5CAE0E7
:1078480012F6B014378F69C1B58538303150AD277D
:10785800542C447072CF4A9148CC0EA7C5E9DA423D
:10786800B0D9EE341B6C4EE6B6A702EBB392A40473
:10787800BEAA2415E19750D3EAA7ABD1D45B2BB8A5
:107888006A9C2D91EC7D1E7561DF5BFC0B0AEBC2D7
:10789800377222E061A924C591CD9C27EA163ED40F
:1078A800C1318D81240FCDC6C3C5690E2C5A9C7079
:1078B8004DF1CD524928B974340EB6949775834F5B
:1078C8001271439EA463B37AE6B27FD4AE523204F7
:1078D800488A8893CFB08D1E24A49A794FF335AB8C
:1078E8002C885BE175E0775657BA5237F467CE5665
:1078F8005153D9110682B1AFD61143D372CA11655B
:10790800721D8C2F11C61B62056A6E1AB93E6BD99F
:107918005CCEAEC7247A4337599E7B0AB68CFE38B4
:10792800FC0BF9B3BB4DF9B52C28B1ABA163E9AD9C
:10793800E81458A48548C98A47BA00222238325D1B
:10794800ECB2C273D4FB632D5BDEEE53BE286B9A98
:10795800AD97EA79CD2050F6F9E72EABABA424F623
:107968006F168DE81E6893121457B14D717E345509
:1079780087AEE6A7A63BAABC6EEC9E05E78E9141B2
:107988002C7808B72538348AA75EB11605A0ED1DF6
:1079980018277EF3D010053DA190D8D6235D2F7906
:1079A800557015E77828418FF9D4AF49CAF3594B78
:1079B80062043B70131BC486B3157C5B4062961A45
:1079C8005C965E3D6140DDBEBB9EDF1D29121EB97F
:1079D800FB3B842996D48F2A99A6FBAEBECEC8F568
:1079E800F2A447E264939E5E79FC36B8D3F9FC11A1
:1079F800A3EAB0A79E0B3F6792289B9E67F5E79383
:107A0800FC51CFDBFC3F5E4A1763C5AF9CCAE86DEB
:107A18002252E5580777DBB525C90A9B6B43E6C0B8
:107A2800AA8AAB9875C092E027793D7CA722D93AFB
:107A3800A835808B9367BD05F75742B069FBCBB17A
:107A4800301B1ADC126EE833916E2FECD710121926
:107A580074C27EF55FD711339A3927D0BB88062BBD
:107A6800B24C9F822E0BE08F790A57D5B57A997060
:107A7800AEFD7C20BE02680D1F4EB80AFB8AAB76AD
:107A8800ECA1E3FC552020CA400216E7203CCDF8C3
:107A98009B4A022917B07F3FD82004C90415BF4C60
:107AA8001765963436B0370832C3C1DEC1D1CF204E
:107AB800213C51B275470A62AE9182692BF2E0B55A
:107AC800E16B115D36776ECA47805C6723DAD2575F
:107AD80074A1543AFD5FB17C3A11DB6176BD959E85
:107AE800855CEB525F8C40D85E6B49C0AB81481215
:107AF800B20E9884F4995F8A17282382C6C45E70F0
:107B0800EC43DFD06FC1A0347FD448649B0D9D8BBC
:107B180073D7A71953926142BEFE285755305A644D
:107B2800A44B8536ACCF5C39A36F3E7891BC850FEA
:107B3800B7ED985E515975ED9ACA86607E724070AD
:107B4800D008919BED82F50EC3803C206F77199485
:107B580037F589018E2D2F010BFF904EA57D0AE484
:107B6800507138B780C6FD822BFA2E9982B32CAE9D
:107B7800DB118736C38FC318CFB99182F9C3F1419E
:107B88002E6E6E1C07E25D97D2DA93E2FF3CA230BC
:107B9800CF318E08B4D69FA6036695FBB7DD54E5B2
:107BA800DA7F64552F3001AAD211910495FCC58162
:107BB800BD37206C3ACC9AF84F19E0E63EE45847B6
:107BC8001E0903EEA8C545436F7DC04C7D6A417A06
:107BD800A41BB4AAE7DD7AE44C699298F85AFC7CB5
:107BE8008AC00F463075DA0AA22C3F621677BA347B
:107BF800ABC474941095F8AA8D51FB5BC5AA47E6EF
:107C0800DB420ABB66248FED03BCC851E6E31B7E4A
:107C180045CAB83357BB53DCB49D4268817EB76B05
:107C2800C032C91430B0EC0D371D3EBAC2A6AB8CB9
:107C3800A5C9B92345CB0AB381782F25C2BF342300
:107C4800A050A2714BBA4EE8AEDE2915A6BB8B0731
:107C5800D7DAD700D5E2525DA2D321058779AD34B2
:107C68008361D1D0F4CA2085D02B33B5BF4A1AC559
:107C7800E09F4B5EB971B4C13491E8BB12C7C3B67B
:107C8800B50E6255578056DAE9BB38B4ACE477557F
:107C980074BF7F6971A1CC6FE7912FDBB8EFF3ABAD
:107CA800EF81132D05DB3485717A0366F524A8CBA3
:107CB80004EBA2A26465CCF89D2706732FFFD62398
:107CC800F9234824D40A0354C8C6C663B89F70343D
:107CD80095CF5FFCB36049A7E7C2F9816D14086AC4
:107CE8005B0AE99AEE8D2F3C5B6D5B750FD36A1DBD
:107CF80028C4968BF81431767C8B7D5875642E3C9D
:107D0800AB59B31BD18BA613EBBF9CEC13E4B21099
:107D18001E7A746BD2B415E5CCBA5B1500B8E46F63
:107D2800F0E7A894092779DAB1D1715DC7D4C050BA
:107D3800808B6B1E5966E7E9F5EB784EEA91D7C35D
:107D480094DDBBE9671A6BEE1BD7B848ADD3E5A83D
:107D5800BD6EFEE88E3589F1CA841CD9F75CE581D1
:107D680067CB8DD0028F29F71B6F1EA3538B1F8102
:107D78002EF0DEB665DF8EA10FDDC3703DAA5784F5
:107D8800303BD5EE2F9EC087791F01B2EDA0D4FD00
:107D98006982ACC748E99FF4282332A9027899FA86
:107DA800C3C42221294BF666789D347CAF16C64F92
:107DB8007DD8894F4ACF745D096C5EDF067676EA16
:107DC800D3A8A5591E23CA7096549FDA47CCAFE2B0
:107DD80039FE8838FDDC2BDB3723313EF863DDAE16
:107DE80024816E09D3152D71D3B8CC5195FC86E248
:107DF80013DA1FF7B138EFC4DC2054B30CF6CD9E6C
:107E0800DBB94F7BA002C3B0A9FE6B136BFC778C68
:107E180034469F2E453ACF907FD61076257C4DFE6E
:107E2800F22F55809B94E5B94D7C010E12CBE505E8
:107E38007056CE9D82CDFBE3E55E1CC8F763371410
:107E48000F29EC9F41925819A5A1C2D05ABDC2EC86
:107E5800D9E6E38F392CCB60FEF4D0ECD5B7078890
:107E68003DB35579F0FD26E0074B95C723BDA75DC7
:107E7800CCE2DA4BFB534EE97046AF98BFF85B2A69
:107E880044E1A30C5EF82209F95F390958589CC3EC
:107E98003C1C2EE7EDE880BDE93200A26E0EF84EDC
:107EA8009F16BBE4A406DFFB34144DA5C45A001F7B
:107EB800B93C5CB3CCA28B7A986633EED673C959B9
:107EC800F8D38AE48F6FB274A5F91D79D0F05238CF
:107ED8007C08647C1F930B673D000F8A31D611E242
:107EE8001D36A4734B14C8DB04F3798F0D73779197
:107EF800BDA0B6CDFA3F771A52ECC9B5EC16AC491D
:107F0800A81D9B6A3D097A18E7BEDE2207E1F3B196
:107F180008BEED7827C4F10FBBC90A369235800F29
:107F28009A4488A576993719A22497E53BD04791BA
:107F380026CC982B8264C4E443AFFDBD4E9AA6BDFF
:107F4800D4FB62DAB8E3BFF83EB5021F4A9800A92D
:107F58001B85A194BC30B77311CB7AB2AC8483155E
:107F680015330DE72D1301BBC6AA32FB8EEAE535A2
:107F78008A5F102D82FAFF4D7404A92C7B88BA26DB
:107F88006DA4C78DEE2B0DE9E50A84F7F3AA8D0AD7
:107F9800DA2DDB3ACE964972EA33FB5E7D1F25F374
:107FA800408CDE9A19A9E65201FC8C12044384180D
:107FB800A4C5E4DFF29DC8C4C1C954EAB9E2AE2F32
:107FC8007DF486ECAD79D19C79EE56FB71E465E0E1
:107FD800A9B94568214CA242587A22CA39C54FF43A
:107FE8006843A8AF1786227F1EEC16816C71C6B550
:107FF800FDF66B8B2823B507CD7E3C946AE916F114
:108008003C314ABF5EDB84F7CBA090092CA380C526
:10801800FB4D5254089D8C1819A02617A43BAB4B56
:10802800867E099FEAA9997388C7D4A899CCD36694
:1080380059F5B84D9D3164B85F848F97588B79B5E1
:108048006137A1290A2FF52B87346C77C34DBFA55B
:108058007CFA37BE6E935BF139296C7B63E2BB47D0
:108068009DC7A819121B757E35BF4CE5560542DC25
:108078008CC5D1FC3062B6779C0F07DA73D9F80546
:1080880091E2767FF08417E62A07CF6BA991CF9407
:108098005A2853B7FF97AD33DB4A525287C023168D
:1080A800F304B545B1DFFE42E0F1A5AADD70004357
:1080B8000039B2AA407F02434078BDAA39B50543CA
:1080C8008061A1AA453E0A430049C1AA4C5D1043FC
:1080D80080AAC5AA4577184310D8B2AAD925234340
:1080E800001028A953593143B0B694AA309A444392
:1080F80080DECDAA89925F43F428A7AB78A7834393
:10810800A0DF1DABCB52A34330F4042B40E4DC4387
:10811800E084BDAA3B083244D05A93AB404701459E
:108128009A069DC22F96FAC4C098102BA10F22C49C
:10813800009EC3AAF8D2BCC3909C6DABEA1083C35F
:10814800C02F3FAAC84746C3D0F83EAA27E41DC39C
:10815800A8EBA0ABA41E02C3603914ABFACFDBC2F4
:10816800404756AB8525BDC2A048B0AAAD24A5C2DC
:10817800405BCF2AC0E291C2C8A601AB042082C2EC
:108188000029922991066AC2AC7719ABD0E753C28D
:10819800E0039FAB080741C280B982ABB4C030C2CC
:1081A800007E69AB309922C200F755A94B3116C23F
:1081B8004045942B963E0BC20004B1280C8601C2A0
:1081C8003040322B9AB0F1C170690FAAD51DE2C1B7
:1081D800008934ABD114D4C100A4FCAA8F61C7C1F3
:1081E800905F85ABD2D8BBC1A474A9AB8556B1C189
:1081F800A08EA82A93BCA7C100FB02A94BF29EC17E
:1082080030769FABB4E496C10026CBAAC0898FC153
:1082180000DC96AB19F388C1088FF32BA54884C1FD
:108228002E6E1D3D61FF71C12CC522AB5B686AC112
:10823800004E4D2AA0BC60C1849FA52CD15757C1C0
:10824800F011292B6E6F4EC1A0820EAB790846C182
:10825800581BD4ABDB1D3EC1E0130A2BE6A736C181
:1082680080C37CAB739E2FC1E8C4CCAB97F928C1FF
:10827800D871102BD7B122C1C018F22A41C01CC135
:1082880080E96EAB671E17C1208C6F2A53C611C1D7
:10829800804D31AB81B20CC194F46B2BC9DD07C1A1
:1082A80080428AAB574303C1A2D19FAB2BBDFDC00F
:1082B800402E122A3356F5C040524EAB1649EDC037
:1082C80050C20A2C0C8DE5C0C023C1AAD518DEC047
:1082D80020072DAB30E2D6C080C7352AF4DCCFC0EA
:1082E800C008B6AB7AF9C8C0F02D5FABA221C2C0F6
:1082F800974DA6AC9532BBC0D88B41AB45EEB3C009
:1083080000B6ADAA28D4ABC0A0A8AB2AA59BA1C033
:10831800C0CB3B2A869890C088F6D02AB4A81DC046
:108328004E3C0EBF47FB00C120AF7EAB2C8CC0C0BB
:1083380040D260ABF13CB0C03098052B1813A7C0F1
:10834800001AF2A86863A0C0C0EE50AA9FE69AC0BF
:10835800B0218FABE41D96C0A89BD3AB39CD91C09B
:1083680000A39AAB3BD48DC0403C982BA51F8AC074
:108378000040EBA71CA386C08C99D2AC375683C0AB
:108388007458E1ACF83280C0A0BE2A2BD4697AC0F8
:10839800E83DBA2B4EB174C0289340AB0E376FC07E
:1083A8000084AE2AE5F669C03C32A0AB8AED64C011
:1083B80094AA84AC771860C0C0C18FAAE5755BC069
:1083C800C0D0CB2ACE0457C0C0C67FAA13C552C09E
:1083D800B81BA52CC1B74EC0B87B83AB96DF4AC08B
:1083E8004044712BF94147C05012F62ADEE843C0D9
:1083F800A0FAC2AACAE640C0C8BCC02B2A603EC0C8
:10840800007EB9A9C2A43CC0B0EC0CAB2D863CC020
:108418004025C42A5D0841C0B0BF6DAB455865C052
:108428007AA4813EB864D6BF002739AC17AF0FC015
:10843800E086B7AB048B14C0767D412D45F314C09C
:10844800000C622915EC13C0C0BEAC2A6C4712C0E0
:10845800A0565DAB8A5510C00C1A7EAB703B0EC09F
:108468004094F9AB520C0CC012CA052CF5D209C0C5
:10847800B0D926ABAF9507C08850EAAA525805C0B4
:10848800002078AB251D03C07406122C73E500C0CC
:10849800E00FD72BA563FDBF00930FA9A904F9BF6F
:1084A80080D211AC2FADF4BF009EFDAA9F5BF0BF38
:1084B80080F28DAB7A0DECBF0C1A86AB2EBFE7BFEE
:1084C80000EC25ABC26BE3BF20519B29460CDFBFF4
:1084D80020BA6AABDF96DABF44F44D2B1EFDD5BF38
:1084E800801A16AB0429D1BF664EE3AD3CF7CBBF6B
:1084F800645CDA2CFD2AC6BF28F812ABD451BFBF82
:108508006026D4ABFC76B6BF575B1BACC11EA9BFB7
:1085180080D6EC2B762F8EBFE05B3AAB462D1EBE85
:1085280098BCFCBED28A3BC098320DACF6C6FCBFE4
:10853800E0DD8AABE40DE2BFE07112AAF506D5BF13
:10854800C849672C6A98CCBF80C9C5A97B46C6BFF5
:1085580000D5A7A9421CC1BFA03572AA24A7BCBFD9
:10856800A0C3CBAB22AAB8BF804B3B299D01B5BFA6
:1085780080C8952A3597B1BF10FD22ABFD5BAEBF11
:1085880090FFBFAB7645ABBF74E5432BD64BA8BF76
:108598002EEA062C0669A5BFA0AB192BFB97A2BF34
:1085A80000BEAEAB43D49FBF0884372BA7199DBF2D
:1085B800244BAE2BE0639ABF2011F32A3AAE97BF43
:1085C80040F688AB31F394BF38F1D4ABDA2B92BFC5
:1085D800006AC4A8024F8FBF0000D328B34F8CBFD6
:1085E800605605AB991A89BF7CB6842B059185BF67
:1085F800C0917FAB7F7E81BF80AAD329010179BF5B
:108608004081002B26896BBF44CB1E2CAA5056BF35
:10861800D006B4AB4EB329BF18D69BAB98381C3ED6
:1086280059D505BF0A500FC0E0E7F62A834DB6BFFB
:1086380018F699AC2A1BA0BF8072962977A995BF16
:1086480028A74DAC56268FBF8E9444AD796F8ABF4C
:10865800623EA2AC7EB286BF50CD8BABFB8C83BF93
:1086680080A4F12A9CCA80BFD0A477ABAE997CBF06
:10867800F4C79DAC150178BFC09910ACF2B173BFB7
:108688004020B6AA659A6FBF8C84AD2B37AD6BBFFF
:10869800484DE72B1DE067BF929799AB982A64BFB6
:1086A80000ADB82C2C8560BFC08B68ABC7E85CBF39
:1086B800048189AC334E59BF30D633AB83AD55BF37
:1086C800001D37295FFD51BFC0CCDAAA06324EBF64
:1086D800C474B92BC23B4ABF9872362C680446BF93
:1086E80060E8892BCF6A41BFF89F992B3A3A3CBF83
:1086F8003005C0AB641836BF646BACACAB5B2EBF47
:10870800F0A61C2D869923BF5CF60BAC9B2412BFE8
:108718005C028CAC4006D9BE489E15ACC11B8D3E90
:1087280068A509BFBDE0E4BFA5377DAEEC5F8BBF90
:10873800586F87AB1D3D71BF48969A2B5CF65FBF9B
:1087480080DD542AD87155BFC84EFEAB46024EBFD5
:10875800408E82AB343D48BFFFE6E82C197943BF11
:108768008092CCABD05B3FBF006B1EAAC1B03BBFB1
:10877800B0D232ABF25638BFD6023CAC693835BFFE
:108788008089092CB04532BF60EDF72B4C732FBFA1
:10879800E02F0F2D39B82CBF607F5F2BF30C2ABF59
:1087A80000C80CABBB6A27BF58E5CBAB13CB24BFC3
:1087B800702CAFAB362722BF0056ADA78D771FBFF1
:1087C8002097DCACF8B21CBFF02C21ABCCCD19BF84
:1087D800DCC6B62B47B816BF041B83ABF85B13BFC8
:1087E800E023222C1D970FBFDC67E0ABCE330BBF15
:1087F800B08466AB86D505BFFFE5CD2C479CFDBE92
:1088080080BC27AB4852E9BE1C22F5AB893DC7BEE8
:1088180020AD9CAC684E77BE8034522A08D9F23E0F
:10882800BA4925BFB364D3BFA02E1E2BCE976FBF06
:1088380010DDCA2AC3E949BFC60A97AB440B39BF42
:10884800A0762BAB24212FBF4C349FABF56328BFF8
:10885800482100ABA45F23BF052A70AD9A661FBFED
:1088680050E323AC011D1CBF54E2462CC74D19BF71
:10887800A0505BAC32D816BF9641872B0EA714BF09
:1088880054F8042C23AC12BF6505AFACABDD10BFA8
:1088980050948FABDB340FBF43304FAD07AD0DBFE6
:1088A80000FB702C1B430CBFF6EBAEAC50F50ABFB7
:1088B8003A97502D08C309BF40C92DABD0AC08BFAB
:1088C8008012DF2988B407BFB04C3CABBFDD06BFC0
:1088D80088573AAB582E06BFF4FA43ACBBAF05BF76
:1088E800F01ABB2C007105BFB012292A348B05BFC2
:1088F800BE0A312C3C2A06BFB475E0ABAAA107BF5B
:10890800A044FCAB4CA50ABF4200882B7F0911BFCD
:10891800E07ECDAAE48421BF072D88ADA58678BF67
:10892800431AB83E38F4873D80AC71AA0A158CBE4C
:10893800B24555AD1229ADBE4884F82B751DBABE97
:10894800803FBBABA25FC0BE2C1150AB8F98C3BE9B
:108958003C644FAC2730C5BE11F6D12CEECDC5BE58
:10896800A0B3A12C2ACAC5BE96AEB62C8757C5BEE1
:10897800F0AA74ABF194C4BE00C82CAA1696C3BE64
:1089880050DE1F2CCD67C2BE3C7179AB8312C1BECD
:1089980080B4DCAA9A9BBFBE48AFF42B3306BEBE98
:1089A80000582B2BA353BCBEEC2025AC9D83BABE2C
:1089B800008C70AB3694B8BE1CA820ACAC81B6BE97
:1089C800A238C12DF245B4BEB49956ABDDD7B1BEBD
:1089D80080A639ABB829AFBE0091FAA8C426ACBEB0
:1089E800308C982BB5AEA8BE283FA22BEF8CA4BE26
:1089F800361C0AAC30669FBE804A622BC38D98BE77
:108A0800B4B486AC45918EBE54137D2DE35A7BBE1B
:108A1800A41542AC432C30BE44B632ACDFC33C3E56
:108A280074C6D6BEB6C05FBF9B8994AC108304BF22
:108A38008051A7AA3968E3BE687F41AC327AD2BEBA
:108A4800E0DCE22B7C6FC8BE98FF80AB4984C1BED6
:108A5800B09463AC7B45BCBE4839EBAB7405B8BE7B
:108A6800C0D5092BD067B4BE383533AC8836B1BE13
:108A7800C4B3932C954FAEBE20AA5A2C179CABBEFC
:108A8800C0A7F1ABB70BA9BE55C18DAC0B92A6BE62
:108A98000035322AF724A4BED503622CA3BBA1BE9D
:108AA80000DE502BAB4D9FBE202A852B77D29CBE73
:108AB800727E8D2C84409ABE787457AB988C97BE82
:108AC8001005822BA3A894BEC077BCAA248291BEAD
:108AD80080829C2A99FF8DBE0034CBA828FC89BED1
:108AE800E09D8CABF03F85BE4022252B79E27EBE0F
:108AF80020C6B1AA42EB6FBE70DFC12BEA535BBE42
:108B0800F01C4B2CAF3D3CBE7FE5972D2E0006BEDA
:108B1800B65DAE2CF33823BC97D136ACD232163FB3
:108B28005E3C4BBFD90E99BFD9430AADAC6319BFA0
:108B380000BF58AADBF7F4BEC65FB4AC8FFBD9BE42
:108B4800C05C92ABCF9ECABE0024EDABC98DC0BE3F
:108B5800B6913DAD9D59B9BEC7E7D2ACC1DFB3BE32
:108B6800B0968B2D9386AFBEB8F8E52B56F5ABBE05
:108B780006EB81AC57F5A8BE53E584AC3763A6BEB7
:108B88002A19052E3C27A4BEFE05ACAC1E31A2BE98
:108B980098D20DAB9375A0BE31CB90ACD8EC9EBEED
:108BA80000FAC9ABD2919DBE1452022C8C619CBEB6
:108BB8001A9628AD025B9BBEB636A62B197F9ABEC5
:108BC80080DA1C2AE9D099BEA639882D475699BE65
:108BD800F09B382CDD1899BE935BEFAC182899BE32
:108BE800A0929B2BBB9C99BE80E9092BD59F9ABE6E
:108BF80088B98A2C58799CBEE00FF5A93AB29FBE75
:108C0800002F18AA2871A5BE10BC80AAB8B5B0BE9E
:108C180068780FAD8E80CCBEE4926A2CA8EE2DBF8A
:108C2800C884D73E19162D3E02CB87AC025BE3BD44
:108C380060CA442C635729BE7706C62CE0FE3FBEA7
:108C480096129DAD4CA54BBEB88C18ABE74952BEE9
:108C580066610C2D213A56BE6C8F46AB078858BE0C
:108C680078FC35ACA0C359BED1C7D9AC363F5ABE83
:108C780028F7BD2B832C5ABEE89D112CA1AA59BEFA
:108C8800607E662D2CCD58BE3AD60AAC29A057BEB8
:108C9800333CD32C2F2A56BE38B291AB8F6D54BEBD
:108CA80000E7D4ACD86852BE68FD3D2CE81650BE2B
:108CB8008EFB20AC7D6E4DBE942C942B4D614ABE2C
:108CC80040E076AB5FDA46BE3143CCAC50BB42BE27
:108CD800C8F464ACB0D73DBE7B57AC2C14ED37BE9E
:108CE80050EA84AC9F9430BE22A90F2C3C2727BEA3
:108CF800B893B1AC64831ABE8BFF6B2D438508BE55
:108D08000A530FADC92BD9BDCAF2D12B5F146BBD65
:108D18004076562B45D4623D20CE16AB51F91D3F07
:108D28006E666EBF477288BFC4982DAC0A1B01BF20
:108D3800F052D5AB1C83C8BEA0EAB22BDEA9AFBEE9
:108D4800808DB2AB62C6A1BEE843582B8CE098BEBA
:108D58002829CCABDAAC92BEC850AE2B5B198EBEBC
:108D6800E4B5882D41958ABE39D4942CF1CC87BEC0
:108D7800B0735DACE98C85BE62A405ADD5B383BE86
:108D8800680F5C2C562B82BEAB88D22D04E480BEC3
:108D9800ADD203AD37A67FBE8061C62A29E27DBE6B
:108DA800E00E332D92717CBEFD86862DE14D7BBE93
:108DB8008E437A2EAF737ABE6F9B2F2D8FE279BECA
:108DC8008060382B379D79BE402371A91DAA79BED2
:108DD8006080DAABAB147ABE78188EAC95EF7ABEA9
:108DE8001075392C1F597CBEB41CC3AC84837EBE5D
:108DF800B0A8D62B52E380BEDEA0D82CAA6483BECE
:108E080000997BA9CD7887BE6040952A2BF18EBE4C
:108E1800800BBD2ADB77A0BEA817CC2B5304F8BE65
:108E28006ECCA03E648AE23C241F75AC830E13BE50
:108E38006C68022C75AA36BED4CA19AC1B7346BE20
:108E4800005166AC2DBF4FBEFC95F0AC0F3556BE39
:108E5800C40FCE2C5F3F5BBE00B5A7AAC18A5FBE18
:108E6800606FD6AC577663BE3F38B62D4D3D67BEB2
:108E78000028E72AE4086BBE20A3B42A49F96EBE8D
:108E8800E1DF30AE792A73BEFEBF37AC60B777BE7C
:108E9800508505AC26BC7CBE145DEDAB202C81BE94
:108EA80000A0C328565884BE5729FD2D53F987BE04
:108EB8008CF043ACA82B8CBE06002BAC6D1491BE75
:108EC800F07C752C28E596BE4677562DD5E19DBEDB
:108ED8002035292BBD6AA6BEAAD4EFAC300DB1BE91
:108EE80000F88CABA3A1BEBE90D601AB8785D0BEDF
:108EF80044CA2CAC4914E9BEC01B32ABCB6006BFD8
:108F0800D072AFACBA8B22BF000D26A9927155BFA3
:108F18000EBD89AC5245A6BFC10DFF2C824468C066
:108F2800F19E974098655740586EA4ACFB88843FE3
:108F3800E88E312CDCFE113F51817E2D2944BE3E46
:108F4800006C16ABE406863E445733AD14F2443E3B
:108F58004CE8A6AB1E22143E8CCDDC2CA56FE13D5F
:108F680050018FACCDFBAB3D50BDB62BC476823DD6
:108F7800C4BE11ACEF06433DD0A333AAE8E40D3DCF
:108F88001493602CF526C53C6850BE2B9E117C3C82
:108F9800787685ADF405073CA137BFAD8CD71B3B70
:108FA800005C10AAC3931CBBF86316AB6FD6CABB90
:108FB80014BFAA2CA34315BCE82636ABC57037BC32
:108FC8006ADCD2ACBD134CBCB28805ACCC9952BC9F
:108FD800C088EAA9178D49BC1926EEAC85362EBC87
:108FE800602FC6ABD8D2F7BB3439022C7B7E2ABBA4
:108FF8009009D32B91EDA73B8B3304ADE0AA8D3CB0
:10900800A848E3ABF5B6193DF01A86AA2D2E9A3D6D
:109018007550AFAC653D293E20C730ABA5BA1E3FA1
:109028000DE182BFE98F3FBF48D315ACD32A96BE66
:10903800D0308DAAFDB44FBED695562F3F5228BECC
:109048001EEB9DAC219F12BE571F482DF1E904BEAF
:10905800605583AB3FF1F6BD10F88DAA581CE9BDE9
:10906800E41983AC177EDEBD61C8B72D9005D6BD67
:109078000005AF295A09CFBD7907312C441AC9BD5B
:10908800709A35ACB4EBC3BD64CCCBAB7246BFBDF4
:1090980018E42CACD600BBBD1C1008AFD0F9B6BD87
:1090A800008CF1AC9315B3BDE8ACED2B193BAFBD0B
:1090B80020D9D42B1152ABBD7D9FCEADDD40A7BDCD
:1090C80050485CAC37EAA2BD0091CDAA132A9EBDD8
:1090D80040E2502AF5D098BD241817AC469C92BDA2
:1090E800E0C336ACD4288BBD01A5492D10D981BD6C
:1090F800E6AA8E2EC83E6BBD003A072A590249BD22
:10910800C062082A018714BDFC7D2D2CAE505FBCBF
:1091180080577CA9239C1D3D30BE13ABD00C983ED4
:10912800167223BFBFF4F3BE0077FA2BCC365FBEAE
:1091380056403DAC85DA29BEFECB4CAC91AD12BE93
:10914800DAD899AC818E05BE927888AB90FEF9BDCD
:1091580074052FAC24C5EDBDE8156DAB6C76E4BD88
:10916800601E35AC3A05DDBD52F8D92C85D4D6BD84
:10917800F155882DC381D1BD68B6D42D2ECBCCBD79
:1091880000FF43295582C8BD205D81A97E84C4BDE6
:1091980070ADABAC14B6C0BD30733C2DA1FFBCBDE7
:1091A800003BA1ABA74BB9BD9CFE5A2CD084B5BDE2
:1091B800C0C3FAAB3A94B1BD701A89AB765FADBD46
:1091C8004CE514ADFCC5A8BDDB4C2F2C699DA3BD97
:1091D800107F2DABA2AB9DBDFD2F8BAD079D96BD1E
:1091E80060890A2CEBF28DBDE2308FADFDE182BDC6
:1091F80048AB2FAB6C1868BD7A263C2EA9BA3DBD8A
:10920800B01A9F2CEF3CF7BC52D341AC8865A1BA89
:10921800D63B96ACE0A7873D2CDFB0ABD8A9CE3EB5
:10922800FCFB6BBF2DE21BBFA7DC952C75128BBE18
:109238009278D32C6E4651BE12CC352DCCF633BE67
:10924800109A2DACE4E223BEB0484C2CF0DD19BED8
:10925800717A382DB42613BE00CA89285E750EBEF1
:10926800802E2CABCA1D0BBEB81F9B2BDABD08BEC7
:10927800B83AF72B901A07BEE690C9AC6E0F06BE37
:10928800107A3E2DF38505BE4129292DFE7005BEB5
:1092980048808D2C50CA05BEB08BEBAB3E9106BE04
:1092A800806EB32B35CA07BE7CAE622BE07E09BE4A
:1092B800023851ADF1BE0BBE344D89ABA4A10EBE30
:1092C8000032DF295E4812BE784AA92DFAE216BE9E
:1092D80080EBDFAAF5B61CBE907F39ACCF2B24BE3D
:1092E80074B2C7AD5FE12DBE46711D2DEBDA3ABEF3
:1092F800C335FF2C42D94CBE40EC0FAB1A2D67BECC
:10930800C09C93AB087988BE14C8492C1652AEBECF
:10931800E0786A2BDA8203BF20F513AC47E6B0BFCA
:10932800FCDF274040C69C3FEDDA3FAC317DB63EBE
:1093380038B70C2C4F713B3E66171AADD717DF3D77
:10934800A018A32B2A038B3DDC1037AD83552B3D8A
:1093580000697D2B3854C33CFB4984AC69ED2E3C35
:1093680080CC772DC7A61F3AE0E923AA8A12F1BB61
:109378009CA004ADFBC762BC1208D72B44B89DBCA7
:10938800FC3D2AAD318FC3BCE2AC962C5991E4BCAC
:10939800005618A9E5FE00BD4E439AACBE670EBD47
:1093A8000053FAAA32EB1ABD785354ACD2E426BD66
:1093B800B8ADFEAC28AB32BD57869AACAF963EBD71
:1093C800209DA9AB8A094BBD2C54012C977958BD17
:1093D800185A7E2C357F67BDF0EFEF2A44ED78BD33
:1093E80048331A2DA7FD86BD98769E2BE34A94BD77
:1093F8008C48D02D8702A6BD31E216AD4839BFBDD5
:1094080095A6BF2E1B84E6BDE985002D167D16BEE8
:10941800A146AE2D1B9F68BE84A197ACEFDE20BF8E
:10942800B6DFAB3FF26B133F40D2372BAAF2323E86
:10943800D09BA1AC0B20C23DE209702EDAD3783D57
:1094480048F89D2CEE442C3D41260D2D44D6F83C81
:1094580028D925AC2C49B83C6D4872AD1CA48A3C6F
:10946800305F972B49DF523CB0CE0DAB3EE4213C38
:10947800D4B94CAC158BFB3BB888CFAA1F2BC73B84
:1094880028251C2C30CCA23BEF4FA92CC1DB8B3BF1
:109498009024DAABA6A9803B00315329F32B803BFB
:1094A800001CE4AB48DD893BC367352D17AD9D3BF8
:1094B8004CD2232C33FEBB3BC13451AD61B3E53BE9
:1094C800B049F92B8B260E3C124CC9ACF50F313C38
:1094D800C0B4A9ABAF595D3C588DD82B0BDA8A3C88
:1094E80020841B2BD329AF3C32239C2CF80ADF3C69
:1094F800188137ACD939103D60864BAA2E573F3DAD
:10950800E0B142ACD17C843D5F9D3A2C4550C63DCC
:10951800525F05ADE6722F3E882BDBAC6FBF0A3F6A
:10952800A343B0BF9E5311BF7C3937AC339F49BEAC
:10953800A03D08AB4D16FABD5A5000ACF964B7BD52
:1095480010ACF7AB116891BD644B7AACF9B870BD3B
:1095580066AFC1AC535F4CBD59A2D22CA51230BD29
:10956800C04DAB2CAFC918BD1403B1ABA3BB04BD30
:10957800CE6972AD158CE5BCA42CDAAC5C45C4BCD4
:10958800309B81AC1C81A4BC361776AC315B85BCA2
:109598000EF007AC0A234CBCA7A888ACBEE10BBCF4
:1095A800001836AABC1691BBBC83C72C51D61BB871
:1095B800E316282DCE599B3B80E797AB0A72243CD3
:1095C80000ACD8284C38833CFD80E7ACE6A8BB3C0F
:1095D800E40AA6AC6017FE3CB62EFBADB61B273DD1
:1095E80080CF582C9BD5583D000878297A608C3D4F
:1095F80088917FACBD55B73D9062B52C91A6F43DDE
:1096080088ACC12C790A2A3E3073872AA44A7F3E47
:1096180074643EAC1193E23E6316E22D23E7B33F38
:109628009B0F80C01A77BDBF3B57AFAD556704BFCE
:1096380008B4AF2B5DD8A5BEB90F38ADA25676BE1B
:109648005C85EAAC6D7C46BE86FC69AC80A727BE0B
:10965800041C4A2C53F611BEDE24C3AC3EBA01BE2C
:10966800EBC9002EFBFDE9BD1A13B12C4943D5BD4A
:109678005852652C57D9C3BD06EEA1AD22D0B4BD52
:10968800903A50ADBE80A7BD60E71E2A5B719BBDB6
:10969800D016BDAB8E4490BD3C9C89ACB5AE85BDA3
:1096A80040290DAC53DD76BD8C4C0E2D6A9062BD01
:1096B8008200A8AC7EFE4DBD665C9CACC5A538BDDD
:1096C8009077FD2C04EF21BD988DBEAB511D09BDCF
:1096D800A21C31AEB06ADABC6EB5932C16A999BC3F
:1096E80058DB832C44A317BC74F136AD8B992D3B02
:1096F800BCBD16AD3D30963CCF9E992C1171253DD1
:10970800F081B6AC6D4C983D80C9CAAB52E2093EB7
:10971800E83FDEABA54D8C3E7889812D4AA9773F7D
:10972800547D4FC047088EBFA0223CAA412AD5BE0F
:10973800A8EFCD2B17EA8DBE83D0FB2DD96D5EBE69
:1097480060FED82BCA173CBE4D0D272DED1426BE42
:109758001E1D782CEFB916BE5CC9102C7F610BBE9C
:109768005A7E26AD14A502BE502B932D696AF7BD0B
:10977800DC6F89AC3923ECBDF2A86EADBECDE2BD7D
:10978800A841A02C20F9DABD24FD312DB856D4BD4E
:10979800E03036AC87AECEBD0AD0882D3AD8C9BDE8
:1097A800E856502ECDB6C5BD4AAEA2ACDB35C2BD1B
:1097B8009068E8ACFE47BFBDF6D9A1AC0BE6BCBDCE
:1097C8005069E3ACF70EBBBD9959072DA0C8B9BDC8
:1097D8005E432BAC9C21B9BDA0E98D2BE434B9BD07
:1097E800F023B3ACCF30BABDB6864F2DD664BCBD1E
:1097F800804DFB29A35EC0BD3BE11C2D332EC7BDA8
:10980800F0E7FFACF41ED3BDE841C82B7B2DEABDC1
:10981800D4B21EAD3A2A11BE100B542C5A5D90BE1C
:109828005CBF3F3F4AD4103E00C4982A4F41953A46
:10983800DC773D2CBFDED8BCD55F502C4FC01BBD9C
:109848008BE9B22D664135BDBBA39AAD59F044BD35
:10985800D246552DF0694FBDFEE0F82BA4D556BD74
:10986800B4BFFAAD21585CBDF1DA4EAFD39B60BDF1
:109878008E037BAC7A0B64BDEE1107AD42EE66BD7C
:109888006886162C7A7669BDC585A3ACDFC96BBD21
:10989800689331ACA5066EBD3CB473ACC84670BDC8
:1098A80000A94D2D76A272BD10E97A2B1C3275BD28
:1098B80016AA31AD5E1078BDC90E0D2D6D5C7BBD4D
:1098C800E8A344AC183D7FBD0C51412CA2F281BDE8
:1098D8000010362A7CCD84BD800E93299A6188BDFC
:1098E800304D202C86FB8CBDB9AF3FAD0F1693BD14
:1098F800B686552C8D849BBD2FD781AD66D5A7BD67
:109908009A8768AE775DBBBDCE9EAE2C2EC5DEBDF8
:10991800D163462DF5E418BE960193AD0784B4BE15
:10992800D7069F3FDFF8833EF8283FAC412F5F3DC5
:10993800CA38BE2C5E3C643CCEAE17AC1B255EBB61
:10994800088CB12CC67E54BC2C3DAD2C98F39BBC26
:109958003FF3282D7F34BEBC0480962C683BD7BCCF
:109968001454732D4C55EABC149F2D2CE26CF9BC91
:10997800605D36AECED902BDD8AF3FAB44F907BD66
:109988004057D72B3F5A0CBD050A9BACD32E10BDB0
:10999800400A022BB89C13BD80C8832BAFC116BDEB
:1099A800E4D88FAD6EB619BD449E262DC4901CBD5B
:1099B800944434AD52651FBD7E54C92C2C4922BD38
:1099C800A06D992CA65325BD00FBEDADADA028BD1B
:1099D800107781AC34542CBDA8D444ABC89F30BD9B
:1099E8008074C82A5CCC35BDE8A7F6ABE04C3CBD1A
:1099F800487386AC09E544BD80329E2B860351BD71
:109A0800B0FCB5ABCDB663BD725A21AE967682BDB9
:109A18009885212C6ADAA8BDE4B5E72C0DDF33BEA2
:109A280025F2293F7AD8D33D8A05BC2CE882273C09
:109A3800176C062DD1E20BBC0CFC632CC39388BCBD
:109A480058BEB42C6542AEBC3057D2AB6ADAC6BC3D
:109A5800E8667CAC6A79D8BCC09903ADA2FDE5BCC8
:109A68000CE8742D85EFF0BCA02C06AB4736FABC89
:109A780025952C2EB13201BD29F5232DF3F004BD17
:109A88005BAE202D0F7B08BD28F22AAD6AEE0BBD18
:109A98003CCB23AE2B640FBDDAA110AEAFF312BDE1
:109AA800A0C0F4AC77B416BDAF13612D01C01ABDC8
:109AB80070E66EABCC331FBDA3BBB42CE73324BD1B
:109AC80063F506AF90EE29BD789DBE2C9CA130BDF4
:109AD800788120AD29A338BD306C22AB4E7042BDD1
:109AE8007812042D68C74EBDA0AAE32B9BDA5EBD91
:109AF800D1E4E3AC5EB974BD0EBF36AC4D238ABD6C
:109B080080D5462D5EEAA2BD7284E1AC7982CFBDD4
:109B18003AC234AEDBC81BBEB6A78A2CB9FACFBE90
:109B2800E7730A40824CB63E4E32812D19D9D03D9A
:109B38004B3D0D2DBF94513DF9B4AB2C20CCF03CDE
:109B4800F0EFCA2CFBB38D3C003709AA6E3D1D3CD3
:109B5800E09A7FAC1B9E8B3B807451AA2B28B239AC
:109B680080AC01ADC9E62EBBDCD9D42B90B4A5BB23
:109B7800F05E56ACAD93E5BB39E7042D967C0DBC81
:109B88004AFC98ADE74A24BCE0D831AC062C38BC76
:109B9800589E1DACD4D849BCD8764D2B8CE159BC05
:109BA80058FD28AD35BC68BCF6F8B8ACEFCE76BC2D
:109BB800A0F73E2B0B3C82BC3E0D83ADDA0A89BC74
:109BC800B86B14ACAF0690BCD874462C246B97BC09
:109BD800804465AACC839FBC145FEF2BD2B7A8BC86
:109BE8000066952C279EB3BC2E7343ACEF23C1BCF3
:109BF800B5C6022E54DCD2BC721DCDAD74BAEBBC16
:109C0800C03CB42BCE0409BD3122882CA20F2BBD39
:109C1800607633AC45EA79BD5F919A2DF9B520BEDF
:109C2800BBC0803F8DBC053ED032FEACED1E0E3D64
:109C38003C6E43AD2FE57D3C60E7FF2BFEF5ED3B29
:109C48004863A02C313B303BEAD6D7AC314361B9ED
:109C5800F83517ACD04011BB874712AC60C070BB59
:109C68002023062E38809CBB7BD9BDAC0A9AB8BB92
:109C7800BCC2612C4DE8CEBBE1E6202E04DFE0BB80
:109C8800E0D05C2CA37AEFBB6F3B10ACF66BFBBB50
:109C980036CCE8ACE09802BCD032462B299406BCFE
:109CA8000030D2299FC909BC219921AEC2510CBCF0
:109CB8001888EBABAC3D0EBC6182E42D14980FBC48
:109CC8006C11D1AC9F6510BC141CCBAB6CA410BC40
:109CD8001FDC94AD974A10BC3FEEBDAC33430FBCBC
:109CE800C0229E2B51680DBC0870E8AB2D770ABCCA
:109CF800282BABAC1AF705BC33117B2D69FDFDBBD6
:109D08000C83BF2CEE27E7BB10FE94AC5518BDBBE7
:109D1800DBDAEA2DCDAC33BB10FE2AAC96464C3CC0
:109D2800EB9D53BE06F507BDD276E32D203E93BCCE
:109D380072CA83AED48E74BC79FBA22C7F135FBC2D
:109D4800607FC5AD1C0D53BCC4F7152B854F4BBCAC
:109D5800A062842CD6DE45BC3564A9AC52CF41BC88
:109D6800B08CC62B63A53EBCDAEA2F2DB21A3CBCD8
:109D780040E9582CF5043ABC3C658CADF04938BC38
:109D88007CE34F2D4AD936BC66F1922D34A935BCF7
:109D9800841D60AD8CB434BCD7DAC82CE7F933BC69
:109DA800308BDFAC197B33BC8080922C373D33BCC1
:109DB8003EFBB62CF74833BCE0C7F4AA87AB33BCEC
:109DC80050344E2D0B7834BC758E22AC14CA35BC79
:109DD800540631AEC7C937BC009A4F2B06B33ABCFC
:109DE80087F0042F6AE23EBC96D59CAC41EE44BC99
:109DF800A083742DDEDA4DBCA69EE3ADC1945BBC96
:109E0800ECCC2FAC1B3C72BC364B202C12468EBCC3
:109E180088C6402DE6EFC0BC62DFC22CA81B61BD1E
:109E280041311A3F75D4223D8282952C0DD2083CCF
:109E3800BC2CDA2D8C720E3BAC19442D8FB8D0B9DE
:109E480000CAADAAD77DE7BA7C83502CF96F29BB2D
:109E580060E6142A82A84BBB4207B5AC551762BB13
:109E6800C0E291ABDFC970BB000933AB8F147ABB7A
:109E780030C3E4ABF9637FBBBE06A6AD4CD080BB54
:109E880021E50D2E33B180BB26198D2D240D7FBB06
:109E9800C7E620AD75E07ABB8907CA2D0A0175BBF4
:109EA8004015B42CA17D6DBBC06D31AA045164BBB3
:109EB8001CAE4CAC9F6159BB1C36952C8C7E4CBBA0
:109EC800807AD92C6C593DBB90D5702B8D7B2BBBE0
:109ED8006E1C752E393316BBC89D0E2C3FE6F8BA9A
:109EE800B0EBDCAC352EB9BAC913492DF4C64FBA5C
:109EF8004C455BAC9ED708382DB6152D8EEE9C3A96
:109F0800FC95042C3EF1433B392D122DC6DFC93B8D
:109F1800BC83C5AC8F905C3C626A34AE7B6F4B3DB2
:109F280056B593BFED2A70BDA77AF2AD63B9B7BC39
:109F38000C1CD92CD6BA77BC2B41D42D0FA443BC0A
:109F480020C5982B0C1626BCA8F083ACB5C412BC4F
:109F580040A091298AF504BC8C17FBABD5E7F4BB6C
:109F6800E89B122C4F2AE4BB648E0D2C2459D6BBD7
:109F7800D8D438ACFB9ECABB9023272D2B71C0BB0D
:109F880060C5A7AAEF71B7BBD6BD252DDB5FAFBBF8
:109F9800D0CAA92B350CA8BBBEC5192D1855A1BB15
:109FA80078BF002DC6219BBB3655202D506095BB30
:109FB80034CA432D260490BBD940732C41058BBB72
:109FC80054E0E3ACD25F86BB00F0222B7A1482BB4C
:109FD8000849982B4E527CBB259D802EF75575BBA2
:109FE800F7CBD6AE2B646FBBE8F351AC27D26ABB74
:109FF800D7D534AD233A68BBF435F6AB5FC668BB3A
:10A0080070B964AC40FD6EBBE7118EACE8BB80BB99
:10A0180087B9472D5D399CBB2769B1AE2F8B1BBC17
:10A02800A4ABEE3E8194AA3B903466AC56E2F93973
:10A038001426332D1726C1B96033D8AC44E92CBA9D
:10A0480080EAEF2C090D49BA785A47ABB46E4FBA7B
:10A05800F01EAA2BDA374ABA842B902CC8253EBAB0
:10A0680000DA412DB8BA2DBA6C1D9A2CFA6A1ABAC0
:10A0780024A04EAD0C1E05BAAADBA9ACF7D8DCB9F2
:10A08800007E76AB6880ADB9FD9AFCAE839A79B94B
:10A09800F754A12E2E6E16B93814832E160249B81D
:10A0A80080858A8F94989DA2A6ABAFB3B8BCBFC376
:10A0B800C7CACDD0D3D6D8DADCDEE0E1E2E3E4E407
:10A0C800E4E4E4E3E2E1E0DEDCDAD8D6D3D0CDCADA
:10A0D800C7C3BFBCB8B3AFABA6A29D98948F8A85FF
:10A0E800807B76716C68635E5A55514D4844413D9A
:10A0F800393633302D2A28262422201F1E1D1C1CE9
:10A108001C1C1C1D1E1F20222426282A2D303336F5
:10A11800393D4144484D51555A5E63686C71767BB0
:10A128000000004396F347427D278F287CC0053CFA
:10A13800E5011828863E913DA1521328FC93BD3CA9
:10A14800B6BEB3288030103D2F8F6128ECE4FA3C6E
:10A15800253E8E287367DB3C12D4AB2835A2E53C3C
:10A1680075768928DC26633CB0EB1B296DD86E3CDC
:10A1780032A9F127012ACE3C431CA328936B493C02
:10A188008B600F287403CF3CBEFA8B286BAE023C61
:10A19800A09F59283921E83D4FD5862866CEBD3C79
:10A1A8007ECFBC2839AD613CC55129283BD39B3CA7
:10A1B800454CE02816F2543DEFF77529B138D23CEA
:10A1C8001912C62603A2D03C0F8F08298A2E933D68
:10A1D800C1A5CA28F44A683D17580D2AC2BD513C8A
:10A1E800470A1F2AAD72AA3C151BF128B3FA323C64
:10A1F800859A992914A80F3DFCB482298DF5833CD2
:10A20800069A932867C7563BB313CB285D5C1B3C63
:10A218007BA91C2A121C943C8975E1290DBEEE3BD2
:10A2280093832B280DBEEE3B6EA33728121C943C5B
:10A2380063E24F295D5C1B3C44C71D2A67C7563B38
:10A248003BC3AF298DF5833C212E1C2A14A80F3D52
:10A2580022B9FC28B3FA323CCE58B428AD72AA3CD5
:10A268006BA1A728C2BD513CC182A529F44A683D0B
:10A2780077E2CE298A2E933DBC3AD62803A2D03C59
:10A288005B595529B138D23C1EA61B2A16F2543DFB
:10A298004953B0293BD39B3C5F3E902A39AD613C82
:10A2A800BCEAFE2966CEBD3CEFBDBC293921E83D9C
:10A2B8008274AC296BAE023C97539B297403CF3C44
:10A2C800BE3E3829936B493C3F360329012ACE3CD0
:10A2D800E3CA192A6DD86E3CBD2B0829DC26633CDD
:10A2E800E2220A2A35A2E53C1F96022A7367DB3C64
:10A2F800787EDB29ECE4FA3CFB4FD4298030103D12
:10A30800F5BDB92AFC93BD3CCA73792A863E913DB6
:10A31800E9AD8D2A7CC0053C5C563D2A96F3474240
:10A32800B81C57D8F1F5C17F190E279E86F781DE34
:10A33800E155B05A779FE741A12A6BFACDE47B2318
:10A3480001000000020000000300000002000000FD
:10A358000100000073717274000000007371727460
:10A3680066000000FB21F93FFB2109407CD912401F
:10A37800FB2119407A6A1F407CD92240BBFD254049
:10A38800FB2129403A462C407A6A2F405C473140ED
:10A398007CD932409C6B3440BBFD3540DB8F374065
:10A3A800FB2139401BB43A403A463C405AD83D401C
:10A3B8007A6A3F404C7E40405C4741406C104240C6
:10A3C8007CD942408CA243409C6B4440AC3445400D
:10A3D800BBFD4540CBC64640DB8F4740EB58484065
:10A3E800FB21494083F9A200444E6E00FC29150068
:10A3F800D1572700DD34F50062DBC0003C99950099
:10A40800419043006351FE00BBDEAB00B761C5005D
:10A418003A6E2400D24D42004906E00009EA2E00B7
:10A428001C92D100EB1DFE0029B11C00E83EA700DC
:10A43800F535820044BB2E009CE98400B4267000E8
:10A44800417E5F00D6913900538339009CF439006E
:10A458008B5F840028F9BD00F81F3B00DEFF9700E2
:10A468000F980500112FEF000A5A8B006D1F6D0021
:10A47800CF7E360009CB2700464FB7009E663F00C7
:10A488002DEA5F00BA277500E5EBC7003D7BF100B8
:10A49800F739070092528A00FB6BEA001FB15F0090
:10A4A800085D8D00300356007BFC4600F0AB6B0066
:10A4B80020BCCF0036F49A00E3A91D005E6191002C
:10A4C800081BE60085996500A0145F008D406800B0
:10A4D80080D8FF0027734D0006063100CA561500C4
:10A4E800C9A873007BE260006B8CC000000FC93FF5
:10A4F800000F494000CB9640000FC9400053FB4075
:10A5080000CB164100ED2F41000F49410031624157
:10A5180000537B41003A8A4100CB9641005CA3413D
:10A5280000EDAF41007EBC41000FC94100A0D541FC
:10A538000031E24100C2EE410053FB4100F2034208
:10A54800003A0A420083104200CB164200141D4212
:10A55800005C234200A5294200ED2F420036364216
:10A56800007E3C4200C74242000F4942A200000060
:10A57800F9000000830000006E0000004E0000009B
:10A58800440000001500000029000000FC00000045
:10A598002700000057000000D1000000F50000006F
:10A5A80034000000DD000000C0000000DB000000F7
:10A5B8006200000095000000990000003C000000C7
:10A5C800430000009000000041000000FE00000071
:10A5D8005100000063000000AB000000DE00000036
:10A5E800BB000000C500000061000000B7000000CB
:10A5F800240000006E0000003A0000004200000045
:10A608004D000000D2000000E0000000060000003D
:10A61800490000002E000000EA00000009000000C8
:10A62800D1000000920000001C000000FE000000A5
:10A638001D000000EB0000001C000000B10000003D
:10A6480029000000A70000003E000000E80000000C
:10A658008200000035000000F50000002E00000018
:10A66800BB0000004400000084000000E900000076
:10A678009C0000007000000026000000B4000000EC
:10A688005F0000007E00000041000000390000006B
:10A6980091000000D600000039000000830000008F
:10A6A8005300000039000000F40000009C00000086
:10A6B800840000005F0000008B000000BD00000067
:10A6C800F9000000280000003B0000001F00000007
:10A6D800F800000097000000FF000000DE00000006
:10A6E80005000000980000000F000000EF000000C7
:10A6F8002F000000110000008B0000005A0000002D
:10A708000A0000006D0000001F0000006D0000003E
:10A71800360000007E000000CF0000002700000087
:10A72800CB00000009000000B70000004F00000047
:10A73800460000003F000000660000009E00000088
:10A748005F000000EA0000002D0000007500000016
:10A7580027000000BA000000C7000000EB0000005E
:10A76800E5000000F10000007B0000003D00000053
:10A778000700000039000000F70000008A00000010
:10A788005200000092000000EA0000006B00000088
:10A79800FB0000005F000000B10000001F00000087
:10A7A8008D0000005D000000080000005600000059
:10A7B800030000003000000046000000FC0000001C
:10A7C8007B0000006B000000AB000000F000000000
:10A7D800CF000000BC000000200000009A0000002C
:10A7E800F4000000360000001D000000A900000071
:10A7F800E300000091000000610000005E0000001E
:10A80800E60000001B0000000800000065000000D2
:10A8180099000000850000005F000000140000009F
:10A82800A000000068000000400000008D0000004B
:10A83800FF000000D8000000800000004D0000006C
:10A84800730000002700000031000000060000002F
:10A85800060000001500000056000000CA000000B5
:10A8680073000000A8000000C9000000600000009C
:10A87800E20000007B000000C00000008C00000027
:10A888006B0000000000000000000040FB21F93FC1
:10A89800000000002D44743E000000809846F83CFB
:10A8A8000000006051CC783B00000080831BF03929
:10A8B8000000004020257A38000000802282E3361C
:10A8C800000000001DF369350200000003000000CD
:10A8D80004000000060000000000C93F0000F03935
:10A8E8000000DA370000A2330000842E0000502B4D
:10A8F8000000C2270000D0220000C41F0000C61BB1
:10A9080000004417040000000700000009000000D0
:10A918000024F400010000000C00002000000000EA
:10A92800000000000000000000000000000000001F
:10A93800000000000000000000000000000000000F
:10A9480000000000000000000000000000000000FF
:10A9580000000000000000000000000000000000EF
:10A9680000000000000000000000000000000000DF
:0CA97800000000000000000000000000D3
:040000050800065594
:00000001FF
