:020000041000EA
:1000000000B5324B212058609868022188439860DF
:10001000D860186158612E4B002199600221596106
:100020000121F02299502B49196001219960352056
:1000300000F044F80222904214D00621196600F024
:1000400034F8196E01211966002018661A6600F04E
:100050002CF8196E196E196E052000F02FF8012189
:100060000842F9D1002199601B49196000215960AB
:100070001A491B48016001219960EB211966A021F2
:10008000196600F012F800219960164914480160C1
:100090000121996001BC002800D000471248134993
:1000A000086003C880F30888084703B5996A0420EC
:1000B0000142FBD001200142F8D103BD02B5186610
:1000C0001866FFF7F2FF186E186E02BD00000240BE
:1000D000000000180000070000035F00212200005C
:1000E000F4000018222000A00001001008ED00E03C
:1000F00000000000000000000000000074B24E7A12
:1001000000200420F7010010CB010010CD010010E9
:10011000C9010010C9010010C9010010C901001077
:10012000C9010010C9010010C9010010CF01001061
:10013000C9010010C9010010D1010010D301001045
:10014000C1010010C1010010C1010010C101001067
:10015000C1010010C1010010C1010010C101001057
:10016000C1010010C1010010C1010010C101001047
:10017000C1010010C1010010C1010010C101001037
:10018000C1010010C1010010C1010010C101001027
:10019000C1010010C1010010C1010010C101001017
:1001A000C1010010C1010010C1010010C101001007
:1001B000C1010010C1010010C1010010C1010010F7
:1001C000EFF30580103800BE00BE00BE00BE00BECA
:1001D00000BE00BEF2EB8871789E0010949E001065
:1001E0003802001090A31AE71E481F49086006C88D
:1001F00081F3088810471D480068002801D019487D
:10020000F3E70DA40ECC002902D000F012F8F9E7B4
:100210001749184A002000E001C19142FCD116495B
:100220008847164988471649884700BEFDE701C937
:1002300001C29A42FBD37047949E0010C000002078
:1002400028020020FC9F0010000004200000042071
:10025000FC9F00100010042000100420000000008B
:10026000704700000000000008ED00E0000000D032
:1002700028020020A4A30020A54C00104D0400106B
:100280009D4C0010F8B5C046044B10B5002B03D0B0
:100290000349044800E000BF10BDC0460000000054
:1002A00004A10020C04F0010F0B505AC27781B0258
:1002B0007F023B43D2011343C2007820D02404259F
:1002C0001040FF222406A561266903437340920073
:1002D0001340E361BFF35F8F002901D06561F0BD7A
:1002E000A561FCE7174B10B51B78002B01D100204E
:1002F00010BD052002F088FF134B9842F7D1D023A0
:100300001B061B68002BF2D1104B114A1B681340CF
:100310009342ECD180230F4A1B01116E1942E6D1A2
:10032000526D14001C401A42E1D1092002F072FF04
:10033000094B9C46852360445B0083426441E0B2E4
:10034000D6E7C04638A10020406BED0700C0004052
:100350000100C00100800040FDF8FDFF30B5FF2521
:10036000D024AD0085B02406280002F057FA236996
:1003700019202B40E361656202F030FA80239B0470
:10038000A3611948636202AA03AB01A902F0A4FFAA
:10039000002827D00299039A019802F05FFF134BBF
:1003A000134A07201A60802252041A6002F0FCFEF1
:1003B000082002F0F9FE1F21002002F0DDF90022E2
:1003C0000021002002F0F2F91F21012002F0D4F9EF
:1003D00000220021012002F0E9F90122054B1A70E8
:1003E000FFF780FF05B030BD8807020000E0004045
:1003F0000100C00038A10020F0B5C646844600B513
:10040000104B5A6A986A596A8A42FAD11700FA223E
:100410000023060000216046920004F01BFA80468B
:100420008C46084B5A6A986A596A8A42FAD1110076
:10043000801BB9418C45F5D801D18045F2D804BC68
:100440009046F0BD0040054030BFFDE710B500F01C
:1004500019F830BFFDE7C046084B00B51860084BDF
:1004600083B0196000230022002100930133FFF7BD
:100470001BFFFFF7E9FF03B000BDC046A0A10020AD
:100480003CA10020F0B5DE4657464E464546E0B555
:1004900083B0FFF763FF002800D1C1E000230022F2
:1004A000009300210020FFF7FFFE714B01269A46C2
:1004B000002399466F4B9B464B46002200210020AB
:1004C00000930023FFF7F0FEFFF70CFF002800D198
:1004D000AAE0042E00D885E0082E00D89EE06649E8
:1004E00080223000120101F05BFD002800D1A0E065
:1004F0004B4600200093012200230021FFF7D4FE89
:10050000FA208000FFF778FF4B46002200213000E0
:1005100000930023FFF7C8FE0120FFF76DFFFFF7F0
:10052000E1FE041E00D189E0731E984653461F6801
:100530004B4600220093012100233000FFF7B4FE58
:100540000025002F03D107E00135AF4248D030002D
:1005500001F0C4FD041EF7D14B4600220093002198
:1005600000233000FFF7A0FE43469B00984642461A
:10057000424BD550002C66D0AF4269D1FFF7B2FE96
:1005800000286AD0300001F0B1FE00286AD03000A7
:1005900002F0A2F842463A4B0136D050D358042319
:1005A0009C46E2440D2E87D1012400230122002124
:1005B00000200094FFF778FEFA20C000FFF71CFF30
:1005C00000230022002100200094FFF76DFEFFF7BA
:1005D0003BFF03B03CBC90469946A246AB46F0BDFB
:1005E0003D00B9E7802259463000120101F0D8FCE5
:1005F00000281ED04B46002000930122002300213A
:10060000FFF752FE701E43425841FA2340421B013D
:100610001840FA239B009C46604473E719495FE742
:100620000121FFF719FFD4E702213000FFF714FF83
:10063000CFE703213000FFF70FFFCAE704213000A6
:10064000FFF70AFFC5E705213000FFF705FFC0E708
:1006500006213000FFF700FFBBE707213000FFF75E
:10066000FBFEB6E708213000FFF7F6FEB1E7C04613
:10067000C04F0010F04F0010F05F001070A100207C
:1006800040A10020F0570010F0B5DE4657464E4618
:1006900045460023E0B585B0C25CCC5C6240C254E4
:1006A0000133102BF8D19B469A468B44A03102911E
:1006B00082440300514603901A78564CA25C1A708B
:1006C00001339942F8D1427943784270427A8A469E
:1006D0004271427B43734272827A83788270827B5A
:1006E000837283798271C27B8373C378C270C27A4A
:1006F0000400C273C279C3715B468346C272019320
:10070000237860789C46D9094B00C918CB00C918DA
:100710006346C2095B0059405300D218D300D21877
:1007200043005A400300A678E77873409946F309DE
:100730005D005B19DD005B1975006B40DBB2009357
:10074000FB0998465D00A8444346DD0045447B0014
:100750005D404B46C9B27B40D2B24B405340237000
:1007600063465E407E407240009E58407240627018
:100770004B46624647405340EDB2774059406F4088
:100780004D40A770E5700434A245B9D1019B58468D
:100790009B4600235C46C25CE15C4A40C254013384
:1007A000102BF8D19C46A346029BE3445B4580D1C5
:1007B0005146039B1A78174CA25C1A700133994278
:1007C000F8D1427943784270427A029C4271427B6E
:1007D00043734272827A83788270827B83728379D8
:1007E0008271C27B8373C378C270C27AC273C279CA
:1007F000C3710023C272E25CC15C4A40C25401333F
:10080000102BF8D105B03CBC90469946A246AB46A9
:10081000F0BDC0461C690010F0B5C646802300B587
:100820001E4F1B01FE5A8046002E33D00124644225
:100830003A002500002307E0601C01D0A94221D026
:1008400001330832B34208DA1168A942F4D21C001D
:1008500001330D000832B342F6DBE4002300FB183D
:10086000013E19689A88F3003C19FB1821CB21C47A
:1008700080231B01FE524346404619609A8004BC07
:100880009046F0BDE1007918908889888842D7D2D7
:100890001C00D5E708235B421C00E0E7EC240020A5
:1008A000F0B5DE464E46454657460023E0B5804645
:1008B0008C46914600209B4683B0002928DD4346A4
:1008C0000122591ED21A01235B424B446144019319
:1008D000431C9C4531DD03000124434406E0FF2C0A
:1008E0000AD001340133E4B2994219D01E785D7800
:1008F000D7183800AE42F2D04D465E46AC550224C1
:10090000A246D3445D461B78019C6355BC45DFDCA1
:10091000584603B03CBC90469946A246AB46F0BD53
:1009200059464A46545442465B464946D25D0133D5
:10093000CA5402239C46E344EAE7594601234A4647
:10094000535401339C464346E34459461B5C013AE9
:100950005354DDE770B50500081E0CD02B786E1ED1
:1009600013700123012906DDEC5CF15C641AD45498
:1009700001339842F8D170BDF0B54E46DE46574679
:100980004546E0B585B08146039200295ADD002333
:100990009346984600221F0002934B464046185C3F
:1009A0005B461A705F70029B033301935B4698703D
:1009B00043465C1CA14235DDFE2C3EDD032346464A
:1009C0009C46FE3EE3444B46981900239C469A46BB
:1009D0004B461D19002306E0C75CEA5C974205D12F
:1009E0000133FF2B02D01A198A42F5DB9A4502DA4D
:1009F000A21B94469A46731C0130464501D01E0046
:100A0000E8E76346DAB253465444A046DFB28C426C
:100A100010DB019803990A5402988446421D6144F0
:100A200001920F71019805B03CBC90469946A246D0
:100A3000AB46F0BD019B0293AFE703239C46002623
:100A4000E344C0E700230193ECE7C046F0B5DE467F
:100A500057464E464546E0B5AF4CA544029001913D
:100A60000392002800D1FDE08023019C1B019C42E1
:100A700000D9F7E0039D002D00D1F3E0842200218E
:100A80002800520004F0DCF82900230A4B700023F0
:100A9000251E0C708B70CB7000D1FDE000219F4AA9
:100AA0009F4804F0CDF8802246ACD20000212000FF
:100AB00004F0C6F800220298835C01329B001959A9
:100AC000013119519542F7DC802109018A46954987
:100AD00080268946924923008C4601218846924906
:100AE000E1448C468E4900228B460025DC4476008A
:100AF0001C68002C10D08A4FD000BB46A9B25844C5
:100B0000046081805046013292B23A5244464846CF
:100B1000445564466800215201350433B542E7D19B
:100B2000012A00D871E1A94606AB98467F4C804B5C
:100B3000E61804A8FFF770FE4046FFF76DFE4B462F
:100B400080205D1CABB2764945468C46CA46994624
:100B5000734B00011B5A2D68DA006244AC460499BD
:100B60000133009161441160514691806C4A9BB2FF
:100B700013529B4604AB9B8880209C4643469D882D
:100B8000694B2900D218654600238C46400005E0D9
:100B9000614509D00133023283420ED0E15C002965
:100BA000F8D01188A942F3D151461180F15C02328C
:100BB0000131F15401338342F0D15B46012BB8D8A7
:100BC00080200023002506A94000E25C002A01D015
:100BD0004B55013501338342F7D1012D51D02CDD26
:100BE0006B1E9A460023984606AE7319C1461C0038
:100BF000A84601239C46731CE1449C46C84505DC7D
:100C000017E0954238D001339C4212D0494D3178DB
:100C1000AB46434A187852185A441578404A12187D
:100C20005A4412789542ECD93070197001339C42C5
:100C3000ECD16646D145DCD1454606AB9846002D41
:100C400000D17BE04246454402E00132954226D085
:100C5000334913788C46374963448C4663441B7888
:100C6000202BF2D901204042334B9D443CBC90469E
:100C70009946A246AB46F0BD8142C4D93070197086
:100C8000D4E7274A06AB944698462A4A1B78634421
:100C9000944663441D70D5E784204000E4E7254B6B
:100CA0001F4A0398D11880220830520003F0CEFF6B
:100CB0004346204A18789446194B04AA1B186344EB
:100CC000092494461B4E6444B44615491B78091800
:100CD0006144097800228B421BD20133DBB25200FF
:100CE0009942FAD103000E4881338446FF33DB007A
:100CF00063449A6019710132AC4228D00D4E2078BD
:100D0000B4460B00064901340918614409788B4246
:100D1000E3D31900E6E7C046E4FAFFFF041400003D
:100D2000EC240020020B000002090000EE2F00203E
:100D300000FDFFFF020800001C050000344A354B8F
:100D40000398D11880220830520003F07FFF00235F
:100D500000221C00029901982D4D8B5CAC4681331A
:100D6000FF33DB0063441B790132E4189042F3DC6B
:100D70000399230A0A004B71230C8B710932230E4D
:100D8000CB71FF3284230C71A046140000225B005B
:100D9000CA540023994601339C46002300210020B9
:100DA00007269A464A46029B9B5C1B4ADB009346F9
:100DB000174A5B4493465B441A785D68013A02D255
:100DC00016E0013A14D32B006746D3403B40771A14
:100DD000BB40275C01313B4323540829F1D101304A
:100DE0000021C3004345ECD253462354013AEAD2D2
:100DF00001239B46019BD9444B45D3DCCB17591AA1
:100E0000C90F08180930FF302EE7044CD8E6C04659
:100E1000EC24002002080000040C0000EE2F00204B
:100E2000F0B5DE4657464E464546E0B5B5B08B4672
:100E300004A98C4603900F20029201226044013BDA
:100E4000995C81540132112AFAD101239C4604ABEA
:100E5000013B019305AB99460F2398464F4B102158
:100E60009A4664464E4F08AE04A80B2284460123DE
:100E700062445218D05C019DE8540133052BF9D12E
:100E800043460B4250D004AB1B7804A884460A00AA
:100E90006244157801306B4013740132484507D025
:100EA0000378157801306B40137401324845F7D14F
:100EB0000431B029D8D15B46002B6DDD013B1A000F
:100EC00000930F239A435B46103B9B1A9846039B63
:100ED0005D465B4499461023029F9A460CE0310020
:100EE00004A8FFF7D1FB103D3800102204A903F03D
:100EF000ADFE1037A8452FD02C00102D00DD10249A
:100F00004B462200591B04A803F0A0FE0F2DE6DC7F
:100F1000534604A922008C461B1BDBB262441370AB
:100F200001329642FBD1DAE704ABD8781A785B78C5
:100F300004ADFB5CBA5C0093AD78385C7D5DAC467B
:100F4000634604AD6B705346EA701A5D009BA8704F
:100F500053402B70013498E7009B1C090134240195
:100F60005B461B0710D1102204AB1A7001339E425E
:100F7000FBD1310004A8FFF787FB029B1022181950
:100F800004A903F063FE1034200035B03CBC904649
:100F90009946A246AB46F0BD0024E1E71069001077
:100FA0001C690010F0B55746DE464E464546E0B592
:100FB000CFB00EAF079038001EAC0B784A781B06F6
:100FC00012041343CA7813438A780431120213437C
:100FD00008C08442F1D1C02398463A00AF3B9C46FA
:100FE0000A3BB8449B460B33474613269A46904625
:100FF000936B64461800E0411C00F44160401468A3
:101000009B0AA1465840536A51684B445C46C0183D
:101010000B005546E3410C00EC41C90863404B40CE
:10102000C318136404329742E2D14746079B0197E5
:10103000DA68596905929A691C680692434A5E68A3
:1010400093467A1CFF320492069A9D689446059A4C
:1010500018690392DB693E4A9A46914608940996BC
:101060000A950B900C910D9302910CE05F4608CF0E
:10107000E2469946029B039502903500BB46260046
:101080009C4610000C000B2102000627CA410100FB
:10109000F941514002001337FA415140029A162398
:1010A000024090466246474682437A40019F891833
:1010B00004CF019789180D272200FA415144494471
:1010C000914622000B3FFA414F467A402700DF410C
:1010D0007A4037006F402740B9462F003740BA4664
:1010E0004F4653465F40B946039B9144019FCA183F
:1010F000049B4944BB42B9D1029B9846089B994640
:10110000079B49441960099989460A994C448946C4
:1011100005994E4489460B994D4489464A441A61C3
:101120000C9A5C6091461A0048449E60DD605861EC
:10113000069B434493610D9B6344D3614FB03CBC19
:1011400090469946A246AB46F0BDC04614680010D2
:10115000982F8A42F0B546464F46D646C0B598B05D
:101160006E4690463200414B81460C0023CB23C291
:1011700023CB23C203CB03C23F2C00DC74E040230B
:101180005B429A46A24457467F339F434B464D46A7
:101190004033DF19290030004035FFF703FFAF422D
:1011A000F8D153469809013080018144251A08AFCF
:1011B0002A004946380003F049FD8023681C7B550E
:1011C00038284ADD40220021121A381803F038FD71
:1011D00039003000FFF7E6FE38220021380003F026
:1011E0002FFD5F222020E517630FED001D43814690
:1011F0000023E1006A4407E02C00C44020000833CB
:101200001070013A402B0FD0202040421818F3D51F
:1012100048462C00C01A84400800D84008332043B8
:101220001070013A402BEFD1390030004446FFF7EF
:10123000B9FE4246203408CE190E1170190C5170B7
:10124000190A9170D37004329442F4D1202018B05E
:101250001CBC90469946A246F0BD38220021121AC5
:10126000381803F0EDFCBCE72500A0E7F06700109C
:1012700030B50D681C00AC46036863440360256804
:101280006B401025EB4123601568AC466344136046
:101290000D686B401425EB410B600568AC46634458
:1012A0000360206843401820C341236010688446CF
:1012B000634413600A6853401922D3410B6030BD68
:1012C000F0B591B00E000A006D466B46070010A8FD
:1012D00002CA02C38342FBD10A2468460CAB08AAA7
:1012E00004A9FFF7C5FF0DAB09AA05A901A8FFF7DF
:1012F000BFFF0EAB0AAA06A902A8FFF7B9FF0FAB02
:101300000BAA07A903A8FFF7B3FF68460FAB0AAA09
:1013100005A9FFF7ADFF0CAB0BAA06A901A8FFF7C3
:10132000A7FF0DAB08AA07A902A8FFF7A1FF013C80
:101330000EAB09AA04A903A8FFF79AFF002CCCD191
:10134000325908CD944663443B510434402CF7D1C4
:1013500011B0F0BDF0B557464E464546DE46E0B505
:1013600088466049A3B002915F49814603915F4975
:10137000587804915E490002059119789246084315
:1013800099782C9A09040843D978090601435879B9
:101390000691197900020843997909040843D9791B
:1013A00009060143587A0791197A00020843997A8D
:1013B00009040843D97A09060143587B0891197B2F
:1013C00000020843997B09040843D97B09060143BD
:1013D000587C0991197C00020843997C0904084350
:1013E000D97C090601430A91197D587D0002084302
:1013F000997D09040843D97D09060143587E0B9164
:10140000197E00020843997E09040843D97E090623
:1014100001430C91597F187F09020843997FDB7FB4
:10142000090401431B060B430D93012351780E93CE
:1014300013780902194393781B041943D3781B06C8
:101440000B4351790F9313790902194393791B04C4
:101450001943D3791B060B43517A1093137A09026F
:101460001943937A1B041943D37A1B060B43119338
:101470004346002B32DD00230326009312AD2800E3
:1014800002A9FFF71DFF4346009A9A1A402A00DD81
:1014900040220099002308004944504437009C1022
:1014A000A4001F402C59FF00FC40CF5C7C40C4547A
:1014B00001339A42F2D1009B9C46944462460E9BB3
:1014C0000092019301330E93E045D8DC009823B0DD
:1014D0003CBC90469946A246AB46F0BD0023009323
:1014E000F4E7C046657870616E642033322D62790E
:1014F0007465206B70B500291BDD012304004618BC
:1015000001200D4D5B4221784B40082104E05B082F
:1015100001396B40002905D01842F8D101395B0828
:101520000029F9D10134B442EDD1DB43002013602E
:1015300070BD0023FAE7C0462083B8EDF0B55746EA
:101540004E46DE464546E0B599B08246894617923A
:10155000002800D1A5E1002A00D1A2E10B008022E1
:10156000013B1201934200D39BE10A001A401692FC
:10157000194200D095E10B000026012903D0013665
:101580005B10012BFBD100220023771E93465246AD
:10159000B846012537001E000092002F00D17CE1E3
:1015A0000023002441462A009A40164203D0280016
:1015B000CA1A9040044301339F42F4D1BB4B884682
:1015C0009A46BB4BA4009C46A2446444009B985D91
:1015D00003F0B7F9534618605B4601362360B14506
:1015E000DBD11296002F00D10FE17B1C1593002355
:1015F000B04CB14E08930994B04B0C930123149353
:101600008020012314990006844632008B406244F6
:101610000B921A009446042210938A40DB0F634415
:101620005B100D939B009A46002313929F4A1193DF
:101630000F929F4A0E92109B012B00DCB6E00E9B8E
:10164000002499460F9B984600239B460023009355
:10165000019400239A4C02930394434652469858AF
:1016600003F09CF94B465246040098580D0003F0D5
:1016700095F9029A039B06000F00200029000694AA
:10168000079502F078F8009A019B04000D003000E5
:10169000390002F070F802000B002000290002F06F
:1016A0003AF8029A039B049005913000390002F049
:1016B00062F8009A019B04000D000698079902F059
:1016C0005AF802000B002000290002F02DF84346D2
:1016D00006900791186803F061F94B4604001868FA
:1016E0000D0003F05BF9220006000F000498059935
:1016F0002B0002F019F802F0C1F8434632001860DE
:101700003B000698079902F00FF802F0B7F84B4635
:1017100029001860049A059B200001F0FCFF02F0EC
:10172000ADF8434651465850069A079B30003900A1
:1017300001F0F1FF02F0A2F84B4652469850029E8B
:10174000039F089A099B3000390002F014F8009AB0
:10175000019B04000D000C980B9902F00CF802009C
:101760000B002000290001F0D6FF089A099B029087
:1017700003910098019901F0FEFF04000D00320072
:101780003B000C980B9901F0F6FF2B00220001F0B2
:10179000CBFF01239C460333E3449C460D9B009002
:1017A0000191E044E1449B4500DA56E7109A0F9915
:1017B0009446119B139A0800634494460E99129A1A
:1017C0006044614411930F900E91934200DA32E726
:1017D000149B1599013314938B4216D00120984025
:1017E00002F01CF802000B003648374901F0A5FF53
:1017F00004000D0002F07AF80C900E002000290081
:1018000002F05EF808900991FAE6284B9846284BBA
:101810009946179B9A46129B9B0043449B4643461E
:1018200001CB984603F0BAF84B46040001CB0D00FB
:10183000994603F0B3F8220006000F002B002000A9
:10184000290001F098FF320004000D003B00300039
:10185000390001F090FF02000B002000290001F088
:1018600063FF02F017F8040012980D0001F0D6FF94
:101870000B0002002900200001F05FFF01F0FEFFD5
:10188000534601C39A46D845C9D1169819B03CBCF5
:1018900090469946A246AB46F0BD044B044C9A468E
:1018A00094E601235B421693EFE7C046F058002010
:1018B000F03800200000F0BF26A6A13C075C1433DE
:1018C0000000F03F182D4454FB211940F8B557464D
:1018D000DE464E4645468A46E0B59346071E994683
:1018E0003ED0002A3CD04B46002B39D000292BDDBE
:1018F0000A9B4E465C42002398460A9B4B441D00BF
:101900000A9A43460020002A26DD002B04DB5A42B7
:10191000B15CFA5C4A438018013BA342F5D14B46C7
:1019200000211A7801338918AB42FAD1002912D06C
:1019300001F0BCFE5B464246985401239C46E044BD
:1019400001340136C245DBD100203CBC90469946AB
:10195000A246AB46F8BDC0B25B4642469854ECE79F
:1019600001204042F1E7C046F0B54546DE46574605
:101970004E46E0B58BB01D000390079102920028FF
:1019800000D1E0E0002A00D1DDE0002D00D1DAE056
:10199000159B002B00D1D6E0149B002B00DCCDE082
:1019A0005E19002200232F00A84614001D0038787D
:1019B00001F034FF02000B002000290001F0B4FE0A
:1019C000013704000D00B742F1D10894099545464E
:1019D000079B002B00DC91E0169B01955B429A4629
:1019E000159B9B46149B5B42994600230693149BD0
:1019F000002B00DC91E00022002316001F004D4662
:101A0000069C002C0FDB019A6342D35C039A105DA5
:101A1000584301F003FF02000B003000390001F0D1
:101A200083FE06000F00013CAC42EAD1169BA9469A
:101A300004960597012B00DC77E0069B0026013B0E
:101A4000984600274346002B19DB5A465B42D05C80
:101A500001F0E0FE4246029B0400985C0D0001F09C
:101A6000DDFE02000B002000290001F084FE0200D0
:101A70000B003000390001F057FE06000F00012373
:101A80005B429C46E044D045DCD1089C099D002285
:101A900000232000290001F0B7FE049A059B0028CE
:101AA00034D03000390001F03FFE22002B0001F05D
:101AB00044FE04000D00254B00222000290001F007
:101AC000A3FEFF23002808D10023002220002900C4
:101AD00001F094FE002300282AD0069A02998B5424
:101AE000531C01229446019A069301320192079AEF
:101AF000E244E344E1449A4200D078E700200BB08E
:101B00003CBC90469946A246AB46F0BD3000390039
:101B100001F00AFE04000D00CDE700230024049329
:101B20000594169B012B00DD87E700260027ACE714
:101B30002000290001F08AFEC3B2CEE70023002472
:101B40000893099444E701204042D8E700E06F4041
:101B5000F0B54E464546DE465746E0B587B005002F
:101B60000E00019002910392002869D0002A67D0EC
:101B7000002965DD080002F0E9FE011C041C02F0EA
:101B800089FE02F00BFF02000B002F482F4901F0E5
:101B9000D4FD01F073FE8146FE20211C800502F079
:101BA0007CFE02F005FF05908020211CC00502F09C
:101BB00074FE02F0FDFEB446B20093466544002276
:101BC000AA4604900092009F00247B0098465E463F
:101BD000019D3800310001F069FD080002F0B1FEFE
:101BE000494602F06EFE02F0F3FE8346287802F0CA
:101BF000A8FE594602F065FE011C201C02F04AFEB8
:101C00000135041C4744AA45E3D1009BB346002B91
:101C100014D00498211C02F054FE009E039BB500D2
:101C2000029A5851731C00939A42CCD1002007B0FD
:101C30003CBC90469946A246AB46F0BD0598E9E704
:101C400001204042F3E7C046182D4454FB210940CF
:101C5000F0B55746DE464E464546924BE0B51B680A
:101C6000914C9A468423A5445B009A4506D38F4B3A
:101C70001B689B468E4B5B689B4509D00020B123B7
:101C80009B009D443CBC90469946A246AB46F0BDA5
:101C9000874B9A68D31DDB080933FF3301929A45BD
:101CA000ECD15B465B019342E8D30DAC842200216A
:101CB000200002F0C5FF842200212EA802F0C0FF00
:101CC000842200214FA802F0BBFF7948784A0D30EA
:101CD00000210C32FF3009E0002B04D09B00E558B6
:101CE00001310135E5500132824203D01378202BB7
:101CF000F2D9C3E75B46002B62D00029BED0002397
:101D0000002299469C4600230025802002920393DE
:101D100053460127674940000B930A956346049395
:101D200000230593049D059E029A039B521973415B
:101D30004D4692185B4108920993029203936319EE
:101D40005D68002306950793AC46029A039B069DA7
:101D5000079EAD185E412A003D003300203DA84695
:101D600026D446460125B540A8460125BD40434539
:101D700000D983E72AD0089A2EAB4B445A600A9DBB
:101D80004FAB4B445D600023CA5CBA4205D1C82604
:101D90000CAA760092195355013501338342F3D1D1
:101DA00001370A95212F14D004239846C144B5E782
:101DB0002025ED1BA84601254646F540A846D4E758
:101DC000019B194348424841C0B258E7AA42D2D9C0
:101DD00054E70B9B9A46019B002B00D14EE78623CC
:101DE0000020334A5B00D35C0290013001210022C5
:101DF0008146DB1111E02E4DD008AC46072560442A
:101E00000D30FF300078954328414D465B00284057
:101E100001310343212900D130E788002558002DE6
:101E200023D088270CAEF6193658B4469E421CD8EB
:101E30009E1BB54219D902990D008B4500D81DE7AC
:101E40000CAE8437F6193058C8261B186046760049
:101E50001B1A0CA88019C05C174B01315B5D9842BE
:101E600000D00BE702910023002101980132824249
:101E7000C1D107200400144010420AD008230122D7
:101E80001B1B52429A400A4B5344DB78934300D0C9
:101E9000F4E6029B00209B4500D0F0E64842484112
:101EA000EDE6C0461CA100203CFDFFFFFCA0002089
:101EB000AC030020B8030020FC980020F0B5574682
:101EC0004546DE464E462F4BE0B51F682E4B8046FA
:101ED0001B68002083B0BB4242D1002F38D0802342
:101EE000DB0000249946294D294E16E0B378002CDA
:101EF00043D06878C31870784000C318012C3CD0D8
:101F000030782A788018C018FF23484537D3013429
:101F1000AB7001360135A7421AD04346002BE5D1FC
:101F200000200190B01C8446E043012282461949FA
:101F30006046C05C42430198834693445A460192EE
:101F40001A1D14D0013B0431534510D00A68EFE745
:101F50003A001149114802F0A5FF43425841C0B26E
:101F600003B03CBC90469946A246AB46F0BD092161
:101F7000019801F09BFBC3B2C9E79B08C7E7800843
:101F8000C3B2C4E7FCA000201CA10020E61C002076
:101F9000FA980020809D0010B0030020E81C00206B
:101FA000F0B50023C64617003E4A00B513703E4AFE
:101FB0003E4E13603E4A33601360431E0400904659
:101FC0000B2B23D880231B019F421FD8002917D039
:101FD00009285DD00C281DD0002F1DD1354B364A65
:101FE000364913605350364A364913605350002225
:101FF000354B1A700023354A01201370346006E017
:10200000002F03D1092801D00C28E7D1002004BCFF
:102010009046F0BD002FF9D02D4D3A00280002F077
:1020200015FE4346244A25491F60224B5350136036
:102030002449234A5350136080231B019F42D6D169
:102040002900244AEF1802E00131B94226D0530397
:1020500053405A0C53405A015A400878D3B2984220
:10206000F2D000228020184B80211A701A4A0023D7
:1020700094467F27000106E00133834210D03A00E6
:1020800061461A40895CEA5C8A42F5D00023B2E7D7
:10209000002FBBD07B1E1F42BED0B7E70122E1E775
:1020A0000123A8E73BA100201CA10020A8030020D9
:1020B000FCA00020216DA783F478002004200000FC
:1020C000AC0300200C19000039A100203AA1002027
:1020D000FC9800204D3C2B1AE09A0010F0B5CE463B
:1020E0004746002380B56D4A6D4D1268040089B0E3
:1020F0002B70824206D1002804D06A4E6A493268A9
:102100008A4205D0002009B00CBC90469946F0BD2B
:10211000664971589142F5D1654A904612688A42E3
:10212000F0D14046634941589142EBD1624F3B6048
:102130000C2CE7D8614AA300D3589F46604B614AF4
:10214000196861489946FFF703FD0028DAD14B462C
:10215000186880000028D5DB534A33689342D1D1F8
:10216000524AB2589A42CDD143461B689342C9D1D4
:102170004146504A8A589A42C4D13860092C04D04A
:102180000C2C02D0514B9842BCDC012301202B7057
:10219000B9E769464E4B4C481A888A829B784D4A6B
:1021A0008B75118806AB198092789A70444A019316
:1021B000914603224946029200920968464A05ABBD
:1021C000FFF7D2FB00289DD14B461868C2E7434A6F
:1021D00006AB11683C48069112791A71384A91464B
:1021E00005224946009209683B4AFFF76FFB002829
:1021F000EAD087E7324B334A196833489946FFF7EC
:102200009DF90028A3D07DE7002306932C4B2E4890
:10221000196806AAFFF76EF9002800D072E7069B3E
:102220000420736098E7264B2B4A19682C4B2648EC
:1022300000932C4BFFF78EF88CE7214B264A196848
:102240002148FEF787FF85E71D4B234A19681E4882
:10225000254BFEF7E5FD7DE7194B1F4A19681A4823
:10226000FEF7F4FB76E73200154B17481968083281
:102270007160FEF781FB002800DA43E704306BE76A
:102280000F4B154A19681048FEF764FB62E70C4BC8
:10229000114A19680C48FEF703FB5BE7A80300200E
:1022A0003BA10020AC030020216DA7830C19000086
:1022B000F4780020042000001CA100202C6A0010EB
:1022C000FCA00020F8780020FC98002008190000ED
:1022D0001C6A0010206A0010B0030020246A00105D
:1022E000C46A0010A46A0010946A0010F0B5DE46BB
:1022F00057464E464546E0B5CA4B04001B6883B0BE
:10230000834208D1C84B1D78002D04D0C74EC84A5F
:102310003368934208D00025280003B03CBC9046A7
:102320009946A246AB46F0BDC24AB2589A42F2D193
:10233000C1490B689342EED1C04A8A589A42EAD109
:102340000C28E8D8BE4A8300D3589F460120FFF7E7
:10235000B5FD0500E0E70020FFF7B0FD0500DBE775
:10236000B84B1D78002DD6D0B74B1968B74B8A00F3
:102370001B689A42CFD10029CED0B54A0027924699
:102380008B46A146019533E00F233B4200D042E14A
:10239000B04A3B099B009B58AF49580040089846FB
:1023A00002F08FFAAD4902F075FA061C53461C681C
:1023B00065006D08AA49281C02F0B7FA0028AAD1C6
:1023C000A749281C02F0ACFA0028A4D14146201CE1
:1023D00002F05DFA40004008311C02F0A1FA00282A
:1023E00099D104239C460137E244BB4500D116E154
:1023F0004B460C2BC8D19B4ABB00D35896499846F4
:1024000053461C6843465800400802F05AFA964961
:1024100002F040FA061CCBE7944B1D78002D00D14A
:102420007AE78A4B00251B68042B00D074E7904B99
:1024300075689C4665446B425D41EDB26CE78B4B21
:102440001D78002D00D167E7804B00251B68202BED
:1024500000D061E720228749874802F023FD4542EA
:102460006841C5B258E7814B1D78002D00D153E774
:102470008123764A002512681B019A4200D04BE75F
:102480007E497D4802F00EFD45426841C5B243E7F2
:10249000FFF7DEFB05003FE76C4B1B680193032B46
:1024A00000D838E7684B1B6898467368434500D0EE
:1024B00031E704239C46E1464A46714B00279A4681
:1024C000704B4D469B46019B9B1A5B085B004B443F
:1024D0009C46B84500D8DFE0654500D11BE7534670
:1024E000AC1C195D002975D1019BA946A34200D8F7
:1024F00011E703239C4634192379624AE144D355FA
:102500004A46019B4D469B1A5B085B004B449C4628
:102510000137DEE74C4B18684C4B1B68834200D0F8
:10252000F9E6002800D1F7E600210023524E564C70
:1025300003E00131884200D1EEE6725C9B18625CD8
:10254000DBB29A42F5D0E6E6404B1B689C4601237D
:10255000614662461940134200D0DCE6002A00D1F1
:10256000A9E0394B444F99461B68484D98460423CF
:102570005B429E1B3878002800D1CCE643465B1AAC
:10258000984200D9C7E60B007C780133EA5CA2428E
:1025900000D0C0E6CA1A1218002AF6D10237F21982
:1025A000944500D88AE01900E4E7304B1D78002DEF
:1025B00000D1B1E68023254A002512681B019A420A
:1025C00000D0A9E632492C4802F06CFC4542684133
:1025D000C5B2A1E62F4B185D002800D19BE6B8429A
:1025E00000D998E64346DB1B994200D993E6B946E9
:1025F000D9444A460023A1461400381A5844C25C04
:10260000E25401339942FAD87F184C46B84500D9B4
:102610006AE74D465DE70023104E9846C6E6019DE9
:102620007AE6C046A80300203BA10020AC030020AE
:10263000216DA7830C190000F4780020042000000D
:10264000606A00103AA10020FCA000201CA100201C
:10265000F8780020609B0010ACC5A73717B7D138B9
:10266000FFFF7F7FE07A00100AD7233C39A10020CA
:10267000CD65C162609D0010B0030020D06A0010DB
:10268000AF030020E81C0020FC980020FB980020ED
:10269000E0720010AE030020AC46019B00256345AC
:1026A00000D039E642460949094802F0FBFB4542A1
:1026B0006841C5B230E6074A002391464A4615688C
:1026C000ED1A6B425D41EDB226E6C046FC98002053
:1026D000E81C0020FCA000201E4B70B51A680023E7
:1026E000824208D11C490978002904D01B491C4C9E
:1026F0000868A04201D0180070BD1A4C0C598442E1
:10270000F9D1194D2868A042F5D1184C2C598442B2
:10271000F1D1092A1CD00C2A1AD00D1D144B1B68AC
:10272000002BE8D0E81801230124124E5B422A78DE
:1027300053400822210019405B08002900D0734053
:10274000013A002AF6D10135A842F0D1DB43D2E7A5
:102750000435E3E7A80300203BA10020AC030020E0
:10276000216DA7830C190000F478002004200000DC
:102770001CA100202083B8ED10B54024084A830036
:102780009A181268C0005440C0222240054CA4464A
:1027900063441A60044B9C466044416010BDC046CF
:1027A00004C0014004D00140004001400A4B8000B9
:1027B0009C464B1E99416044C900002A01D0042365
:1027C000194303684B400C21194080235B019C4650
:1027D000604401607047C04604C001400123D0221C
:1027E00083404021120693629361094A83009A183C
:1027F0001268C0005140C0220A4006498C4663441A
:102800001A60054B9C460523604443607047C046F0
:1028100004C0014004D00140004001404022F0B516
:10282000CE464746D02594463B3A80B50023012446
:10283000C02791462D06044214D022009A406646D5
:10284000AA62AA610B4A99008A18126872400A4E5D
:102850003A40B04641440A600849DA008846494691
:1028600042441160013340081E2BE4D10CBC904659
:102870009946F0BD04C0014004D00140044001402D
:102880000FB400B5084883B002F0F2FA049B002BA5
:1028900007D005A91800019102F0E6F9034802F0FB
:1028A000E7FA012002F0F8F9949D0010A49D0010B1
:1028B000F8B5EFF3108772B60E4E3368002BFCD0DC
:1028C000BFF35F8FCB08C4180725A446C45C01235F
:1028D0000D40AB4018002040234208D162462343FC
:1028E0001370BFF35F8F306087F31088F8BD10005E
:1028F000FFF7C6FF2C0100D0044A1078431CDBB25E
:10290000172B00D9102313707047C046E001002038
:102910000021044B044ABFF35F8F02C39342FAD1F4
:102920007047C046000100D0800100D0054B064A28
:102930001360064A136053609360D3601361536160
:10294000936170478080808000E400E004E400E050
:102950001F2318401E3B8340002905D0C021044A94
:102960004900535013607047802201498B50FAE7A9
:1029700000E100E070B50D00EFF3108672B60F4A6B
:102980001368002BFCD0BFF35F8F0D4B10309B689A
:1029900084001B590B4A934203D09D4201D000F0A2
:1029A00091FD074B9B681D51BFF35F8FBFF35F8F96
:1029B0000022024B1A6086F3108870BD240100D0FB
:1029C00000ED00E0C1010010024B9C46614489000B
:1029D000016070474000003410B50400FFF78CFF21
:1029E00001002000FFF7F0FFFF232371BFF35F8F8B
:1029F00010BDC04610B50400FFF77EFF01002000A7
:102A0000FFF7E2FFFF23A380BFF35F8F10BDC04637
:102A100070B5094C094DAC4208D223682000002B48
:102A200005D00834FFF7E6FFAC42F6D370BDFFF7E0
:102A3000D3FF0834EFE7C046200200202802002020
:102A40000A4B1968EFF3108072B60A68002AFCD0AE
:102A5000BFF35F8F1B68BFF35F8F00221A6080F3A4
:102A6000108840BF002000217047C04634A10020DC
:102A7000F0B5DE4657464E464546E0B585B0EFF325
:102A80000582032313409A0011000392B64A52585C
:102A9000904601229A409146B44B1A604B46B44886
:102AA0004363434608229B5E9A46002B3EDA434628
:102AB0009B881BB2002B00DBA2E043469B79002BD6
:102AC00000D0F4E0434608241C5F002C24DB42467F
:102AD0005269630094461B19DB0063449C68DD68FF
:102AE000631C00D110E1A248039B84466344826AC0
:102AF00019001B69A61A9B1A9E4215D34A46036AFF
:102B00001A4211D09A4800F0CDFA241A8D41002DB6
:102B100002DCC3D1002CC1D040BF05B03CBC904604
:102B20009946A246AB46F0BD0C61EBE742465269BE
:102B30005B0093465344DB009B445B469E68DF6822
:102B400000F0B0FA801BB9410029B0DB002F00DA99
:102B5000E5E05B46874A1B69934200D1D8E04146D5
:102B60005A460820085E5288000410435A465169AC
:102B7000984704000D0023002B4300D1CFE0002D27
:102B800000DBE8E0361BAF4134003D005B469C6053
:102B9000DD600021595E002900DA88E743465B6961
:102BA00022009C462B0048004018C0006044866804
:102BB000C768921BBB41002B00DA78E743466646A4
:102BC00002000094019519810CE07B00DB19DB0009
:102BD000F318009801999C68DD68001BA941002941
:102BE00004DB1A000023D75E002FEEDA5B461F805D
:102BF0005346138043469B881BB2002B00DA5CE7E8
:102C000043461A69EFF3108172B61368002BFCD0AB
:102C1000BFF35F8F43469B8842461BB29A4601230F
:102C20005B4293801369BFF35F8F00221A6081F3C8
:102C300010885346002B00DA3FE743465B699C4609
:102C4000082343449B4653465F0043465744FF00D6
:102C500008229A5E67445E46BC68FD68002A19DB5C
:102C60003B000094019567469C4604E01E0000234B
:102C7000F25E002A0BDB0098019953009B18DB00E1
:102C8000FB189C68DD68001BA9410029EEDA634649
:102C9000BC461F005346338000217B5E3A809A4633
:102CA000002BD0DA43469B79002B00D10AE70023A2
:102CB00042469371434646460821595E08364B1CEE
:102CC00000D129E747468C46556902E006004B1CB7
:102CD00017D04B005B18DB00E8180A00E95E438858
:102CE0001BB2002BF2DA01235B42DC178360C46065
:102CF0009445ECD031803B89944603803A814B1C4B
:102D0000E7D1B8466446E0E66B1C00D0EBE6F9E696
:102D10005B465C69200023699847002821D15B4607
:102D200042461B8813811269EFF3108372B6116853
:102D30000029FCD0BFF35F8F4246594652880A8073
:102D40004246514651801269BFF35F8F00211160E6
:102D500083F31088ABE6064800F0A4F924184D412F
:102D600014E76568246806E720A100203C70054050
:102D700000400540712A0010F0B5C646904600B5E7
:102D8000C16006001D000F00FFF7B6FD1B4BD022EF
:102D90009C464346120633701268ABB27270012231
:102DA00060445242800073819B1830613281B2804E
:102DB0007380002D0BD06B005D197469ED00104B12
:102DC0002D192380013318349BB2AC42F9D143460C
:102DD0009A000C4B0124D65043469C4040463C622E
:102DE0000949FFF7C7FD40460121FFF7B1FD074B39
:102DF0009C4667443C6004BC9046F0BD40000034F3
:102E0000FFFF000020A10020712A001038200000E0
:102E100010B50A4C2369002B04D00A210848FFF79B
:102E2000D3FD10BD0321074800F032F9102303221F
:102E300020000449FFF7A0FFEFE7C046E4010020AF
:102E400034A1002000400540F0B501000469EFF313
:102E5000108772B620680028FCD0BFF35F8F022075
:102E60000D5E48696C0084466419E4006444002DDA
:102E700001DB208848800869BFF35F8F0026066069
:102E800087F31088002D2EDBE360638805980133FB
:102E900020615B0406985B0CA26060611A1C002B29
:102EA0001FD090B22B04628018430A69EFF310869A
:102EB00072B61368002BFCD0BFF35F8F8B88238022
:102EC0008D800B69BFF35F8F00221A6086F3108834
:102ED0000B7801329A40CB6804498C4663441A60EF
:102EE000F0BD0122DDE701204042F9E73C2000006F
:102EF00070B582B01D0008AB1B7806001400002BD3
:102F000007D100F0D7F822002B00121A8B41002BBA
:102F10000ADB079B22000193069B300000932B00E5
:102F2000FFF792FF02B070BD0020FBE730B5438988
:102F30000A14934233DD53009B184269DB00944628
:102F400004696344EFF3108572B62268002AFCD04E
:102F5000BFF35F8F5A88090494B2090C8A4208D0E3
:102F60000369BFF35F8F00221A6085F31088002089
:102F700030BD8022120214435C80012302698371F8
:102F8000BFF35F8F0021116085F310880549027837
:102F90008C469340C268012062441360E8E7002039
:102FA000E6E7C0463C200000F0B5CE46474680B577
:102FB00004000D0085B0EFF30587002F0DD0314AD6
:102FC0000020536A8B4203D3926A0130A24249D354
:102FD00005B00CBC90469946F0BD2B4B9846DB687B
:102FE0009946434648461E7800F05CF80B00494677
:102FF00002000436B600715820008E1A2900801A8B
:1030000099418F4211DC0ED020BF1E4A0020536A26
:10301000AB42DDD3926A0130A242D9D2EB1A581EDC
:103020008341D8B2D4E78642EED9002302930193BC
:10303000164B2200009340462B00FFF759FF011E5C
:1030400015DD104B2E005A6A954218D89B6AA34290
:1030500013D34046FFF76AFF0A4A0020536A9E4294
:10306000B6D8D7E75B1A581E8341D8B2B0E7054AF5
:103070000020536AAB42ABD3CCE79542E9D120BFE5
:10308000E7E7C04600400540E4010020412A001067
:1030900010B5024A0248FFF70BFC10BDA89D0010B6
:1030A000BC1C00200300416A0A00986A596A8A42DF
:1030B000FAD17047034B596A0A00986A596A9142DB
:1030C000FAD1704700400540F0B54F469946344B61
:1030D000DE4646469C4644002418A400C0B564441D
:1030E00016006368089A8B46934200D26260031F01
:1030F000DBB29846012B2ED9C0238022294F8500B0
:103100009B0179591201E3181A6000291AD122682B
:1031100076017240E0268023164042465B01E318A8
:103120001E60012A2ED9802380229B01E318120100
:103130001A60089B63604B467B511CBC90469946C5
:10314000A346F0BD786900F0B1FA431C5800C018DE
:103150000338FDD2DBE75B46012BCDD1C023032230
:103160009B01E3181A60023AA3681A42FCD0E023DC
:103170002268760156401E4080235B01E318094F08
:103180001E6085005A462168514003220A401A6099
:1031900001235A469340A2681342FCD0C3E7C046BD
:1031A00000800040C01C0020064A43009446802254
:1031B0001B189B00634412011A600022024B80001E
:1031C000C250704700B00040C01C0020F0B583B072
:1031D00005000E0018000899170000F067FA089A19
:1031E0000300140231003A0028000094FFF76CFF3E
:1031F00003B0F0BD10B5802482B064000094FFF7E6
:1032000063FF02B010BDC046014B8000C05870473C
:10321000C01C0020802270B506000E4C5200A3692D
:103220001D0015401342FAD1FA210B4B8900186991
:1032300000F03CFA0A2310212060064A23610B3B70
:103240006560A360666193691942FCD0D06940094A
:1032500070BDC04680800040C01C0020F0B5C6464E
:10326000802506000F00140000B56D0082B0174BDA
:1032700001220121052000959846FFF725FF3B001C
:10328000320000940121124800F080F82100300043
:10329000794300F00BFA04000022022104200D4BB8
:1032A0000095FFF711FF2300002201210520009562
:1032B000FFF70AFF43460222002106200095FFF790
:1032C00003FF02B004BC9046F0BDC046006CDC02B7
:1032D00000800240001BB700F0B5DE469B46264B3F
:1032E00057469A46A0234E4645465B00994680467F
:1032F000E0B583B00091019201235B429C46E1441A
:103300004B460F2B35D01D4F1D4B072657449A4572
:103310002BD8340043463500B04674431E0004E009
:103320004346013DE41A002D19D02100380000F079
:10333000BDF9B042F4D10029F2D14A464646114BBC
:1033400001205343009A1360019B1E605B461D6081
:1033500003B03CBC90469946A246AB46F0BD330054
:103360004646013E9846002ED3D1074B9C46E24488
:10337000C2E70020ECE7C04670F72E00B0710B00EA
:1033800050F80C00001BB70020D1FFFFF8B5040077
:10339000204817001D000E0000F088F901003800D9
:1033A00000F084F9069A2B04120313432268002AC2
:1033B0001FDB194AA21851424A41802149018C461B
:1033C00052420A40154962440A6015490A6015498B
:1033D00017000D68AF43FBD1134A2660A1182122C4
:1033E000A0600A602268002AFCDAE36008230B6010
:1033F000F8BD3F2221680A40B242DAD1A268120524
:10340000120D8242D5D1EE21E268C9020A409A42E9
:10341000CFD1EDE7001BB7000040FDBF00E000404A
:1034200000F0004008C00040043000008023024A41
:103430009B000B43D362704700800540142310B5F6
:103440000100188804331B88984710BD162310B557
:103450000100188802331B88984710BDF0B5C64696
:1034600000B5002916D0142304000125984618271A
:10347000890046184346216818883B88984701C44C
:10348000431E984140420540A642F3D1280004BCA7
:103490009046F0BD0125F9E7AA23064A1B011360F7
:1034A0008D235B00D3600449044B19605368002BE3
:1034B000FCDA70470040024000B0FA0000600240B1
:1034C0007047C04610B50148FFF7DAF9CC9D0010EF
:1034D00070B5074B074C9C4209D2013B1D1BAD0840
:1034E0000135AD002D1908CC9847AC42FBD170BD19
:1034F000BC4F0010804F0010054B064A06491A6069
:10350000064A074B1A6010000B689843FBD17047BE
:1035100000E00040BFCDFBFE08C00040FE7F3C0045
:1035200000F00040044BDB6C002B03D18022034BE6
:10353000D2021A607047C046000011504C20115052
:10354000044A054B1A60054A1368DB018033FBD13E
:103550007047C046FFFFFF0100F0004008C0004078
:103560004022034B9A675A671A67DA667047C0466B
:1035700000F0014010B5FFF7CBF910BD70B50C4954
:103580000C4C0D4D641AA6103200302E00D930229A
:103590002800920001F05AFB2F2E06D82A00074976
:1035A0002C19C03202C49442FCD1054B9D6070BD01
:1035B00000010010C001001000000020C101001037
:1035C00000ED00E0002310B5294C82B0A367FFF79F
:1035D00063FF0122274B1A60636C012BFCD103228D
:1035E000254B1A60224A936B012BFCD101330093C7
:1035F0000121224A22480433FFF7C8FE0523012196
:103600000093204A2048FFF7C1FE00220221042037
:103610001E4BFFF7EFFD0022012105201C4BFFF799
:10362000E9FD0022002107201A4BFFF7E3FD0022ED
:1036300000210820174BFFF7DDFD8023DB000093FE
:10364000002200210920134BFFF7C0FD0022104B80
:1036500000210620FFF7CEFD0420FFF7D5FD0E491F
:1036600000F024F801000020FFF7E0FE02B010BDDA
:10367000008000403CB0004030B00040002F68594E
:1036800000800240008C864700C00240001BB7004B
:1036900040597307006CDC0240420F0001480421CE
:1036A000014B1847000200205D340010114A936F4F
:1036B0009B0813D210665166002905D0FFE7FFE78B
:1036C000FFE7516F106F704704B5002801D000204C
:1036D000C04301F045FC002104BDC046F0B5146EA6
:1036E000556E576F166FFFF7E5FF146655665767FF
:1036F0001667F0BD000000D044464D4656465F4672
:10370000F0B47047F0BCA046A946B246BB4670472D
:1037100048404140484018B41B4B5B68FC4601934D
:1037200008BD04DF633C001018B4174B1B68FC464F
:10373000019308BD00DF6D3C00109446134A926F60
:10374000920809D2624618B40F4BDB68FC4601931D
:1037500008BD0CDF253F00100C4AF0B5146E556E05
:10376000576F166F6246FFF7EEFF084A14665566FC
:1037700057671667F0BD18B4034B9B68FC4601936E
:1037800008BD08DFC93D0010A4A10020000000D042
:10379000FFB550404240504059404B40594000E036
:1037A000FFB5154F4C00640D03D0BC4204D10C038F
:1037B00014D80020090D09055C00640D03D0BC423B
:1037C00004D11C030AD800221B0D1B0501264B4007
:1037D00009D44B4003D58B4200D18242FFBD9942B0
:1037E000FCD19042FFBD0B43DB1803431343F5D0DC
:1037F000C9434918FFBD0000FF07000000B5FFF7EF
:10380000CFFF804100BDC04600B5FFF7C1FF80413A
:1038100000BD00000021002805D17047C1174840B5
:10382000401AFAD0C90713B5064B1B6898470CBC61
:10383000441CA2401005120B0349091B090519433A
:10384000114310BD30A100201F04000018B4044B28
:103850005B6AFC46019308BD24DF014300100000B1
:10386000A4A1002018B4044B1B6EFC46019308BDB4
:1038700060DF0F4400100000A4A1002018B4044B26
:10388000DB6FFC46019308BD7CDF9943001000000C
:10389000A4A1002018B4044B9B69FC46019308BD09
:1038A00018DFF14000100000A4A10020024A034BE1
:1038B00000B500F0B9F900BD182D4454FB211940A2
:1038C0008A0002D3920D092A08DA18B4064BDB6B82
:1038D000FC46019308BD3CDF4345001000B5FFF7EF
:1038E000E5FF04BC9646F0E7A4A100208A0002D3BD
:1038F000920D092A08DA18B4064B1B6CFC4601939A
:1039000008BD40DF5345001000B5FFF7CFFF04BCF2
:103910009646F0E7A4A10020132370B51C78012C73
:1039200019D014DD1148FFF791FD06001048FFF78C
:103930008DFD104D80223100280001F087F9022C06
:1039400006D00D48FFF77AFD0C4B186070BD094D8D
:103950000B4AAA64F5E7074D094A29002B0080317C
:1039600004C38B42FCD1AA64EBE7C0465344000079
:1039700053460000A4A100204C33000030A10020D9
:10398000313C0010F0B557464E464546DE46E0B5A0
:1039900085B01F000E9B04000D0016009A46002BF8
:1039A0005DDD012039114042FFF780FE00230390C6
:1039B0009B461BE022009A40019223004A46934016
:1039C000009343463200D91740463B0000F042FFC7
:1039D000009C019D5B464A46934043449B465346A8
:1039E0009B1A241A8D419A46002B1DDD5346D14661
:1039F0000C2B01DD0C239946039AAB115343494626
:103A00001D22521A1341202201335B105242984664
:103A10008B18CFD5202322005B1ADA4013002A002E
:103A20008A401A430192C8E7AF421CDC29D020002B
:103A30002900801BB9418F4238DC35D002239C46D7
:103A4000801BB941E3440F9B002B01D05A461A60FA
:103A500005B03CBC90469946A246AB46F0BD8F42AD
:103A600017DD00239B462000291EECDA80197941DE
:103A7000002909DA02235B429C4680197941E3441C
:103A8000E1E7A642D3D9EEE701235B429C46E3443B
:103A9000D9E78F4201D18242E3D8200029000023D8
:103AA000801BB9419B4601E08642C7D901239C4651
:103AB000E344C8E7F0B54646D6464F461C0080466C
:103AC000C0B588B01000109A4B006500C4465B0D6D
:103AD0006D0D002A02D00022109E32604B4A9342A4
:103AE00052D0002D50D0002B57D0954262D06A1E84
:103AF0009A425FDCCE0F0F03B1463E0BB2466646DC
:103B0000049680267603B4465746029060463E43AC
:103B1000270305963E0B304303909A4240D04A4615
:103B2000002A06D0049E059F00227142BA410491EA
:103B300005920498059907AA5B1B01920093029ACB
:103B4000039BFFF71FFF06000F0002000B00029807
:103B5000039992197B4194468B422FDC2CD0029A18
:103B6000944544D0002C02DA079B5B420793109BDC
:103B7000002B01D0079A1A60254A30003900521BE9
:103B8000FFF770FE060001E000262249300008B071
:103B90001CBC90469946A246F0BD00260021F5E7E0
:103BA000059B834212DC029D039EB34202D1049B1B
:103BB000AB420BD84646E9E78242D0D9079B013396
:103BC0000299039A0793761A9741CBE74B46029ED8
:103BD000039F04980599B6197F41002B0ED1801BD5
:103BE000B941013306000F0015000793BAE7039AA5
:103BF0009342B7D1079BDA07B4D5E0E701235B42D4
:103C0000361A8F4115000793ACE7C046FF07000046
:103C1000330400000000F07F10B5002482B000944F
:103C2000FFF748FF02B010BD10B5FFF7F5FF10BD5C
:103C300007B5604601880A0A0230DF2AFAD1C9B204
:103C4000820804D3028840880004104300E0006822
:103C5000014A5050039007BDA4A100200FB403BC3B
:103C60000CBCF0B50124E407634000E0F0B50C0D96
:103C7000CF0F661E3605891B640503D3C943404236
:103C800000D30131640D03D0661CF60A07D0E41B93
:103C900000207F00791C89078912803C24031D0DB8
:103CA000DF0F6E1E36059B1B6D0503D3DB435242AF
:103CB00000D301336D0D03D06E1CF60A07D0ED1B47
:103CC00000227F007B1C9B079B12803D2D032F1B36
:103CD000661B58D4A446202E46DA20371400BC4078
:103CE0001D00BD40F24033412A4380185941CB0F9B
:103CF00005D0C943C043002264425041514162464D
:103D00004D0D28D10D0D07D100281FD02419404199
:103D10004941013A0D0DF9D0640006D3013000D3BA
:103D20000131002C01D140084000013A0BD4941C11
:103D3000E40A04D112051144DB071944F0BDD90788
:103D4000204B194300E0D9070020F0BD0029DDD148
:103D5000002CDBD1F0BD0132C6074008CD07284357
:103D60004908002EE1D0D9E73C2E29DA203E403721
:103D70001400BC4000D00124F24014431A00BB40A0
:103D80001C43D317ACE7AC46202F08DA20360400DA
:103D9000B4400D00B540F84039412843A5E73C2F19
:103DA0000CDA203F40360400B44000D00124F84033
:103DB00004430800B1400C43C117EAE710001900A2
:103DC000002494E70000F07FF0B50C0D661E360568
:103DD000891BE60A6405640D02D0651CED0A04D057
:103DE000002001210905803C2403A4461C0D671E08
:103DF0003F05DB1BE70A6405640D02D0651CED0A74
:103E000004D0002201231B05803C24037740644436
:103E100097B484B296B27443070C7E43150C6F437B
:103E200080B26843361802D3012000043F183004E2
:103E3000350C00197D41844688B29AB250430C0C6F
:103E400062431F0C7C438EB27E43921902D301263B
:103E50003604A4191604170C3618674101BC81B248
:103E60009AB25143040C62431B0C5C4380B258432A
:103E7000121802D30120000424181004130C401857
:103E800063412D185E410020474106BC88B293B2C1
:103E900058430C0C6343120C544389B251435B18D2
:103EA00002D301210904641819041A0C091862418B
:103EB0006D1856410020474118BCF902720D11439C
:103EC000F0026A0D1043ED020A0D03D16D19404155
:103ED0004941013B124E9B1B7600B3420ED26D004E
:103EE00007D30130002671416646354301D14008B1
:103EF00040001B05C918E4072144F0BD0BDA01336B
:103F000006D1013004D101314F0D01D04908F2E74B
:103F1000E1070020F0BD013631050020EBE700008D
:103F2000FF030000F0B51C0D671E3F05DB1BE70A11
:103F30006405640D02D0661CF60A04D00022012339
:103F40001B05803C2403D0252D060026F6432E6653
:103F50001E096E66CE0FF619B44649004F0D02D009
:103F60007E1CF60A03D000200021403F3F033E1B89
:103F7000B600B444013F7F05C91B49082E6F0136C6
:103F800076089C02950D25437543ED137543AD13DB
:103F900001356D10F603761B0CB4CC02450D2C4395
:103FA000A2B2B3B25A43270C7B43350C6F43A4B281
:103FB0006C431B1902D3012424043F191C041D0C5B
:103FC000A4187D4124196D41009A91B2ACB26143AD
:103FD000170C7C432B0C5F4392B25A43A41802D3B4
:103FE00001221204BF182204230C52187B41019CA9
:103FF0006C431B19520ED9010A434401A01A81B225
:10400000B2B2514303145A43360C734387B2774319
:10401000D617D21900277E4136049B191704160CB7
:104020007F185E417316ED18F30100268033754149
:10403000A90F06D16400690AE8055B0A184309D292
:104040002FE00422944480337541A90AA8059B0AF5
:10405000184326D3404149412404009A019B0D0096
:104060005543641B4343E41A95B286B27543170C5B
:104070007E43030C5F4392B25A43B61802D3012227
:104080001204BF183204330C52197B4152429C4136
:10409000002C02D40022013051414008CA071043CD
:1040A000490802B06246D7079210084BD218084B55
:1040B0009A4203D212058918C919F0BD0020002ABE
:1040C00001DC3900F0BD01331905F5E7FD030000FF
:1040D000FE07000007DA002107E0C90FC907520DEB
:1040E00003D0C91201E04C49090500207047C046C1
:1040F0004A00F2D2520D013A484B9A42EAD2F0B548
:104100001405091B520801D3001849419B08D21815
:104110001205944640A44A0CA25C0B095343534336
:104120001B1353435B131202D21A13005B435B0B46
:104130004C086343DB135343DB1501335B10D21A86
:10414000130CD21A13005B438902840D21438DB2F4
:104150009EB275430F0C7E431B0C5F438CB25C43D5
:10416000361902D3012424043F193404330C641992
:104170007B419D01A40E2C432034A5B25543241449
:1041800054432D0C6419A411D203121B95B28EB2A4
:104190007543170C7E430C0C674393B26343F618C8
:1041A00002D301231B04FF183304340C5B197C4138
:1041B000DB186441DB18002363419EB276439DB255
:1041C0001F0C7D437F436C04ED0BA4197D41060257
:1041D0008F08361BAF417D07F6086E41B4B295B229
:1041E0006C4337147D43120C5743B6B25643EA175B
:1041F000AD19002672411204BF182E042A0C36197C
:104200007A410832521117D29D0A9C05D117101914
:1042100069416144F0BD0000FF070000FE07000097
:10422000F8EBDFD6CDC5BEB8B2ADA8A4A09C9995D9
:10423000928F8D8A8885838152415D0ADC05D11772
:1042400014194D412B006343A6B27643A2B2270C4A
:104250007A437F435104D20B89197A41D218D2187C
:1042600080054942904102D4002301345D41600839
:104270006908ED0728436144F0BDC046624618CA8C
:1042800094465A46002A20DB04E0624618CA944647
:1042900000291ADAC01861415B463B415C46B440D4
:1042A0005246FA40224344464D4662416B41904695
:1042B00099462B46B3403D41FC401C4352465B4669
:1042C000A241AB4192469B467047C01AA1414B4662
:1042D0003B414C46B4404246FA40224354465D4678
:1042E00062416B4192469B462B46B3403D41FC40A8
:1042F0001C4342464B46A241AB419046994670470B
:10430000002200B5203200F010F8080000BD0022A5
:1043100000B500F00CF8CA179A4200D100BDD8438E
:104320000121C907414000BD00220B150AD410B578
:10433000944600F0A7F81414013400DA0021CB17DA
:10434000144C20470020002170476244343A0CD4BA
:104350000C2A07DA04009140904052422032D440A7
:10436000214310BDD843D94310BD203207D40C4699
:104370009440524220321141D040204310BD0800E9
:10438000C917203203D452422032104110BD180008
:10439000190010BD4B4300104A00520D144BD21AA5
:1043A00013DDFF2A1EDAD205CB0FDB071A43C30049
:1043B000400F0903490A084310435B0001D301D0B1
:1043C000013070474308FBD2704702D0C80FC007C6
:1043D00070470A0312130132F8D1420F072AF5D1B0
:1043E000012200E0FF22C80F00028018C0057047BC
:1043F0008003000000210A00002104E000210A00DF
:10440000C11704E00022002306E0C0460022CB17BB
:1044100058405940C01A994130B5184CA21A002989
:1044200003D1010010D00020203A4C1512D104D243
:10443000013A001849414C0DFAD3114CA24204D262
:1044400012058918DB07C91830BDD243520D002070
:104450000021F5E703D4013A00184941FBD50B329E
:104460004405C00A4D052843C90A640003D000244E
:1044700060416141E1E7E0D34408F8E7320400001D
:10448000FE0700000A0DCC0F531E1B05C91A52056A
:1044900003D3C943404200D30131520D03D0531C12
:1044A000DB0A07D0121B00206400611C89078912F7
:1044B000803A1203014BD21A70470000FF0300003C
:1044C000023225D40C2A1CDA1125AD1A0B002B411F
:1044D000083207350600EE40904091403143F0CC61
:1044E00063431A1500235A41554356435743BF02AD
:1044F000F412760576196741ED177F19801BB941D3
:1045000070470C220020C917490001310905DBE77B
:104510000902030E194300025342203208D40C0052
:1045200019419440D84020430022504151417047E6
:104530000800C917203B2032F1D5002000210022BD
:104540007047F0B5FFF7D8F800F00EF800F030F83B
:1045500006E0F0B5FFF7D0F800F006F800F046F8F6
:10456000FFF7D0F8F0BD000000B5FFF78BFF30A4D7
:10457000FFF7A6FF00242C4D2C4ED20702D3F643A2
:104580006D426641520004D2A246A346A846B146F7
:1045900003E0A046A146AA46B3466EA4A44601275E
:1045A0001F26FFF772FE0137013E212FF9D100BD12
:1045B000594684B28DB26C43061475430B145E43A6
:1045C00082B25A43AD18EA1700D7D2431204B61884
:1045D0002A042B0C12197341404649469D009B1733
:1045E000920F2A43904199413E2210E7494684B2F6
:1045F0008DB26C43061475430B145E4382B25A436A
:10460000AD18EA1700D7D2431204B6182A042B0CAF
:1046100012197341504659469D009B17920F2A4329
:10462000504159413E22F2E6BB4DF09DC556F6364B
:104630007D5100001A61140085880A00FB211900D1
:10464000F0B5FFF759F8404D0C002C4001D0AC42BA
:1046500002D1090D090500201C002C4001D0AC42FC
:1046600002D11B0D1B0500220026ED02002B04D5F4
:1046700002266B40694000D476424F1904D5994216
:104680000CDD0136694003E0BB4207DA013E6B40B6
:10469000070010003A000F0019003B0040B4002A48
:1046A0000FD1002B0AD05C006415013409D14C00F5
:1046B0006415013402D10139013B02E000200021E0
:1046C0002EE0FFF72FFC3E22FFF722FE82468B46AC
:1046D0000020002180460122920791461DA4A44695
:1046E00001271F26FFF7CAFD0137013E212FF9D10F
:1046F0004A4653460C3A01246407002752081B001F
:1047000005D49341001979416408F7D104E053417D
:10471000001BB9416408F1D1CE074910400830436D
:1047200040BC002E0AD0094C094D01D5E443ED43AD
:10473000F60701D100196941001969413D22FFF7CF
:1047400066FEFEF7DFFFF0BD0000F07F8D305A8877
:10475000A8F64332694FBB610567AC1DB16E409648
:10476000FCBAAD0F72DB0BABA66EF50739BD9FE54A
:1047700076ABFE034B6297BA5BD5FF01D694DBDDC7
:10478000AAFAFF005DEAEE5655FF7F006E77B7AAE2
:10479000EAFF3F00BCBB5555FDFF1F00DEADAAAAD6
:1047A000FFFF0F006F5555F5FFFF0700ABAAAAFEEC
:1047B000FFFF03005555D5FFFFFF0100ABAAFAFF2D
:1047C000FFFF00005555FFFFFF7F0000ABEAFFFF32
:1047D000FF3F000055FDFFFFFF1F0000ABFFFFFF85
:1047E000FF0F0000F5FFFFFFFF070000FFFFFFFFC7
:1047F000FF030000000000000002000000000000B5
:104800000001000000000000800000000000000027
:104810004000000000000000200000000000000038
:104820001000000000000000080000000000000070
:104830000400000000000000020000000000000072
:1048400001000000000000800000000000000040A7
:104850000000000051434343C9188C46110C83B239
:104860004B4310B4040C614392B280B25043624394
:104870001C041B0C001910BC59411304120CC01865
:1048800051416144704700004840414048400E4B50
:104890005B6818470C4B1B6818470C4A936F9B08C2
:1048A00002D2094BDB681847F0B5146E556E576F8E
:1048B000166FFFF7F6FF054A1466556657671667C9
:1048C000F0BD014B9B681847A4A20020000000D057
:1048D00007B548404140484001E0C04607B54200A6
:1048E000120E03D0FF2A03D1420218D8C00DC00512
:1048F0004A00120E03D0FF2A03D14A020FD8C90D75
:10490000C9050122414005D4414001D5814207BD7E
:10491000884207BD0143491801D0C043001807BDB4
:1049200000B5FFF7D5FF804100BD01231B06420003
:10493000D21804D84A00D21801D8002070470120AC
:104940007047491A002807D108467047C10FC907A8
:1049500000D54042002817D0F44603B40B4B1B6827
:10496000984706BC81409E384042803107D20B06F2
:1049700007D04900490AC005104308436047013089
:10498000F8E7490A8902F5E77047000030A10020E6
:10499000014B1B6B18470000A4A20020034BDB6FE8
:1049A000FC4618477CDF014C00100000A4A2002048
:1049B000C11502D4054B9B691847C843FF2801D194
:1049C000C0077047C817C00570470000A4A20020A8
:1049D0004100090E862902DA044BDB6B18470449B3
:1049E00000B500F0F3F802BC8E46F5E7A4A2002063
:1049F000DB0FC940132310B510481C78FEF726FDC5
:104A00000100012C0AD003DD80220D4800F01EF9C0
:104A10000C48FEF713FD0C4B186010BD084C5422D7
:104A2000200000F013F923002100084A543380319C
:104A300004C38B42FCD12262E261E9E753460000E5
:104A4000A4A200204C33000030A10020D54B001060
:104A5000F8B54746CE46050080B516000F009846CB
:104A6000002A2CDD0120C9114042FEF71FFE002262
:104A700081461D2033000C2E00DD0C2349466C12AC
:104A80009D404C43C11A0C41AC46013464102500D2
:104A900061469A407D4312194D1BF61A002EE9DC3F
:104AA000AF420FDCE81B874217DCC01B02324346D3
:104AB000002B00D01A600CBC90469946F8BD884285
:104AC00009DA0022281EF2DA781902D5C019023A52
:104AD000EDE7013AEBE70022E81B0132E7E7C046C9
:104AE000F0B54746CE46FF2480B5C30DCD0D160068
:104AF00083B00F1C23402540002A01D000223260E1
:104B0000FF2B3ED0002D3CD0002B3DD0FF2D33D0CD
:104B10006A1E9A4230DC80242404A046C10F8946D4
:104B20004102490A0C43A44644467902490A0C430F
:104B3000A0469A422AD04A46002A02D062465242F1
:104B400094465A1B414601AB6046FFF781FF430084
:104B5000434527DD019B42460133801A0193002F14
:104B600002DA019B5B420193002E01D0019B33606E
:104B70009621491BFFF70CFF03B00CBC90469946E9
:104B8000F0BDFF20C005F7E70020F5E7A445F3DD01
:104B90004A46002A0CD162466000101A01221D000C
:104BA0000192DCE74345DAD1019BDA07D7D5D2E79A
:104BB00062466000801A012252421D000192CEE737
:104BC00010B50022FFF78CFF10BDC04610B5FFF7EF
:104BD000F7FF10BD07B5604601880A0A0230DF2AD8
:104BE000FAD1C9B2820804D3028840880004104375
:104BF00000E00068014A5050039007BDA4A20020C5
:104C0000C30FDB0741000A0E07D0FF2A08D00909AD
:104C1000054A89181943400770471900002070475A
:104C20000249C918FAE70000000000380000F07FD0
:104C300001480421014B1847100200205D34001088
:104C4000014B1B681847000010020020014B5B68F5
:104C5000184700001002002010B5002800D110BD38
:104C600000F0F8F8FBE7C04610B5094A03001468E5
:104C700084B0002C08D0012200910648524203A9BA
:104C8000A047012004B010BD00F0F2F80020F9E7C1
:104C900000A10020594C001000BEFDE710B5FFF741
:104CA000FBFFC04670B5FEF713FC074C074B9C4258
:104CB00009D2013B1D1BAD080135AD002D1908CCF3
:104CC0009847AC42FBD170BDBC4F0010C04F0010E4
:104CD000030010B508001B681100984710BDC046BE
:104CE000F8B54746CE4680B5437D07000D00160057
:104CF000002B37D000240020002A1EDD4B1E9846D2
:104D00001B4B9946002C2BD043461B5D0D3B5A4252
:104D10005341DBB22A5D0A2A13D00134A642F1DCEA
:104D2000864203DD311A3B6828189847AD19013DCA
:104D30002B780D3B5A4253413B750CBC904699462B
:104D4000F8BD002BE9D1A04203DA211A3B682818EC
:104D50009847484602213B68013498472000DDE728
:104D60003B7DD7E70368110028009847E5E7C04678
:104D7000749E001010B5FEF79DF90023064A121824
:104D80004B41002B03DB054800F0F2F810BD012277
:104D9000034B5242F7E7C04640420F00200200207A
:104DA000FFFFFF7FF0B55746DE464E464546E0B56D
:104DB00083B007000D0091461C00FFF7DBFF824621
:104DC0006B1C03D1380000F091F80500002C30D1A5
:104DD0001B4B98461B4B1C68002C1FD00A231A4EF5
:104DE0009B4602E02469002C18D02368002BF9D0E0
:104DF0003368002B01D0A342F4D12A0039002000EF
:104E0000C0474B46002BEDD06B465A462000DA7166
:104E1000D91D0122C0472469002CE6D15346002B3E
:104E20000AD1280003B03CBC90469946A246AB4646
:104E3000F0BD064B9846CDE7054800F089F8F0E74D
:104E4000D14C0010E8240020F0780020E14C001044
:104E50002002002010B582B06B4604000022D81D4D
:104E6000012101230470FFF79DFF200002B010BD57
:104E700070B5040000F03AF801230100050001229A
:104E80002000FFF78FFF064B1C68002C06D06368DC
:104E9000002B00D098472469002CF8D1280070BD61
:104EA000E824002030B5032A0CD903000B439B07EC
:104EB00019D103680C68A34215D1043A04300431B7
:104EC000032AF6D8551E002A0BD0002303E05A1CF3
:104ED0009D4206D01300C25CCC5CA242F7D0101BEE
:104EE00000E0002030BD551EEFE7C04610B5830737
:104EF0000AD00300032102E001330B4205D01A78E7
:104F0000002AF9D1181A10BD030019680C4A0D4C7B
:104F10008A188A4322420FD15968094A04338A18F1
:104F20008A43224208D15968054A04338A188A43C1
:104F30002242F1D000E001331A78002AFBD1E1E7E8
:104F4000FFFEFEFE80808080F8B5C04600000000B5
:104F500001B40248844601BC604700BFA50100209F
:104F600001B40248844601BC604700BFCD01002067
:104F700001B40248844601BC604700BF71010020B3
:104F8000F9340010253500109D360010314C00100A
:104F900019390010F5490010C535001041350010D1
:104FA0006135001075350010112A00107D35001094
:104FB000112E0010C13400102D290010890200109C
:104FC000B80B0000B80B0000C8000000F40100009E
:104FD00064000000F4010000B80B0000B80B0000F2
:104FE000140000002C01000032000000010000004D
:104FF00000000000000000000000000000000000B1
:1050000000000000000000000000000000000000A0
:10501000FFFFFFFFFFFFFFFFFFFFFFFFFFFFFFFFA0
:10502000FFFFFFFFFFFFFFFFFFFFFFFFFFFFFFFF90
:10503000000102030405060708090A0B0C0D0E0FF8
:10504000101112131415161718191A1B1C1D1E1FE8
:10505000202122232425262728292A2B2C2D2E2FD8
:10506000303132333435363738393A3B3C3D3E3FC8
:10507000000001010202030310203040AA55AA5586
:10508000000001010202030310203040AA55AA5576
:10509000000001010202030310203040AA55AA5566
:1050A000000001010202030310203040AA55AA5556
:1050B000000001010202030310203040AA55AA5546
:1050C000000001010202030310203040AA55AA5536
:1050D000000001010202030310203040AA55AA5526
:1050E000000001010202030310203040AA55AA5516
:1050F00000000000000000000000000000000000B0
:10510000000000000000000000000000000000009F
:10511000FFFFFFFFFFFFFFFFFFFFFFFFFFFFFFFF9F
:10512000FFFFFFFFFFFFFFFFFFFFFFFFFFFFFFFF8F
:10513000000102030405060708090A0B0C0D0E0FF7
:10514000101112131415161718191A1B1C1D1E1FE7
:10515000202122232425262728292A2B2C2D2E2FD7
:10516000303132333435363738393A3B3C3D3E3FC7
:10517000000001010202030310203040AA55AA5585
:10518000000001010202030310203040AA55AA5575
:10519000000001010202030310203040AA55AA5565
:1051A000000001010202030310203040AA55AA5555
:1051B000000001010202030310203040AA55AA5545
:1051C000000001010202030310203040AA55AA5535
:1051D000000001010202030310203040AA55AA5525
:1051E000000001010202030310203040AA55AA5515
:1051F00000000000000000000000000000000000AF
:10520000000000000000000000000000000000009E
:10521000FFFFFFFFFFFFFFFFFFFFFFFFFFFFFFFF9E
:10522000FFFFFFFFFFFFFFFFFFFFFFFFFFFFFFFF8E
:10523000000102030405060708090A0B0C0D0E0FF6
:10524000101112131415161718191A1B1C1D1E1FE6
:10525000202122232425262728292A2B2C2D2E2FD6
:10526000303132333435363738393A3B3C3D3E3FC6
:10527000000001010202030310203040AA55AA5584
:10528000000001010202030310203040AA55AA5574
:10529000000001010202030310203040AA55AA5564
:1052A000000001010202030310203040AA55AA5554
:1052B000000001010202030310203040AA55AA5544
:1052C000000001010202030310203040AA55AA5534
:1052D000000001010202030310203040AA55AA5524
:1052E000000001010202030310203040AA55AA5514
:1052F00000000000000000000000000000000000AE
:10530000000000000000000000000000000000009D
:10531000FFFFFFFFFFFFFFFFFFFFFFFFFFFFFFFF9D
:10532000FFFFFFFFFFFFFFFFFFFFFFFFFFFFFFFF8D
:10533000000102030405060708090A0B0C0D0E0FF5
:10534000101112131415161718191A1B1C1D1E1FE5
:10535000202122232425262728292A2B2C2D2E2FD5
:10536000303132333435363738393A3B3C3D3E3FC5
:10537000000001010202030310203040AA55AA5583
:10538000000001010202030310203040AA55AA5573
:10539000000001010202030310203040AA55AA5563
:1053A000000001010202030310203040AA55AA5553
:1053B000000001010202030310203040AA55AA5543
:1053C000000001010202030310203040AA55AA5533
:1053D000000001010202030310203040AA55AA5523
:1053E000000001010202030310203040AA55AA5513
:1053F00000000000000000000000000000000000AD
:10540000000000000000000000000000000000009C
:10541000FFFFFFFFFFFFFFFFFFFFFFFFFFFFFFFF9C
:10542000FFFFFFFFFFFFFFFFFFFFFFFFFFFFFFFF8C
:10543000000102030405060708090A0B0C0D0E0FF4
:10544000101112131415161718191A1B1C1D1E1FE4
:10545000202122232425262728292A2B2C2D2E2FD4
:10546000303132333435363738393A3B3C3D3E3FC4
:10547000000001010202030310203040AA55AA5582
:10548000000001010202030310203040AA55AA5572
:10549000000001010202030310203040AA55AA5562
:1054A000000001010202030310203040AA55AA5552
:1054B000000001010202030310203040AA55AA5542
:1054C000000001010202030310203040AA55AA5532
:1054D000000001010202030310203040AA55AA5522
:1054E000000001010202030310203040AA55AA5512
:1054F00000000000000000000000000000000000AC
:10550000000000000000000000000000000000009B
:10551000FFFFFFFFFFFFFFFFFFFFFFFFFFFFFFFF9B
:10552000FFFFFFFFFFFFFFFFFFFFFFFFFFFFFFFF8B
:10553000000102030405060708090A0B0C0D0E0FF3
:10554000101112131415161718191A1B1C1D1E1FE3
:10555000202122232425262728292A2B2C2D2E2FD3
:10556000303132333435363738393A3B3C3D3E3FC3
:10557000000001010202030310203040AA55AA5581
:10558000000001010202030310203040AA55AA5571
:10559000000001010202030310203040AA55AA5561
:1055A000000001010202030310203040AA55AA5551
:1055B000000001010202030310203040AA55AA5541
:1055C000000001010202030310203040AA55AA5531
:1055D000000001010202030310203040AA55AA5521
:1055E000000001010202030310203040AA55AA5511
:1055F00000000000000000000000000000000000AB
:10560000000000000000000000000000000000009A
:10561000FFFFFFFFFFFFFFFFFFFFFFFFFFFFFFFF9A
:10562000FFFFFFFFFFFFFFFFFFFFFFFFFFFFFFFF8A
:10563000000102030405060708090A0B0C0D0E0FF2
:10564000101112131415161718191A1B1C1D1E1FE2
:10565000202122232425262728292A2B2C2D2E2FD2
:10566000303132333435363738393A3B3C3D3E3FC2
:10567000000001010202030310203040AA55AA5580
:10568000000001010202030310203040AA55AA5570
:10569000000001010202030310203040AA55AA5560
:1056A000000001010202030310203040AA55AA5550
:1056B000000001010202030310203040AA55AA5540
:1056C000000001010202030310203040AA55AA5530
:1056D000000001010202030310203040AA55AA5520
:1056E000000001010202030310203040AA55AA5510
:1056F00000000000000000000000000000000000AA
:105700000000000000000000000000000000000099
:10571000FFFFFFFFFFFFFFFFFFFFFFFFFFFFFFFF99
:10572000FFFFFFFFFFFFFFFFFFFFFFFFFFFFFFFF89
:10573000000102030405060708090A0B0C0D0E0FF1
:10574000101112131415161718191A1B1C1D1E1FE1
:10575000202122232425262728292A2B2C2D2E2FD1
:10576000303132333435363738393A3B3C3D3E3FC1
:10577000000001010202030310203040AA55AA557F
:10578000000001010202030310203040AA55AA556F
:10579000000001010202030310203040AA55AA555F
:1057A000000001010202030310203040AA55AA554F
:1057B000000001010202030310203040AA55AA553F
:1057C000000001010202030310203040AA55AA552F
:1057D000000001010202030310203040AA55AA551F
:1057E000000001010202030310203040AA55AA550F
:1057F0001C36C84190A1EDB4A79DD47EF3AA390709
:10580000677CA4C371BA8E78AE7C94B222C84ED5A0
:105810008214F46417E45E9BA46A61680E8E0984A6
:1058200079FA7CEF525FD641D2E2D9CEBBE6D650B0
:105830005F5BCECE9346BF79689DD27F5E8E13AEFE
:105840004507B95818FBC9077903AF61EFF0E15874
:10585000C5D0EEE761711FDB60C472AF8ED35740D5
:10586000FF34873E5FEFCCABC8D9CCD3A27234E013
:1058700034030301E052C478729B75E168B0A6F46A
:105880008DF3A439E4C9396E94DA7BD9FBB663D1C0
:105890007AFEAD4B68AAF7A245BDA9D22709D276F8
:1058A000069EB199C854F05BB4C6EAD7B272419D66
:1058B000BEC10C7D6DC82EF499298F0A2EAA12C67E
:1058C000F9F6AFC68337BB6AC629C3748271FC91EF
:1058D00046E33380286840F1C154B54DB8DA8F846F
:1058E000163BC98DCE8674A0A6AEB421DDABAACA84
:1058F0006E4D83A45981098FEC5611DA8A1F59F82D
:105900001E7D97824BDD4516CF832A58C90367DC7D
:105910006EF3919880FEC5E1A03FE85A97FE869A03
:10592000E7415F502EA9E2FA9BD26C6E50765C7D07
:1059300041ED022A6161FEA889E37FCD98FD8D6764
:10594000333D7AE24193BF1248D62FC298690132A3
:10595000C19BD521DB9EB2A15EB9304B9C46B3A161
:1059600043F0DDEA996E6D96D9DCAB804F51841A15
:10597000E84595FC0A40C0C60F3B9C3D66A87C0DDF
:105980000ADC99EA7832215C4A8909DD34082E5C08
:105990008700AC99C124AA54B37F2CD0E4D38A20C9
:1059A00000280B535A87C8892EDF96D21186DCB89F
:1059B0005515289351518F6C5CFCAF4D8E878D79B6
:1059C000DDEEC71FE3A74F48131940E5CA597AB760
:1059D000A0A156980B20DBBB1755DCE7DE62CD2A71
:1059E00002CFE3673655DBED7A1E869FCFEA15506E
:1059F000E1D25910368FDCE701222207EDA119B65A
:105A0000A039A7BE84C31C5ECD81B038AB5DBE6239
:105A1000D7437D8961155A569C60627614A5375A22
:105A200022B8374E783F1F67F9C6B8E6852C81E269
:105A3000062E7CB4A79D55155AE51D0425A0837636
:105A40004424CE7F46A9F1066F08C1A348B711913F
:105A500039BB25E99272EAE49FB89DE995E2E3CA71
:105A6000AA8D87D0A7D47FD67027815B8741AAAA49
:105A7000EBF97E6490709D0D63E52D484FFDF61D9A
:105A8000F1FCAAE41BEA5C3D81BC9952F7F3DBEA26
:105A90003BD62C89B8F4F5B67BFA6284EB1076AE6F
:105AA0001F951221E2F2DC7828DC0D988BA0395882
:105AB0005A4CCC835B98B97D5E917A324945C6EFEA
:105AC000BED730AF93FA366D4CE90CFF92910A784D
:105AD0007ADA54C2FFA24D8E0D9540983337750B7C
:105AE00002327FC961294F1A16EFCE77C584F27250
:105AF00010AC2522BB85675808E7C43B641A864270
:105B0000B7DA816379218E1811EF924E29B6A295EA
:105B100034F1D625CED823516ECC08795CB4DB9E07
:105B2000F5375A88A6FEA6EE65D1F5ED65485BFA15
:105B300023EF9BADA25DFB812EEDA063C5E4BE4EBD
:105B400005C736E3C95E47E6A4430A39B6BC000D73
:105B50004080C1E62BE6D51B8CEE9F63EFC371C47A
:105B600066598ED81299B458D4B9341C2407B1AEF2
:105B70004ACFAE83398B68F2FA926CD34DA31EAE36
:105B8000242668F67510A96CF3FE186EAFA8A68BD4
:105B9000DD89D341B015F918881CF79192974D35DE
:105BA000E0CAA43137ABC2954218FC21CAE5814452
:105BB00083781A28E33ED04BB229B7E19BAB4D92D4
:105BC000685B52752277174B6F94C2A3FFD99F1859
:105BD0008C1B06F508A05D8D2B1553E316837EA064
:105BE0002C408450840B5B7B0B772D91D8B297525D
:105BF00001495D965B98DF6A94006DD31A113A5D96
:105C00008492B609698C52BFD5099106C3F559B57E
:105C1000719F0D7525B189A97979E01B4080F91B29
:105C2000401D4A9CE443E2B871A3AC47BBA7856B17
:105C30000F1E5397580FF44A93935B10FAAE0786E2
:105C4000620A13B39AAB645AD85AF17EEBD48D0C26
:105C5000721E04301A7CEEAF4AB9C8E7F405ACEE08
:105C60009163CE75450896466DC5142909676E9FE8
:105C7000F266B3201C6B6A39C38F327D0D105999BF
:105C8000B1D21A8BD15E4DDCEB182A822DE43D5D3A
:105C90001B16FB9F935DF6FDA067D0FE68EFA90F72
:105CA000383E2436EAF1E70905E3B6A9EA9FCF18A2
:105CB0001BE2607A47687A2F50E533C61333C40F6E
:105CC0003CCD7197517955CC4DF54F0D1E019F91EB
:105CD0004C5621CCF9C278E868D83CBD4CD720ABF3
:105CE000123D4CC810C23846D6FFD2440FAC1577CF
:105CF0000C55BF530302B467C18F4A70C3E817B095
:105D00000F8B06C11D1452E7DB973F5443DDA915E5
:105D1000D55BF7F58B7F0EA28A59BEB955A9EA0C5F
:105D2000DB6BAA6BFD56861F274C6FA23336012F03
:105D3000657C2D2DF9274595160EEC4265CF3BAAC3
:105D40009DCA155D4B0567FD80F246639EAA72BE33
:105D50007353A7CD7FE66E6C9EAFC5FC16434DC254
:105D6000642180C01850BAB26038EF9B6FA9F3D598
:105D700014EE00F5B9306CE2707E42E6C711FB1EEE
:105D800052AD730E1BB6C13EFFF6D591F078E2E638
:105D90009E13353FD71B6B6BE3FC0A61B703379D3E
:105DA000B4936301B838046B2D4514093B1432D702
:105DB000D2BD7E4683E7DFAE5F4414036FC04B7AEB
:105DC000F16A7BF60DB82EF62FEE0608DF30DCFF09
:105DD0002A9A223E7B4B4619A9A1166A017E0CD64F
:105DE000A425BDB93B685394948CD55FEFC592D17F
:105DF00065E34D06A0A5C4856BF825215EAC951022
:105E0000955AB25B17F47A9CAA9D7323E5807317A9
:105E10008CB696E7E5FF92B0EA2AFE0F9683271329
:105E2000CBD7DED188BA135A8385F64ED69A333D46
:105E3000EA0EC5AA6237C13922F9EE8B3AF60F6A2B
:105E40006757F0C69FC22A5816C04FFBE2E5C84804
:105E50008B95B5F72A01F6C07B56E5C0C728DBE570
:105E6000F11CE9A26DD2630EE1970FD788D98E0A93
:105E7000FD3393A065C1CB8ECFB2C201B76F1E199F
:105E800025B6503371B47529B04AF10BE2C054F411
:105E90009390646AB9CB89E7A9EEA76CCA079D3DC8
:105EA00056FC9EDAACB67A7EF20F4E508B11144E31
:105EB000F69FCFC012FBF9124751464BDE80FD081A
:105EC000006B974BFA9B5F5E90758E61ACB4F5C228
:105ED0007D21834377961AF05202A673E2B11FA97F
:105EE0001D3F72692C27A57C2A0F766B499AB1BD9C
:105EF000FC763B16A0351EAF6AF0433AB6E28688C0
:105F000075D28B2CF323886481E76621753C62751A
:105F1000B998DCB40FBAB5C73B7A037D53F8643245
:105F20004874790648EBC582A603AA7AFF0070631D
:105F3000883F44D282A580D3404A7E8CB55E13ACA4
:105F40001386B4B588965562E9BD22B498F5F2D7A8
:105F5000646781DF56462707A4D07031D2351EDF33
:105F6000F71C05E2137D38752AF0FAF401C1970198
:105F7000C7893ECD1EF5E555D50C1DA5BDFC047D9C
:105F800038A8032A47B9E7BF71B2B472671B592713
:105F900028B45200F41661AD295FBC66389469CD0F
:105FA000177DB21E1660446F795C84CEA358A73566
:105FB00015E1348C1E9BE2C6FB2037A99EF1927935
:105FC0004169DC6E1653D480CA03EBE3A01EF3BA1A
:105FD000A20B315CA4AE0190E18AC56BE7D9C46D18
:105FE000B37C9B8DDA8491B1B9AD82272E324DEB13
:105FF00080858A8F94989DA2A6ABAFB3B8BCBFC36F
:10600000C7CACDD0D3D6D8DADCDEE0E1E2E3E4E4FF
:10601000E4E4E4E3E2E1E0DEDCDAD8D6D3D0CDCAD2
:10602000C7C3BFBCB8B3AFABA6A29D98948F8A85F7
:10603000807B76716C68635E5A55514D4844413D92
:10604000393633302D2A28262422201F1E1D1C1CE1
:106050001C1C1C1D1E1F20222426282A2D303336EE
:10606000393D4144484D51555A5E63686C71767BA9
:1060700080858A8F94989DA2A6ABAFB3B8BCBFC3EE
:10608000C7CACDD0D3D6D8DADCDEE0E1E2E3E4E47F
:10609000E4E4E4E3E2E1E0DEDCDAD8D6D3D0CDCA52
:1060A000C7C3BFBCB8B3AFABA6A29D98948F8A8577
:1060B000807B76716C68635E5A55514D4844413D12
:1060C000393633302D2A28262422201F1E1D1C1C61
:1060D0001C1C1C1D1E1F20222426282A2D3033366E
:1060E000393D4144484D51555A5E63686C71767B29
:1060F00080858A8F94989DA2A6ABAFB3B8BCBFC36E
:10610000C7CACDD0D3D6D8DADCDEE0E1E2E3E4E4FE
:10611000E4E4E4E3E2E1E0DEDCDAD8D6D3D0CDCAD1
:10612000C7C3BFBCB8B3AFABA6A29D98948F8A85F6
:10613000807B76716C68635E5A55514D4844413D91
:10614000393633302D2A28262422201F1E1D1C1CE0
:106150001C1C1C1D1E1F20222426282A2D303336ED
:10616000393D4144484D51555A5E63686C71767BA8
:1061700080858A8F94989DA2A6ABAFB3B8BCBFC3ED
:10618000C7CACDD0D3D6D8DADCDEE0E1E2E3E4E47E
:10619000E4E4E4E3E2E1E0DEDCDAD8D6D3D0CDCA51
:1061A000C7C3BFBCB8B3AFABA6A29D98948F8A8576
:1061B000807B76716C68635E5A55514D4844413D11
:1061C000393633302D2A28262422201F1E1D1C1C60
:1061D0001C1C1C1D1E1F20222426282A2D3033366D
:1061E000393D4144484D51555A5E63686C71767B28
:1061F00080858A8F94989DA2A6ABAFB3B8BCBFC36D
:10620000C7CACDD0D3D6D8DADCDEE0E1E2E3E4E4FD
:10621000E4E4E4E3E2E1E0DEDCDAD8D6D3D0CDCAD0
:10622000C7C3BFBCB8B3AFABA6A29D98948F8A85F5
:10623000807B76716C68635E5A55514D4844413D90
:10624000393633302D2A28262422201F1E1D1C1CDF
:106250001C1C1C1D1E1F20222426282A2D303336EC
:10626000393D4144484D51555A5E63686C71767BA7
:1062700080858A8F94989DA2A6ABAFB3B8BCBFC3EC
:10628000C7CACDD0D3D6D8DADCDEE0E1E2E3E4E47D
:10629000E4E4E4E3E2E1E0DEDCDAD8D6D3D0CDCA50
:1062A000C7C3BFBCB8B3AFABA6A29D98948F8A8575
:1062B000807B76716C68635E5A55514D4844413D10
:1062C000393633302D2A28262422201F1E1D1C1C5F
:1062D0001C1C1C1D1E1F20222426282A2D3033366C
:1062E000393D4144484D51555A5E63686C71767B27
:1062F00080858A8F94989DA2A6ABAFB3B8BCBFC36C
:10630000C7CACDD0D3D6D8DADCDEE0E1E2E3E4E4FC
:10631000E4E4E4E3E2E1E0DEDCDAD8D6D3D0CDCACF
:10632000C7C3BFBCB8B3AFABA6A29D98948F8A85F4
:10633000807B76716C68635E5A55514D4844413D8F
:10634000393633302D2A28262422201F1E1D1C1CDE
:106350001C1C1C1D1E1F20222426282A2D303336EB
:10636000393D4144484D51555A5E63686C71767BA6
:1063700080858A8F94989DA2A6ABAFB3B8BCBFC3EB
:10638000C7CACDD0D3D6D8DADCDEE0E1E2E3E4E47C
:10639000E4E4E4E3E2E1E0DEDCDAD8D6D3D0CDCA4F
:1063A000C7C3BFBCB8B3AFABA6A29D98948F8A8574
:1063B000807B76716C68635E5A55514D4844413D0F
:1063C000393633302D2A28262422201F1E1D1C1C5E
:1063D0001C1C1C1D1E1F20222426282A2D3033366B
:1063E000393D4144484D51555A5E63686C71767B26
:1063F00080858A8F94989DA2A6ABAFB3B8BCBFC36B
:10640000C7CACDD0D3D6D8DADCDEE0E1E2E3E4E4FB
:10641000E4E4E4E3E2E1E0DEDCDAD8D6D3D0CDCACE
:10642000C7C3BFBCB8B3AFABA6A29D98948F8A85F3
:10643000807B76716C68635E5A55514D4844413D8E
:10644000393633302D2A28262422201F1E1D1C1CDD
:106450001C1C1C1D1E1F20222426282A2D303336EA
:10646000393D4144484D51555A5E63686C71767BA5
:1064700080858A8F94989DA2A6ABAFB3B8BCBFC3EA
:10648000C7CACDD0D3D6D8DADCDEE0E1E2E3E4E47B
:10649000E4E4E4E3E2E1E0DEDCDAD8D6D3D0CDCA4E
:1064A000C7C3BFBCB8B3AFABA6A29D98948F8A8573
:1064B000807B76716C68635E5A55514D4844413D0E
:1064C000393633302D2A28262422201F1E1D1C1C5D
:1064D0001C1C1C1D1E1F20222426282A2D3033366A
:1064E000393D4144484D51555A5E63686C71767B25
:1064F00080858A8F94989DA2A6ABAFB3B8BCBFC36A
:10650000C7CACDD0D3D6D8DADCDEE0E1E2E3E4E4FA
:10651000E4E4E4E3E2E1E0DEDCDAD8D6D3D0CDCACD
:10652000C7C3BFBCB8B3AFABA6A29D98948F8A85F2
:10653000807B76716C68635E5A55514D4844413D8D
:10654000393633302D2A28262422201F1E1D1C1CDC
:106550001C1C1C1D1E1F20222426282A2D303336E9
:10656000393D4144484D51555A5E63686C71767BA4
:1065700080858A8F94989DA2A6ABAFB3B8BCBFC3E9
:10658000C7CACDD0D3D6D8DADCDEE0E1E2E3E4E47A
:10659000E4E4E4E3E2E1E0DEDCDAD8D6D3D0CDCA4D
:1065A000C7C3BFBCB8B3AFABA6A29D98948F8A8572
:1065B000807B76716C68635E5A55514D4844413D0D
:1065C000393633302D2A28262422201F1E1D1C1C5C
:1065D0001C1C1C1D1E1F20222426282A2D30333669
:1065E000393D4144484D51555A5E63686C71767B24
:1065F00080858A8F94989DA2A6ABAFB3B8BCBFC369
:10660000C7CACDD0D3D6D8DADCDEE0E1E2E3E4E4F9
:10661000E4E4E4E3E2E1E0DEDCDAD8D6D3D0CDCACC
:10662000C7C3BFBCB8B3AFABA6A29D98948F8A85F1
:10663000807B76716C68635E5A55514D4844413D8C
:10664000393633302D2A28262422201F1E1D1C1CDB
:106650001C1C1C1D1E1F20222426282A2D303336E8
:10666000393D4144484D51555A5E63686C71767BA3
:1066700080858A8F94989DA2A6ABAFB3B8BCBFC3E8
:10668000C7CACDD0D3D6D8DADCDEE0E1E2E3E4E479
:10669000E4E4E4E3E2E1E0DEDCDAD8D6D3D0CDCA4C
:1066A000C7C3BFBCB8B3AFABA6A29D98948F8A8571
:1066B000807B76716C68635E5A55514D4844413D0C
:1066C000393633302D2A28262422201F1E1D1C1C5B
:1066D0001C1C1C1D1E1F20222426282A2D30333668
:1066E000393D4144484D51555A5E63686C71767B23
:1066F00080858A8F94989DA2A6ABAFB3B8BCBFC368
:10670000C7CACDD0D3D6D8DADCDEE0E1E2E3E4E4F8
:10671000E4E4E4E3E2E1E0DEDCDAD8D6D3D0CDCACB
:10672000C7C3BFBCB8B3AFABA6A29D98948F8A85F0
:10673000807B76716C68635E5A55514D4844413D8B
:10674000393633302D2A28262422201F1E1D1C1CDA
:106750001C1C1C1D1E1F20222426282A2D303336E7
:10676000393D4144484D51555A5E63686C71767BA2
:1067700080858A8F94989DA2A6ABAFB3B8BCBFC3E7
:10678000C7CACDD0D3D6D8DADCDEE0E1E2E3E4E478
:10679000E4E4E4E3E2E1E0DEDCDAD8D6D3D0CDCA4B
:1067A000C7C3BFBCB8B3AFABA6A29D98948F8A8570
:1067B000807B76716C68635E5A55514D4844413D0B
:1067C000393633302D2A28262422201F1E1D1C1C5A
:1067D0001C1C1C1D1E1F20222426282A2D30333667
:1067E000393D4144484D51555A5E63686C71767B22
:1067F00067E6096A85AE67BB72F36E3C3AF54FA552
:106800007F520E518C68059BABD9831F19CDE05B7D
:10681000982F8A4291443771CFFBC0B5A5DBB5E90B
:106820005BC25639F111F159A4823F92D55E1CAB7F
:1068300098AA07D8015B8312BE853124C37D0C550D
:10684000745DBE72FEB1DE80A706DC9B74F19BC155
:10685000C1699BE48647BEEFC69DC10FCCA10C2445
:106860006F2CE92DAA84744ADCA9B05CDA88F97629
:1068700052513E986DC631A8C82703B0C77F59BF93
:10688000F30BE0C64791A7D55163CA0667292914BF
:10689000850AB72738211B2EFC6D2C4D130D38535C
:1068A00054730A65BB0A6A762EC9C281852C72921E
:1068B000A1E8BFA24B661AA8708B4BC2A3516CC74C
:1068C00019E892D1240699D685350EF470A06A1085
:1068D00016C1A419086C371E4C774827B5BCB034D4
:1068E000B30C1C394AAAD84E4FCA9C5BF36F2E6872
:1068F000EE828F746F63A5781478C8840802C78C01
:10690000FAFFBE90EB6C50A4F7A3F9BEF27871C603
:106910008D01020408102040801B3600637C777BC9
:10692000F26B6FC53001672BFED7AB76CA82C97D8B
:10693000FA5947F0ADD4A2AF9CA472C0B7FD93261C
:10694000363FF7CC34A5E5F171D8311504C723C320
:106950001896059A071280E2EB27B27509832C1A64
:106960001B6E5AA0523BD6B329E32F8453D100EDBE
:1069700020FCB15B6ACBBE394A4C58CFD0EFAAFBA2
:10698000434D338545F9027F503C9FA851A3408F6A
:10699000929D38F5BCB6DA2110FFF3D2CD0C13EC82
:1069A0005F974417C4A77E3D645D197360814FDC17
:1069B000222A908846EEB814DE5E0BDBE0323A0AFB
:1069C0004906245CC2D3AC629195E479E7C8376D7F
:1069D0008DD54EA96C56F4EA657AAE08BA78252EA4
:1069E0001CA6B4C6E8DD741F4BBD8B8A703EB5662D
:1069F0004803F60E613557B986C11D9EE1F898111E
:106A000069D98E949B1E87E9CE5528DF8CA1890D0C
:106A1000BFE6426841992D0FB054BB160102010038
:106A20000101010001020302010000000421001025
:106A30008E220010802200106622001058220010C2
:106A4000482200103A2200102622001008220010CE
:106A5000F4210010CE210010922100103C210010E2
:106A6000162300104825001014250010982400104B
:106A700090240010662400103E240010AA25001067
:106A80001824001060230010562300104C2300101F
:106A90006023001030313233343536373839616293
:106AA0006364656630313233343536373839616284
:106AB0006364656630313233343536373839616274
:106AC0006364656600000000000000000000000034
:106AD0003B7DD85D2526561DC10709B950718F44ED
:106AE00077805F094A4FB7DA57F4EF77EF08B59030
:106AF0004109FC85C77508C5692C8D7331D995008E
:106B00009CBA175E199F1963C2CE3FB66B00A405ED
:106B10008981BFCEABD9787A96C9227DDF2B8A9D39
:106B20007EEE93A1F2C20254B08930388CE3FC2986
:106B300099A1E02229B39E97E324611152CEC4C1EA
:106B40009CA4D3B71B19F75BFA584B6FC787A17D7D
:106B500018639D4A21E433A32CDCC94F385F61DA06
:106B60005D11AFB3F3AB6F1FEF002CF9353BCA5487
:106B70002FCADAA99EDBE33DF22A9896869FB87E5B
:106B800075888DA4DA5FEB84C02270C9FDC3D04B39
:106B900004D8B0F85F3FD32D9A1A440A1520C713C2
:106BA00056129B2B118E4332ADC6A8C155CF07E8B4
:106BB000FBA98BF2EC247A8CA7BF3CD18C05252C49
:106BC000BA57FBF6BD5C9A0A03614624CF320648E9
:106BD0001B743E9E896E2AB27CF70C4AE2F5DB5D9F
:106BE0006756E93745A45CE4562F0D3EDAD61FC739
:106BF000D6ED7B0F981EF93CF7C23AB02974E03B02
:106C000030E119764BD46A75DDE8308163182E1AAD
:106C100013F142530B93F1B534DDAF14C10177DEAC
:106C2000B3BEE3946274FDD1ED332A00C9D2392793
:106C30009587B745D0116772B2A794E588CE1A81BF
:106C4000D815DFC43B0D803E1FAEF60EC165B89E61
:106C50002E9EC5FB5295DEDD08B306908626581B96
:106C600093E42C94EB5C9FA8ACB0C46AB787606CCB
:106C7000B7A7500508C686B02179D127C7AF9EA017
:106C8000F93DCBC67DBB9E675CC5DCE24F34D2E4E8
:106C90000EA5039E5B64B260057D78FD66C714C8CF
:106CA0007AC092C2A78C6FA235CE7214D27E3C19E4
:106CB0008BFB5354B9D99836F32498B8FC5722AEBD
:106CC000DD93F868D05871C7646F932596DBD112B5
:106CD000B5F16F9FCB1641D91063EB485FF02C16CE
:106CE0007E6EE951A6D33AF44A3E9C68F50A36FB1B
:106CF00063161411756752A9880AB842FAB857C9C1
:106D000014C194AD4A241828892A6A5D7ACBCEC270
:106D1000BD256EC97A6264DA0A113F5E78993CAE8D
:106D20001972AE44528ED58C917AF2838467BC3A44
:106D3000F190E9C38ECB47061AE43F47DF7DA00FF1
:106D40009A864F4D6B460CF2942E990822B032521F
:106D5000B245B665ABAFBDDE67835A234B6F1F8468
:106D6000315EAB063649537A9EB0CDA532CE4DA8E2
:106D70007DBBEA7C2425591BD888244DFE9D469076
:106D8000128A76EBC2CBF74B64367B82F434207DDB
:106D90008B5285F43652A997D53A813D355D814EA7
:106DA0008DD2DECC6B423D4A9574DBBE868621A730
:106DB0003989DEBB7C97CC38E9C5B331292C3A241C
:106DC00016D593BBE3DF3A4E53C91DB374F38BA9B9
:106DD0004441DF232DA04987FCC5FDF628960DB957
:106DE00094C250FD32E62BFC55BBECC97E3C317C95
:106DF00099DB43AF50B4633B6F953537D71CE359EC
:106E0000B973338645A8631DDD76106546A9CCAD00
:106E10003CB087D4AC475B2EEF6EA869639B968F1E
:106E2000BB8A062C53B066ADA8E4F18A0A7B1358DE
:106E3000D11FE860108D18C06710239139DD956E61
:106E400038D734DD135B6EECF6C1DD36D2C0CF909F
:106E5000F7017476451E3694C2F7BDBE59FA5A86BC
:106E600056C268CFE892863F55F52E05790E723EE0
:106E7000CAD623AB561746BAD6998736D79F6274BF
:106E8000A528D6D022A1FA451E9B94C908E2A60ADD
:106E9000172B3E5CC53C01C2D3A9DC88A104ABAE74
:106EA0003468A38AAA2E70CCCBE56EA697D7D91DDD
:106EB0009D0A95AE9A88713AA20DE18896B9374934
:106EC0006D63CC258B299DE63871E6A6C9F07AD88A
:106ED000347E591F117A230AA6F06649E5C1566F20
:106EE000AF5DC86E1DE83EFCBE6A608CAA1A3F9B6F
:106EF00092242228566825975E200C453883ABE300
:106F000069BE8F9780C8F6C299682842D4C4A21877
:106F1000AC6EF85808AEC6C57C63BC57D1095B8C13
:106F2000437C26E5288DE521F3DB200CB42CB13F12
:106F3000A96C5EC5177022A6BAC9ADCF729ECC737C
:106F40001587A41F00C9511C1522CB870C8D3E4408
:106F50008C1D8342EFA4442B55554D9F115B41304E
:106F6000295D55C6C55344DB7FEBD12D0D055F6808
:106F70003E8767BC600DD97C04F20FFF26C683D321
:106F8000AA56005FB1411A1227169176F41A9BE6B1
:106F90009930A08427052C5C4BC5EED60592992A22
:106FA00080B3E8384C61AC68D72E59879476A682B6
:106FB000349471E8075D34A5F0C33D57BD81562672
:106FC0002765670B2A031C44F13B10F4FEA925EB4F
:106FD000D7C50C2E354ABFBDBB38A97AA2AF4A6AC5
:106FE0006E4395C1DC12BE37A469C68F592FC467A2
:106FF000A70C70D969177B20CCE3251338F4DA7D10
:107000007A6A56337BC07FE3AB2819BB2767A3613D
:10701000E4DA8E0F14897B4E91EC3A983EC9AD2E7E
:10702000C4B9B4063008CF9586A10EE7A884C5235D
:10703000CBD81FB6687829B9EBA187E5040714FA05
:10704000FBF68336150F087693FBE104BEBEF87D90
:10705000D2898F73C970A199CC1E540BE40B0AB767
:10706000A757A003A1CC303D6A3F99EBBC6276C91B
:10707000960FFD620D5B4953135C79830A172C321E
:107080003484740A693738F27C600A3C51405338C2
:10709000C9437DAD812D269256B3D118C4BF458515
:1070A00009556311618558D67DB27BC01F8FCE73A1
:1070B0004152219939A00B27864553ABB580620612
:1070C00041020856135409945DCE40A27A239C0EC7
:1070D000D73938AFBD98ADF0E9ACF9954F78A35AE0
:1070E00048AD54AF85BD84C8C4DEB9CA63551BAF73
:1070F000A22566CBDF7F68F235767CD987FC94DFEA
:10710000F7BEC4DDA4992E635E0F157E8254A67D62
:10711000A8949D36BB3B99AF87A139D6AD8615B6ED
:107120009671A5FD886F8630B2C1BF39090937272E
:1071300066819518F4CE134379FCA957A8ADEC2BC2
:1071400085DC803919D154F9E10A98D3884A9DC663
:10715000B37FCCAAAFCF4214410C3E285E6F83743C
:1071600042FAB7DDD06AA38B20E5167A913293CB31
:10717000B407A60AE6C898B9F03A6FC510DC49FD15
:10718000DE9E8194205464771E78ACC2723BAA15AF
:10719000B65199A65514015AAF755DE24A6FCA659A
:1071A0006A11EA4A6C2C981DEDB41ECFBD4880428E
:1071B00081A6593F847AE95AB04C4B7E98027FD21F
:1071C000626C2B1E1348D8ED9B6402D494C4BDFCA2
:1071D000AA19616330A60263723B7BBF6DE8149FFE
:1071E000C5C4662B9AA5699D5A174F0624D8A5A435
:1071F000F54C8A36FDD3DA9BE3DDA9C72D6DAE16BB
:1072000096D24A8B121D005F45C113701728BF1913
:10721000CF19F49FB212941818CA7731A80C7D8840
:10722000DD0A64B6084E525A1D5CB6C4951E0BC2E8
:10723000CF1BA6A19C6D9F14B368C1703ABE23E614
:1072400049E44E22E5777FD9DBC515BF663BFCE8F4
:107250003BE4A7B983669B791151D6EF523ABC60E3
:10726000E8528F3E6E72011F1EFB17B7BB6DD55CD7
:107270006CB252767C05671E2BF188DF6BD5CAE0B5
:1072800012F6B014378F69C1B58538303150AD274B
:10729000542C447072CF4A9148CC0EA7C5E9DA420B
:1072A000B0D9EE341B6C4EE6B6A702EBB392A40441
:1072B000BEAA2415E19750D3EAA7ABD1D45B2BB873
:1072C0006A9C2D91EC7D1E7561DF5BFC0B0AEBC2A5
:1072D000377222E061A924C591CD9C27EA163ED4DD
:1072E000C1318D81240FCDC6C3C5690E2C5A9C7047
:1072F0004DF1CD524928B974340EB6949775834F29
:107300001271439EA463B37AE6B27FD4AE523204C4
:10731000488A8893CFB08D1E24A49A794FF335AB59
:107320002C885BE175E0775657BA5237F467CE5632
:107330005153D9110682B1AFD61143D372CA116528
:10734000721D8C2F11C61B62056A6E1AB93E6BD96D
:107350005CCEAEC7247A4337599E7B0AB68CFE3882
:10736000FC0BF9B3BB4DF9B52C28B1ABA163E9AD6A
:10737000E81458A48548C98A47BA00222238325DE9
:10738000ECB2C273D4FB632D5BDEEE53BE286B9A66
:10739000AD97EA79CD2050F6F9E72EABABA424F6F1
:1073A0006F168DE81E6893121457B14D717E3455D7
:1073B00087AEE6A7A63BAABC6EEC9E05E78E914180
:1073C0002C7808B72538348AA75EB11605A0ED1DC4
:1073D00018277EF3D010053DA190D8D6235D2F79D4
:1073E000557015E77828418FF9D4AF49CAF3594B46
:1073F00062043B70131BC486B3157C5B4062961A13
:107400005C965E3D6140DDBEBB9EDF1D29121EB94C
:10741000FB3B842996D48F2A99A6FBAEBECEC8F535
:10742000F2A447E264939E5E79FC36B8D3F9FC116E
:10743000A3EAB0A79E0B3F6792289B9E67F5E79350
:10744000FC51CFDBFC3F5E4A1763C5AF9CCAE86DB9
:107450002252E5580777DBB525C90A9B6B43E6C086
:10746000AA8AAB9875C092E027793D7CA722D93AC9
:10747000A835808B9367BD05F75742B069FBCBB148
:10748000301B1ADC126EE833916E2FECD7101219F4
:1074900074C27EF55FD711339A3927D0BB88062B8B
:1074A000B24C9F822E0BE08F790A57D5B57A99702E
:1074B000AEFD7C20BE02680D1F4EB80AFB8AAB767B
:1074C000ECA1E3FC552020CA400216E7203CCDF891
:1074D0009B4A022917B07F3FD82004C90415BF4C2E
:1074E0001765963436B0370832C3C1DEC1D1CF201C
:1074F000213C51B275470A62AE9182692BF2E0B528
:10750000E16B115D36776ECA47805C6723DAD2572C
:1075100074A1543AFD5FB17C3A11DB6176BD959E52
:10752000855CEB525F8C40D85E6B49C0AB814812E2
:10753000B20E9884F4995F8A17282382C6C45E70BD
:10754000EC43DFD06FC1A0347FD448649B0D9D8B8A
:1075500073D7A71953926142BEFE285755305A641B
:10756000A44B8536ACCF5C39A36F3E7891BC850FB8
:10757000B7ED985E515975ED9ACA86607E7240707B
:10758000D008919BED82F50EC3803C206F77199453
:1075900037F589018E2D2F010BFF904EA57D0AE452
:1075A000507138B780C6FD822BFA2E9982B32CAE6B
:1075B000DB118736C38FC318CFB99182F9C3F1416C
:1075C0002E6E6E1C07E25D97D2DA93E2FF3CA2308A
:1075D000CF318E08B4D69FA6036695FBB7DD54E580
:1075E000DA7F64552F3001AAD211910495FCC58130
:1075F000BD37206C3ACC9AF84F19E0E63EE4584784
:107600001E0903EEA8C545436F7DC04C7D6A417AD3
:10761000A41BB4AAE7DD7AE44C699298F85AFC7C82
:107620008AC00F463075DA0AA22C3F621677BA3448
:10763000ABC474941095F8AA8D51FB5BC5AA47E6BC
:10764000DB420ABB66248FED03BCC851E6E31B7E18
:1076500045CAB83357BB53DCB49D4268817EB76BD3
:10766000C032C91430B0EC0D371D3EBAC2A6AB8C87
:10767000A5C9B92345CB0AB381782F25C2BF3423CE
:10768000A050A2714BBA4EE8AEDE2915A6BB8B07FF
:10769000D7DAD700D5E2525DA2D321058779AD3480
:1076A0008361D1D0F4CA2085D02B33B5BF4A1AC527
:1076B000E09F4B5EB971B4C13491E8BB12C7C3B649
:1076C000B50E6255578056DAE9BB38B4ACE477554D
:1076D00074BF7F6971A1CC6FE7912FDBB8EFF3AB7B
:1076E000EF81132D05DB3485717A0366F524A8CB71
:1076F00004EBA2A26465CCF89D2706732FFFD62366
:10770000F9234824D40A0354C8C6C663B89F70340A
:1077100095CF5FFCB36049A7E7C2F9816D14086A91
:107720005B0AE99AEE8D2F3C5B6D5B750FD36A1D8A
:1077300028C4968BF81431767C8B7D5875642E3C6A
:10774000AB59B31BD18BA613EBBF9CEC13E4B21067
:107750001E7A746BD2B415E5CCBA5B1500B8E46F31
:10776000F0E7A894092779DAB1D1715DC7D4C05088
:10777000808B6B1E5966E7E9F5EB784EEA91D7C32B
:1077800094DDBBE9671A6BEE1BD7B848ADD3E5A80B
:10779000BD6EFEE88E3589F1CA841CD9F75CE5819F
:1077A00067CB8DD0028F29F71B6F1EA3538B1F81D0
:1077B0002EF0DEB665DF8EA10FDDC3703DAA5784C3
:1077C000303BD5EE2F9EC087791F01B2EDA0D4FDCE
:1077D0006982ACC748E99FF4282332A9027899FA54
:1077E000C3C42221294BF666789D347CAF16C64F60
:1077F0007DD8894F4ACF745D096C5EDF067676EAE4
:10780000D3A8A5591E23CA7096549FDA47CCAFE27D
:1078100039FE8838FDDC2BDB3723313EF863DDAEE3
:1078200024816E09D3152D71D3B8CC5195FC86E215
:1078300013DA1FF7B138EFC4DC2054B30CF6CD9E39
:10784000DBB94F7BA002C3B0A9FE6B136BFC778C36
:1078500034469F2E453ACF907FD61076257C4DFE3C
:10786000F22F55809B94E5B94D7C010E12CBE505B6
:107870007056CE9D82CDFBE3E55E1CC8F7633714DE
:107880000F29EC9F41925819A5A1C2D05ABDC2EC54
:10789000D9E6E38F392CCB60FEF4D0ECD5B707885E
:1078A0003DB35579F0FD26E0074B95C723BDA75D95
:1078B000CCE2DA4BFB534EE97046AF98BFF85B2A37
:1078C00044E1A30C5EF82209F95F390958589CC3BA
:1078D0003C1C2EE7EDE880BDE93200A26E0EF84EAA
:1078E0009F16BBE4A406DFFB34144DA5C45A001F49
:1078F000B93C5CB3CCA28B7A986633EED673C95987
:10790000F8D38AE48F6FB274A5F91D79D0F052389C
:107910007C08647C1F930B673D000F8A31D611E20F
:107920001D36A4734B14C8DB04F3798F0D73779164
:10793000BDA0B6CDFA3F771A52ECC9B5EC16AC49EA
:10794000A81D9B6A3D097A18E7BEDE2207E1F3B164
:1079500008BEED7827C4F10FBBC90A369235800FF7
:107960009A4488A576993719A22497E53BD0479188
:1079700026CC982B8264C4E443AFFDBD4E9AA6BDCD
:10798000D4FB62DAB8E3BFF83EB5021F4A9800A9FB
:107990001B85A194BC30B77311CB7AB2AC8483152C
:1079A00015330DE72D1301BBC6AA32FB8EEAE53570
:1079B0008A5F102D82FAFF4D7404A92C7B88BA26A9
:1079C0006DA4C78DEE2B0DE9E50A84F7F3AA8D0AA5
:1079D000DA2DDB3ACE964972EA33FB5E7D1F25F342
:1079E000408CDE9A19A9E65201FC8C1204438418DB
:1079F000A4C5E4DFF29DC8C4C1C954EAB9E2AE2F00
:107A00007DF486ECAD79D19C79EE56FB71E465E0AE
:107A1000A9B94568214CA242587A22CA39C54FF407
:107A20006843A8AF1786227F1EEC16816C71C6B51D
:107A3000FDF66B8B2823B507CD7E3C946AE916F1E1
:107A40003C314ABF5EDB84F7CBA090092CA380C5F4
:107A5000FB4D5254089D8C1819A02617A43BAB4B24
:107A6000867E099FEAA9997388C7D4A899CCD36662
:107A700059F5B84D9D3164B85F848F97588B79B5AF
:107A80006137A1290A2FF52B87346C77C34DBFA529
:107A90007CFA37BE6E935BF139296C7B63E2BB479E
:107AA0009DC7A819121B757E35BF4CE5560542DCF3
:107AB0008CC5D1FC3062B6779C0F07DA73D9F80514
:107AC00091E2767FF08417E62A07CF6BA991CF94D5
:107AD0005A2853B7FF97AD33DB4A525287C023165B
:107AE000F304B545B1DFFE42E0F1A5AADD70004325
:107AF0000039B2AA407F02434078BDAA39B5054398
:107B00008061A1AA453E0A430049C1AA4C5D1043C9
:107B100080AAC5AA4577184310D8B2AAD92523430D
:107B2000001028A953593143B0B694AA309A44435F
:107B300080DECDAA89925F43F428A7AB78A7834360
:107B4000A0DF1DABCB52A34330F4042B40E4DC4355
:107B5000E084BDAA3B083244D05A93AB404701456C
:107B60009A069DC22F96FAC4C098102BA10F22C46A
:107B7000009EC3AAF8D2BCC3909C6DABEA1083C32D
:107B8000C02F3FAAC84746C3D0F83EAA27E41DC36A
:107B9000A8EBA0ABA41E02C3603914ABFACFDBC2C2
:107BA000404756AB8525BDC2A048B0AAAD24A5C2AA
:107BB000405BCF2AC0E291C2C8A601AB042082C2BA
:107BC0000029922991066AC2AC7719ABD0E753C25B
:107BD000E0039FAB080741C280B982ABB4C030C29A
:107BE000007E69AB309922C200F755A94B3116C20D
:107BF0004045942B963E0BC20004B1280C8601C26E
:107C00003040322B9AB0F1C170690FAAD51DE2C184
:107C1000008934ABD114D4C100A4FCAA8F61C7C1C0
:107C2000905F85ABD2D8BBC1A474A9AB8556B1C156
:107C3000A08EA82A93BCA7C100FB02A94BF29EC14B
:107C400030769FABB4E496C10026CBAAC0898FC121
:107C500000DC96AB19F388C1088FF32BA54884C1CB
:107C60002E6E1D3D61FF71C12CC522AB5B686AC1E0
:107C7000004E4D2AA0BC60C1849FA52CD15757C18E
:107C8000F011292B6E6F4EC1A0820EAB790846C150
:107C9000581BD4ABDB1D3EC1E0130A2BE6A736C14F
:107CA00080C37CAB739E2FC1E8C4CCAB97F928C1CD
:107CB000D871102BD7B122C1C018F22A41C01CC103
:107CC00080E96EAB671E17C1208C6F2A53C611C1A5
:107CD000804D31AB81B20CC194F46B2BC9DD07C16F
:107CE00080428AAB574303C1A2D19FAB2BBDFDC0DD
:107CF000402E122A3356F5C040524EAB1649EDC005
:107D000050C20A2C0C8DE5C0C023C1AAD518DEC014
:107D100020072DAB30E2D6C080C7352AF4DCCFC0B7
:107D2000C008B6AB7AF9C8C0F02D5FABA221C2C0C3
:107D3000974DA6AC9532BBC0D88B41AB45EEB3C0D6
:107D400000B6ADAA28D4ABC0A0A8AB2AA59BA1C001
:107D5000C0CB3B2A869890C088F6D02AB4A81DC014
:107D60004E3C0EBF47FB00C120AF7EAB2C8CC0C089
:107D700040D260ABF13CB0C03098052B1813A7C0BF
:107D8000001AF2A86863A0C0C0EE50AA9FE69AC08D
:107D9000B0218FABE41D96C0A89BD3AB39CD91C069
:107DA00000A39AAB3BD48DC0403C982BA51F8AC042
:107DB0000040EBA71CA386C08C99D2AC375683C079
:107DC0007458E1ACF83280C0A0BE2A2BD4697AC0C6
:107DD000E83DBA2B4EB174C0289340AB0E376FC04C
:107DE0000084AE2AE5F669C03C32A0AB8AED64C0DF
:107DF00094AA84AC771860C0C0C18FAAE5755BC037
:107E0000C0D0CB2ACE0457C0C0C67FAA13C552C06B
:107E1000B81BA52CC1B74EC0B87B83AB96DF4AC058
:107E20004044712BF94147C05012F62ADEE843C0A6
:107E3000A0FAC2AACAE640C0C8BCC02B2A603EC095
:107E4000007EB9A9C2A43CC0B0EC0CAB2D863CC0EE
:107E50004025C42A5D0841C0B0BF6DAB455865C020
:107E60007AA4813EB864D6BF002739AC17AF0FC0E3
:107E7000E086B7AB048B14C0767D412D45F314C06A
:107E8000000C622915EC13C0C0BEAC2A6C4712C0AE
:107E9000A0565DAB8A5510C00C1A7EAB703B0EC06D
:107EA0004094F9AB520C0CC012CA052CF5D209C093
:107EB000B0D926ABAF9507C08850EAAA525805C082
:107EC000002078AB251D03C07406122C73E500C09A
:107ED000E00FD72BA563FDBF00930FA9A904F9BF3D
:107EE00080D211AC2FADF4BF009EFDAA9F5BF0BF06
:107EF00080F28DAB7A0DECBF0C1A86AB2EBFE7BFBC
:107F000000EC25ABC26BE3BF20519B29460CDFBFC1
:107F100020BA6AABDF96DABF44F44D2B1EFDD5BF05
:107F2000801A16AB0429D1BF664EE3AD3CF7CBBF38
:107F3000645CDA2CFD2AC6BF28F812ABD451BFBF4F
:107F40006026D4ABFC76B6BF575B1BACC11EA9BF85
:107F500080D6EC2B762F8EBFE05B3AAB462D1EBE53
:107F600098BCFCBED28A3BC098320DACF6C6FCBFB2
:107F7000E0DD8AABE40DE2BFE07112AAF506D5BFE1
:107F8000C849672C6A98CCBF80C9C5A97B46C6BFC3
:107F900000D5A7A9421CC1BFA03572AA24A7BCBFA7
:107FA000A0C3CBAB22AAB8BF804B3B299D01B5BF74
:107FB00080C8952A3597B1BF10FD22ABFD5BAEBFDF
:107FC00090FFBFAB7645ABBF74E5432BD64BA8BF44
:107FD0002EEA062C0669A5BFA0AB192BFB97A2BF02
:107FE00000BEAEAB43D49FBF0884372BA7199DBFFB
:107FF000244BAE2BE0639ABF2011F32A3AAE97BF11
:1080000040F688AB31F394BF38F1D4ABDA2B92BF92
:10801000006AC4A8024F8FBF0000D328B34F8CBFA3
:10802000605605AB991A89BF7CB6842B059185BF34
:10803000C0917FAB7F7E81BF80AAD329010179BF28
:108040004081002B26896BBF44CB1E2CAA5056BF03
:10805000D006B4AB4EB329BF18D69BAB98381C3EA4
:1080600059D505BF0A500FC0E0E7F62A834DB6BFC9
:1080700018F699AC2A1BA0BF8072962977A995BFE4
:1080800028A74DAC56268FBF8E9444AD796F8ABF1A
:10809000623EA2AC7EB286BF50CD8BABFB8C83BF61
:1080A00080A4F12A9CCA80BFD0A477ABAE997CBFD4
:1080B000F4C79DAC150178BFC09910ACF2B173BF85
:1080C0004020B6AA659A6FBF8C84AD2B37AD6BBFCD
:1080D000484DE72B1DE067BF929799AB982A64BF84
:1080E00000ADB82C2C8560BFC08B68ABC7E85CBF07
:1080F000048189AC334E59BF30D633AB83AD55BF05
:10810000001D37295FFD51BFC0CCDAAA06324EBF31
:10811000C474B92BC23B4ABF9872362C680446BF60
:1081200060E8892BCF6A41BFF89F992B3A3A3CBF50
:108130003005C0AB641836BF646BACACAB5B2EBF14
:10814000F0A61C2D869923BF5CF60BAC9B2412BFB6
:108150005C028CAC4006D9BE489E15ACC11B8D3E5E
:1081600068A509BFBDE0E4BFA5377DAEEC5F8BBF5E
:10817000586F87AB1D3D71BF48969A2B5CF65FBF69
:1081800080DD542AD87155BFC84EFEAB46024EBFA3
:10819000408E82AB343D48BFFFE6E82C197943BFDF
:1081A0008092CCABD05B3FBF006B1EAAC1B03BBF7F
:1081B000B0D232ABF25638BFD6023CAC693835BFCC
:1081C0008089092CB04532BF60EDF72B4C732FBF6F
:1081D000E02F0F2D39B82CBF607F5F2BF30C2ABF27
:1081E00000C80CABBB6A27BF58E5CBAB13CB24BF91
:1081F000702CAFAB362722BF0056ADA78D771FBFBF
:108200002097DCACF8B21CBFF02C21ABCCCD19BF51
:10821000DCC6B62B47B816BF041B83ABF85B13BF95
:10822000E023222C1D970FBFDC67E0ABCE330BBFE2
:10823000B08466AB86D505BFFFE5CD2C479CFDBE5F
:1082400080BC27AB4852E9BE1C22F5AB893DC7BEB6
:1082500020AD9CAC684E77BE8034522A08D9F23EDD
:10826000BA4925BFB364D3BFA02E1E2BCE976FBFD4
:1082700010DDCA2AC3E949BFC60A97AB440B39BF10
:10828000A0762BAB24212FBF4C349FABF56328BFC6
:10829000482100ABA45F23BF052A70AD9A661FBFBB
:1082A00050E323AC011D1CBF54E2462CC74D19BF3F
:1082B000A0505BAC32D816BF9641872B0EA714BFD7
:1082C00054F8042C23AC12BF6505AFACABDD10BF76
:1082D00050948FABDB340FBF43304FAD07AD0DBFB4
:1082E00000FB702C1B430CBFF6EBAEAC50F50ABF85
:1082F0003A97502D08C309BF40C92DABD0AC08BF79
:108300008012DF2988B407BFB04C3CABBFDD06BF8D
:1083100088573AAB582E06BFF4FA43ACBBAF05BF43
:10832000F01ABB2C007105BFB012292A348B05BF8F
:10833000BE0A312C3C2A06BFB475E0ABAAA107BF28
:10834000A044FCAB4CA50ABF4200882B7F0911BF9B
:10835000E07ECDAAE48421BF072D88ADA58678BF35
:10836000431AB83E38F4873D80AC71AA0A158CBE1A
:10837000B24555AD1229ADBE4884F82B751DBABE65
:10838000803FBBABA25FC0BE2C1150AB8F98C3BE69
:108390003C644FAC2730C5BE11F6D12CEECDC5BE26
:1083A000A0B3A12C2ACAC5BE96AEB62C8757C5BEAF
:1083B000F0AA74ABF194C4BE00C82CAA1696C3BE32
:1083C00050DE1F2CCD67C2BE3C7179AB8312C1BE9B
:1083D00080B4DCAA9A9BBFBE48AFF42B3306BEBE66
:1083E00000582B2BA353BCBEEC2025AC9D83BABEFA
:1083F000008C70AB3694B8BE1CA820ACAC81B6BE65
:10840000A238C12DF245B4BEB49956ABDDD7B1BE8A
:1084100080A639ABB829AFBE0091FAA8C426ACBE7D
:10842000308C982BB5AEA8BE283FA22BEF8CA4BEF3
:10843000361C0AAC30669FBE804A622BC38D98BE44
:10844000B4B486AC45918EBE54137D2DE35A7BBEE9
:10845000A41542AC432C30BE44B632ACDFC33C3E24
:1084600074C6D6BEB6C05FBF9B8994AC108304BFF0
:108470008051A7AA3968E3BE687F41AC327AD2BE88
:10848000E0DCE22B7C6FC8BE98FF80AB4984C1BEA4
:10849000B09463AC7B45BCBE4839EBAB7405B8BE49
:1084A000C0D5092BD067B4BE383533AC8836B1BEE1
:1084B000C4B3932C954FAEBE20AA5A2C179CABBECA
:1084C000C0A7F1ABB70BA9BE55C18DAC0B92A6BE30
:1084D0000035322AF724A4BED503622CA3BBA1BE6B
:1084E00000DE502BAB4D9FBE202A852B77D29CBE41
:1084F000727E8D2C84409ABE787457AB988C97BE50
:108500001005822BA3A894BEC077BCAA248291BE7A
:1085100080829C2A99FF8DBE0034CBA828FC89BE9E
:10852000E09D8CABF03F85BE4022252B79E27EBEDC
:1085300020C6B1AA42EB6FBE70DFC12BEA535BBE0F
:10854000F01C4B2CAF3D3CBE7FE5972D2E0006BEA8
:10855000B65DAE2CF33823BC97D136ACD232163F81
:108560005E3C4BBFD90E99BFD9430AADAC6319BF6E
:1085700000BF58AADBF7F4BEC65FB4AC8FFBD9BE10
:10858000C05C92ABCF9ECABE0024EDABC98DC0BE0D
:10859000B6913DAD9D59B9BEC7E7D2ACC1DFB3BE00
:1085A000B0968B2D9386AFBEB8F8E52B56F5ABBED3
:1085B00006EB81AC57F5A8BE53E584AC3763A6BE85
:1085C0002A19052E3C27A4BEFE05ACAC1E31A2BE66
:1085D00098D20DAB9375A0BE31CB90ACD8EC9EBEBB
:1085E00000FAC9ABD2919DBE1452022C8C619CBE84
:1085F0001A9628AD025B9BBEB636A62B197F9ABE93
:1086000080DA1C2AE9D099BEA639882D475699BE32
:10861000F09B382CDD1899BE935BEFAC182899BEFF
:10862000A0929B2BBB9C99BE80E9092BD59F9ABE3B
:1086300088B98A2C58799CBEE00FF5A93AB29FBE42
:10864000002F18AA2871A5BE10BC80AAB8B5B0BE6C
:1086500068780FAD8E80CCBEE4926A2CA8EE2DBF58
:10866000C884D73E19162D3E02CB87AC025BE3BD12
:1086700060CA442C635729BE7706C62CE0FE3FBE75
:1086800096129DAD4CA54BBEB88C18ABE74952BEB7
:1086900066610C2D213A56BE6C8F46AB078858BEDA
:1086A00078FC35ACA0C359BED1C7D9AC363F5ABE51
:1086B00028F7BD2B832C5ABEE89D112CA1AA59BEC8
:1086C000607E662D2CCD58BE3AD60AAC29A057BE86
:1086D000333CD32C2F2A56BE38B291AB8F6D54BE8B
:1086E00000E7D4ACD86852BE68FD3D2CE81650BEF9
:1086F0008EFB20AC7D6E4DBE942C942B4D614ABEFA
:1087000040E076AB5FDA46BE3143CCAC50BB42BEF4
:10871000C8F464ACB0D73DBE7B57AC2C14ED37BE6B
:1087200050EA84AC9F9430BE22A90F2C3C2727BE70
:10873000B893B1AC64831ABE8BFF6B2D438508BE22
:108740000A530FADC92BD9BDCAF2D12B5F146BBD33
:108750004076562B45D4623D20CE16AB51F91D3FD5
:108760006E666EBF477288BFC4982DAC0A1B01BFEE
:10877000F052D5AB1C83C8BEA0EAB22BDEA9AFBEB7
:10878000808DB2AB62C6A1BEE843582B8CE098BE88
:108790002829CCABDAAC92BEC850AE2B5B198EBE8A
:1087A000E4B5882D41958ABE39D4942CF1CC87BE8E
:1087B000B0735DACE98C85BE62A405ADD5B383BE54
:1087C000680F5C2C562B82BEAB88D22D04E480BE91
:1087D000ADD203AD37A67FBE8061C62A29E27DBE39
:1087E000E00E332D92717CBEFD86862DE14D7BBE61
:1087F0008E437A2EAF737ABE6F9B2F2D8FE279BE98
:108800008060382B379D79BE402371A91DAA79BE9F
:108810006080DAABAB147ABE78188EAC95EF7ABE76
:108820001075392C1F597CBEB41CC3AC84837EBE2A
:10883000B0A8D62B52E380BEDEA0D82CAA6483BE9B
:1088400000997BA9CD7887BE6040952A2BF18EBE1A
:10885000800BBD2ADB77A0BEA817CC2B5304F8BE33
:108860006ECCA03E648AE23C241F75AC830E13BE1E
:108870006C68022C75AA36BED4CA19AC1B7346BEEE
:10888000005166AC2DBF4FBEFC95F0AC0F3556BE07
:10889000C40FCE2C5F3F5BBE00B5A7AAC18A5FBEE6
:1088A000606FD6AC577663BE3F38B62D4D3D67BE80
:1088B0000028E72AE4086BBE20A3B42A49F96EBE5B
:1088C000E1DF30AE792A73BEFEBF37AC60B777BE4A
:1088D000508505AC26BC7CBE145DEDAB202C81BE62
:1088E00000A0C328565884BE5729FD2D53F987BED2
:1088F0008CF043ACA82B8CBE06002BAC6D1491BE43
:10890000F07C752C28E596BE4677562DD5E19DBEA8
:108910002035292BBD6AA6BEAAD4EFAC300DB1BE5E
:1089200000F88CABA3A1BEBE90D601AB8785D0BEAC
:1089300044CA2CAC4914E9BEC01B32ABCB6006BFA5
:10894000D072AFACBA8B22BF000D26A9927155BF71
:108950000EBD89AC5245A6BFC10DFF2C824468C034
:10896000F19E974098655740586EA4ACFB88843FB1
:10897000E88E312CDCFE113F51817E2D2944BE3E14
:10898000006C16ABE406863E445733AD14F2443E09
:108990004CE8A6AB1E22143E8CCDDC2CA56FE13D2D
:1089A00050018FACCDFBAB3D50BDB62BC476823DA4
:1089B000C4BE11ACEF06433DD0A333AAE8E40D3D9D
:1089C0001493602CF526C53C6850BE2B9E117C3C50
:1089D000787685ADF405073CA137BFAD8CD71B3B3E
:1089E000005C10AAC3931CBBF86316AB6FD6CABB5E
:1089F00014BFAA2CA34315BCE82636ABC57037BC00
:108A00006ADCD2ACBD134CBCB28805ACCC9952BC6C
:108A1000C088EAA9178D49BC1926EEAC85362EBC54
:108A2000602FC6ABD8D2F7BB3439022C7B7E2ABB71
:108A30009009D32B91EDA73B8B3304ADE0AA8D3C7D
:108A4000A848E3ABF5B6193DF01A86AA2D2E9A3D3B
:108A50007550AFAC653D293E20C730ABA5BA1E3F6F
:108A60000DE182BFE98F3FBF48D315ACD32A96BE34
:108A7000D0308DAAFDB44FBED695562F3F5228BE9A
:108A80001EEB9DAC219F12BE571F482DF1E904BE7D
:108A9000605583AB3FF1F6BD10F88DAA581CE9BDB7
:108AA000E41983AC177EDEBD61C8B72D9005D6BD35
:108AB0000005AF295A09CFBD7907312C441AC9BD29
:108AC000709A35ACB4EBC3BD64CCCBAB7246BFBDC2
:108AD00018E42CACD600BBBD1C1008AFD0F9B6BD55
:108AE000008CF1AC9315B3BDE8ACED2B193BAFBDD9
:108AF00020D9D42B1152ABBD7D9FCEADDD40A7BD9B
:108B000050485CAC37EAA2BD0091CDAA132A9EBDA5
:108B100040E2502AF5D098BD241817AC469C92BD6F
:108B2000E0C336ACD4288BBD01A5492D10D981BD39
:108B3000E6AA8E2EC83E6BBD003A072A590249BDEF
:108B4000C062082A018714BDFC7D2D2CAE505FBC8D
:108B500080577CA9239C1D3D30BE13ABD00C983EA2
:108B6000167223BFBFF4F3BE0077FA2BCC365FBE7C
:108B700056403DAC85DA29BEFECB4CAC91AD12BE61
:108B8000DAD899AC818E05BE927888AB90FEF9BD9B
:108B900074052FAC24C5EDBDE8156DAB6C76E4BD56
:108BA000601E35AC3A05DDBD52F8D92C85D4D6BD52
:108BB000F155882DC381D1BD68B6D42D2ECBCCBD47
:108BC00000FF43295582C8BD205D81A97E84C4BDB4
:108BD00070ADABAC14B6C0BD30733C2DA1FFBCBDB5
:108BE000003BA1ABA74BB9BD9CFE5A2CD084B5BDB0
:108BF000C0C3FAAB3A94B1BD701A89AB765FADBD14
:108C00004CE514ADFCC5A8BDDB4C2F2C699DA3BD64
:108C1000107F2DABA2AB9DBDFD2F8BAD079D96BDEB
:108C200060890A2CEBF28DBDE2308FADFDE182BD93
:108C300048AB2FAB6C1868BD7A263C2EA9BA3DBD57
:108C4000B01A9F2CEF3CF7BC52D341AC8865A1BA57
:108C5000D63B96ACE0A7873D2CDFB0ABD8A9CE3E83
:108C6000FCFB6BBF2DE21BBFA7DC952C75128BBEE6
:108C70009278D32C6E4651BE12CC352DCCF633BE35
:108C8000109A2DACE4E223BEB0484C2CF0DD19BEA6
:108C9000717A382DB42613BE00CA89285E750EBEBF
:108CA000802E2CABCA1D0BBEB81F9B2BDABD08BE95
:108CB000B83AF72B901A07BEE690C9AC6E0F06BE05
:108CC000107A3E2DF38505BE4129292DFE7005BE83
:108CD00048808D2C50CA05BEB08BEBAB3E9106BED2
:108CE000806EB32B35CA07BE7CAE622BE07E09BE18
:108CF000023851ADF1BE0BBE344D89ABA4A10EBEFE
:108D00000032DF295E4812BE784AA92DFAE216BE6B
:108D100080EBDFAAF5B61CBE907F39ACCF2B24BE0A
:108D200074B2C7AD5FE12DBE46711D2DEBDA3ABEC0
:108D3000C335FF2C42D94CBE40EC0FAB1A2D67BE99
:108D4000C09C93AB087988BE14C8492C1652AEBE9D
:108D5000E0786A2BDA8203BF20F513AC47E6B0BF98
:108D6000FCDF274040C69C3FEDDA3FAC317DB63E8C
:108D700038B70C2C4F713B3E66171AADD717DF3D45
:108D8000A018A32B2A038B3DDC1037AD83552B3D58
:108D900000697D2B3854C33CFB4984AC69ED2E3C03
:108DA00080CC772DC7A61F3AE0E923AA8A12F1BB2F
:108DB0009CA004ADFBC762BC1208D72B44B89DBC75
:108DC000FC3D2AAD318FC3BCE2AC962C5991E4BC7A
:108DD000005618A9E5FE00BD4E439AACBE670EBD15
:108DE0000053FAAA32EB1ABD785354ACD2E426BD34
:108DF000B8ADFEAC28AB32BD57869AACAF963EBD3F
:108E0000209DA9AB8A094BBD2C54012C977958BDE4
:108E1000185A7E2C357F67BDF0EFEF2A44ED78BD00
:108E200048331A2DA7FD86BD98769E2BE34A94BD44
:108E30008C48D02D8702A6BD31E216AD4839BFBDA2
:108E400095A6BF2E1B84E6BDE985002D167D16BEB6
:108E5000A146AE2D1B9F68BE84A197ACEFDE20BF5C
:108E6000B6DFAB3FF26B133F40D2372BAAF2323E54
:108E7000D09BA1AC0B20C23DE209702EDAD3783D25
:108E800048F89D2CEE442C3D41260D2D44D6F83C4F
:108E900028D925AC2C49B83C6D4872AD1CA48A3C3D
:108EA000305F972B49DF523CB0CE0DAB3EE4213C06
:108EB000D4B94CAC158BFB3BB888CFAA1F2BC73B52
:108EC00028251C2C30CCA23BEF4FA92CC1DB8B3BBF
:108ED0009024DAABA6A9803B00315329F32B803BC9
:108EE000001CE4AB48DD893BC367352D17AD9D3BC6
:108EF0004CD2232C33FEBB3BC13451AD61B3E53BB7
:108F0000B049F92B8B260E3C124CC9ACF50F313C05
:108F1000C0B4A9ABAF595D3C588DD82B0BDA8A3C55
:108F200020841B2BD329AF3C32239C2CF80ADF3C36
:108F3000188137ACD939103D60864BAA2E573F3D7A
:108F4000E0B142ACD17C843D5F9D3A2C4550C63D9A
:108F5000525F05ADE6722F3E882BDBAC6FBF0A3F38
:108F6000A343B0BF9E5311BF7C3937AC339F49BE7A
:108F7000A03D08AB4D16FABD5A5000ACF964B7BD20
:108F800010ACF7AB116891BD644B7AACF9B870BD09
:108F900066AFC1AC535F4CBD59A2D22CA51230BDF7
:108FA000C04DAB2CAFC918BD1403B1ABA3BB04BDFE
:108FB000CE6972AD158CE5BCA42CDAAC5C45C4BCA2
:108FC000309B81AC1C81A4BC361776AC315B85BC70
:108FD0000EF007AC0A234CBCA7A888ACBEE10BBCC2
:108FE000001836AABC1691BBBC83C72C51D61BB83F
:108FF000E316282DCE599B3B80E797AB0A72243CA1
:1090000000ACD8284C38833CFD80E7ACE6A8BB3CDC
:10901000E40AA6AC6017FE3CB62EFBADB61B273D9E
:1090200080CF582C9BD5583D000878297A608C3D1C
:1090300088917FACBD55B73D9062B52C91A6F43DAB
:1090400088ACC12C790A2A3E3073872AA44A7F3E15
:1090500074643EAC1193E23E6316E22D23E7B33F06
:109060009B0F80C01A77BDBF3B57AFAD556704BF9C
:1090700008B4AF2B5DD8A5BEB90F38ADA25676BEE9
:109080005C85EAAC6D7C46BE86FC69AC80A727BED9
:10909000041C4A2C53F611BEDE24C3AC3EBA01BEFA
:1090A000EBC9002EFBFDE9BD1A13B12C4943D5BD18
:1090B0005852652C57D9C3BD06EEA1AD22D0B4BD20
:1090C000903A50ADBE80A7BD60E71E2A5B719BBD84
:1090D000D016BDAB8E4490BD3C9C89ACB5AE85BD71
:1090E00040290DAC53DD76BD8C4C0E2D6A9062BDCF
:1090F0008200A8AC7EFE4DBD665C9CACC5A538BDAB
:109100009077FD2C04EF21BD988DBEAB511D09BD9C
:10911000A21C31AEB06ADABC6EB5932C16A999BC0C
:1091200058DB832C44A317BC74F136AD8B992D3BCF
:10913000BCBD16AD3D30963CCF9E992C1171253D9E
:10914000F081B6AC6D4C983D80C9CAAB52E2093E85
:10915000E83FDEABA54D8C3E7889812D4AA9773F4B
:10916000547D4FC047088EBFA0223CAA412AD5BEDD
:10917000A8EFCD2B17EA8DBE83D0FB2DD96D5EBE37
:1091800060FED82BCA173CBE4D0D272DED1426BE10
:109190001E1D782CEFB916BE5CC9102C7F610BBE6A
:1091A0005A7E26AD14A502BE502B932D696AF7BDD9
:1091B000DC6F89AC3923ECBDF2A86EADBECDE2BD4B
:1091C000A841A02C20F9DABD24FD312DB856D4BD1C
:1091D000E03036AC87AECEBD0AD0882D3AD8C9BDB6
:1091E000E856502ECDB6C5BD4AAEA2ACDB35C2BDE9
:1091F0009068E8ACFE47BFBDF6D9A1AC0BE6BCBD9C
:109200005069E3ACF70EBBBD9959072DA0C8B9BD95
:109210005E432BAC9C21B9BDA0E98D2BE434B9BDD4
:10922000F023B3ACCF30BABDB6864F2DD664BCBDEB
:10923000804DFB29A35EC0BD3BE11C2D332EC7BD75
:10924000F0E7FFACF41ED3BDE841C82B7B2DEABD8F
:10925000D4B21EAD3A2A11BE100B542C5A5D90BEEA
:109260005CBF3F3F4AD4103E00C4982A4F41953A14
:10927000DC773D2CBFDED8BCD55F502C4FC01BBD6A
:109280008BE9B22D664135BDBBA39AAD59F044BD03
:10929000D246552DF0694FBDFEE0F82BA4D556BD42
:1092A000B4BFFAAD21585CBDF1DA4EAFD39B60BDBF
:1092B0008E037BAC7A0B64BDEE1107AD42EE66BD4A
:1092C0006886162C7A7669BDC585A3ACDFC96BBDEF
:1092D000689331ACA5066EBD3CB473ACC84670BD96
:1092E00000A94D2D76A272BD10E97A2B1C3275BDF6
:1092F00016AA31AD5E1078BDC90E0D2D6D5C7BBD1B
:10930000E8A344AC183D7FBD0C51412CA2F281BDB5
:109310000010362A7CCD84BD800E93299A6188BDC9
:10932000304D202C86FB8CBDB9AF3FAD0F1693BDE1
:10933000B686552C8D849BBD2FD781AD66D5A7BD34
:109340009A8768AE775DBBBDCE9EAE2C2EC5DEBDC6
:10935000D163462DF5E418BE960193AD0784B4BEE3
:10936000D7069F3FDFF8833EF8283FAC412F5F3D93
:10937000CA38BE2C5E3C643CCEAE17AC1B255EBB2F
:10938000088CB12CC67E54BC2C3DAD2C98F39BBCF4
:109390003FF3282D7F34BEBC0480962C683BD7BC9D
:1093A0001454732D4C55EABC149F2D2CE26CF9BC5F
:1093B000605D36AECED902BDD8AF3FAB44F907BD34
:1093C0004057D72B3F5A0CBD050A9BACD32E10BD7E
:1093D000400A022BB89C13BD80C8832BAFC116BDB9
:1093E000E4D88FAD6EB619BD449E262DC4901CBD29
:1093F000944434AD52651FBD7E54C92C2C4922BD06
:10940000A06D992CA65325BD00FBEDADADA028BDE8
:10941000107781AC34542CBDA8D444ABC89F30BD68
:109420008074C82A5CCC35BDE8A7F6ABE04C3CBDE7
:10943000487386AC09E544BD80329E2B860351BD3E
:10944000B0FCB5ABCDB663BD725A21AE967682BD87
:109450009885212C6ADAA8BDE4B5E72C0DDF33BE70
:1094600025F2293F7AD8D33D8A05BC2CE882273CD7
:10947000176C062DD1E20BBC0CFC632CC39388BC8B
:1094800058BEB42C6542AEBC3057D2AB6ADAC6BC0B
:10949000E8667CAC6A79D8BCC09903ADA2FDE5BC96
:1094A0000CE8742D85EFF0BCA02C06AB4736FABC57
:1094B00025952C2EB13201BD29F5232DF3F004BDE5
:1094C0005BAE202D0F7B08BD28F22AAD6AEE0BBDE6
:1094D0003CCB23AE2B640FBDDAA110AEAFF312BDAF
:1094E000A0C0F4AC77B416BDAF13612D01C01ABD96
:1094F00070E66EABCC331FBDA3BBB42CE73324BDE9
:1095000063F506AF90EE29BD789DBE2C9CA130BDC1
:10951000788120AD29A338BD306C22AB4E7042BD9E
:109520007812042D68C74EBDA0AAE32B9BDA5EBD5E
:10953000D1E4E3AC5EB974BD0EBF36AC4D238ABD39
:1095400080D5462D5EEAA2BD7284E1AC7982CFBDA2
:109550003AC234AEDBC81BBEB6A78A2CB9FACFBE5E
:10956000E7730A40824CB63E4E32812D19D9D03D68
:109570004B3D0D2DBF94513DF9B4AB2C20CCF03CAC
:10958000F0EFCA2CFBB38D3C003709AA6E3D1D3CA1
:10959000E09A7FAC1B9E8B3B807451AA2B28B2397A
:1095A00080AC01ADC9E62EBBDCD9D42B90B4A5BBF1
:1095B000F05E56ACAD93E5BB39E7042D967C0DBC4F
:1095C0004AFC98ADE74A24BCE0D831AC062C38BC44
:1095D000589E1DACD4D849BCD8764D2B8CE159BCD3
:1095E00058FD28AD35BC68BCF6F8B8ACEFCE76BCFB
:1095F000A0F73E2B0B3C82BC3E0D83ADDA0A89BC42
:10960000B86B14ACAF0690BCD874462C246B97BCD6
:10961000804465AACC839FBC145FEF2BD2B7A8BC53
:109620000066952C279EB3BC2E7343ACEF23C1BCC0
:10963000B5C6022E54DCD2BC721DCDAD74BAEBBCE3
:10964000C03CB42BCE0409BD3122882CA20F2BBD07
:10965000607633AC45EA79BD5F919A2DF9B520BEAD
:10966000BBC0803F8DBC053ED032FEACED1E0E3D32
:109670003C6E43AD2FE57D3C60E7FF2BFEF5ED3BF7
:109680004863A02C313B303BEAD6D7AC314361B9BB
:10969000F83517ACD04011BB874712AC60C070BB27
:1096A0002023062E38809CBB7BD9BDAC0A9AB8BB60
:1096B000BCC2612C4DE8CEBBE1E6202E04DFE0BB4E
:1096C000E0D05C2CA37AEFBB6F3B10ACF66BFBBB1E
:1096D00036CCE8ACE09802BCD032462B299406BCCC
:1096E0000030D2299FC909BC219921AEC2510CBCBE
:1096F0001888EBABAC3D0EBC6182E42D14980FBC16
:109700006C11D1AC9F6510BC141CCBAB6CA410BC0D
:109710001FDC94AD974A10BC3FEEBDAC33430FBC89
:10972000C0229E2B51680DBC0870E8AB2D770ABC97
:10973000282BABAC1AF705BC33117B2D69FDFDBBA3
:109740000C83BF2CEE27E7BB10FE94AC5518BDBBB5
:10975000DBDAEA2DCDAC33BB10FE2AAC96464C3C8E
:10976000EB9D53BE06F507BDD276E32D203E93BC9C
:1097700072CA83AED48E74BC79FBA22C7F135FBCFB
:10978000607FC5AD1C0D53BCC4F7152B854F4BBC7A
:10979000A062842CD6DE45BC3564A9AC52CF41BC56
:1097A000B08CC62B63A53EBCDAEA2F2DB21A3CBCA6
:1097B00040E9582CF5043ABC3C658CADF04938BC06
:1097C0007CE34F2D4AD936BC66F1922D34A935BCC5
:1097D000841D60AD8CB434BCD7DAC82CE7F933BC37
:1097E000308BDFAC197B33BC8080922C373D33BC8F
:1097F0003EFBB62CF74833BCE0C7F4AA87AB33BCBA
:1098000050344E2D0B7834BC758E22AC14CA35BC46
:10981000540631AEC7C937BC009A4F2B06B33ABCC9
:1098200087F0042F6AE23EBC96D59CAC41EE44BC66
:10983000A083742DDEDA4DBCA69EE3ADC1945BBC63
:10984000ECCC2FAC1B3C72BC364B202C12468EBC91
:1098500088C6402DE6EFC0BC62DFC22CA81B61BDEC
:1098600041311A3F75D4223D8282952C0DD2083C9D
:10987000BC2CDA2D8C720E3BAC19442D8FB8D0B9AC
:1098800000CAADAAD77DE7BA7C83502CF96F29BBFB
:1098900060E6142A82A84BBB4207B5AC551762BBE1
:1098A000C0E291ABDFC970BB000933AB8F147ABB48
:1098B00030C3E4ABF9637FBBBE06A6AD4CD080BB22
:1098C00021E50D2E33B180BB26198D2D240D7FBBD4
:1098D000C7E620AD75E07ABB8907CA2D0A0175BBC2
:1098E0004015B42CA17D6DBBC06D31AA045164BB81
:1098F0001CAE4CAC9F6159BB1C36952C8C7E4CBB6E
:10990000807AD92C6C593DBB90D5702B8D7B2BBBAD
:109910006E1C752E393316BBC89D0E2C3FE6F8BA67
:10992000B0EBDCAC352EB9BAC913492DF4C64FBA29
:109930004C455BAC9ED708382DB6152D8EEE9C3A63
:10994000FC95042C3EF1433B392D122DC6DFC93B5B
:10995000BC83C5AC8F905C3C626A34AE7B6F4B3D80
:1099600056B593BFED2A70BDA77AF2AD63B9B7BC07
:109970000C1CD92CD6BA77BC2B41D42D0FA443BCD8
:1099800020C5982B0C1626BCA8F083ACB5C412BC1D
:1099900040A091298AF504BC8C17FBABD5E7F4BB3A
:1099A000E89B122C4F2AE4BB648E0D2C2459D6BBA5
:1099B000D8D438ACFB9ECABB9023272D2B71C0BBDB
:1099C00060C5A7AAEF71B7BBD6BD252DDB5FAFBBC6
:1099D000D0CAA92B350CA8BBBEC5192D1855A1BBE3
:1099E00078BF002DC6219BBB3655202D506095BBFE
:1099F00034CA432D260490BBD940732C41058BBB40
:109A000054E0E3ACD25F86BB00F0222B7A1482BB19
:109A10000849982B4E527CBB259D802EF75575BB6F
:109A2000F7CBD6AE2B646FBBE8F351AC27D26ABB41
:109A3000D7D534AD233A68BBF435F6AB5FC668BB07
:109A400070B964AC40FD6EBBE7118EACE8BB80BB67
:109A500087B9472D5D399CBB2769B1AE2F8B1BBCE5
:109A6000A4ABEE3E8194AA3B903466AC56E2F93941
:109A70001426332D1726C1B96033D8AC44E92CBA6B
:109A800080EAEF2C090D49BA785A47ABB46E4FBA49
:109A9000F01EAA2BDA374ABA842B902CC8253EBA7E
:109AA00000DA412DB8BA2DBA6C1D9A2CFA6A1ABA8E
:109AB00024A04EAD0C1E05BAAADBA9ACF7D8DCB9C0
:109AC000007E76AB6880ADB9FD9AFCAE839A79B919
:109AD000F754A12E2E6E16B93814832E160249B8EB
:109AE00080858A8F94989DA2A6ABAFB3B8BCBFC344
:109AF000C7CACDD0D3D6D8DADCDEE0E1E2E3E4E4D5
:109B0000E4E4E4E3E2E1E0DEDCDAD8D6D3D0CDCAA7
:109B1000C7C3BFBCB8B3AFABA6A29D98948F8A85CC
:109B2000807B76716C68635E5A55514D4844413D67
:109B3000393633302D2A28262422201F1E1D1C1CB6
:109B40001C1C1C1D1E1F20222426282A2D303336C3
:109B5000393D4144484D51555A5E63686C71767B7E
:109B60000000004396F347427D278F287CC0053CC8
:109B7000E5011828863E913DA1521328FC93BD3C77
:109B8000B6BEB3288030103D2F8F6128ECE4FA3C3C
:109B9000253E8E287367DB3C12D4AB2835A2E53C0A
:109BA00075768928DC26633CB0EB1B296DD86E3CAA
:109BB00032A9F127012ACE3C431CA328936B493CD0
:109BC0008B600F287403CF3CBEFA8B286BAE023C2F
:109BD000A09F59283921E83D4FD5862866CEBD3C47
:109BE0007ECFBC2839AD613CC55129283BD39B3C75
:109BF000454CE02816F2543DEFF77529B138D23CB8
:109C00001912C62603A2D03C0F8F08298A2E933D35
:109C1000C1A5CA28F44A683D17580D2AC2BD513C57
:109C2000470A1F2AAD72AA3C151BF128B3FA323C31
:109C3000859A992914A80F3DFCB482298DF5833C9F
:109C4000069A932867C7563BB313CB285D5C1B3C31
:109C50007BA91C2A121C943C8975E1290DBEEE3BA0
:109C600093832B280DBEEE3B6EA33728121C943C29
:109C700063E24F295D5C1B3C44C71D2A67C7563B06
:109C80003BC3AF298DF5833C212E1C2A14A80F3D20
:109C900022B9FC28B3FA323CCE58B428AD72AA3CA3
:109CA0006BA1A728C2BD513CC182A529F44A683DD9
:109CB00077E2CE298A2E933DBC3AD62803A2D03C27
:109CC0005B595529B138D23C1EA61B2A16F2543DC9
:109CD0004953B0293BD39B3C5F3E902A39AD613C50
:109CE000BCEAFE2966CEBD3CEFBDBC293921E83D6A
:109CF0008274AC296BAE023C97539B297403CF3C12
:109D0000BE3E3829936B493C3F360329012ACE3C9D
:109D1000E3CA192A6DD86E3CBD2B0829DC26633CAA
:109D2000E2220A2A35A2E53C1F96022A7367DB3C31
:109D3000787EDB29ECE4FA3CFB4FD4298030103DDF
:109D4000F5BDB92AFC93BD3CCA73792A863E913D84
:109D5000E9AD8D2A7CC0053C5C563D2A96F347420E
:109D6000B81C57D8F1F5C17F190E279E86F781DE02
:109D7000E155B05A779FE741A12A6BFACDE47B23E6
:109D800001000000020000000300000002000000CB
:109D9000010000000A2A2A2A2050414E4943202A65
:109DA0002A2A0A000A00000048617264776172651D
:109DB00020616C61726D20256420616C7265616444
:109DC0007920636C61696D656400000048617264AC
:109DD000206173736572740052656C656173650010
:109DE000626F6F74325F7732357130383000000047
:109DF000322E322E300000007069636F00000000C8
:109E0000656E657267795F62656E63685F727032F6
:109E10003034300053657020203920323032360023
:109E200005005250DE65F468FC9F00100600525099
:109E30005422A29D149E001006005250861C03025C
:109E4000009E001006005250BBFF3CB6F89D00106B
:109E500006005250ABB36053F09D00100600525004
:109E6000E182887FE09D001006005250D3F07542D9
:089E7000D89D00100D0A00004E
:109E7800209E00102C9E0010389E0010449E00105A
:0C9E8800509E00105C9E0010689E0010B0
:109E9400030010B50068EFF3108472B60268002A5C
:109EA400FCD0BFF35F8F04229A56002A0BDB0029F3
:109EB4000FD000200A601B68BFF35F8F00221A6076
:109EC40084F3108810BDD0221206126801201A7182
:109ED400F1E70020EFE7C046F0B51D00D023C646E9
:109EE4001B061B68040016009846002700B50BE00B
:109EF4002268BFF35F8F176083F310883000290056
:109F040000F04EF8002818D12068EFF3108372B6E1
:109F140001680029FCD0BFF35F8F21797F29E7D93D
:109F2400424622712268BFF35F8F0021116083F3E0
:109F34001088012004BC9046F0BD0020FAE7C0461A
:109F440070B582B001A9040016001D00FFF7A0FF40
:109F5400002807D1D0221206019B12785BB252B2BC
:109F6400934201D102B070BD32002B002000FFF7F4
:109F7400B3FFF7E70268EFF3108172B61368002BA2
:109F8400FCD0BFF35F8FFF2303710368BFF35F8FC0
:109F940000221A6081F3108840BF70477047C046A2
:109FA40001B40248844601BC604700BFA92F0010D9
:109FB400100000000000000000000000000000008D
:109FC4000000000000000000280200200000000043
:109FD400503300004C33000054330000523300006F
:109FE4004D5300004D43000053340000433400003F
:089FF400000000000000000065
:04000005100001E9FD
:00000001FF
