:020000040800F2
:1000000000000220E5050008C9050008A905000850
:10001000B1050008B9050008C1050008000000008E
:10002000000000000000000000000000350600088D
:1000300035060008000000003506000835060008F7
:1000400035060008350600083506000835060008A4
:100050003506000835060008350600083506000894
:100060003506000835060008350600083506000884
:100070003506000835060008350600083506000874
:100080003506000835060008350600083506000864
:100090003506000835060008350600083506000854
:1000A0003506000835060008350600083506000844
:1000B0003506000835060008350600083506000834
:1000C0003506000835060008350600083506000824
:1000D0003506000835060008350600083506000814
:1000E0003506000835060008350600083506000804
:1000F00035060008350600083506000835060008F4
:1001000035060008350600083506000835060008E3
:1001100035060008350600083506000835060008D3
:1001200035060008350600083506000835060008C3
:100130003506000800000000000000003506000839
:1001400035060008350600083506000835060008A3
:100150003506000835060008350600083506000893
:100160003506000835060008350600083506000883
:1001700035060008350600083506000800000000B6
:10018000000000003506000800000000000000002C
:1001900035060008000000000000000035060008D9
:1001A000000000000000000000000000350600080C
:1001B0003506000835060008350600083506000833
:0401C00035060008F8
:1001C800044B054A4FF4803199619A61BFF35F8F00
:1001D80000BFFDE7000802404000BF0030B49DF8B2
:1001E80008400D4DE40144EA8313400000F01E006E
:1001F80043EA42120243D3431B0403F47F031A4326
:100208004FF48033AB61AA61BFF35F8F09B101235B
:10021800AB6130BC704700BF00080240304B187813
:10022800002839D02F4B1B6840F22142C3F30B033F
:10023800934201D0002070472B4B1B889BB2B3F52B
:10024800007FF7D1294A2A4B10682A4903408B427C
:10025800F0D1136803F0F803802BEBD153682649DB
:1002680023F0802323F43C038B42E3D193684FF6B9
:10027800FC410B4049F208418B42DBD1D2F88C306B
:1002880013F08073D6D11D4AD2F8882002F4700288
:10029800B2F5700F01D018467047194B1B6803F070
:1002A8000F03032BC6D1174A136803F47033B3F551
:1002B800404FBFD1536813F48043ECD002F5E432C9
:1002C800536B13F08003B5D1106B0F49014000291F
:1002D800E1D1106C80F40030C0F34040704700BF9B
:1002E80070000020002004E0227AFF1F003802403E
:1002F80002000102020000021032002500ED00E0B9
:10030800003C024000700040001060207E4B7F4A95
:10031800186B7F4940F0050070B518634FF47F00F3
:100328001E6B906110687B4C7B4D204040F4AA40C6
:1003380040F055001060506820F0FF005060906851
:1003480020409060D06820404FF40014D0608C6149
:100358000A68724822F4406242F4806200240A600B
:100368002C601A6C22F400321A640A6842F0F00217
:100378000A60CA6822F0F002CA60026840F22141AD
:10038800C2F30B028A4284B040F0BB80644A1288F0
:1003980092B2B2F5007F40F0B4801968614A21F04A
:1003A800F90141F08101196002E0013A00F0A980E9
:1003B80019688C07F9D598685A4A5B4920F00300F8
:1003C800986002E0013A00F09C800B6813F00C0F73
:1003D800F8D14D49534B0A6822F0867222F48032D4
:1003E8000A6002E0013B00F08C800A689001F9D4B1
:1003F8000A6C4E484E4C4F4D4A4B42F080520A64AC
:100408000A6C026822F4703242F44042026040F200
:1004180003724D6022608A6822F47C4222F0F00266
:1004280042F414428A60D1F88C2022F08072C1F81C
:100438008C200A6842F0807200F5E4300A6001E01E
:10044800013B5ED002689101FAD5364B3A4901E08A
:10045800013B56D00A685204FAD52B48314A8368C2
:10046800314923F0030343F00203836001E0013ABA
:1004780047D00B6803F00C03082BF8D100F0E2F822
:100488002E4A2F4B12689A423BD12E4AD2F8883016
:1004980043F47003C2F88830BFF34F8FBFF36F8FF8
:1004A8004FF07F524FF0804301920293DDED017AC5
:1004B8009DED027A67EE877AB5EE007A77EE877A55
:1004C800B0EE0A7ACDED037ADDED037AF4EE477AE1
:1004D800F1EE10FA15D10C4A1B48116C41F00101DC
:1004E80011644FF08043126C002141F287340122DD
:1004F8001960D9609C62027004B0BDE87040FFF7D3
:100508008DBE002004B070BD0038024000080240D3
:10051800000002400000FFFF10E000E0002004E0BF
:10052800227AFF1F00093D00083802400070004091
:10053800003C0240103200250470004000000020FA
:1005480000E1F50500ED00E07000002018B3F0B4FC
:10055800DFF844C000252C464FF0804301270926C8
:100568006045014628BF614601EB81025200013A0D
:100578001C60DA625C625F611C611E601A69D207E6
:1005880003D400BF1A69D207FBD5401A1D601D614C
:10059800E6D1F0BC70477047A086010030BFFDE788
:1005A80008B5FFF70DFE00BF08B5FFF709FE00BF4D
:1005B80008B5FFF705FE00BF08B5FFF701FE00BF4D
:1005C80008B5FFF7FDFD00BF08B500F089F830BF9A
:1005D800FDE700BF704700BF704700BFDFF834D0A9
:1005E80000F026F80C480D490D4A002302E0D458C3
:1005F800C4500433C4188C42F9D30A4A0A4C002365
:1006080001E013600432A242FBD304F0A5FAFFF71D
:10061800DBFF704700000220000000206C00002073
:1006280030A9000870000020109E0020FEE700009E
:10063800034AD2F8883043F47003C2F88830704710
:1006480000ED00E0164A936803F00C03042B0CD06D
:10065800082B0CD0134B124A134892681349C2F363
:100668000312825CD3400B607047114BF3E750686C
:10067800516852684302C2F388124CBF0C4B094BB5
:1006880001F03F01B3FBF1F303FB02F3044A5268A4
:10069800C2F3014201325200B3FBF2F3DBE700BFC1
:1006A800003802400024F400F8550008000000203B
:1006B80040787D0170B582B00022074E074D009248
:1006C8000C460123114630602C60FFF787FD02B00D
:1006D800BDE87040FFF762BF089E0020A49D00207F
:1006E8002DE9F04F83B0FFF711FE002800F0AA8033
:1006F800002300931A4619461846FFF76FFDDFF8E6
:100708009091DFF890B10126002300931A4619460C
:100718001846FFF763FDFFF781FD002800F09A8077
:10072800042E4FF400627AD955493046082E98BFF6
:10073800594601F03FFC0023002800F0918018463C
:10074800009301221946FFF749FD4FF47A700025FE
:10075800FFF7FCFE2B462A46294630460095FFF750
:100768003DFD0120FFF7F2FEFFF758FD0446002883
:1007780073D059F8047B06F1FF38012100952B4608
:100788002A463046FFF72AFD1FB961E00135AF421E
:1007980042D0304601F0AAFC0028F7D104464FF0B9
:1007A800000ACDF800A05346524651463046FFF79E
:1007B80015FD344B43F82850002C57D0AF4258D180
:1007C800FFF72CFD00284ED0304601F097FD002899
:1007D80052D0304601F066FF2B4B013643F8280013
:1007E8000D2E53F828308FD1012422465346514606
:1007F80050460094FFF7F2FC4FF4FA60FFF7A6FEAC
:1008080000945346524651465046FFF7E7FC03B062
:10081800BDE8F04FFFF7C2BE04463D46BFE71B499F
:10082800304601F0C7FB0023D0B1184600930122DF
:100838001946FFF7D3FC012E41F2883018BF4FF458
:100848007A7084E7012103B0BDE8F04FFFF732BFAB
:100858003D46A4E730460221F5E730460421F2E799
:1008680030460321EFE730460721ECE73046052103
:10087800E9E730460621E6E730460821E3E700BF0E
:1008880038660008D89D0020A89D0020385600082A
:1008980008560008385E00082DE9F04F85B0431E61
:1008A80002934C1E00F10F0C13F8012F14F8015F8E
:1008B8009C4582EA05021A70F6D101F10F030193F3
:1008C80001F19F030393DFF860A100F11003009387
:1008D800029B13F8012F1AF802201A709C45F8D1D0
:1008E8004578447B417A42798378877A867945735B
:1008F8004472857BC47841714270C179C27A83722F
:10090800C37B877086738571C471C172C273C370EB
:10091800074697F800907C78BE7897F803804FEAEE
:10092800D915E1096B00F2091D444B001944530025
:100938001A444FEAD8134FEA430B5B4405EBC5054D
:1009480001EBC10102EBC20284EA060E81EA44010E
:1009580082EA460285EA490589EA040403EBC303EF
:10096800EDB28EEA080BD2B289EA06068EEA090EC3
:1009780088EA040483EA4803C9B25440DBB288EA2F
:10098800060685EA0E0E4E405C4085EA0B0B83EAAC
:100998000E03FB7081EA0B01009B397072407A707C
:1009A800BC700437BB42B4D1DDE9011313F8012F41
:1009B80011F8014F9C4582EA04021A70F6D1019B96
:1009C800039A10339A42019382D1029B13F8012FA4
:1009D8001AF802201A709C45F8D14278437A417B74
:1009E800427342794371837A417242708178827985
:1009F8008370C3788172817B8273C279C371C37B30
:100A08008171C370C17A029BC272039AC17313F8D1
:100A1800011F12F8010F9C4581EA00011970F6D1F7
:100A280005B0BDE8F08F00BF646F0008F0B41F4C3C
:100A3800B4F800688446A6B34FF0FF310D46002392
:100A4800201D0EE0B1F1FF3F08D0AA4206D104EB09
:100A5800C1023F5A9288974238BF19460133B342C0
:100A68000AD054F83320AA424FEAC307EAD21946FB
:100A78000133B3421546F4D1CB001A46013E04EBCC
:100A8800C601A51803C9AD88A258ACF80450234480
:100A980083E80300A4F800686046F0BCCCF80020A6
:100AA80070476FF007021346E8E700BF74000020A4
:100AB800002944DD2DE9F04F83B0834600F1FF396A
:100AC8004FF00008531E40468944CBF1010A0193B8
:100AD80008F10103994228DD0BEB0803012405E026
:100AE800FF2C0FD099455FFA8EF415D093F800C00B
:100AF8000AEB03051E4613F8017FBC4504F1010EFD
:100B0800A846EDD01454019C33780230A9422354EE
:100B1800DEDC03B0BDE8F08F1454431C1BF805104D
:100B2800D154023003B0BDE8F08F012313540230D2
:100B38001BF80830013A135403B0BDE8F08F0020C9
:100B4800704700BFA1B103460129007810700FDD7E
:100B580070B45E1E0E441D4601336C782D78B34286
:100B6800A4EB050402F8014FF5D1084670BC7047A4
:100B7800084670472DE9F04F002985B0CDE90202FB
:100B88005BDD4FF00008C646CDF80480C4469346A6
:100B980000F1FF3A029B13F80E308BF80230019BEC
:100BA8008BF800800EF101060333B1428BF801C0C7
:100BB800009339DDFE2E0BF1030B3CDDAEF1FE0791
:100BC800029B4FF00009CC4603EB0E080AEB070026
:100BD8004246002308E010F8015F12F8014FA542D1
:100BE80005D10133FF2B02D09C198C42F3DB9C45C5
:100BF800BCBF9C46A6EB0709774507F1010301D066
:100C08001F46E3E70CEB060E8E455FFA89F85FFA9C
:100C18008CFC0DDB039A01990098531802F80080A8
:100C280083F804C04B1D0093009805B0BDE8F08F11
:100C3800009B0193AEE70027C2E7002300930098CA
:100C480005B0BDE8F08F00BF2DE9F04FADF21C5D97
:100C5800CDE90120002800F0EF80B1F5006F88464B
:100C680000F2EA80019C002C00F0E6804FF48472C8
:100C78000021204603F0B0FF00254FEA182384F82E
:100C880000806370A570E570B8F1000F00F0E68091
:100C9800294641F20442BB4803F09EFF2946029DC3
:100CA80046AC6B1E1E4620464FF48062039303F049
:100CB80093FF31460B4611F8010F023354F82020F8
:100CC8005B1B0132984544F82020F3DCAD4D00232E
:100CD80005F6023905F6021E1A4645A90DF2145703
:100CE8004FF0010C51F8040F05EBC3045E1C50B122
:100CF80045F8330090B2B3B2A080A5F8003802F8E6
:100D080009C02EF812008F4202F10102EAD19E4E6C
:100D1800012B06F5807444D94FF4807906AF04A8F6
:100D2800FFF784FE3846FFF781FEB5F800E839681A
:100D3800049A954BBDF81400B7F804C005EBCE0B28
:100D48000A440EF1010A45F83E209049ABF8049098
:100D58001FFA8AFA6FF43062CE46A5F800A809F1A6
:100D680001099D181FFA89F9491B03E062450BD058
:100D7800A34213D013F8012F002AF9D031F8132019
:100D88008242A3F5407BF1D121F813E09BF80020C3
:100D9800A34202F101028BF80020EBD1BAF1010F56
:100DA800BDD8794B4FF0000906A913F8012F2AB1D5
:100DB8005A1E921B01F8092009F101099C42F4D13D
:100DC800B9F1010F43D025DD0DF1170303EB090736
:100DD80009F1FF3E06AE4FF0000C0CF1010CE145A5
:100DE800C8BF334603DC11E02CD09F420ED03278C6
:100DF80013F8011FAC18681894F8024890F8020814
:100E08008442F1D931701A709F42F0D1E64506F15B
:100E18000106E2D1B9F1000F55D006AF3C4607EB09
:100E280009013A4601E091421ED012F8013B2B44D9
:100E380093F80238202BF6D94FF0FF300DF21C5DE5
:100E4800BDE8F08F8A42D0D931701A70DCE79DF87E
:100E580018302B4406AF83F80298DFE74FF484700C
:100E68000DF21C5DBDE8F08F019B49494FF480727B
:100E780003F1080003F0A2FE17F801092B1829183E
:100E880093F8023891F802188B424FF00002B944E7
:100E980017D20133DBB299424FEA4202F9D100F589
:100EA800C07305EBC303A1459A60197102F10102F1
:100EB80011D014F8010F0B46291891F802188B422B
:100EC800E7D31946EBE7019B31494FF4807203F1F0
:100ED800080003F073FE0399029800260B4611F8E8
:100EE800012F05EBC202023392F8042C1B1A984515
:100EF8001644F3DC019C029F26714FEA166E00200F
:100F080084F807E0330A310CDDF80CE084F80801B6
:100F1800C7F1010C6371A1710246074604F5847498
:100F2800A9461EF8013FDB0003F6044309EB030161
:100F380019F803304D68591EBBB125FA01F314F8AE
:100F480000A0C2F1070B03F0010303FA0BF301320F
:100F580043EA0A03082A235405D10130B6EBC00F2F
:100F680088BF275400220139E7D20CEB0E039845BD
:100F7800D7DC002AC8BF013000F584700DF21C5D73
:100F8800BDE8F08F74000020750B0020FEF2FFFF13
:100F9800760800202DE9F04FB3B08A460092013B55
:100FA80006AA0AAC13F8011F02F8011BA242F9D1E4
:100FB800584EDFF864E10DF123014FF0010C1022C7
:100FC80003AF02AB0C4614F8015F03F8015BBB42A8
:100FD800F9D113075FD09DF8083011F80B8C4D1D1F
:100FE8000DF1090483EA0803BC4205F8013B09D066
:100FF80014F8013B15F8108CBC4283EA080305F885
:10100800013BF5D10432B02A01F10401D9D1BAF17A
:10101800000F7DDD0AF1FF330193AAF1100923F0D7
:101028000F03A9EB0309009B00EB0A08544603EBE6
:101038000A070DF1170613E006A902A8FFF72CFC12
:101048000DF1080CBCE80F00103C07EB050CA1459E
:101058007851CCF80410CCF80820CCF80C3036D0F5
:10106800102CA346A8BF4FF0100B5A46A8EB04015A
:1010780002A803F0A3FD0F2CC4F10005DCDCCBF1C2
:1010880010030BF1FF3202A9DBB20A4402F8013F58
:10109800B242FBD1D0E79DF809301EF80C809DF8CC
:1010A80008909DF80B509DF80A40F35C16F80990DB
:1010B800755D345D8DF80B9083EA08030CF1010C23
:1010C8008DF808308DF80A508DF8094085E7019BA6
:1010D80023F00F0510351AF00F0F15D10DF1070386
:1010E8000DF11701102203F8012F9942FBD106A92F
:1010F80002A802ACFFF7D0FB0FCC009E7419705108
:101108006160A260E3601035284633B0BDE8F08F17
:101118000025E0E7646F0008586F00082DE9F04FDC
:10112800CDB00DF12C0C039062461BAE4B780D78B8
:10113800CC7888781B0443EA0563234343EA0023F9
:1011480042F8043F964201F10401EFD13CAD0CAAEC
:10115800966B134652F8040F5C6A1F684FEAF64311
:1011680083EA76434FEAB04183EA96233C4481EA16
:10117800F011234481EAD0010B449542D363E7D1AF
:10118800039BDFF8E8B0D96858699A691D685F68F9
:101198009E681C69DB690493334B01934BAB029344
:1011A800DDF81090059506970796089109940A901E
:1011B8000B928A46804696465B460BE0B2463E4610
:1011C8002F461546019AF146C646A0461C4652F8D7
:1011D800043F01924FEAF4212EEA040081EAB41197
:1011E80004EA080281EA746142405CF8040F0A4488
:1011F80087EA060B4FEA7531024481EAB5010BEA2A
:10120800050B07EA060081EAB5518BEA000008449D
:1012180002994A441A44614502EB0A030244CDD1BB
:10122800059911440A46069929440D4607993944F7
:101238000F46089931440E46099919440A9B2344DC
:101248001C460B9B43441846049B73448C46194622
:10125800039BC3E90157C3E9036CC3E905401A605E
:10126800D9614DB0BDE8F08F586E0008982F8A42BA
:101278002DE9F0433D4E0F46804614460FCE99B0F7
:101288006D460FC596E80F003F2F85E80F006BDD10
:10129800A7F1400626F03F0308F140099944454666
:1012A800294668464035FFF739FFA945F8D126F0A9
:1012B8003F054035A8447D1B2A46414608A803F04F
:1012C8007DFC18AB2B4401358022382D03F8402CC7
:1012D80042DD08ABC5F140025819002103F07CFC3F
:1012E80008A96846FFF71AFF3822002108A803F06A
:1012F80073FCFB17DE0046EA5776F90000230DF170
:101308005F07C3F1200521FA03F2A3F1200006FAD2
:1013180005F52A4326FA00F008330243402B07F864
:101328000129EED108A96846FFF7F8FE07AD224665
:10133800ADF1040151F8043FD3701C0E180C8D4216
:101348004FEA132314705070937002F10402F1D124
:10135800202019B0BDE8F08308ABC5F13802581950
:10136800002103F039FCC4E73D46A5E7386E0008C4
:1013780030B404680D682C4404601D686C404FEA62
:1013880034441C6015682C4414600D686C404FEAA6
:1013980034540C6005682C440460186860404FEAB7
:1013A800306018601368034413600A6853404FEABA
:1013B800736330BC0B60704770B50D1F90B0044666
:1013C8002A466B4610A852F8041F43F8041B8342B0
:1013D800F9D10A260CAB08AA04A96846FFF7C8FF8A
:1013E8000DAB09AA05A901A8FFF7C2FF0EAB0AAA0F
:1013F80006A902A8FFF7BCFF0FAB0BAA07A903A811
:10140800FFF7B6FF0FAB0AAA05A96846FFF7B0FFBA
:101418000CAB0BAA06A901A8FFF7AAFF0DAB08AAF7
:1014280007A902A8FFF7A4FF0EAB09AA04A903A8FD
:10143800FFF79EFF013ECDD1201FADF104020FAC96
:1014480052F8043F55F8041FA2420B4440F8043FE9
:10145800F6D110B070BD00BF2DE9F047A0B01D68EF
:1014680004955D6805959D680695DD6807951D6975
:10147800289C08955D6909959D69DB6926680A9528
:101488000B93A5686368264C009404F11A64254FF1
:101498000E9304F10F14244B019304F56D440123BA
:1014A800B1F10008CDE902740D960F950C9332DD69
:1014B800824616460027694610A8FFF77DFFA8EB6D
:1014C800070CBCF1400F06EB0704A8BF4FF0400C17
:1014D8007A1E0CEB040021465244631A23F0030ED3
:1014E80020ADAE4403F003035EF8405C12F8019FA0
:1014F800DB0025FA03F383EA090304F8013BA04261
:10150800EBD10C9B67440133B8450C93D3DC3846C8
:1015180020B0BDE8F0870027384620B0BDE8F08746
:1015280065787061322D62796E642033002917DD89
:1015380070B4441E0C4866184FF0FF3314F8015F6E
:1015480008216B40DD074CBF80EA53035B08013973
:10155800F8D1B442F2D1DB43002070BC136070476D
:1015680000231360002070472083B8ED00000000BE
:101578002DE9F04F2DED0C8B91B00A910F920028B8
:1015880000F0BF81002A00F0BC8101F1FF3EBEF5EA
:10159800006F0B4680F0B5811EEA01040E9440F0FE
:1015A800B081012900F0AB815B10012B04F101042B
:1015B800FAD1DFF88083DFF878938644471EC0F1BC
:1015C800010C4FF0000BC2460120661E0CEB07050C
:1015D800002C00F091810023194600FA03F22A42F8
:1015E80003D0F21A00FA02F2114301339C42F4D1FB
:1015F800CF4B03EB810308EB810117F8012FC1F8EA
:1016080000B007EE902AF8EE677ABE45C3ED007A7F
:10161800DCD1002C00F0288101239FEDBD7BBEA703
:10162800D7E90067B0EE47DAF0EE67DA0C93E31813
:101638000D930C9A012101FA02F3079303EBD3737C
:101648000B4104939B000B93042393400993B84BDD
:10165800069307F10041B74B05930CEE106A00237F
:101668000CEE901A0893079B012B40F3C4809FED62
:10167800AC7B0B9B069A059D991800245BEC17AB75
:101688004FF000084FF0000900915F1916460394C7
:10169800009C206803F00CFC02460B46386843ECBB
:1016A8001A2B03F005FC524641EC180B5B4651EC33
:1016B8001A0BB0EE489AF0EE689A03F051FC4246D5
:1016C80041EC1B0B4B4651EC180B03F049FC02464E
:1016D8000B4651EC1B0B03F08BFA524641EC180BEE
:1016E8005B4651EC190B03F03BFC41EC170B4246EF
:1016F8004B4651EC1A0BB0EE479AF0EE679A03F09E
:101708002FFC02460B4651EC190B03F073FA024604
:101718000B46306843EC1A2B03F0CAFB02460B4613
:10172800286843EC1B2B03F0C3FB41EC170B53EC6D
:101738001B2BB0EE479AF0EE679A51EC180B03F0AA
:1017480059FA03F005FF53EC192B46F8040B51EC3A
:101758001A0B03F04FFA03F0FBFE844653EC182BE8
:1017680045F804CB51EC1B0B03F042FA03F0F0FEF2
:10177800844644F804CB53EC1A2B51EC190B009413
:1017880003F036FA03F0E4FE53EC1D2B47F8040B84
:101798005946504603F0E4FB42464B4641EC1A0BCF
:1017A80051EC1C0B03F0DCFB02460B4651EC1A0B08
:1017B80003F01EFA41EC170B53EC1D2B404649462B
:1017C800D046D9465BEC17AB03F0CAFB42464B4602
:1017D8008046894651EC1C0B03F0C2FB42464B463F
:1017E80003F008FA039A049B01329A420392804656
:1017F8008946FFF64DAFDDE90723069913440846ED
:10180800099A05990893104411440A9A06909A4235
:1018180005913FF728AF0C9B0D9901338B420C9330
:1018280022D0012202FA03F003F030FB02460B46F5
:101838003DA1D1E9000103F0BDFC41EC100B41ECE6
:10184800180B00F0D9FFB0EE407AF0EE607AB0EEF7
:10185800480AF0EE680A57EC176B00F079FFB0EE13
:1018680040DAF0EE60DAE4E60A9B314EDFF8C48035
:101878000F9F06EB8309CDF80C90994656F8040B98
:1018880003F016FB02460B4658F8040BCDE900237B
:1018980003F00EFBDDE9002382468B46104619460D
:1018A80003F05EFB524604460D465B4650465946D9
:1018B80003F056FB02460B462046294603F09AF9E8
:1018C80041EC100B01F038F8484655EC104B03F08A
:1018D800DDFA0B4602462946204603F06BFC03F06E
:1018E80037FE039B47F8040B9E42C7D10E9811B0F0
:1018F800BDEC0C8BBDE8F08F51464B467DE60E9C47
:1019080057E64FF0FF330E93F0E700BFAFF30080C8
:10191800000000000000F0BF075C143326A6A13CBD
:10192800000000000000F03F182D4454FB2119402E
:1019380078340020781400202DE9F047DDF8209055
:10194800D8B3D2B3CBB300292FDD09F1FF3C9C44B7
:10195800C9F100079E464FF00008B9F1000FD8BF43
:10196800002527DD44464FF0000A002CC4F100058D
:1019780004DB1EF80560055D06FB05AA013CBC42B8
:10198800F3D15C1E002514F8016F64453544FAD183
:1019980075B1BAFBF5F502F8085008F101084145A0
:1019A80007F101070EF1010ED7D10020BDE8F0873D
:1019B8005FFA8AF502F80850EFE74FF0FF30F5E7D5
:1019C8002DE9F04F2DED048B89B0CDE90603059183
:1019D8000192002800F0DC80002A00F0D980002B5A
:1019E80000F0D680179A002A00F0D280169A002AB2
:1019F8009FED697B40F3C780551E57EC176B1D445C
:101A08005C1E14F8010F03F041FA02460B463046FB
:101A1800394603F0EFF8AC4206460F46F1D147ECE1
:101A2800196B059B002B40F39980189B5B4203932D
:101A3800169BC3F1000B00230293169B002B4FF05B
:101A480000044FF000051BDD029A079BDDF81880A3
:101A580016469F18002EC6F100030EDBF85C18F836
:101A6800063000FB03F003F011FA02460B4620464D
:101A7800294603F0BFF804460D46013E5E45E9D10C
:101A8800189B012B4FF000064FF0000730DD029B3A
:101A9800179ACDF810B003F1FF3ADDF80CB0D3185F
:101AA80045EC184B1D46BAF1000FCAF1000317DBCD
:101AB800E85C03F0DBF9019B804613F80A008946CD
:101AC80003F0E4F902460B464046494603F048FA5B
:101AD80002460B463046394603F08CF806460F4658
:101AE8000AF1FF3ADA45DED155EC184BDDF810B0B3
:101AF80059EC198B0022002319EE100A494603F00D
:101B0800BFFC22462B4688B33046394603F072F8AC
:101B180019EE102A4B4603F04DFB04460D4620A350
:101B2800D3E900232046294603F0AAFC0646D8B983
:101B3800002200232046294603F084FCE8B1019BDB
:101B4800039A19460132029B0392059ACE54013337
:101B58009A4202930BF1010B7FF46FAF002009B09A
:101B6800BDEC048BBDE8F08FFF26E8E73046394628
:101B780003F040F804460D46D1E72046294603F015
:101B8800C7FCC6B2DBE7B0EE479AF0EE679A48E7C3
:101B98004FF0FF30E3E700BF000000000000000046
:101BA8000000000000E06F40002874D02DE9F04FDD
:101BB8002DED048B174683B0002A69D0002988468A
:101BC80066DD07EE901AB8EEE78A814678EE087A65
:101BD80017EE900A03F06CF902460B4633A1D1E9DF
:101BE800000103F0E7FA03F0B3FCF7EE007A87EEA2
:101BF800880A08EE900AB5EE400AF1EE10FAB1EE46
:101C0800C09A4ED4F0EE007A87EE880AB5EE400A04
:101C1800F1EE10FAF1EEC09A40D409F1FF3308F161
:101C2800FF354D4401934FEA88090026DDF804B0DA
:101C3800B24674009FED1C8ABAFBF9F309FB13A3A3
:101C480000EE103AB8EE400AA24420EE280A00F04E
:101C58002BFE1BF8013F07EE903AF8EE677A5D45D8
:101C680027EE800A38EE008AE6D1002E14BFF0EE87
:101C7800697AF0EE497A27EE888A0136B045A7ECF2
:101C8800018AD3D1002003B0BDEC048BBDE8F08FEE
:101C98004FF0FF30F7E74FF0FF30704700F0AAFE33
:101CA800BBE700F0A7FEADE700000000182D445484
:101CB800FB2109402DE9F04F834B1D68B5F5847F62
:101CC800ADF52F7D06D3814B814ED3F80080736824
:101CD800984504D000200DF52F7DBDE8F08FB4683D
:101CE800E31DDB0803F584739D42F3D1B4EB481F71
:101CF800F0D80BAF84220021384602F06DFF842211
:101D080000212CA802F068FF4DA88422002102F0CF
:101D180063FF06F10B0E704606F20B134FF0000C32
:101D280009E032B157F82210013147F822100CF1BE
:101D3800010C984204D010F8012F202AF1D9C9E7E4
:101D4800B8F1000F00F0B480BCF1000FC2D0002140
:101D580000208B46CDE90001CDE907582CA94FF0AA
:101D6800000C03914DA902910122614606970DF5D9
:101D7800DC790994DC46009C0019019C4CEB0404B6
:101D88000494069C0018009054F8040F0694049CD0
:101D98004FF0010C6441A2F12008C2F120052CFA91
:101DA80005F50CFA08FB01944BEA050BDDE9004543
:101DB800241845F100050CFA02FAAB4508BFA24504
:101DC8004FF0000C86D3039C2546009C45F8044F31
:101DD800029C039544F8041F0294744614F8015FAA
:101DE800954205D1651EA5EB0E0509F80150013194
:101DF8009C42F3D10132212ABDD1099CDDE9075863
:101E0800002C52D096F80C110023C9119C460122CF
:101E18000BE099F80C01013240FA0EF000F00100D5
:101E2800212A40EA41013FF455AF013357F8220017
:101E38006FEA030E06EBD3090EF0070E10B30DF18F
:101E4800B00A5AF822A08A45A1EB0A0B1AD85845BD
:101E58000CF1010016D9E0457FF63CAF0DF59A7BF1
:101E68005BF822B01B4A5944A1EB0A0A6EA912F882
:101E78000CC011F80A1061454FF000027FF42AAF38
:101E880084461146A342C4D113F007030BD035444E
:101E9800C3F10803E8784FF0FF3101FA03F330EAA1
:101EA80003037FF417AFE04508D00022104612E77D
:101EB8005CEA04030CBF012000200CE7B2FA82F2AE
:101EC8005209104607E700BFA09D0020989D0020FA
:101ED8007C540020989500202DE9F84F2D4A2E4B70
:101EE80012681B68934230D132B32C4E2C4DDFF868
:101EF800BCC031460024022750B30B78002C45D0D3
:101F080095F8008011F801EC4344012C17FB0E33BF
:101F18003CD011F802EC15F8018CC6447344B3F5B3
:101F2800806F39BFC3F3870301310131FF230134C7
:101F3800A24205F8013FDFD11A491B4802F030FEE2
:101F4800B0FA80F04009BDE8F88F0020BDE8F88FAE
:101F58000131DFF85C808E4608F1100B1EF8019DF8
:101F68004FF0010A0346C3450AFB093309D0B645B9
:101F780007D058F804AB1EF8019DC3450AFB093386
:101F8800F5D1ACFB03E3C3F34703D0E79B0801316A
:101F9800CDE700BF989D0020A09D002098950020C7
:101FA8008B6D0020805400208C6D0020398EE33822
:101FB80064A300082DE9F041DFF828C13F4DDFF8A0
:101FC80028E13F4E471E00230B2F2B608EF8003070
:101FD800CCF80030336024D8B2F5006F904620D892
:101FE800044600295DD0092816D00C281CD0EAB96F
:101FF8003449354A354B0B6042F2040641F60C1061
:102008008B5113501360324A00231370314A2C60ED
:1020180013700120BDE8F081002A47D0501E1042FD
:1020280004D01846BDE8F081002A3FD02A4842462D
:1020380002F0C4FD42F2040722482349C6F8008092
:1020480041F60C16214BC351B8F5006F8B51036054
:102058000B60D8D12049214B01F500670A4601E001
:10206800BA4229D083EA433383EA534312F8016B17
:1020780083EA4313D8B28642F2D00022144B184E9A
:102088001A708020002303E0B3F5006F12D0B05C13
:1020980011F8012B0133824203F07F02F4D00023B0
:1020A800B4E72AB9092801D00C28A1D14046B9E7DC
:1020B8000846B7E70123A9E70122DFE778540020A3
:1020C800989D00208C7500207C540020216DA783EA
:1020D8009495002095950020989500204D3C2B1A4A
:1020E800C0A00008A09D00209C9D00202DE9F04381
:1020F800714B724E1A680023824289B0337006D140
:10210800044620B16E4F6F493A688A4203D00020D6
:1021180009B0BDE8F08341F60C1179589142F6D127
:10212800DFF8D091D9F800208A42F0D142F20401B8
:1021380059F801109142EAD1DFF8BC81421EC8F873
:10214800003013460B2BE2D8DFE803F0AFA89C95CC
:102158008D867C6D645232065B4D5C4A29685C480A
:10216800FFF722FD0028D2D1286880000028CEDBA6
:10217800544A3B689342CAD141F60C12BA589A4263
:10218800C5D1D9F800309342C1D142F2040259F8BE
:1021980002209A42BBD1092CC8F8000005D00C2CAB
:1021A80003D041F608139842B1DC01203070AFE744
:1021B800484B494A1B68444DADF814301B0CD2F803
:1021C80000C08DF81630032329680293009306ABEC
:1021D80001934FEA1C4E414A3D48ADF818C005AB83
:1021E8008DF81AE0FFF7ECFB002890D12868BDE7CE
:1021F8003B4B354D394A93E803000523009306907D
:102208008DF81C103248296806ABFFF795FB0028AB
:10221800ECD07CE72C4D2D4A29682D48FFF7A8F90A
:102228000028A1D073E7284B29481968002506AA79
:102238000695FFF77BF900287FF469AF069B7B6062
:10224800042095E7204A274B116821480093234A28
:10225800254BFFF701F989E71B4B204A19681C48F1
:10226800FFF706F882E7184A204B116818481B4AFE
:10227800FEF790FE7AE7144B184A19681448FEF7DF
:10228800E3FC73E7104B1A4A196811487960FEF7A6
:1022980071FC0028FFF63BAF043069E70A4B0F4A90
:1022A80019680B48FEF74EFC60E7074B0B4A1968A4
:1022B8000748FEF7FDFB59E7785400209C9D002055
:1022C8007C540020216DA783989D002090750020E4
:1022D80098950020647000086870000880540020F9
:1022E8006C700008A47000088470000874700008FE
:1022F800845400208C750020A09D00202DE9F84F03
:10230800C34B1B68834207D1C24B1A7822B1C24C17
:10231800C24923688B4203D000221046BDE8F88FDB
:1023280041F60C1161589942F6D1BD4D2B688B428C
:10233800F2D142F2040169589942EDD1431E0B2BA8
:10234800EAD8DFE813F0E400C90090008C002A0105
:10235800180179006800160011000C001600BDE88D
:10236800F84F0120FFF7B8BDBDE8F84F0020FFF790
:10237800B3BDAC4B1A78002ACED0AB49AB4B0D6835
:102388001B68B3EB850FC7D1002DC6D0A849DFED78
:10239800A94ADFEDA93AA94E9FEDA95AA94F9FED89
:1023A800AA4ADFEDAA5A002326E01C0913F00F0FF2
:1023B80006EB840440F02681D4ED006AB0EEE67A9C
:1023C80027EE057A37EE247AD1ED007AB0EEE76A87
:1023D800B4EE656AF1EE10FA03F1010301F10401AC
:1023E8009AD877EEE67AF0EEE77AF4EEC77AF1EE6D
:1023F80010FA91DC9D4290D00C28D6D107EB8304CB
:10240800D4ED006AD1ED007AB0EEE67A27EE057ACF
:1024180037EE047ADAE78E4B1A78002A3FF47DAF5C
:10242800824B1B68042B7FF477AF6268894BD21A02
:10243800B2FA82F2520970E7854B1A78002A3FF403
:102448006CAF7A4B1A68B2F5006F7FF465AF8249BA
:10245800824802F0A5FBB0FA80F252095DE7BDE8B8
:10246800F84FFFF727BC714BD3F800B0BBF1030F4F
:102478007FF652AF6C4A6368126893427FF44CAFA0
:102488004FF0040EABEB0E0929F00109DFF8E4A1C7
:102498000026F14404EB0E0CB24240F2ED80CE452A
:1024A8003FF43AAF9CF805700EF10208002F40F097
:1024B8008780C3457FF630AF0EF1030EA044ABEB27
:1024C8000E0998F804300AF8063029F00109013697
:1024D800F14404EB0E0CDFE7534B54491B680E68BC
:1024E8009E427FF419AF002E3FF417AF5C485D4C55
:1024F8000644002302E0B0423FF40FAF14F8015F36
:1025080010F8011B2B44DBB29942F4D004E7474B87
:102518001F6817F0010E7FF4FFAEDFF80CA1002F43
:1025280000F0B580DFF8F0C0DAF80080DFF830910D
:1025380074469CF80450002D3FF4EEAEA8EB04035B
:102548009D423FF6E9AE621E9CF805604A44234668
:1025580012F8011F0133B142A4EB03007FF4DCAE93
:10256800E842F5D10EF1020E77450CF1020C40F26B
:102578008F801C46DDE7364B1A78002A3FF4CDAE33
:102588002A4B1A68202A7FF4C7AE3749334802F02D
:1025980007FBB0FA80F25209BFE62D4B1A78002AE1
:1025A8003FF4BBAE214B1A68B2F5016F7FF4B4AEAD
:1025B8002E492A4802F0F4FAB0FA80F25209ACE641
:1025C8009CF80430002B3FF4A7AEB3423FF6A4AE0C
:1025D800911B8F423FF6A0AE2548F11A0139731EB0
:1025E8008519514453443D4411F8010F03F8010F74
:1025F8009D42F9D13E44B2420CF1020C3FF659AF6C
:10260800C64649E7B0EE647AF0EE636ADCE600BFDE
:10261800785400209C9D00207C540020216DA783C5
:102628008C75002095950020989D0020A09D002085
:102638009075002017B7D1380000000040A10008AD
:10264800ACC5A737C08000080AD7233CFFFF7F7FAF
:1026580094950020339A3E9DC0780008805400204D
:10266800989500207F54002040A30008B07000080F
:102678008B6D00208C6D0020F3457FF44DAE07492B
:10268800074802F08DFAB0FA80F2520945E63B4657
:10269800DAF80020D31A5A425A413EE698950020AB
:1026A8008C6D0020224B1A68824207D1214B187882
:1026B80030B1214B21481968814202D0002070476F
:1026C800704741F60C1018588842F7D130B41C4CAA
:1026D8002168814202D0002030BC704742F20400D9
:1026E80020588842F7D1092A1FD0043404330C2A11
:1026F80018BF1C46134B18680028EDD0431E12481B
:10270800E518013C4FF0FF3314F8011F08224B4035
:102718005908DB074CBF81EA00030B46013AF7D1A1
:10272800AC42F1D1D84330BC70470434E2E700BF73
:10273800785400209C9D00207C540020216DA783A4
:102748008C750020A09D00202083B8ED00000000BB
:1027580000B551EC100B264A21F00043934285B096
:102768001EDD244A934209DD10EE102A0B4602F0C2
:102778003FFA41EC100B05B05DF804FB684600F029
:1027880093F900F00300012811D0022825D0E8B100
:102798009DED021B9DED000B012001F035FBEAE7E2
:1027A8009FED111B00F0C8FD05B05DF804FB9DED21
:1027B800021B9DED000B01F027FB53EC102B03F1DE
:1027C800004300EE903A05B05DF804FB9DED021B56
:1027D8009DED000B00F0B0FDCDE79DED021B9DEDDA
:1027E800000B00F0A9FDE8E7000000000000000071
:1027F800FB21E93FFFFFEF7F00B551EC100B284AA2
:1028080021F00043934285B025DD264A934209DD35
:1028180010EE102A0B4602F0EBF941EC100B05B054
:102828005DF804FB684600F03FF900F0030001285A
:1028380019D0022826D0E8B19DED021B9DED000BB2
:1028480000F07AFD53EC102B03F1004300EE903AB0
:1028580005B05DF804FB9FED101B002001F0D4FAD1
:1028680005B05DF804FB9DED021B9DED000B00F02B
:1028780063FDD4E79DED021B9DED000B012001F0E7
:10288800C3FACCE79DED021B9DED000B012001F082
:10289800BBFAD7E7AFF3008000000000000000009B
:1028A800FB21E93FFFFFEF7F00B510EE103A204A09
:1028B80023F00043934283B019DDB3F1FF4F04DBEB
:1028C80030EE400A03B05DF804FB684600F0E6FB12
:1028D80000F00300012811D002281FD0B8B1DDEDA7
:1028E800010A9DED000A012001F004FFEAE7DFED8F
:1028F800110A01F047FB03B05DF804FBDDED010AA6
:102908009DED000A01F0F6FEB1EE400ADAE7DDEDD2
:10291800010A9DED000A01F035FBD3E7DDED010A60
:102928009DED000A01F02EFBB1EE400ACAE700BF98
:10293800D80F493F000000002DE9F0432DED028B30
:102948008BB055EC104B00F0E5FA284BB0EE408AFE
:10295800F0EE608A93F900707B1C12D022462B4659
:102968002046294602F096FD064650B94FF0000869
:102978004FF000092046294642464B4602F062FDC8
:1029880040B9B0EE480AF0EE680A0BB0BDEC028B15
:10299800BDE8F083164B08960122CDE90445CDE940
:1029A80002450092019397B142464B46404649463C
:1029B80002F000FC022FCDE906010AD102F0C6F8A8
:1029C80021230360089B63B99DED068BD9E7CDE908
:1029D8000689684601F064FF0028EFD0089B002BA9
:1029E800F2D002F0B3F8089B0360EDE70400002082
:1029F80074A3000810B52DED028B8AB0B0EE408AA2
:102A080000F096FC254B93F90040631C09D0B4EE06
:102A1800488AF1EE10FA04D6B5EEC08AF1EE10FA43
:102A280003D40AB0BDEC028B10BD01231C4A0093ED
:102A380018EE100A00230192089302F039FA0022D6
:102A4800CDE90401CDE902010023BCB110461946C5
:102A580002F0B0FB022CCDE9060111D102F076F8A4
:102A680021230360089B9BB9DDE9060102F070FD94
:102A780000EE100A0AB0BDEC028B10BDCDE90623AA
:102A8800684601F00DFF0028E8D0089B002BEBD02A
:102A980002F05CF8089B0360E6E700BF0400002032
:102AA8007CA30008000000002DE9F04F53EC102B28
:102AB8002DED048B924923F000458D4289B00446E0
:102AC80040F38F808F498D429B462DDCBBF1000F70
:102AD800194610EE100A80A3D3E9002340F3C781FA
:102AE80002F086F8884B9D4206460F4600F091801A
:102AF8007BA3D3E9002302F07BF802460B46C4E926
:102B080000233046394602F073F875A3D3E9002351
:102B180002F06EF8C4E902014FF0010A504609B00C
:102B2800BDEC048BBDE8F08F78498D4240F394806A
:102B380077498D4210EE100A61DC4FEA255AAAF255
:102B4800164AA5EB0A5116460F4602F0B9FC02F0E8
:102B58009DF9804689463046394642464B46CDE97E
:102B6800028902F045F86B4B002202F0F9F90F4692
:102B7800064602F0A5FC054602F088F902460B4617
:102B880030463946CDE9042302F032F8614B002281
:102B980002F0E6F902460B46CDE90623002200239F
:102BA80002F046FC002800F06081002D0CBF0123D4
:102BB8000223594A019202215246009102A8214655
:102BC80000F0FAFCBBF1000F8246A7DA6268E368FE
:102BD80002F1004203F10043C0F1000A6260E360C1
:102BE8009CE7002000214FF0000AC4E9020150468A
:102BF80084ED000B09B0BDEC048BBDE8F08F1946DD
:102C080001F0F6FF4FF0000AC4E90201C4E900012F
:102C180084E735A3D3E9002301F0EAFF34A3D3E91D
:102C2800002306460F4601F0E3FF02460B46C4E9BF
:102C380000233046394601F0DBFF2DA3D3E90023FA
:102C480001F0D6FF4FF0010AC4E90201504609B06D
:102C5800BDEC048BBDE8F08F01F094FD57EC106BD0
:102C680010EE100A24A3D3E90023394602F078F9BC
:102C78002A4B002201F0BEFF02F022FC824602F03D
:102C880005F915A3D3E900238046894602F068F9BF
:102C980002460B463046394601F0AAFF10A3D3E995
:102CA800002306460F464046494602F059F9BAF154
:102CB8001F0F49EC198B47EC186B8046894631DCAD
:102CC800174B0AF1FF3253F82230AB422AD00246A2
:102CD8000B4630463946A4E000004054FB21F93F3A
:102CE8003163621A61B4D03D0000601A61B4D03D0E
:102CF8007370032E8A19A33B83C8C96D305FE43F04
:102D0800FB21E93F7BD90240FB21F93FFB213941F7
:102D1800FFFFEF7F0000704104A400080000E03FBF
:102D280084A3000842464B4651EC180B01F060FFA3
:102D38000A46C2F30A53C3EB1553102B0146064645
:102D480017464FEA255573DD69A3D3E9002351ECF3
:102D5800190B02F005F959EC188B06460F46324656
:102D68003B4618EE100A494601F042FF41EC180BA9
:102D7800404653EC182B494601F03AFF32463B4691
:102D880001F036FF5CA3D3E9002306460F4651EC59
:102D9800190B02F0E5F832463B4601F029FF804660
:102DA800894642464B4651EC180B01F021FF0A4672
:102DB800C2F30A53ED1A312D01460646174637DD90
:102DC80050A3D3E9002351EC190B02F0C9F856ECD3
:102DD800185B8046894642464B4618EE100A314633
:102DE80001F006FF41EC180B314653EC182B28462E
:102DF80001F0FEFE42464B4601F0FAFE43A3D3E93A
:102E0800002306460F4651EC190B02F0A9F832468A
:102E18003B4601F0EDFE8046894651EC180B4246D0
:102E28004B4601F0E5FEC4E9000106460F4601E005
:102E3800C4E9001232463B4651EC180B01F0D8FEAB
:102E480042464B4601F0D4FEBBF1000FC4E9020133
:102E5800BFF664AE07F1004501F10043C4E900651F
:102E6800C4E90203CAF1000A58E60323A1E601F007
:102E7800C1FE234B9D4206460F4616D01AA3D3E93E
:102E8800002301F0B7FE02460B46C4E90023304692
:102E9800394601F0ADFE14A3D3E9002301F0AAFEE0
:102EA8004FF0FF3AC4E9020138E611A3D3E9002341
:102EB80001F0A0FE10A3D3E9002306460F4601F057
:102EC80099FE02460B46C4E900233046394601F014
:102ED8008FFE09A3D3E9002301F08CFE4FF0FF3ADF
:102EE800C4E902011AE600BF3163621A61B4D03D39
:102EF8000000601A61B4D03D7370032E8A19A33B99
:102F0800FB21F93F0000002E8A19A33BC149202567
:102F18009A837B392DE9F0415F4A57EC106BBA432D
:102F280000F09880002F10EE104A3B464EDD391510
:102F38005BD0C3F31303CA0743F48013A1F2FF3E27
:102F480003D45B0003EBD4736400E20F4FF0000C72
:102F580002EB43034FEA6E0E6400664616254FF4F3
:102F68000012B118994202DC5B1A8E1894445B0077
:102F7800013D03EBD4734FEA52024FEA4404F0D107
:102F88002F4620204FF0004209E03ED0E10F0138E3
:102F98004FEA520201EB43034FEA44043ED0B342E6
:102FA80002EB0501F1DD002901EB020509DBB04662
:102FB8009B1BA14288BF03F1FF33641A174446469E
:102FC800E4E7002DF3DB06F10108F1E727F0004202
:102FD800324336D0002F4DD13946E20A15396405FF
:102FE8001346002AF9D0D70251D400205B00DE0234
:102FF800054600F10100F9D51A4623468440C0F180
:103008002000C3401343491B93E7A142BED80029BF
:1030180001EB0205D5DB98460023CEE7234312D106
:1030280078084FEA6C0101F17F511CF0010F01F59E
:10303800001118BF40F0004001EB0E53024643EC6C
:10304800102BBDE8F0817B1C16BF781C0CF1010C1D
:103058004008E6E710EE102A10EE100A3B46394603
:1030680001F07EFF32463B4601F0C4FD41EC100BF7
:10307800BDE8F08110EE102A3046394601F0B8FD5F
:1030880002460B4602F096F841EC100BD9E72346AE
:1030980020204FF0FF35B4E70000F07F70B510EE48
:1030A800103A954A23F00044944286B0054668DDFC
:1030B800924A944210EE106A1ADC002BDFED907AE7
:1030C800904A24F00F0440F3F180944270EE677A3E
:1030D80066D09FED8D7A77EEC76A012077EEE67AA3
:1030E800C5ED006A77EEC77AC5ED017A06B070BD06
:1030F800864A944267DDB4F1FF4F49DAE215863A11
:10310800A4EBC25307EE903ABDEEE77ADFED806A92
:10311800B8EEC77A77EEC77A8DED037A67EEA67AAE
:10312800BDEEE77AB8EEC77A77EEC77A8DED047A06
:1031380067EEA67AF5EE407AF1EE10FACDED057A53
:1031480040F0A380B5EE407AF1EE10FA14BF0223E6
:103158000123704901910221009103A8294600F03A
:1031680093FF002EC2DA95ED007AD5ED017AB1EE23
:10317800477AF1EE677A404285ED007AC5ED017A2B
:10318800B4E7002285ED000A4260002006B070BD59
:1031980070EE407A0020C5ED017AC5ED007AA5E70A
:1031A800DFED5D6A9FED5D7A77EEE67A012077EED6
:1031B800C76A77EEE67AC5ED006A77EEC77AC5ED9D
:1031C800017A06B070BD01F001FCDFED556A9FED94
:1031D8004C6A9FED4D7AF6EE007AE0EE267AFDEE27
:1031E800E77A17EE900AF8EEE76A1F28A6EEC60AF5
:1031F80066EE877AB1EE666A1EDC4A4A411E24F002
:10320800FF0352F82120934216D030EE677A85EDFD
:10321800007A30EE470A002E30EE670A85ED010A83
:10322800BFF664AFB1EE477AB1EE400A85ED007A99
:1032380085ED010A404259E730EE677AE21517EE4C
:10324800103AC3F3C753C3EBD454082CDFDDDFEDCA
:10325800327A9FED327AF0EE405AE6EE275A30EE97
:10326800650AA6EE270AF0EE407AD6EE877A35EEA2
:10327800E77A17EE103AC3F3C753D21A192A06DCB5
:1032880085ED007AB0EE650AC3E7032361E79FED99
:10329800267A9FED265AB0EE650AA6EE070A75EE65
:1032A800C07AE6EE077AD6EE857AAEE7944270EEFB
:1032B800277A0ED09FED147A77EE876A4FF0FF30A9
:1032C80077EEE67AC5ED006A77EE877AC5ED017A82
:1032D8000CE7DFED116A9FED117A77EEA67A4FF0D1
:1032E800FF3077EE876A77EEE67AC5ED006A77EE0B
:1032F800877AC5ED017AF9E6D80F493FE3CB164046
:10330800800FC93FD00FC93F43443537800F494329
:10331800000080438CA500080044353708A3852E9B
:1033280084F9223F0CA5000800A3852E32318D2494
:10333800B1EEC00A704700BF2DE9F84F57EC106B8B
:1033480027F00049B9F1795F2DED048B5BEC11ABE7
:1033580071DA10EE100A394602F0B2F8002800F0CF
:10336800F68032463B463046394601F0F9FD7CA3EB
:10337800D3E9002304460D4601F0F2FD7AA3D3E910
:10338800002301F037FC22462B4601F0E9FD78A323
:10339800D3E9002301F02CFC22462B4601F0E0FD86
:1033A80075A3D3E9002301F025FC22462B4601F042
:1033B800D7FD73A3D3E9002301F01AFC22462B465C
:1033C80001F0CEFD70A3D3E9002301F013FC2246DF
:1033D8002B4601F0C5FD41EC180B714B002220462D
:1033E800294601F0BDFD53EC182B8046894620463E
:1033F800294601F0B5FD52465B4604460D46304667
:10340800394601F0ADFD02460B462046294601F03B
:10341800EFFB02460B464046494601F0E9FB0246EF
:103428000B4600205F4901F0E3FBBDEC048B41EC47
:10343800100BBDE8F88F10EE102A10EE100A3B466C
:10344800394601F08DFD46A3D3E9002304460D4615
:1034580001F086FD44A3D3E9002301F0CBFB22460B
:103468002B4601F07DFD42A3D3E9002301F0C0FB08
:1034780022462B4601F074FD3FA3D3E9002301F057
:10348800B9FB22462B4601F06BFD3DA3D3E900238F
:1034980001F0AEFB22462B4601F062FD3AA3D3E9C8
:1034A800002301F0A7FB2B46224601F059FD3E4BB5
:1034B800994541EC180B90DD3C4B99453CDC0022CA
:1034C800A9F50013374900209046994601F090FB72
:1034D80041EC190B324B00222046294601F040FDF1
:1034E80042464B4601F084FB53EC182B8046894634
:1034F8002046294601F034FD52465B4604460D46F7
:103508003046394601F02CFD02460B462046294636
:1035180001F06EFB02460B464046494601F068FB47
:1035280002460B4651EC190B01F062FBBDEC048B13
:1035380041EC100BBDE8F88F9FED157BDFF870901C
:10354800B0EE479AF0EE679A4FF00008C2E7BDEC7C
:10355800048B9FED110BBDE8F88F00BFAFF300801F
:10356800D43888BEE9FAA8BDC4B1B4BD9EEE213EE8
:10357800AD529C804F7E923E9015CB19A001FA3E29
:103588007751C1166CC1563F4C5555555555A53FF9
:10359800000000000000E73F000000000000F03FCE
:1035A8000000E03F0000F03F3233D33F0000E93F26
:1035B8000000D23F000000002DE9F04FADF5197D65
:1035C800BB4CA29D089354F825400594013B12F189
:1035D800140F04900B910393C0F22683B549D31EB0
:1035E80081FB0301DB17C3EBA10307930133A3EBB3
:1035F8008303DB00D3180693079A039BD41A059A12
:10360800D6181AD40136A39F4FF000084FF00009CE
:10361800264420AD08E057F8240001F037FC0134B7
:10362800B442E5E8020108D0002CF4DA013440463F
:103638004946B442E5E80201F6D1059B002BC0F2E9
:10364800C883089BDDF80C90DA000292059A1A44A8
:103658000192049A20A901EBC30A0DF5E07B02EB65
:10366800C308039B002B4FF000044FF0000511DB4B
:10367800049E574677E90223F6E8020101F070FC40
:1036880002460B462046294601F0B4FA4645044650
:103698000D46EFD1019B09F101099945EBE8024577
:1036A8000AF1080ADDD1059A04980CA901EB8203F6
:1036B80002990144083B8B460BA90993134601EB79
:1036C80082020A920193019A98A901EBC203002A87
:1036D80053E928452ADD0DF5E07909EBC2080DF11B
:1036E800300A754B00222046294601F039FC01F0CA
:1036F800E7FE01F0CBFB714B002206460F4601F0B6
:103708002FFC02460B462046294601F071FA01F0CB
:10371800D7FE044678E902234AF8044B3046394676
:1037280001F068FAC84504460D46DAD1DDF818906C
:1037380045EC104B484601F0B7F855EC104B002209
:103748004FF07F5310EE100A294601F009FC41ECB6
:10375800100B01F021F85A4B51EC100B002201F02C
:10376800FFFB02460B462046294601F041FA0D466A
:10377800044601F0A5FE804601F088FB0B46024690
:103788002946204601F034FA4B46002B06460F46E0
:1037980040F39880019A0CA9013AC9F1180351F82D
:1037A800225045FA03F101FA03F3EB1AC9F11705A0
:1037B8000CA843FA05F5002D40F82230884400F3A0
:1037C8008B80002200233046394601F031FE002864
:1037D80000F05682019B059A03F1FF3A524510DC2E
:1037E80003F180430CAA013B0A9802EB83030022F1
:1037F80053F80419834242EA0102F9D1002A40F041
:10380800DC80059B0CAA013B52F82330002B40F0CA
:10381800CF80099A012352F8041901330029FAD0FC
:1038280001994A1CCB1802939146079B089902EB11
:10383800030A019B0B44984620AB0AF1804A03EB2C
:10384800C808A39B0AF1FF3A03EB8A0A70AB03EBA3
:10385800C20301935AF8040F01F018FB0B460399B1
:1038680002460029C8E9002347464FF0000408F142
:1038780008084FF0000511DB049E01E077E90223F8
:10388800F6E8020101F06CFB02460B462046294689
:1038980001F0B0F95E4504460D46EFD1019BE3E81F
:1038A80002450193029B09F101099945D2DD09E717
:1038B800E8A80008ABAAAA2A0000703E00007041E0
:1038C800000020406BD1019B0CAA013B52F8235009
:1038D800ED15002D7FF775AF019B002B08F101084E
:1038E80040F3CC810C9C002C51D1019B012B20D0A2
:1038F8000CAB012253F8044F002C4BD0531C0CA9DD
:10390800C4F1807441F822400199994210DD0CAA53
:103918000CA852F8232000EB830300EB81006FF022
:103928007F4100E01A688A1A43F8042B8342F9D1D0
:103938000124069B002B0EDD012B00F06A81022B6F
:1039480009D1019B5A1E0CAB0CA953F82230C3F3C2
:10395800150341F82230022D7FF433AF32463B463F
:10396800B949002001F044F906460F46002C3FF4FF
:1039780028AF06989FEDB00B00F096FF3046394609
:1039880053EC102B01F034F906460F4619E70123D2
:103998000022B4E7019901328A42ABD1C9E7AB4BA7
:1039A800002201F063FD002840F05681054608E733
:1039B800019B5A1C9146029237E70CAB069A53F8C2
:1039C8002A30CDF81C80183A0395069273B9019BEA
:1039D80003F18043023B0CA901EB830353F804195C
:1039E8000AF1FF3A183A0029F8D006929FED920B97
:1039F800069800F059FFBAF1000F55EC104BC0F2D1
:103A0800DE8170AB03EBCA0B0CAA0AF10103069323
:103A180002EB83084FEACA030BF10809049358F82C
:103A2800040D01F033FA22462B4601F099FA0646B6
:103A38000F46874B2046294669E90267002201F0B4
:103A48008FFA0CAB984504460D46E8D148ABCDE952
:103A5800013ADDF814A0BAF1000F4FF000092CDB91
:103A680077A3D3E90023DFF8EC815F460024002523
:103A7800002603E0B14510DBF8E80223F7E802016D
:103A880001F06EFA02460B462046294601F0B2F8CC
:103A98000136B24504460D46ECDA019B029A03EB67
:103AA800C9034A45C3E90045ABF1080B09F1010315
:103AB80006D0BAF1000F9946D2DA00240025ECE7C7
:103AC800A29BDDF808A0022B1EDC002B00F30F815F
:103AD80013D1049C019D0834002000212C4474E972
:103AE800022301F087F8A542F9D1039B13B101F134
:103AF800004319460B9BC3E90001079B03F007002D
:103B08000DF5197DBDE8F08FA29B032BF5D1BAF115
:103B1800000F00F07081019A049BD318D3E9004587
:103B280002EBCA0B7BE902672046294632463B4630
:103B380001F060F8A046A94604460D4622462B46E9
:103B48003046394601F054F84B46424601F052F8E7
:103B5800019B5B45CBE90045CBE90201E2D1BAF113
:103B6800010F40F34881019A049B0AF1005A0AF1B7
:103B7800FF3A13444FEACA01D3E9004501F1080AA4
:103B8800029192440DF5947B7AE902672046294612
:103B980032463B4601F02EF8A046A94604460D469B
:103BA80022462B463046394601F022F842464B461B
:103BB80001F020F8D345CAE90045CAE90201E3D17A
:103BC800029C019B0026002710341C4403F11005B9
:103BD8003046394674E9022301F00CF8A542F9D1C0
:103BE80006460F46039B002B40F0BF80019A0B99B5
:103BF800D2E90045D2E90223C1E90223079B03F079
:103C08000700C1E90467C1E900450DF5197DBDE864
:103C1800F08F019B5A1E0CAB0CA953F82230C3F34A
:103C2800160341F8223096E600216FF0170307913A
:103C3800E0E400BFAFF30080000000000000F03FA8
:103C480000000040FB21F93F0000F03F0000E03F8A
:103C58000000703EB0A80008019B002B08F1010885
:103C6800C8BF02253FF73EAE32463B4663490020B7
:103C780000F0BEFF022506460F46A2E5002458E6DE
:103C8800069B0395584247EC106BCDF81C8000F05A
:103C98000BFE55EC104B5A4B10EE100A0022294629
:103CA80001F0E4FB002856D0564B00222046294656
:103CB80001F056F901F004FC064601F0E7F8504B14
:103CC800002201F04DF90B4602462946204600F035
:103CD8008FFF01F0F5FB069B019C183304F1010AE4
:103CE80006930CAB43F8240043F82A607EE6019D56
:103CF800069A002005EBC204002174E9022300F0B3
:103D080079FFA542F9D1039B002B48D10B9BC3E94E
:103D180000010B4601990246D1E9000100F068FF55
:103D2800BAF1000F0DDD4AAD0124F5E80223013494
:103D380000F060FFA245F8DA039B13B101F10043DC
:103D480019460B9BC3E90201079B03F007000DF519
:103D5800197DBDE8F08F2046294601F0B1FB019B93
:103D68000CAA9A4642F8230040E6019B19465A6875
:103D7800DB680D688C680B9903F10043CB60079BE7
:103D88000D6002F100424A6003F0070007F10042AB
:103D98008C600E614A610DF5197DBDE8F08F0B9CB2
:103DA80001F10043C4E900030B4601990246D1E939
:103DB800000100F01DFFBAF1000FB4DCBEE7A29BC2
:103DC800022B0ADC002B11DC7FF497AE00200021C7
:103DD8008BE6089BDB00029365E4A29B032B7FF430
:103DE8008CAE48AB002600270193FBE648AB0020C9
:103DF8000021019387E700260027F3E60000F03F43
:103E0800000070410000703E2DE9F04F55EC104B5A
:103E180085B025F00043B3F1795F8DED001B039069
:103E280007DA10EE100A294601F04AFB002800F0D4
:103E3800898022462B462046294601F091F80646FD
:103E48000F4632463B462046294601F089F843A3EF
:103E5800D3E9002382468B463046394601F080F884
:103E680040A3D3E9002300F0C3FE32463B4601F0ED
:103E780077F83EA3D3E9002300F0BCFE32463B4668
:103E880001F06EF83BA3D3E9002300F0B1FE3246FF
:103E98003B4601F065F839A3D3E9002300F0AAFEF8
:103EA800039B80468946ABB3DDE900012A4B00221B
:103EB80001F056F842464B468046894650465946D8
:103EC80001F04EF802460B464046494600F090FE87
:103ED80032463B4601F044F8DDE9002300F088FE55
:103EE8001BA3D3E9002306460F465046594601F066
:103EF80037F802460B463046394600F07BFE02464C
:103F08000B462046294600F073FE41EC100B05B025
:103F1800BDE8F08F02460B463046394601F020F8DE
:103F28000BA3D3E9002300F063FE52465B4601F081
:103F380017F822462B4600F05DFE41EC100B05B049
:103F4800BDE8F08F45EC104B05B0BDE8F08F00BF21
:103F5800495555555555C53F0000E03F7CD5CF5ACA
:103F68003AD9E53DEB9C2B8AE6E55A3E7DFEB157F2
:103F7800E31DC73ED561C119A0012A3FA6F810115B
:103F88001111813F10EE103A23F00043B3F1485F5E
:103F98002CDAFDEEC07A17EE903A002B60D020EEB6
:103FA800007ADFED314A9FED315ADFED315A9FED4E
:103FB800316ADFED317ADFED316AA7EE245AE7EE98
:103FC800055AA7EE256AE7EE067AE7EE276A67EE56
:103FD800266A60EEC00AF6EE007AE7EE260AB7EE29
:103FE800000AD7EE270A30EE600A704720EE007A02
:103FF800DFED1D4A9FED1D5ADFED1D5A9FED1D6A2D
:10400800DFED1D7ADFED1D6A1D4AA7EE245A9342A3
:10401800E5EE075AA5EE876AE6EE077AE7EE876AC5
:1040280066EE876AD5DD174A934214DC03F17F43B5
:1040380007EE903AB7EE006A36EE676A60EEC00A9D
:10404800F6EE005AE7EE260AD7EE257A77EEE00A72
:1040580036EE600A7047B6EE076AF5EE027AEDE7CB
:10406800B7EE000A704700BF4ED747ADF6740F3160
:104078007CF293B4010DD037610BB6BAABAA2A3DD6
:104088009999993E0000483F2DE9F04F2DED048B9A
:10409800DBB0D74C689D0791111D54F82560049337
:1040A8000992834603F1FF39C0F29D82D31E44BFB3
:1040B80013460433DB1003930133DB000893DDE977
:1040C80008239B1A0693039B16EB0901A3EB09032C
:1040D80016D401319FEDC77A699819441EAA002B9E
:1040E800A4BF50F8234007EE904A03F10103ACBF88
:1040F800F8EEE77AF0EE477A8B42E2EC017AEED1FD
:10410800002EC0F2E082049B1EA901EB830446AD99
:104118004FEA830C4846F7180BEB8301B9F1000FFF
:10412800DFEDB47A09DB22465B46F3EC016A32ED37
:10413800017A8B42E6EE877AF7D10130B842E5EC96
:10414800017A04F10404E9D10DF1280808EB86038B
:10415800083B05939FEDA99ADFEDA78A069800967C
:1041680009AB03EB860A0BEB0C0446AF5B465AAA75
:1041780002EB8602002E12ED140A4FEA860B16DDBA
:1041880007EB8602414660EE097AB0EE407AFDEE12
:10419800E77A72ED016AF8EEE77ABA42A7EEE87AB2
:1041A80037EEA60ABDEEC77AA1EC017AEBD1CDE9CC
:1041B800010300F059FCB0EE408AB4EE000A28EE84
:1041C800000A00F00BFCF2EE007AA0EE678A019874
:1041D800029BFDEEC89A0028F8EEE97A38EE678A65
:1041E80078DD06F1FF3CC0F1080258F82C5045FA7A
:1041F80002F101FA02F2AA1A48F82C20C0F10705C8
:1042080019EE90CA42FA05F58C44002D09EE90CAC1
:1042180068DCB5EE408AF1EE10FA40F0B680009AFC
:1042280006F1FF3E724510DC06F18042013A08EBC8
:10423800820200219C4652F80439524541EA0301A2
:10424800F9D16346002940F0F280009A013A58F803
:104258002220002A40F0E680059A4FF0010C52F81F
:1042680004190CF1010C0029F9D006F1010BB44432
:10427800DE460499039A8D195A441EA902F1804218
:1042880001EB85056999013A01EB820607EB8B0B77
:10429800D6ED017A9FED577AF8EEE77AB9F1000F7B
:1042A80006F104062946C5ED007A05F1040509DB87
:1042B8001A4601E071ED017AF2EC016AA242A6EE1B
:1042C800A77AF7D10EF1010EE645ABEC017ADFDDF6
:1042D80066464CE740F09C80721E58F822502D121A
:1042E800002D96DD19EE902A002E02F1010209EE4A
:1042F800902A40F38E81D8F80010002974D1012E3D
:104308001CD042464FF0010C52F8041F002979D006
:104318000CF10102C1F58071964248F82C100CDDB1
:1043280058F82210C34408EB820200E01168C1F17A
:10433800FF0142F8041B5A45F8D1012100280CDD81
:10434800012800F04781022807D106F1FF3C58F800
:104358002C2002F03F0248F82C20022D7FF459AFA0
:10436800B7EE000A30EE488A00293FF452AFCDE993
:10437800010300F079FB38EE408ADDE90103B5EE70
:10438800408AF1EE10FA3FF44AAFDDE90832B0EEA8
:10439800480A981A02960195009E00F065FB9FED69
:1043A800167AB4EEC70AF1EE10FADDE90123C0F27D
:1043B8005781DFED127A069960EE277A0831FDEE13
:1043C800E77A0691F8EEE77A5D1CA7EEC70AFDEEDC
:1043D800E77ABDEEC00A10EE101A48F8231017EE5F
:1043E800903A48F8253039E001224FF0000C91E767
:1043F80024A9000800000000000080430000803B62
:104408000000C93F0CF1010CB4457FF47DAF95E77E
:10441800F6EE007AB4EEE78AF1EE10FA80F2E88060
:104428000025F6E606F1010BDE46DC4621E7069894
:1044380058F82E10083833462A46009E06907546CE
:1044480061B903F18043023B08EB8303014653F84B
:104458000409013D08390028F9D006910698009210
:10446800B7EE000A00F000FB002D009AC0F21E8192
:104478004FEA850E46AB03EB0E070EF1040C1FED59
:10448800217A08EB0C03391D73ED017AF8EEE77A0F
:10449800434567EE807A20EE070A61ED017AF3D191
:1044A800002E1FED296A4FF0000420DB8F48DFED56
:1044B800907A3946B0EE467A002303E09C4208DB46
:1044C800B0EC017AF1EC016A01339E42E6EE877A9C
:1044D800F4DA5AAB03EB8403A54243ED287AA7F13B
:1044E800040704F1010305D0002E1C46DEDADFEDD7
:1044F800807AEEE7689902291CDC002900F38B809A
:104508000FD132ABDFED7A7A9C443CED017A6345FA
:1045180077EE877AF9D10AB1F1EE677A079BC3ED96
:10452800007A19EE903A03F007005BB0BDEC048BFB
:10453800BDE8F08F689B032BF3D1002D00F0CB80F2
:104548005AAB734432A913ED287A01EB850373ED56
:10455800017AF0EE476A37EE277A994277EEC77A02
:1045680083ED007A77EEA67AC3ED017AEFD1012DBB
:1045780040F3B18005F180455AAB013D9E44AD0042
:104588002B1D1EED287A0B4433A873ED017AF0EE4B
:10459800476A37EE277A984277EEC77A83ED007A32
:1045A80077EEA67AC3ED017AEFD10835DFED507AC0
:1045B8004B19083133ED017A994277EE877AF9D1B0
:1045C800002A55D10799329A339BC1ED027A0A60C5
:1045D8004B60A6E706F1FF3C58F82C2002F07F025A
:1045E80048F82C20B9E6082308930023039366E5CE
:1045F80019EE902A002E02F1010209EE902AC8BF96
:1046080002253FF778AEF7EE007A37EEC88A022522
:10461800FFE5002192E632A9DFED357A01EB83034D
:1046280033ED017A994277EE877AF9D192BB9DED05
:10463800327A079B002DC3ED007A77EE677A0BDD9F
:1046480033A90123B1EC017A01339D4277EE877AD1
:10465800F8DA0AB1F1EE677A079BC3ED017A60E7F1
:10466800BDEEC00A1D4610EE101A48F82310F5E6F4
:10467800DDED326A9DED337A079BF1EE677AF1EE54
:10468800666AB1EE477AC3ED027AC3ED006A83ED3C
:10469800017A46E7DDED326A079BB1EE677A002DB5
:1046A80076EEE77A83ED007ACADCD3E7689B022BC3
:1046B8000DDC002B14DC7FF434AFDFED0D7A002A1B
:1046C8003FF42CAF28E7049B4FEA830C3CE5689B3A
:1046D800032B7FF426AFDFED067A002AC8D171E7F5
:1046E800DFED037A002AA2D0D4E700BFFCA80008B7
:1046F8000000000010EE103A23F00043B3F1485FC9
:1047080004DAFDEEC07A17EE903A5BB360EE007AF9
:104718009FED155ADFED155A9FED156ADFED156A05
:104728009FED157AE7EE855A20EE275AA5EEA76A7F
:10473800E6EE276AA6EEA77A30B9DFED106AE7EE53
:10474800876AA6EE850A704727EE457AF6EE006A74
:10475800A0EEA67ADFED0A6AD7EE270AE5EE260A6A
:1047680030EE600A704700BFD3C92E2F342FD7B25E
:104778001BEF3836010D50B98988083CABAA2ABE10
:10478800ABAA2A3E51EC100B10EE102A21F0004380
:1047980043EC102B704700BF51EC100BF8B5C1F378
:1047A8000A53A3F2FF35132D10EE106A0C4620DCD5
:1047B800002D3DDB384F2F4101EA070303431DD08D
:1047C80033A3D3E9002300F015FA0022002300F0F8
:1047D80057FE48B1002C04DA4FF4801343FA05F56C
:1047E8002C4424EA070400262346324643EC102BC7
:1047F800F8BD332D05DDB5F5806F29D041EC100BE0
:10480800F8BDA3F213434FF0FF37DF400742F5D05E
:104818001FA3D3E9002300F0EDF90022002300F0E4
:104828002FFE0028E0D0002C23DB26EA0706DBE772
:1048380017A3D3E9002300F0DDF90022002300F0DC
:104848001FFE0028D0D0002C0ADB00263446CBE718
:1048580010EE102A0B4600F0CDF941EC100BF8BD14
:1048680024F000430D4A1E43002E18BF14460026AC
:10487800BAE7142D08D00123C5F1340503FA05F56C
:10488800AE1928BFE418D0E70134CEE7AFF30080B3
:104898009C7500883CE4377EFFFF0F000000F0BFE6
:1048A800002070470000000038B553EC102BC3F30C
:1048B8000A511C46054681BB10EE101A23F000442D
:1048C800214329D0194600223D4B3E4C10EE100AD8
:1048D80000F046FBA54202460B4616DB0C46C1F328
:1048E8000A513639294440F2FE70814221DC002900
:1048F80047DC11F1350F34DA4CF250318D4218DCB7
:10490800002B27A1D1E9000144DB25A3D3E900232B
:1049180000F026FB41EC100B38BD40F2FF708142DD
:10492800E0D110EE100A194600F064F941EC100BC2
:1049380038BD002B1CA1D1E9000107DB1AA3D3E97C
:10494800002300F00DFB41EC100B38BD18A1D1E994
:10495800000115A3D3E9002300F002FB41EC100B82
:10496800F3E724F0FF4424F4E004363144EA015329
:10497800104619460022144B00F0F2FA41EC100BD5
:1049880038BD24F0FF4424F4E00444EA015343EC26
:10499800102B38BD08A1D1E90001B6E7AFF30080BC
:1049A80059F3F8C21F6EA5019C7500883CE4377E58
:1049B8009C7500883CE437FE59F3F8C21F6EA58148
:1049C80000005043B03CFFFF0000903C10EE103A4E
:1049D80023F0004300EE103A704700BF10EE102A93
:1049E800C2F3C7537F3B162B22F000411ADC002B81
:1049F8001EDB1A4919410A4227D0DFED197A70EEF9
:104A0800277AF5EEC07AF1EE10FA1EDD002A04DAF4
:104A18004FF4000040FA03F31A4422EA010300EEBF
:104A2800103A7047B1F1FF4F0FD330EE000A7047CC
:104A3800DFED0B7A70EE277AF5EEC07AF1EE10FA18
:104A480003DD002A02DB9FED070A70470029FFEE0D
:104A5800007A18BFB0EE670A704700BFFFFF7F00FB
:104A6800CAF249710000000082B08DED010A019B75
:104A780033F000422AD0B2F1FF4F23D213F0FF4F98
:104A880028D19DED017ADFED2A7A2A4B67EE277A45
:104A98009842CDED017A37DB019BC3F3C752193A2F
:104AA8000244FE2A1ADD9FED240A9FED247A019B19
:104AB800002BF0EE407AB8BFB0EE470A20EE270A86
:104AC80002B0704730EE000A02B070479DED010A4F
:104AD80002B07047D20D0244FE2AE4DC002A0BDC47
:104AE80012F1160F17DA4CF250339842DBDC9FEDC7
:104AF800140A9FED147ADAE723F0FF4343EAC2531E
:104B080000EE103A02B070479FED0D0ADDED017A14
:104B180027EE800AD8E7193223F0FF4343EAC2534D
:104B2800DFED097A07EE103A27EE270ACCE700BF37
:104B38000000004CB03CFFFFCAF24971CAF249F1CB
:104B48006042A20D6042A28D00000033014B18683C
:104B5800704700BF0800002070B50D4D0D4C641B58
:104B6800A4100026A64209D10B4D0C4CFBF732FDD0
:104B7800641BA4100026A64205D170BD55F8043B5D
:104B880098470136EEE755F8043B98470136F2E7B7
:104B980030A9000830A9000830A9000830A9000889
:104BA80030B501390024A24201D1002005E0035D9F
:104BB80001340D5DAB42F6D0581B30BD0A4491421A
:104BC80000F1FF3300D1704710B511F8014B03F81D
:104BD800014F9142F9D110BD02440346934200D1DE
:104BE800704703F8011BF9E781F0004102E000BFBC
:104BF80083F0004330B54FEA41044FEA430594EA95
:104C0800050F08BF90EA020F1FBF54EA000C55EACF
:104C1800020C7FEA645C7FEA655C00F0E2804FEAA0
:104C28005454D4EB5555B8BF6D420CDD2C4480EA82
:104C3800020281EA030382EA000083EA010180EAB2
:104C4800020281EA0303362D88BF30BD11F0004F00
:104C58004FEA01314FF4801C4CEA113102D0404236
:104C680061EB410113F0004F4FEA03334CEA133371
:104C780002D0524263EB430394EA050F00F0A78089
:104C8800A4F10104D5F1200E0DDB02FA0EFC22FA84
:104C980005F2801841F1000103FA0EF2801843FA78
:104CA80005F359410EE0A5F120050EF1200E012A69
:104CB80003FA0EFC28BF4CF0020C43FA05F3C018A7
:104CC80051EBE37101F0004507D54FF0000EDCF120
:104CD800000C7EEB00006EEB0101B1F5801F1BD3C9
:104CE800B1F5001F0CD349085FEA30004FEA3C0CCD
:104CF80004F101044FEA445212F5800F80F09A80C3
:104D0800BCF1004F08BF5FEA500C50F1000041EBC6
:104D1800045141EA050130BD5FEA4C0C404141EBCA
:104D28000101013C28BFB1F5801FE9D291F0000FC5
:104D380004BF01460020B1FA81F308BF2033A3F174
:104D48000B03B3F120020CDA0C3208DD02F1140C6B
:104D5800C2F10C0201FA0CF021FA02F10CE002F1A6
:104D68001402D8BFC2F1200C01FA02F120FA0CFC9F
:104D7800DCBF41EA0C019040E41AA2BF01EB0451E8
:104D8800294330BD6FEA04041F3C1CDA0C340EDCE6
:104D980004F11404C4F1200220FA04F001FA02F329
:104DA80040EA030021FA04F345EA030130BDC4F1E7
:104DB8000C04C4F1200220FA02F001FA04F340EADC
:104DC8000300294630BD21FA04F0294630BD94F08D
:104DD800000F83F4801306BF81F480110134013D74
:104DE8004EE77FEA645C18BF7FEA655C29D094EAE5
:104DF800050F08BF90EA020F05D054EA000C04BF63
:104E08001946104630BD91EA030F1EBF002100204D
:104E180030BD5FEA545C05D14000494128BF41F0EC
:104E2800004130BD14F580043CBF01F5801130BD50
:104E380001F0004545F0FE4141F470014FF00000DB
:104E480030BD7FEA645C1ABF194610467FEA655C8C
:104E58001CBF0B46024650EA013406BF52EA03352E
:104E680091EA030F41F4002130BD00BF90F0000F1C
:104E780004BF0021704730B54FF4806404F1320458
:104E88004FF000054FF0000150E700BF90F0000F11
:104E980004BF0021704730B54FF4806404F1320438
:104EA80010F0004548BF40424FF000013EE700BF08
:104EB80042004FEAE2014FEA31014FEA02701FBF98
:104EC80012F07F4393F07F4F81F06051704732F0CA
:104ED8007F4208BF704793F07F4F04BF41F4002121
:104EE800704730B54FF4607401F0004521F000417F
:104EF8001CE700BF50EA010208BF704730B54FF009
:104F080000050AE050EA010208BF704730B511F009
:104F1800004502D5404261EB41014FF4806404F141
:104F280032045FEA915C3FF4D8AE4FF003025FEAC7
:104F3800DC0C18BF03325FEADC0C18BF033202EB4B
:104F4800DC02C2F1200300FA03FC20FA02F001FAA5
:104F580003FE40EA0E0021FA02F11444BDE600BF48
:104F680070B54FF0FF0C4CF4E06C1CEA11541DBFF7
:104F78001CEA135594EA0C0F95EA0C0F00F0DEF8C2
:104F88002C4481EA030621EA4C5123EA4C5350EAA7
:104F9800013518BF52EA033541F4801143F48013F8
:104FA80038D0A0FB02CE4FF00005E1FB02E506F089
:104FB8000042E0FB03E54FF00006E1FB03569CF0DE
:104FC800000F18BF4EF0010EA4F1FF04B6F5007FE4
:104FD80064F5407404D25FEA4E0E6D4146EB060656
:104FE80042EAC62141EA55514FEAC52040EA5E50DF
:104FF8004FEACE2EB4F1FD0C88BFBCF5E06F1ED889
:10500800BEF1004F08BF5FEA500E50F1000041EBBF
:10501800045170BD06F0004646EA010140EA02006C
:1050280081EA0301B4EB5C04C2BFD4EB0C0541EA8E
:10503800045170BD41F480114FF0000E013C00F3A3
:10504800AB8014F1360FDEBF002001F0004170BDC7
:10505800C4F10004203C35DA0C341BDC04F11404E0
:10506800C4F1200500FA05F320FA04F001FA05F26C
:1050780040EA020001F0004221F0004110EBD37039
:1050880021FA04F642EB06015EEA430E08BF20EA65
:10509800D37070BDC4F10C04C4F1200500FA04F308
:1050A80020FA05F001FA04F240EA020001F000419A
:1050B80010EBD37041F100015EEA430E08BF20EA0D
:1050C800D37070BDC4F1200500FA05F24EEA020E55
:1050D80020FA04F301FA05F243EA020321FA04F084
:1050E80001F0004121FA04F220EA020000EBD3703B
:1050F8005EEA430E08BF20EAD37070BD94F0000F3B
:105108000FD101F00046400041EB010111F4801F6E
:1051180008BF013CF7D041EA060195F0000F18BF1F
:10512800704703F00046520043EB030313F4801F5B
:1051380008BF013DF7D043EA0603704794EA0C0F15
:105148000CEA135518BF95EA0C0F0CD050EA41062B
:1051580018BF52EA4306D1D181EA030101F00041A8
:105168004FF0000070BD50EA410606BF10461946D0
:1051780052EA430619D094EA0C0F02D150EA0136DC
:1051880013D195EA0C0F05D152EA03361CBF10461D
:1051980019460AD181EA030101F0004141F0FE41BC
:1051A80041F470014FF0000070BD41F0FE4141F440
:1051B800780170BD70B54FF0FF0C4CF4E06C1CEA40
:1051C80011541DBF1CEA135594EA0C0F95EA0C0FF5
:1051D80000F0A7F8A4EB050481EA030E52EA0335B0
:1051E8004FEA013100F088804FEA03334FF08055D1
:1051F80045EA131343EA12634FEA022245EA1115FE
:1052080045EA10654FEA00260EF000419D4208BFAE
:10521800964244F1FD0404F5407402D25B084FEA5B
:105228003202B61A65EB03055B084FEA32024FF407
:1052380080104FF4002CB6EB020E75EB030E22BF64
:10524800B61A754640EA0C005B084FEA3202B6EB24
:10525800020E75EB030E22BFB61A754640EA5C00D3
:105268005B084FEA3202B6EB020E75EB030E22BF63
:10527800B61A754640EA9C005B084FEA3202B6EB64
:10528800020E75EB030E22BFB61A754640EADC0023
:1052980055EA060E18D04FEA051545EA16754FEA85
:1052A80006164FEAC30343EA52734FEAC2025FEAA3
:1052B8001C1CC0D111F4801F0BD141EA00014FF032
:1052C80000004FF0004CB6E711F4801F04BF014303
:1052D8000020B4F1FD0C88BFBCF5E06F3FF6AFAE1F
:1052E800B5EB030C04BFB6EB020C5FEA500C50F1AF
:1052F800000041EB045170BD0EF0004E4EEA113132
:1053080014EB5C04C2BFD4EB0C0541EA045170BD38
:1053180041F480114FF0000E013C90E645EA060E7C
:105328008DE60CEA135594EA0C0F08BF95EA0C0FAA
:105338003FF43BAF94EA0C0F0AD150EA01347FF4F2
:1053480034AF95EA0C0F7FF425AF104619462CE7C9
:1053580095EA0C0F06D152EA03353FF4FDAE10462C
:10536800194622E750EA410618BF52EA43067FF47D
:10537800C5AE50EA41047FF40DAF52EA43057FF40D
:10538800EBAE12E74FF0FF3C06E000BF4FF0010C18
:1053980002E000BF4FF0010C4DF804CD4FEA410C7C
:1053A8007FEA6C5C4FEA430C18BF7FEA6C5C1BD049
:1053B80001B050EA410C0CBF52EA430C91EA030FCA
:1053C80002BF90EA020F0020704710F1000F91EA27
:1053D800030F58BF994208BF90422CBFD8176FEAF5
:1053E800E37040F0010070474FEA410C7FEA6C5CC3
:1053F80002D150EA013C07D14FEA430C7FEA6C5CCA
:10540800D6D152EA033CD3D05DF8040B704700BFF5
:105418008446104662468C461946634600E000BF43
:1054280001B5FFF7B7FF002848BF10F1000F01BD15
:105438004DF808EDFFF7F4FF0CBF012000205DF8E0
:1054480008FB00BF4DF808EDFFF7EAFF34BF012065
:1054580000205DF808FB00BF4DF808EDFFF7E0FFFE
:1054680094BF012000205DF808FB00BF4DF808ED4F
:10547800FFF7CEFF94BF012000205DF808FB00BFB6
:105488004DF808EDFFF7C4FF34BF012000205DF898
:1054980008FB00BF4FEA410C7FEA6C5C02D150EA7E
:1054A800013C0AD14FEA430C7FEA6C5C02D152EA14
:1054B800033C02D14FF0000070474FF001007047E5
:1054C8004FEA410212F5001215D211D56FF4787324
:1054D800B3EB625212D94FEAC12343F0004343EAC7
:1054E800505311F0004F23FA02F018BF40427047A2
:1054F8004FF00000704750EA013005D111F000402C
:1055080008BF6FF0004070474FF00000704700BFC1
:105518004A0011D212F5001211D20DD56FF478732A
:10552800B3EB62520ED44FEAC12343F0004343EA7F
:10553800505323FA02F070474FF00000704750EACA
:10554800013002D14FF0FF3070474FF00000704734
:105558004FEA4102B2F1E04324BFB3F5001CDCF18D
:10556800FE5C0DD901F0004C4FEAC0024CEA5070C5
:10557800B2F1004F40EB830008BF20F001007047F4
:1055880011F0804F21D113F13872BCBF01F00040F7
:10559800704741F480114FEA5252C2F11802C2F129
:1055A800200C10FA0CF320FA02F018BF40F00100AA
:1055B8004FEAC1234FEAD32303FA0CFC40EA0C005C
:1055C80023FA02F34FEA4303CCE77FEA625307D199
:1055D80050EA01331EBF4FF0FE4040F440007047D0
:1055E80001F0004040F0FE4040F40000704700BF6A
:1055F800000000000000000001020304060708097B
:10560800B80B0000B80B0000C800000064000000E0
:1056180064000000F4010000B80B0000B80B0000A3
:10562800140000002C0100003200000001000000FE
:105638000000000000000000000000000000000062
:105648000000000000000000000000000000000052
:10565800FFFFFFFFFFFFFFFFFFFFFFFFFFFFFFFF52
:10566800FFFFFFFFFFFFFFFFFFFFFFFFFFFFFFFF42
:10567800000102030405060708090A0B0C0D0E0FAA
:10568800101112131415161718191A1B1C1D1E1F9A
:10569800202122232425262728292A2B2C2D2E2F8A
:1056A800303132333435363738393A3B3C3D3E3F7A
:1056B800000001010202030310203040AA55AA5538
:1056C800000001010202030310203040AA55AA5528
:1056D800000001010202030310203040AA55AA5518
:1056E800000001010202030310203040AA55AA5508
:1056F800000001010202030310203040AA55AA55F8
:10570800000001010202030310203040AA55AA55E7
:10571800000001010202030310203040AA55AA55D7
:10572800000001010202030310203040AA55AA55C7
:105738000000000000000000000000000000000061
:105748000000000000000000000000000000000051
:10575800FFFFFFFFFFFFFFFFFFFFFFFFFFFFFFFF51
:10576800FFFFFFFFFFFFFFFFFFFFFFFFFFFFFFFF41
:10577800000102030405060708090A0B0C0D0E0FA9
:10578800101112131415161718191A1B1C1D1E1F99
:10579800202122232425262728292A2B2C2D2E2F89
:1057A800303132333435363738393A3B3C3D3E3F79
:1057B800000001010202030310203040AA55AA5537
:1057C800000001010202030310203040AA55AA5527
:1057D800000001010202030310203040AA55AA5517
:1057E800000001010202030310203040AA55AA5507
:1057F800000001010202030310203040AA55AA55F7
:10580800000001010202030310203040AA55AA55E6
:10581800000001010202030310203040AA55AA55D6
:10582800000001010202030310203040AA55AA55C6
:105838000000000000000000000000000000000060
:105848000000000000000000000000000000000050
:10585800FFFFFFFFFFFFFFFFFFFFFFFFFFFFFFFF50
:10586800FFFFFFFFFFFFFFFFFFFFFFFFFFFFFFFF40
:10587800000102030405060708090A0B0C0D0E0FA8
:10588800101112131415161718191A1B1C1D1E1F98
:10589800202122232425262728292A2B2C2D2E2F88
:1058A800303132333435363738393A3B3C3D3E3F78
:1058B800000001010202030310203040AA55AA5536
:1058C800000001010202030310203040AA55AA5526
:1058D800000001010202030310203040AA55AA5516
:1058E800000001010202030310203040AA55AA5506
:1058F800000001010202030310203040AA55AA55F6
:10590800000001010202030310203040AA55AA55E5
:10591800000001010202030310203040AA55AA55D5
:10592800000001010202030310203040AA55AA55C5
:10593800000000000000000000000000000000005F
:10594800000000000000000000000000000000004F
:10595800FFFFFFFFFFFFFFFFFFFFFFFFFFFFFFFF4F
:10596800FFFFFFFFFFFFFFFFFFFFFFFFFFFFFFFF3F
:10597800000102030405060708090A0B0C0D0E0FA7
:10598800101112131415161718191A1B1C1D1E1F97
:10599800202122232425262728292A2B2C2D2E2F87
:1059A800303132333435363738393A3B3C3D3E3F77
:1059B800000001010202030310203040AA55AA5535
:1059C800000001010202030310203040AA55AA5525
:1059D800000001010202030310203040AA55AA5515
:1059E800000001010202030310203040AA55AA5505
:1059F800000001010202030310203040AA55AA55F5
:105A0800000001010202030310203040AA55AA55E4
:105A1800000001010202030310203040AA55AA55D4
:105A2800000001010202030310203040AA55AA55C4
:105A3800000000000000000000000000000000005E
:105A4800000000000000000000000000000000004E
:105A5800FFFFFFFFFFFFFFFFFFFFFFFFFFFFFFFF4E
:105A6800FFFFFFFFFFFFFFFFFFFFFFFFFFFFFFFF3E
:105A7800000102030405060708090A0B0C0D0E0FA6
:105A8800101112131415161718191A1B1C1D1E1F96
:105A9800202122232425262728292A2B2C2D2E2F86
:105AA800303132333435363738393A3B3C3D3E3F76
:105AB800000001010202030310203040AA55AA5534
:105AC800000001010202030310203040AA55AA5524
:105AD800000001010202030310203040AA55AA5514
:105AE800000001010202030310203040AA55AA5504
:105AF800000001010202030310203040AA55AA55F4
:105B0800000001010202030310203040AA55AA55E3
:105B1800000001010202030310203040AA55AA55D3
:105B2800000001010202030310203040AA55AA55C3
:105B3800000000000000000000000000000000005D
:105B4800000000000000000000000000000000004D
:105B5800FFFFFFFFFFFFFFFFFFFFFFFFFFFFFFFF4D
:105B6800FFFFFFFFFFFFFFFFFFFFFFFFFFFFFFFF3D
:105B7800000102030405060708090A0B0C0D0E0FA5
:105B8800101112131415161718191A1B1C1D1E1F95
:105B9800202122232425262728292A2B2C2D2E2F85
:105BA800303132333435363738393A3B3C3D3E3F75
:105BB800000001010202030310203040AA55AA5533
:105BC800000001010202030310203040AA55AA5523
:105BD800000001010202030310203040AA55AA5513
:105BE800000001010202030310203040AA55AA5503
:105BF800000001010202030310203040AA55AA55F3
:105C0800000001010202030310203040AA55AA55E2
:105C1800000001010202030310203040AA55AA55D2
:105C2800000001010202030310203040AA55AA55C2
:105C3800000000000000000000000000000000005C
:105C4800000000000000000000000000000000004C
:105C5800FFFFFFFFFFFFFFFFFFFFFFFFFFFFFFFF4C
:105C6800FFFFFFFFFFFFFFFFFFFFFFFFFFFFFFFF3C
:105C7800000102030405060708090A0B0C0D0E0FA4
:105C8800101112131415161718191A1B1C1D1E1F94
:105C9800202122232425262728292A2B2C2D2E2F84
:105CA800303132333435363738393A3B3C3D3E3F74
:105CB800000001010202030310203040AA55AA5532
:105CC800000001010202030310203040AA55AA5522
:105CD800000001010202030310203040AA55AA5512
:105CE800000001010202030310203040AA55AA5502
:105CF800000001010202030310203040AA55AA55F2
:105D0800000001010202030310203040AA55AA55E1
:105D1800000001010202030310203040AA55AA55D1
:105D2800000001010202030310203040AA55AA55C1
:105D3800000000000000000000000000000000005B
:105D4800000000000000000000000000000000004B
:105D5800FFFFFFFFFFFFFFFFFFFFFFFFFFFFFFFF4B
:105D6800FFFFFFFFFFFFFFFFFFFFFFFFFFFFFFFF3B
:105D7800000102030405060708090A0B0C0D0E0FA3
:105D8800101112131415161718191A1B1C1D1E1F93
:105D9800202122232425262728292A2B2C2D2E2F83
:105DA800303132333435363738393A3B3C3D3E3F73
:105DB800000001010202030310203040AA55AA5531
:105DC800000001010202030310203040AA55AA5521
:105DD800000001010202030310203040AA55AA5511
:105DE800000001010202030310203040AA55AA5501
:105DF800000001010202030310203040AA55AA55F1
:105E0800000001010202030310203040AA55AA55E0
:105E1800000001010202030310203040AA55AA55D0
:105E2800000001010202030310203040AA55AA55C0
:105E38001C36C84190A1EDB4A79DD47EF3AA3907BA
:105E4800677CA4C371BA8E78AE7C94B222C84ED552
:105E58008214F46417E45E9BA46A61680E8E098458
:105E680079FA7CEF525FD641D2E2D9CEBBE6D65062
:105E78005F5BCECE9346BF79689DD27F5E8E13AEB0
:105E88004507B95818FBC9077903AF61EFF0E15826
:105E9800C5D0EEE761711FDB60C472AF8ED3574087
:105EA800FF34873E5FEFCCABC8D9CCD3A27234E0C5
:105EB80034030301E052C478729B75E168B0A6F41C
:105EC8008DF3A439E4C9396E94DA7BD9FBB663D172
:105ED8007AFEAD4B68AAF7A245BDA9D22709D276AA
:105EE800069EB199C854F05BB4C6EAD7B272419D18
:105EF800BEC10C7D6DC82EF499298F0A2EAA12C630
:105F0800F9F6AFC68337BB6AC629C3748271FC91A0
:105F180046E33380286840F1C154B54DB8DA8F8420
:105F2800163BC98DCE8674A0A6AEB421DDABAACA35
:105F38006E4D83A45981098FEC5611DA8A1F59F8DE
:105F48001E7D97824BDD4516CF832A58C90367DC2F
:105F58006EF3919880FEC5E1A03FE85A97FE869AB5
:105F6800E7415F502EA9E2FA9BD26C6E50765C7DB9
:105F780041ED022A6161FEA889E37FCD98FD8D6716
:105F8800333D7AE24193BF1248D62FC29869013255
:105F9800C19BD521DB9EB2A15EB9304B9C46B3A113
:105FA80043F0DDEA996E6D96D9DCAB804F51841AC7
:105FB800E84595FC0A40C0C60F3B9C3D66A87C0D91
:105FC8000ADC99EA7832215C4A8909DD34082E5CBA
:105FD8008700AC99C124AA54B37F2CD0E4D38A207B
:105FE80000280B535A87C8892EDF96D21186DCB851
:105FF8005515289351518F6C5CFCAF4D8E878D7968
:10600800DDEEC71FE3A74F48131940E5CA597AB711
:10601800A0A156980B20DBBB1755DCE7DE62CD2A22
:1060280002CFE3673655DBED7A1E869FCFEA15501F
:10603800E1D25910368FDCE701222207EDA119B60B
:10604800A039A7BE84C31C5ECD81B038AB5DBE62EB
:10605800D7437D8961155A569C60627614A5375AD4
:1060680022B8374E783F1F67F9C6B8E6852C81E21B
:10607800062E7CB4A79D55155AE51D0425A08376E8
:106088004424CE7F46A9F1066F08C1A348B71191F1
:1060980039BB25E99272EAE49FB89DE995E2E3CA23
:1060A800AA8D87D0A7D47FD67027815B8741AAAAFB
:1060B800EBF97E6490709D0D63E52D484FFDF61D4C
:1060C800F1FCAAE41BEA5C3D81BC9952F7F3DBEAD8
:1060D8003BD62C89B8F4F5B67BFA6284EB1076AE21
:1060E8001F951221E2F2DC7828DC0D988BA0395834
:1060F8005A4CCC835B98B97D5E917A324945C6EF9C
:10610800BED730AF93FA366D4CE90CFF92910A78FE
:106118007ADA54C2FFA24D8E0D9540983337750B2D
:1061280002327FC961294F1A16EFCE77C584F27201
:1061380010AC2522BB85675808E7C43B641A864221
:10614800B7DA816379218E1811EF924E29B6A2959C
:1061580034F1D625CED823516ECC08795CB4DB9EB9
:10616800F5375A88A6FEA6EE65D1F5ED65485BFAC7
:1061780023EF9BADA25DFB812EEDA063C5E4BE4E6F
:1061880005C736E3C95E47E6A4430A39B6BC000D25
:106198004080C1E62BE6D51B8CEE9F63EFC371C42C
:1061A80066598ED81299B458D4B9341C2407B1AEA4
:1061B8004ACFAE83398B68F2FA926CD34DA31EAEE8
:1061C800242668F67510A96CF3FE186EAFA8A68B86
:1061D800DD89D341B015F918881CF79192974D3590
:1061E800E0CAA43137ABC2954218FC21CAE5814404
:1061F80083781A28E33ED04BB229B7E19BAB4D9286
:10620800685B52752277174B6F94C2A3FFD99F180A
:106218008C1B06F508A05D8D2B1553E316837EA015
:106228002C408450840B5B7B0B772D91D8B297520E
:1062380001495D965B98DF6A94006DD31A113A5D47
:106248008492B609698C52BFD5099106C3F559B530
:10625800719F0D7525B189A97979E01B4080F91BDB
:10626800401D4A9CE443E2B871A3AC47BBA7856BC9
:106278000F1E5397580FF44A93935B10FAAE078694
:10628800620A13B39AAB645AD85AF17EEBD48D0CD8
:10629800721E04301A7CEEAF4AB9C8E7F405ACEEBA
:1062A8009163CE75450896466DC5142909676E9F9A
:1062B800F266B3201C6B6A39C38F327D0D10599971
:1062C800B1D21A8BD15E4DDCEB182A822DE43D5DEC
:1062D8001B16FB9F935DF6FDA067D0FE68EFA90F24
:1062E800383E2436EAF1E70905E3B6A9EA9FCF1854
:1062F8001BE2607A47687A2F50E533C61333C40F20
:106308003CCD7197517955CC4DF54F0D1E019F919C
:106318004C5621CCF9C278E868D83CBD4CD720ABA4
:10632800123D4CC810C23846D6FFD2440FAC157780
:106338000C55BF530302B467C18F4A70C3E817B046
:106348000F8B06C11D1452E7DB973F5443DDA91597
:10635800D55BF7F58B7F0EA28A59BEB955A9EA0C11
:10636800DB6BAA6BFD56861F274C6FA23336012FB5
:10637800657C2D2DF9274595160EEC4265CF3BAA75
:106388009DCA155D4B0567FD80F246639EAA72BEE5
:106398007353A7CD7FE66E6C9EAFC5FC16434DC206
:1063A800642180C01850BAB26038EF9B6FA9F3D54A
:1063B80014EE00F5B9306CE2707E42E6C711FB1EA0
:1063C80052AD730E1BB6C13EFFF6D591F078E2E6EA
:1063D8009E13353FD71B6B6BE3FC0A61B703379DF0
:1063E800B4936301B838046B2D4514093B1432D7B4
:1063F800D2BD7E4683E7DFAE5F4414036FC04B7A9D
:10640800F16A7BF60DB82EF62FEE0608DF30DCFFBA
:106418002A9A223E7B4B4619A9A1166A017E0CD600
:10642800A425BDB93B685394948CD55FEFC592D130
:1064380065E34D06A0A5C4856BF825215EAC9510D3
:10644800955AB25B17F47A9CAA9D7323E58073175B
:106458008CB696E7E5FF92B0EA2AFE0F96832713DB
:10646800CBD7DED188BA135A8385F64ED69A333DF8
:10647800EA0EC5AA6237C13922F9EE8B3AF60F6ADD
:106488006757F0C69FC22A5816C04FFBE2E5C848B6
:106498008B95B5F72A01F6C07B56E5C0C728DBE522
:1064A800F11CE9A26DD2630EE1970FD788D98E0A45
:1064B800FD3393A065C1CB8ECFB2C201B76F1E1951
:1064C80025B6503371B47529B04AF10BE2C054F4C3
:1064D8009390646AB9CB89E7A9EEA76CCA079D3D7A
:1064E80056FC9EDAACB67A7EF20F4E508B11144EE3
:1064F800F69FCFC012FBF9124751464BDE80FD08CC
:10650800006B974BFA9B5F5E90758E61ACB4F5C2D9
:106518007D21834377961AF05202A673E2B11FA930
:106528001D3F72692C27A57C2A0F766B499AB1BD4D
:10653800FC763B16A0351EAF6AF0433AB6E2868871
:1065480075D28B2CF323886481E76621753C6275CC
:10655800B998DCB40FBAB5C73B7A037D53F86432F7
:106568004874790648EBC582A603AA7AFF007063CF
:10657800883F44D282A580D3404A7E8CB55E13AC56
:106588001386B4B588965562E9BD22B498F5F2D75A
:10659800646781DF56462707A4D07031D2351EDFE5
:1065A800F71C05E2137D38752AF0FAF401C197014A
:1065B800C7893ECD1EF5E555D50C1DA5BDFC047D4E
:1065C80038A8032A47B9E7BF71B2B472671B5927C5
:1065D80028B45200F41661AD295FBC66389469CDC1
:1065E800177DB21E1660446F795C84CEA358A73518
:1065F80015E1348C1E9BE2C6FB2037A99EF19279E7
:106608004169DC6E1653D480CA03EBE3A01EF3BACB
:10661800A20B315CA4AE0190E18AC56BE7D9C46DC9
:10662800B37C9B8DDA8491B1B9AD82272E324DEBC4
:1066380080858A8F94989DA2A6ABAFB3B8BCBFC320
:10664800C7CACDD0D3D6D8DADCDEE0E1E2E3E4E4B1
:10665800E4E4E4E3E2E1E0DEDCDAD8D6D3D0CDCA84
:10666800C7C3BFBCB8B3AFABA6A29D98948F8A85A9
:10667800807B76716C68635E5A55514D4844413D44
:10668800393633302D2A28262422201F1E1D1C1C93
:106698001C1C1C1D1E1F20222426282A2D303336A0
:1066A800393D4144484D51555A5E63686C71767B5B
:1066B80080858A8F94989DA2A6ABAFB3B8BCBFC3A0
:1066C800C7CACDD0D3D6D8DADCDEE0E1E2E3E4E431
:1066D800E4E4E4E3E2E1E0DEDCDAD8D6D3D0CDCA04
:1066E800C7C3BFBCB8B3AFABA6A29D98948F8A8529
:1066F800807B76716C68635E5A55514D4844413DC4
:10670800393633302D2A28262422201F1E1D1C1C12
:106718001C1C1C1D1E1F20222426282A2D3033361F
:10672800393D4144484D51555A5E63686C71767BDA
:1067380080858A8F94989DA2A6ABAFB3B8BCBFC31F
:10674800C7CACDD0D3D6D8DADCDEE0E1E2E3E4E4B0
:10675800E4E4E4E3E2E1E0DEDCDAD8D6D3D0CDCA83
:10676800C7C3BFBCB8B3AFABA6A29D98948F8A85A8
:10677800807B76716C68635E5A55514D4844413D43
:10678800393633302D2A28262422201F1E1D1C1C92
:106798001C1C1C1D1E1F20222426282A2D3033369F
:1067A800393D4144484D51555A5E63686C71767B5A
:1067B80080858A8F94989DA2A6ABAFB3B8BCBFC39F
:1067C800C7CACDD0D3D6D8DADCDEE0E1E2E3E4E430
:1067D800E4E4E4E3E2E1E0DEDCDAD8D6D3D0CDCA03
:1067E800C7C3BFBCB8B3AFABA6A29D98948F8A8528
:1067F800807B76716C68635E5A55514D4844413DC3
:10680800393633302D2A28262422201F1E1D1C1C11
:106818001C1C1C1D1E1F20222426282A2D3033361E
:10682800393D4144484D51555A5E63686C71767BD9
:1068380080858A8F94989DA2A6ABAFB3B8BCBFC31E
:10684800C7CACDD0D3D6D8DADCDEE0E1E2E3E4E4AF
:10685800E4E4E4E3E2E1E0DEDCDAD8D6D3D0CDCA82
:10686800C7C3BFBCB8B3AFABA6A29D98948F8A85A7
:10687800807B76716C68635E5A55514D4844413D42
:10688800393633302D2A28262422201F1E1D1C1C91
:106898001C1C1C1D1E1F20222426282A2D3033369E
:1068A800393D4144484D51555A5E63686C71767B59
:1068B80080858A8F94989DA2A6ABAFB3B8BCBFC39E
:1068C800C7CACDD0D3D6D8DADCDEE0E1E2E3E4E42F
:1068D800E4E4E4E3E2E1E0DEDCDAD8D6D3D0CDCA02
:1068E800C7C3BFBCB8B3AFABA6A29D98948F8A8527
:1068F800807B76716C68635E5A55514D4844413DC2
:10690800393633302D2A28262422201F1E1D1C1C10
:106918001C1C1C1D1E1F20222426282A2D3033361D
:10692800393D4144484D51555A5E63686C71767BD8
:1069380080858A8F94989DA2A6ABAFB3B8BCBFC31D
:10694800C7CACDD0D3D6D8DADCDEE0E1E2E3E4E4AE
:10695800E4E4E4E3E2E1E0DEDCDAD8D6D3D0CDCA81
:10696800C7C3BFBCB8B3AFABA6A29D98948F8A85A6
:10697800807B76716C68635E5A55514D4844413D41
:10698800393633302D2A28262422201F1E1D1C1C90
:106998001C1C1C1D1E1F20222426282A2D3033369D
:1069A800393D4144484D51555A5E63686C71767B58
:1069B80080858A8F94989DA2A6ABAFB3B8BCBFC39D
:1069C800C7CACDD0D3D6D8DADCDEE0E1E2E3E4E42E
:1069D800E4E4E4E3E2E1E0DEDCDAD8D6D3D0CDCA01
:1069E800C7C3BFBCB8B3AFABA6A29D98948F8A8526
:1069F800807B76716C68635E5A55514D4844413DC1
:106A0800393633302D2A28262422201F1E1D1C1C0F
:106A18001C1C1C1D1E1F20222426282A2D3033361C
:106A2800393D4144484D51555A5E63686C71767BD7
:106A380080858A8F94989DA2A6ABAFB3B8BCBFC31C
:106A4800C7CACDD0D3D6D8DADCDEE0E1E2E3E4E4AD
:106A5800E4E4E4E3E2E1E0DEDCDAD8D6D3D0CDCA80
:106A6800C7C3BFBCB8B3AFABA6A29D98948F8A85A5
:106A7800807B76716C68635E5A55514D4844413D40
:106A8800393633302D2A28262422201F1E1D1C1C8F
:106A98001C1C1C1D1E1F20222426282A2D3033369C
:106AA800393D4144484D51555A5E63686C71767B57
:106AB80080858A8F94989DA2A6ABAFB3B8BCBFC39C
:106AC800C7CACDD0D3D6D8DADCDEE0E1E2E3E4E42D
:106AD800E4E4E4E3E2E1E0DEDCDAD8D6D3D0CDCA00
:106AE800C7C3BFBCB8B3AFABA6A29D98948F8A8525
:106AF800807B76716C68635E5A55514D4844413DC0
:106B0800393633302D2A28262422201F1E1D1C1C0E
:106B18001C1C1C1D1E1F20222426282A2D3033361B
:106B2800393D4144484D51555A5E63686C71767BD6
:106B380080858A8F94989DA2A6ABAFB3B8BCBFC31B
:106B4800C7CACDD0D3D6D8DADCDEE0E1E2E3E4E4AC
:106B5800E4E4E4E3E2E1E0DEDCDAD8D6D3D0CDCA7F
:106B6800C7C3BFBCB8B3AFABA6A29D98948F8A85A4
:106B7800807B76716C68635E5A55514D4844413D3F
:106B8800393633302D2A28262422201F1E1D1C1C8E
:106B98001C1C1C1D1E1F20222426282A2D3033369B
:106BA800393D4144484D51555A5E63686C71767B56
:106BB80080858A8F94989DA2A6ABAFB3B8BCBFC39B
:106BC800C7CACDD0D3D6D8DADCDEE0E1E2E3E4E42C
:106BD800E4E4E4E3E2E1E0DEDCDAD8D6D3D0CDCAFF
:106BE800C7C3BFBCB8B3AFABA6A29D98948F8A8524
:106BF800807B76716C68635E5A55514D4844413DBF
:106C0800393633302D2A28262422201F1E1D1C1C0D
:106C18001C1C1C1D1E1F20222426282A2D3033361A
:106C2800393D4144484D51555A5E63686C71767BD5
:106C380080858A8F94989DA2A6ABAFB3B8BCBFC31A
:106C4800C7CACDD0D3D6D8DADCDEE0E1E2E3E4E4AB
:106C5800E4E4E4E3E2E1E0DEDCDAD8D6D3D0CDCA7E
:106C6800C7C3BFBCB8B3AFABA6A29D98948F8A85A3
:106C7800807B76716C68635E5A55514D4844413D3E
:106C8800393633302D2A28262422201F1E1D1C1C8D
:106C98001C1C1C1D1E1F20222426282A2D3033369A
:106CA800393D4144484D51555A5E63686C71767B55
:106CB80080858A8F94989DA2A6ABAFB3B8BCBFC39A
:106CC800C7CACDD0D3D6D8DADCDEE0E1E2E3E4E42B
:106CD800E4E4E4E3E2E1E0DEDCDAD8D6D3D0CDCAFE
:106CE800C7C3BFBCB8B3AFABA6A29D98948F8A8523
:106CF800807B76716C68635E5A55514D4844413DBE
:106D0800393633302D2A28262422201F1E1D1C1C0C
:106D18001C1C1C1D1E1F20222426282A2D30333619
:106D2800393D4144484D51555A5E63686C71767BD4
:106D380080858A8F94989DA2A6ABAFB3B8BCBFC319
:106D4800C7CACDD0D3D6D8DADCDEE0E1E2E3E4E4AA
:106D5800E4E4E4E3E2E1E0DEDCDAD8D6D3D0CDCA7D
:106D6800C7C3BFBCB8B3AFABA6A29D98948F8A85A2
:106D7800807B76716C68635E5A55514D4844413D3D
:106D8800393633302D2A28262422201F1E1D1C1C8C
:106D98001C1C1C1D1E1F20222426282A2D30333699
:106DA800393D4144484D51555A5E63686C71767B54
:106DB80080858A8F94989DA2A6ABAFB3B8BCBFC399
:106DC800C7CACDD0D3D6D8DADCDEE0E1E2E3E4E42A
:106DD800E4E4E4E3E2E1E0DEDCDAD8D6D3D0CDCAFD
:106DE800C7C3BFBCB8B3AFABA6A29D98948F8A8522
:106DF800807B76716C68635E5A55514D4844413DBD
:106E0800393633302D2A28262422201F1E1D1C1C0B
:106E18001C1C1C1D1E1F20222426282A2D30333618
:106E2800393D4144484D51555A5E63686C71767BD3
:106E380067E6096A85AE67BB72F36E3C3AF54FA503
:106E48007F520E518C68059BABD9831F19CDE05B2F
:106E5800982F8A4291443771CFFBC0B5A5DBB5E9BD
:106E68005BC25639F111F159A4823F92D55E1CAB31
:106E780098AA07D8015B8312BE853124C37D0C55BF
:106E8800745DBE72FEB1DE80A706DC9B74F19BC107
:106E9800C1699BE48647BEEFC69DC10FCCA10C24F7
:106EA8006F2CE92DAA84744ADCA9B05CDA88F976DB
:106EB80052513E986DC631A8C82703B0C77F59BF45
:106EC800F30BE0C64791A7D55163CA066729291471
:106ED800850AB72738211B2EFC6D2C4D130D38530E
:106EE80054730A65BB0A6A762EC9C281852C7292D0
:106EF800A1E8BFA24B661AA8708B4BC2A3516CC7FE
:106F080019E892D1240699D685350EF470A06A1036
:106F180016C1A419086C371E4C774827B5BCB03485
:106F2800B30C1C394AAAD84E4FCA9C5BF36F2E6823
:106F3800EE828F746F63A5781478C8840802C78CB2
:106F4800FAFFBE90EB6C50A4F7A3F9BEF27871C6B5
:106F58008D01020408102040801B3600637C777B7B
:106F6800F26B6FC53001672BFED7AB76CA82C97D3D
:106F7800FA5947F0ADD4A2AF9CA472C0B7FD9326CE
:106F8800363FF7CC34A5E5F171D8311504C723C3D2
:106F98001896059A071280E2EB27B27509832C1A16
:106FA8001B6E5AA0523BD6B329E32F8453D100ED70
:106FB80020FCB15B6ACBBE394A4C58CFD0EFAAFB54
:106FC800434D338545F9027F503C9FA851A3408F1C
:106FD800929D38F5BCB6DA2110FFF3D2CD0C13EC34
:106FE8005F974417C4A77E3D645D197360814FDCC9
:106FF800222A908846EEB814DE5E0BDBE0323A0AAD
:107008004906245CC2D3AC629195E479E7C8376D30
:107018008DD54EA96C56F4EA657AAE08BA78252E55
:107028001CA6B4C6E8DD741F4BBD8B8A703EB566DE
:107038004803F60E613557B986C11D9EE1F89811CF
:1070480069D98E949B1E87E9CE5528DF8CA1890DBE
:10705800BFE6426841992D0FB054BB1601020100EA
:107068000101010001020302010000003031323346
:1070780034353637383961626364656630313233A6
:107088003435363738396162636465663031323396
:10709800343536373839616263646566000000004C
:1070A80000000000000000003B7DD85D2526561D2D
:1070B800C10709B950718F4477805F094A4FB7DA21
:1070C80057F4EF77EF08B5904109FC85C77508C5F7
:1070D800692C8D7331D995009CBA175E199F196375
:1070E800C2CE3FB66B00A4058981BFCEABD9787AF2
:1070F80096C9227DDF2B8A9D7EEE93A1F2C20254AF
:10710800B08930388CE3FC2999A1E02229B39E97F5
:10711800E324611152CEC4C19CA4D3B71B19F75BF9
:10712800FA584B6FC787A17D18639D4A21E433A3A2
:107138002CDCC94F385F61DA5D11AFB3F3AB6F1F59
:10714800EF002CF9353BCA542FCADAA99EDBE33D80
:10715800F22A9896869FB87E75888DA4DA5FEB84AC
:10716800C02270C9FDC3D04B04D8B0F85F3FD32DFF
:107178009A1A440A1520C71356129B2B118E4332B4
:10718800ADC6A8C155CF07E8FBA98BF2EC247A8CD1
:10719800A7BF3CD18C05252CBA57FBF6BD5C9A0AD3
:1071A80003614624CF3206481B743E9E896E2AB27C
:1071B8007CF70C4AE2F5DB5D6756E93745A45CE4E9
:1071C800562F0D3EDAD61FC7D6ED7B0F981EF93C19
:1071D800F7C23AB02974E03B30E119764BD46A75AE
:1071E800DDE8308163182E1A13F142530B93F1B581
:1071F80034DDAF14C10177DEB3BEE3946274FDD110
:10720800ED332A00C9D239279587B745D01167725F
:10721800B2A794E588CE1A81D815DFC43B0D803E0D
:107228001FAEF60EC165B89E2E9EC5FB5295DEDDDB
:1072380008B306908626581B93E42C94EB5C9FA811
:10724800ACB0C46AB787606CB7A7500508C686B0EB
:107258002179D127C7AF9EA0F93DCBC67DBB9E67DC
:107268005CC5DCE24F34D2E40EA5039E5B64B260D9
:10727800057D78FD66C714C87AC092C2A78C6FA234
:1072880035CE7214D27E3C198BFB5354B9D998363B
:10729800F32498B8FC5722AEDD93F868D05871C72C
:1072A800646F932596DBD112B5F16F9FCB1641D948
:1072B8001063EB485FF02C167E6EE951A6D33AF4C2
:1072C8004A3E9C68F50A36FB63161411756752A985
:1072D800880AB842FAB857C914C194AD4A24182884
:1072E800892A6A5D7ACBCEC2BD256EC97A6264DA14
:1072F8000A113F5E78993CAE1972AE44528ED58C15
:10730800917AF2838467BC3AF190E9C38ECB470641
:107318001AE43F47DF7DA00F9A864F4D6B460CF26B
:10732800942E990822B03252B245B665ABAFBDDE95
:1073380067835A234B6F1F84315EAB063649537AF5
:107348009EB0CDA532CE4DA87DBBEA7C2425591B25
:10735800D888244DFE9D4690128A76EBC2CBF74B17
:1073680064367B82F434207D8B5285F43652A9979B
:10737800D53A813D355D814E8DD2DECC6B423D4A9A
:107388009574DBBE868621A73989DEBB7C97CC380D
:10739800E9C5B331292C3A2416D593BBE3DF3A4E1D
:1073A80053C91DB374F38BA94441DF232DA049872A
:1073B800FCC5FDF628960DB994C250FD32E62BFCAB
:1073C80055BBECC97E3C317C99DB43AF50B4633B81
:1073D8006F953537D71CE359B973338645A8631DB4
:1073E800DD76106546A9CCAD3CB087D4AC475B2EA2
:1073F800EF6EA869639B968FBB8A062C53B066AD67
:10740800A8E4F18A0A7B1358D11FE860108D18C0D0
:107418006710239139DD956E38D734DD135B6EEC38
:10742800F6C1DD36D2C0CF90F7017476451E36948A
:10743800C2F7BDBE59FA5A8656C268CFE892863F4F
:1074480055F52E05790E723ECAD623AB561746BAA5
:10745800D6998736D79F6274A528D6D022A1FA4537
:107468001E9B94C908E2A60A172B3E5CC53C01C2C4
:10747800D3A9DC88A104ABAE3468A38AAA2E70CC49
:10748800CBE56EA697D7D91D9D0A95AE9A88713A15
:10749800A20DE18896B937496D63CC258B299DE605
:1074A8003871E6A6C9F07AD8347E591F117A230AB2
:1074B800A6F06649E5C1566FAF5DC86E1DE83EFC93
:1074C800BE6A608CAA1A3F9B922422285668259788
:1074D8005E200C453883ABE369BE8F9780C8F6C23F
:1074E80099682842D4C4A218AC6EF85808AEC6C52C
:1074F8007C63BC57D1095B8C437C26E5288DE5214C
:10750800F3DB200CB42CB13FA96C5EC5177022A622
:10751800BAC9ADCF729ECC731587A41F00C9511C80
:107528001522CB870C8D3E448C1D8342EFA4442B3F
:1075380055554D9F115B4130295D55C6C55344DBF8
:107548007FEBD12D0D055F683E8767BC600DD97C48
:1075580004F20FFF26C683D3AA56005FB1411A1260
:1075680027169176F41A9BE69930A08427052C5C9F
:107578004BC5EED60592992A80B3E8384C61AC68C1
:10758800D72E59879476A682349471E8075D34A57E
:10759800F0C33D57BD8156262765670B2A031C4457
:1075A800F13B10F4FEA925EBD7C50C2E354ABFBD1B
:1075B800BB38A97AA2AF4A6A6E4395C1DC12BE37BE
:1075C800A469C68F592FC467A70C70D969177B2087
:1075D800CCE3251338F4DA7D7A6A56337BC07FE32F
:1075E800AB2819BB2767A361E4DA8E0F14897B4E99
:1075F80091EC3A983EC9AD2EC4B9B4063008CF957F
:1076080086A10EE7A884C523CBD81FB6687829B908
:10761800EBA187E5040714FAFBF68336150F087605
:1076280093FBE104BEBEF87DD2898F73C970A1991E
:10763800CC1E540BE40B0AB7A757A003A1CC303DCE
:107648006A3F99EBBC6276C9960FFD620D5B4953A0
:10765800135C79830A172C323484740A693738F238
:107668007C600A3C51405338C9437DAD812D269238
:1076780056B3D118C4BF458509556311618558D6DD
:107688007DB27BC01F8FCE734152219939A00B2741
:10769800864553ABB58062064102085613540994D7
:1076A8005DCE40A27A239C0ED73938AFBD98ADF095
:1076B800E9ACF9954F78A35A48AD54AF85BD84C855
:1076C800C4DEB9CA63551BAFA22566CBDF7F68F25B
:1076D80035767CD987FC94DFF7BEC4DDA4992E6388
:1076E8005E0F157E8254A67DA8949D36BB3B99AF4C
:1076F80087A139D6AD8615B69671A5FD886F8630F7
:10770800B2C1BF390909372766819518F4CE1343EA
:1077180079FCA957A8ADEC2B85DC803919D154F92F
:10772800E10A98D3884A9DC6B37FCCAAAFCF42144A
:10773800410C3E285E6F837442FAB7DDD06AA38B92
:1077480020E5167A913293CBB407A60AE6C898B911
:10775800F03A6FC510DC49FDDE9E819420546477B1
:107768001E78ACC2723BAA15B65199A65514015A97
:10777800AF755DE24A6FCA656A11EA4A6C2C981DBA
:10778800EDB41ECFBD48804281A6593F847AE95A9C
:10779800B04C4B7E98027FD2626C2B1E1348D8EDFA
:1077A8009B6402D494C4BDFCAA19616330A6026329
:1077B800723B7BBF6DE8149FC5C4662B9AA5699D73
:1077C8005A174F0624D8A5A4F54C8A36FDD3DA9B60
:1077D800E3DDA9C72D6DAE1696D24A8B121D005F48
:1077E80045C113701728BF19CF19F49FB212941806
:1077F80018CA7731A80C7D88DD0A64B6084E525A3B
:107808001D5CB6C4951E0BC2CF1BA6A19C6D9F1410
:10781800B368C1703ABE23E649E44E22E5777FD9C2
:10782800DBC515BF663BFCE83BE4A7B983669B79DB
:107838001151D6EF523ABC60E8528F3E6E72011F6A
:107848001EFB17B7BB6DD55C6CB252767C05671E04
:107858002BF188DF6BD5CAE012F6B014378F69C1F7
:10786800B58538303150AD27542C447072CF4A91C9
:1078780048CC0EA7C5E9DA42B0D9EE341B6C4EE607
:10788800B6A702EBB392A404BEAA2415E19750D37D
:10789800EAA7ABD1D45B2BB86A9C2D91EC7D1E7501
:1078A80061DF5BFC0B0AEBC2377222E061A924C5D9
:1078B80091CD9C27EA163ED4C1318D81240FCDC6C7
:1078C800C3C5690E2C5A9C704DF1CD524928B97424
:1078D800340EB6949775834F1271439EA463B37A9E
:1078E800E6B27FD4AE523204488A8893CFB08D1E58
:1078F80024A49A794FF335AB2C885BE175E0775671
:1079080057BA5237F467CE565153D9110682B1AFE0
:10791800D61143D372CA1165721D8C2F11C61B6212
:10792800056A6E1AB93E6BD95CCEAEC7247A433766
:10793800599E7B0AB68CFE38FC0BF9B3BB4DF9B5E2
:107948002C28B1ABA163E9ADE81458A48548C98ACD
:1079580047BA00222238325DECB2C273D4FB632DE1
:107968005BDEEE53BE286B9AAD97EA79CD2050F6D0
:10797800F9E72EABABA424F66F168DE81E689312B8
:107988001457B14D717E345587AEE6A7A63BAABC05
:107998006EEC9E05E78E91412C7808B72538348A1D
:1079A800A75EB11605A0ED1D18277EF3D010053D82
:1079B800A190D8D6235D2F79557015E77828418F87
:1079C800F9D4AF49CAF3594B62043B70131BC48600
:1079D800B3157C5B4062961A5C965E3D6140DDBEE5
:1079E800BB9EDF1D29121EB9FB3B842996D48F2A22
:1079F80099A6FBAEBECEC8F5F2A447E264939E5E9C
:107A080079FC36B8D3F9FC11A3EAB0A79E0B3F67FF
:107A180092289B9E67F5E793FC51CFDBFC3F5E4ABB
:107A28001763C5AF9CCAE86D2252E5580777DBB5E6
:107A380025C90A9B6B43E6C0AA8AAB9875C092E039
:107A480027793D7CA722D93AA835808B9367BD0555
:107A5800F75742B069FBCBB1301B1ADC126EE83322
:107A6800916E2FECD710121974C27EF55FD71133BF
:107A78009A3927D0BB88062BB24C9F822E0BE08FF9
:107A8800790A57D5B57A9970AEFD7C20BE02680D8B
:107A98001F4EB80AFB8AAB76ECA1E3FC552020CA3E
:107AA800400216E7203CCDF89B4A022917B07F3FD9
:107AB800D82004C90415BF4C1765963436B037086A
:107AC80032C3C1DEC1D1CF20213C51B275470A6211
:107AD800AE9182692BF2E0B5E16B115D36776ECA23
:107AE80047805C6723DAD25774A1543AFD5FB17CB2
:107AF8003A11DB6176BD959E855CEB525F8C40D870
:107B08005E6B49C0AB814812B20E9884F4995F8AC3
:107B180017282382C6C45E70EC43DFD06FC1A0343F
:107B28007FD448649B0D9D8B73D7A71953926142EC
:107B3800BEFE285755305A64A44B8536ACCF5C3905
:107B4800A36F3E7891BC850FB7ED985E515975EDDE
:107B58009ACA86607E724070D008919BED82F50EBD
:107B6800C3803C206F77199437F589018E2D2F013A
:107B78000BFF904EA57D0AE4507138B780C6FD8290
:107B88002BFA2E9982B32CAEDB118736C38FC3181C
:107B9800CFB99182F9C3F1412E6E6E1C07E25D9751
:107BA800D2DA93E2FF3CA230CF318E08B4D69FA63A
:107BB800036695FBB7DD54E5DA7F64552F3001AADB
:107BC800D211910495FCC581BD37206C3ACC9AF846
:107BD8004F19E0E63EE458471E0903EEA8C54543A1
:107BE8006F7DC04C7D6A417AA41BB4AAE7DD7AE4B4
:107BF8004C699298F85AFC7C8AC00F463075DA0AAC
:107C0800A22C3F621677BA34ABC474941095F8AAC4
:107C18008D51FB5BC5AA47E6DB420ABB66248FEDA4
:107C280003BCC851E6E31B7E45CAB83357BB53DCD7
:107C3800B49D4268817EB76BC032C91430B0EC0D78
:107C4800371D3EBAC2A6AB8CA5C9B92345CB0AB32A
:107C580081782F25C2BF3423A050A2714BBA4EE8B9
:107C6800AEDE2915A6BB8B07D7DAD700D5E2525D61
:107C7800A2D321058779AD348361D1D0F4CA208598
:107C8800D02B33B5BF4A1AC5E09F4B5EB971B4C15A
:107C98003491E8BB12C7C3B6B50E6255578056DAA1
:107CA800E9BB38B4ACE4775574BF7F6971A1CC6F78
:107CB800E7912FDBB8EFF3ABEF81132D05DB3485AC
:107CC800717A0366F524A8CB04EBA2A26465CCF80C
:107CD8009D2706732FFFD623F9234824D40A03547B
:107CE800C8C6C663B89F703495CF5FFCB36049A718
:107CF800E7C2F9816D14086A5B0AE99AEE8D2F3C98
:107D08005B6D5B750FD36A1D28C4968BF8143176AA
:107D18007C8B7D5875642E3CAB59B31BD18BA61355
:107D2800EBBF9CEC13E4B2101E7A746BD2B415E569
:107D3800CCBA5B1500B8E46FF0E7A894092779DAA4
:107D4800B1D1715DC7D4C050808B6B1E5966E7E90D
:107D5800F5EB784EEA91D7C394DDBBE9671A6BEE71
:107D68001BD7B848ADD3E5A8BD6EFEE88E3589F1BE
:107D7800CA841CD9F75CE58167CB8DD0028F29F7BF
:107D88001B6F1EA3538B1F812EF0DEB665DF8EA1FD
:107D98000FDDC3703DAA5784303BD5EE2F9EC087B8
:107DA800791F01B2EDA0D4FD6982ACC748E99FF400
:107DB800282332A9027899FAC3C42221294BF666EE
:107DC800789D347CAF16C64F7DD8894F4ACF745DF5
:107DD800096C5EDF067676EAD3A8A5591E23CA7019
:107DE80096549FDA47CCAFE239FE8838FDDC2BDBAE
:107DF8003723313EF863DDAE24816E09D3152D712A
:107E0800D3B8CC5195FC86E213DA1FF7B138EFC42A
:107E1800DC2054B30CF6CD9EDBB94F7BA002C3B077
:107E2800A9FE6B136BFC778C34469F2E453ACF9096
:107E38007FD61076257C4DFEF22F55809B94E5B9B0
:107E48004D7C010E12CBE5057056CE9D82CDFBE32D
:107E5800E55E1CC8F76337140F29EC9F4192581947
:107E6800A5A1C2D05ABDC2ECD9E6E38F392CCB60AC
:107E7800FEF4D0ECD5B707883DB35579F0FD26E080
:107E8800074B95C723BDA75DCCE2DA4BFB534EE900
:107E98007046AF98BFF85B2A44E1A30C5EF822094C
:107EA800F95F390958589CC33C1C2EE7EDE880BDA2
:107EB800E93200A26E0EF84E9F16BBE4A406DFFB63
:107EC80034144DA5C45A001FB93C5CB3CCA28B7ABC
:107ED800986633EED673C959F8D38AE48F6FB274B3
:107EE800A5F91D79D0F052387C08647C1F930B6784
:107EF8003D000F8A31D611E21D36A4734B14C8DB3E
:107F080004F3798F0D737791BDA0B6CDFA3F771A38
:107F180052ECC9B5EC16AC49A81D9B6A3D097A1804
:107F2800E7BEDE2207E1F3B108BEED7827C4F10F02
:107F3800BBC90A369235800F9A4488A576993719B5
:107F4800A22497E53BD0479126CC982B8264C4E4C1
:107F580043AFFDBD4E9AA6BDD4FB62DAB8E3BFF8C5
:107F68003EB5021F4A9800A91B85A194BC30B7737F
:107F780011CB7AB2AC84831515330DE72D1301BBF1
:107F8800C6AA32FB8EEAE5358A5F102D82FAFF4DCC
:107F98007404A92C7B88BA266DA4C78DEE2B0DE935
:107FA800E50A84F7F3AA8D0ADA2DDB3ACE964972F0
:107FB800EA33FB5E7D1F25F3408CDE9A19A9E65251
:107FC80001FC8C1204438418A4C5E4DFF29DC8C4E4
:107FD800C1C954EAB9E2AE2F7DF486ECAD79D19CE3
:107FE80079EE56FB71E465E0A9B94568214CA242D7
:107FF800587A22CA39C54FF46843A8AF1786227F3A
:108008001EEC16816C71C6B5FDF66B8B2823B5077F
:10801800CD7E3C946AE916F13C314ABF5EDB84F7B9
:10802800CBA090092CA380C5FB4D5254089D8C18F9
:1080380019A02617A43BAB4B867E099FEAA9997322
:1080480088C7D4A899CCD36659F5B84D9D3164B882
:108058005F848F97588B79B56137A1290A2FF52B43
:1080680087346C77C34DBFA57CFA37BE6E935BF13E
:1080780039296C7B63E2BB479DC7A819121B757E23
:1080880035BF4CE5560542DC8CC5D1FC3062B6776D
:108098009C0F07DA73D9F80591E2767FF08417E62A
:1080A8002A07CF6BA991CF945A2853B7FF97AD33BE
:1080B800DB4A525287C02316F304B545B1DFFE42AE
:1080C800E0F1A5AADD7000430039B2AA407F02435F
:1080D8004078BDAA39B505438061A1AA453E0A4347
:1080E8000049C1AA4C5D104380AAC5AA4577184328
:1080F80010D8B2AAD9252343001028A953593143CF
:10810800B0B694AA309A444380DECDAA89925F43E0
:10811800F428A7AB78A78343A0DF1DABCB52A343BA
:1081280030F4042B40E4DC43E084BDAA3B0832442D
:10813800D05A93AB404701459A069DC22F96FAC480
:10814800C098102BA10F22C4009EC3AAF8D2BCC3AA
:10815800909C6DABEA1083C3C02F3FAAC84746C3A3
:10816800D0F83EAA27E41DC3A8EBA0ABA41E02C307
:10817800603914ABFACFDBC2404756AB8525BDC288
:10818800A048B0AAAD24A5C2405BCF2AC0E291C2E4
:10819800C8A601AB042082C20029922991066AC2AE
:1081A800AC7719ABD0E753C2E0039FAB080741C2D5
:1081B80080B982ABB4C030C2007E69AB309922C2AC
:1081C80000F755A94B3116C24045942B963E0BC279
:1081D8000004B1280C8601C23040322B9AB0F1C19C
:1081E80070690FAAD51DE2C1008934ABD114D4C17E
:1081F80000A4FCAA8F61C7C1905F85ABD2D8BBC170
:10820800A474A9AB8556B1C1A08EA82A93BCA7C1F6
:1082180000FB02A94BF29EC130769FABB4E496C135
:108228000026CBAAC0898FC100DC96AB19F388C1A0
:10823800088FF32BA54884C12E6E1D3D61FF71C1C7
:108248002CC522AB5B686AC1004E4D2AA0BC60C138
:10825800849FA52CD15757C1F011292B6E6F4EC1A1
:10826800A0820EAB790846C1581BD4ABDB1D3EC1BA
:10827800E0130A2BE6A736C180C37CAB739E2FC1DF
:10828800E8C4CCAB97F928C1D871102BD7B122C15B
:10829800C018F22A41C01CC180E96EAB671E17C125
:1082A800208C6F2A53C611C1804D31AB81B20CC1ED
:1082B80094F46B2BC9DD07C180428AAB574303C1D5
:1082C800A2D19FAB2BBDFDC0402E122A3356F5C05C
:1082D80040524EAB1649EDC050C20A2C0C8DE5C079
:1082E800C023C1AAD518DEC020072DAB30E2D6C006
:1082F80080C7352AF4DCCFC0C008B6AB7AF9C8C04D
:10830800F02D5FABA221C2C0974DA6AC9532BBC081
:10831800D88B41AB45EEB3C000B6ADAA28D4ABC0EC
:10832800A0A8AB2AA59BA1C0C0CB3B2A869890C029
:1083380088F6D02AB4A81DC04E3C0EBF47FB00C12A
:1083480020AF7EAB2C8CC0C040D260ABF13CB0C03B
:108358003098052B1813A7C0001AF2A86863A0C0AC
:10836800C0EE50AA9FE69AC0B0218FABE41D96C01C
:10837800A89BD3AB39CD91C000A39AAB3BD48DC099
:10838800403C982BA51F8AC00040EBA71CA386C0C1
:108398008C99D2AC375683C07458E1ACF83280C09F
:1083A800A0BE2A2BD4697AC0E83DBA2B4EB174C05E
:1083B800289340AB0E376FC00084AE2AE5F669C03B
:1083C8003C32A0AB8AED64C094AA84AC771860C034
:1083D800C0C18FAAE5755BC0C0D0CB2ACE0457C0F8
:1083E800C0C67FAA13C552C0B81BA52CC1B74EC0C2
:1083F800B87B83AB96DF4AC04044712BF94147C034
:108408005012F62ADEE843C0A0FAC2AACAE640C063
:10841800C8BCC02B2A603EC0007EB9A9C2A43CC01B
:10842800B0EC0CAB2D863CC04025C42A5D0841C089
:10843800B0BF6DAB455865C07AA4813EB864D6BF5D
:10844800002739AC17AF0FC0E086B7AB048B14C058
:10845800767D412D45F314C0000C622915EC13C03C
:10846800C0BEAC2A6C4712C0A0565DAB8A5510C07E
:108478000C1A7EAB703B0EC04094F9AB520C0CC08A
:1084880012CA052CF5D209C0B0D926ABAF9507C0E2
:108498008850EAAA525805C0002078AB251D03C0B1
:1084A8007406122C73E500C0E00FD72BA563FDBF3F
:1084B80000930FA9A904F9BF80D211AC2FADF4BF66
:1084C800009EFDAA9F5BF0BF80F28DAB7A0DECBFDA
:1084D8000C1A86AB2EBFE7BF00EC25ABC26BE3BF1F
:1084E80020519B29460CDFBF20BA6AABDF96DABF62
:1084F80044F44D2B1EFDD5BF801A16AB0429D1BFFD
:10850800664EE3AD3CF7CBBF645CDA2CFD2AC6BFF0
:1085180028F812ABD451BFBF6026D4ABFC76B6BFE7
:10852800575B1BACC11EA9BF80D6EC2B762F8EBF24
:10853800E05B3AAB462D1EBE98BCFCBED28A3BC05F
:1085480098320DACF6C6FCBFE0DD8AABE40DE2BFA5
:10855800E07112AAF506D5BFC849672C6A98CCBF46
:1085680080C9C5A97B46C6BF00D5A7A9421CC1BF03
:10857800A03572AA24A7BCBFA0C3CBAB22AAB8BFA0
:10858800804B3B299D01B5BF80C8952A3597B1BF5F
:1085980010FD22ABFD5BAEBF90FFBFAB7645ABBF16
:1085A80074E5432BD64BA8BF2EEA062C0669A5BF57
:1085B800A0AB192BFB97A2BF00BEAEAB43D49FBFA5
:1085C8000884372BA7199DBF244BAE2BE0639ABFB5
:1085D8002011F32A3AAE97BF40F688AB31F394BF27
:1085E80038F1D4ABDA2B92BF006AC4A8024F8FBF10
:1085F8000000D328B34F8CBF605605AB991A89BFCA
:108608007CB6842B059185BFC0917FAB7F7E81BFEF
:1086180080AAD329010179BF4081002B26896BBF2D
:1086280044CB1E2CAA5056BFD006B4AB4EB329BFBC
:1086380018D69BAB98381C3E59D505BF0A500FC0B9
:10864800E0E7F62A834DB6BF18F699AC2A1BA0BFFF
:108658008072962977A995BF28A74DAC56268FBF5B
:108668008E9444AD796F8ABF623EA2AC7EB286BF5B
:1086780050CD8BABFB8C83BF80A4F12A9CCA80BFF2
:10868800D0A477ABAE997CBFF4C79DAC150178BF79
:10869800C09910ACF2B173BF4020B6AA659A6FBFFB
:1086A8008C84AD2B37AD6BBF484DE72B1DE067BF02
:1086B800929799AB982A64BF00ADB82C2C8560BFFF
:1086C800C08B68ABC7E85CBF048189AC334E59BF27
:1086D80030D633AB83AD55BF001D37295FFD51BF81
:1086E800C0CCDAAA06324EBFC474B92BC23B4ABF0B
:1086F8009872362C680446BF60E8892BCF6A41BF60
:10870800F89F992B3A3A3CBF3005C0AB641836BF86
:10871800646BACACAB5B2EBFF0A61C2D869923BF57
:108728005CF60BAC9B2412BF5C028CAC4006D9BE35
:10873800489E15ACC11B8D3E68A509BFBDE0E4BFCE
:10874800A5377DAEEC5F8BBF586F87AB1D3D71BF02
:1087580048969A2B5CF65FBF80DD542AD87155BFC6
:10876800C84EFEAB46024EBF408E82AB343D48BF7A
:10877800FFE6E82C197943BF8092CCABD05B3FBFB2
:10878800006B1EAAC1B03BBFB0D232ABF25638BFA5
:10879800D6023CAC693835BF8089092CB04532BF58
:1087A80060EDF72B4C732FBFE02F0F2D39B82CBF7E
:1087B800607F5F2BF30C2ABF00C80CABBB6A27BFD6
:1087C80058E5CBAB13CB24BF702CAFAB362722BFF9
:1087D8000056ADA78D771FBF2097DCACF8B21CBF41
:1087E800F02C21ABCCCD19BFDCC6B62B47B816BFD1
:1087F800041B83ABF85B13BFE023222C1D970FBF2C
:10880800DC67E0ABCE330BBFB08466AB86D505BF63
:10881800FFE5CD2C479CFDBE80BC27AB4852E9BE86
:108828001C22F5AB893DC7BE20AD9CAC684E77BE17
:108838008034522A08D9F23EBA4925BFB364D3BF5F
:10884800A02E1E2BCE976FBF10DDCA2AC3E949BFE1
:10885800C60A97AB440B39BFA0762BAB24212FBF98
:108868004C349FABF56328BF482100ABA45F23BFFE
:10887800052A70AD9A661FBF50E323AC011D1CBFCB
:1088880054E2462CC74D19BFA0505BAC32D816BF76
:108898009641872B0EA714BF54F8042C23AC12BFA3
:1088A8006505AFACABDD10BF50948FABDB340FBFA9
:1088B80043304FAD07AD0DBF00FB702C1B430CBF01
:1088C800F6EBAEAC50F50ABF3A97502D08C309BF76
:1088D80040C92DABD0AC08BF8012DF2988B407BFD0
:1088E800B04C3CABBFDD06BF88573AAB582E06BF2D
:1088F800F4FA43ACBBAF05BFF01ABB2C007105BF3F
:10890800B012292A348B05BFBE0A312C3C2A06BF77
:10891800B475E0ABAAA107BFA044FCAB4CA50ABF45
:108928004200882B7F0911BFE07ECDAAE48421BFD5
:10893800072D88ADA58678BF431AB83E38F4873D21
:1089480080AC71AA0A158CBEB24555AD1229ADBED0
:108958004884F82B751DBABE803FBBABA25FC0BE72
:108968002C1150AB8F98C3BE3C644FAC2730C5BEAA
:1089780011F6D12CEECDC5BEA0B3A12C2ACAC5BE16
:1089880096AEB62C8757C5BEF0AA74ABF194C4BE98
:1089980000C82CAA1696C3BE50DE1F2CCD67C2BED7
:1089A8003C7179AB8312C1BE80B4DCAA9A9BBFBE6E
:1089B80048AFF42B3306BEBE00582B2BA353BCBEC6
:1089C800EC2025AC9D83BABE008C70AB3694B8BE43
:1089D8001CA820ACAC81B6BEA238C12DF245B4BEED
:1089E800B49956ABDDD7B1BE80A639ABB829AFBEB6
:1089F8000091FAA8C426ACBE308C982BB5AEA8BEA0
:108A0800283FA22BEF8CA4BE361C0AAC30669FBE52
:108A1800804A622BC38D98BEB4B486AC45918EBE95
:108A280054137D2DE35A7BBEA41542AC432C30BEB3
:108A380044B632ACDFC33C3E74C6D6BEB6C05FBFD8
:108A48009B8994AC108304BF8051A7AA3968E3BE00
:108A5800687F41AC327AD2BEE0DCE22B7C6FC8BEC4
:108A680098FF80AB4984C1BEB09463AC7B45BCBE63
:108A78004839EBAB7405B8BEC0D5092BD067B4BE76
:108A8800383533AC8836B1BEC4B3932C954FAEBEDF
:108A980020AA5A2C179CABBEC0A7F1ABB70BA9BE36
:108AA80055C18DAC0B92A6BE0035322AF724A4BE60
:108AB800D503622CA3BBA1BE00DE502BAB4D9FBEDD
:108AC800202A852B77D29CBE727E8D2C84409ABE3C
:108AD800787457AB988C97BE1005822BA3A894BEC8
:108AE800C077BCAA248291BE80829C2A99FF8DBE41
:108AF8000034CBA828FC89BEE09D8CABF03F85BE36
:108B08004022252B79E27EBE20C6B1AA42EB6FBE79
:108B180070DFC12BEA535BBEF01C4B2CAF3D3CBE53
:108B28007FE5972D2E0006BEB65DAE2CF33823BC2C
:108B380097D136ACD232163F5E3C4BBFD90E99BFA7
:108B4800D9430AADAC6319BF00BF58AADBF7F4BE1E
:108B5800C65FB4AC8FFBD9BEC05C92ABCF9ECABE19
:108B68000024EDABC98DC0BEB6913DAD9D59B9BECF
:108B7800C7E7D2ACC1DFB3BEB0968B2D9386AFBE2C
:108B8800B8F8E52B56F5ABBE06EB81AC57F5A8BE99
:108B980053E584AC3763A6BE2A19052E3C27A4BE2C
:108BA800FE05ACAC1E31A2BE98D20DAB9375A0BE2B
:108BB80031CB90ACD8EC9EBE00FAC9ABD2919DBE29
:108BC8001452022C8C619CBE1A9628AD025B9BBE87
:108BD800B636A62B197F9ABE80DA1C2AE9D099BE30
:108BE800A639882D475699BEF09B382CDD1899BEBA
:108BF800935BEFAC182899BEA0929B2BBB9C99BEA7
:108C080080E9092BD59F9ABE88B98A2C58799CBED1
:108C1800E00FF5A93AB29FBE002F18AA2871A5BE89
:108C280010BC80AAB8B5B0BE68780FAD8E80CCBE37
:108C3800E4926A2CA8EE2DBFC884D73E19162D3EA3
:108C480002CB87AC025BE3BD60CA442C635729BEE4
:108C58007706C62CE0FE3FBE96129DAD4CA54BBED6
:108C6800B88C18ABE74952BE66610C2D213A56BE46
:108C78006C8F46AB078858BE78FC35ACA0C359BE8C
:108C8800D1C7D9AC363F5ABE28F7BD2B832C5ABE64
:108C9800E89D112CA1AA59BE607E662D2CCD58BE28
:108CA8003AD60AAC29A057BE333CD32C2F2A56BE3D
:108CB80038B291AB8F6D54BE00E7D4ACD86852BEC1
:108CC80068FD3D2CE81650BE8EFB20AC7D6E4DBE77
:108CD800942C942B4D614ABE40E076AB5FDA46BED9
:108CE8003143CCAC50BB42BEC8F464ACB0D73DBE37
:108CF8007B57AC2C14ED37BE50EA84AC9F9430BE41
:108D080022A90F2C3C2727BEB893B1AC64831ABEA6
:108D18008BFF6B2D438508BE0A530FADC92BD9BDF8
:108D2800CAF2D12B5F146BBD4076562B45D4623DF9
:108D380020CE16AB51F91D3F6E666EBF477288BFD5
:108D4800C4982DAC0A1B01BFF052D5AB1C83C8BE1A
:108D5800A0EAB22BDEA9AFBE808DB2AB62C6A1BEBF
:108D6800E843582B8CE098BE2829CCABDAAC92BEED
:108D7800C850AE2B5B198EBEE4B5882D41958ABECE
:108D880039D4942CF1CC87BEB0735DACE98C85BE28
:108D980062A405ADD5B383BE680F5C2C562B82BE8A
:108DA800AB88D22D04E480BEADD203AD37A67FBE1A
:108DB8008061C62A29E27DBEE00E332D92717CBE09
:108DC800FD86862DE14D7BBE8E437A2EAF737ABE2B
:108DD8006F9B2F2D8FE279BE8060382B379D79BE2F
:108DE800402371A91DAA79BE6080DAABAB147ABEA4
:108DF80078188EAC95EF7ABE1075392C1F597CBE49
:108E0800B41CC3AC84837EBEB0A8D62B52E380BE0C
:108E1800DEA0D82CAA6483BE00997BA9CD7887BE32
:108E28006040952A2BF18EBE800BBD2ADB77A0BE51
:108E3800A817CC2B5304F8BE6ECCA03E648AE23C43
:108E4800241F75AC830E13BE6C68022C75AA36BE3F
:108E5800D4CA19AC1B7346BE005166AC2DBF4FBEB9
:108E6800FC95F0AC0F3556BEC40FCE2C5F3F5BBEF1
:108E780000B5A7AAC18A5FBE606FD6AC577663BE3D
:108E88003F38B62D4D3D67BE0028E72AE4086BBE83
:108E980020A3B42A49F96EBEE1DF30AE792A73BE49
:108EA800FEBF37AC60B777BE508505AC26BC7CBE2C
:108EB800145DEDAB202C81BE00A0C328565884BE9B
:108EC8005729FD2D53F987BE8CF043ACA82B8CBED7
:108ED80006002BAC6D1491BEF07C752C28E596BE6F
:108EE8004677562DD5E19DBE2035292BBD6AA6BEF5
:108EF800AAD4EFAC300DB1BE00F88CABA3A1BEBEB6
:108F080090D601AB8785D0BE44CA2CAC4914E9BEC3
:108F1800C01B32ABCB6006BFD072AFACBA8B22BFDE
:108F2800000D26A9927155BF0EBD89AC5245A6BF4A
:108F3800C10DFF2C824468C0F19E97409865574048
:108F4800586EA4ACFB88843FE88E312CDCFE113FC0
:108F580051817E2D2944BE3E006C16ABE406863E48
:108F6800445733AD14F2443E4CE8A6AB1E22143EDF
:108F78008CCDDC2CA56FE13D50018FACCDFBAB3D1A
:108F880050BDB62BC476823DC4BE11ACEF06433D3E
:108F9800D0A333AAE8E40D3D1493602CF526C53C14
:108FA8006850BE2B9E117C3C787685ADF405073C55
:108FB800A137BFAD8CD71B3B005C10AAC3931CBB69
:108FC800F86316AB6FD6CABB14BFAA2CA34315BC53
:108FD800E82636ABC57037BC6ADCD2ACBD134CBCD6
:108FE800B28805ACCC9952BCC088EAA9178D49BC97
:108FF8001926EEAC85362EBC602FC6ABD8D2F7BB8F
:109008003439022C7B7E2ABB9009D32B91EDA73BE8
:109018008B3304ADE0AA8D3CA848E3ABF5B6193D07
:10902800F01A86AA2D2E9A3D7550AFAC653D293EA3
:1090380020C730ABA5BA1E3F0DE182BFE98F3FBF05
:1090480048D315ACD32A96BED0308DAAFDB44FBEF6
:10905800D695562F3F5228BE1EEB9DAC219F12BEBF
:10906800571F482DF1E904BE605583AB3FF1F6BDAB
:1090780010F88DAA581CE9BDE41983AC177EDEBD33
:1090880061C8B72D9005D6BD0005AF295A09CFBDD7
:109098007907312C441AC9BD709A35ACB4EBC3BDFD
:1090A80064CCCBAB7246BFBD18E42CACD600BBBDBC
:1090B8001C1008AFD0F9B6BD008CF1AC9315B3BD48
:1090C800E8ACED2B193BAFBD20D9D42B1152ABBD69
:1090D8007D9FCEADDD40A7BD50485CAC37EAA2BD50
:1090E8000091CDAA132A9EBD40E2502AF5D098BD22
:1090F800241817AC469C92BDE0C336ACD4288BBD6F
:1091080001A5492D10D981BDE6AA8E2EC83E6BBD9A
:10911800003A072A590249BDC062082A018714BDCE
:10912800FC7D2D2CAE505FBC80577CA9239C1D3D37
:1091380030BE13ABD00C983E167223BFBFF4F3BEFB
:109148000077FA2BCC365FBE56403DAC85DA29BE97
:10915800FECB4CAC91AD12BEDAD899AC818E05BE6F
:10916800927888AB90FEF9BD74052FAC24C5EDBD8F
:10917800E8156DAB6C76E4BD601E35AC3A05DDBD17
:1091880052F8D92C85D4D6BDF155882DC381D1BDCF
:1091980068B6D42D2ECBCCBD00FF43295582C8BD5F
:1091A800205D81A97E84C4BD70ADABAC14B6C0BDD2
:1091B80030733C2DA1FFBCBD003BA1ABA74BB9BD93
:1091C8009CFE5A2CD084B5BDC0C3FAAB3A94B1BD4D
:1091D800701A89AB765FADBD4CE514ADFCC5A8BD72
:1091E800DB4C2F2C699DA3BD107F2DABA2AB9DBD81
:1091F800FD2F8BAD079D96BD60890A2CEBF28DBDC6
:10920800E2308FADFDE182BD48AB2FAB6C1868BD75
:109218007A263C2EA9BA3DBDB01A9F2CEF3CF7BC6C
:1092280052D341AC8865A1BAD63B96ACE0A7873D3E
:109238002CDFB0ABD8A9CE3EFCFB6BBF2DE21BBF29
:10924800A7DC952C75128BBE9278D32C6E4651BE36
:1092580012CC352DCCF633BE109A2DACE4E223BEE9
:10926800B0484C2CF0DD19BE717A382DB42613BEE7
:1092780000CA89285E750EBE802E2CABCA1D0BBE97
:10928800B81F9B2BDABD08BEB83AF72B901A07BE59
:10929800E690C9AC6E0F06BE107A3E2DF38505BE6A
:1092A8004129292DFE7005BE48808D2C50CA05BE67
:1092B800B08BEBAB3E9106BE806EB32B35CA07BEB2
:1092C8007CAE622BE07E09BE023851ADF1BE0BBE0A
:1092D800344D89ABA4A10EBE0032DF295E4812BE10
:1092E800784AA92DFAE216BE80EBDFAAF5B61CBEB5
:1092F800907F39ACCF2B24BE74B2C7AD5FE12DBED1
:1093080046711D2DEBDA3ABEC335FF2C42D94CBE4F
:1093180040EC0FAB1A2D67BEC09C93AB087988BE92
:1093280014C8492C1652AEBEE0786A2BDA8203BF05
:1093380020F513AC47E6B0BFFCDF274040C69C3F92
:10934800EDDA3FAC317DB63E38B70C2C4F713B3E61
:1093580066171AADD717DF3DA018A32B2A038B3D3C
:10936800DC1037AD83552B3D00697D2B3854C33C49
:10937800FB4984AC69ED2E3C80CC772DC7A61F3AFB
:10938800E0E923AA8A12F1BB9CA004ADFBC762BC2A
:109398001208D72B44B89DBCFC3D2AAD318FC3BC05
:1093A800E2AC962C5991E4BC005618A9E5FE00BD24
:1093B8004E439AACBE670EBD0053FAAA32EB1ABDF3
:1093C800785354ACD2E426BDB8ADFEAC28AB32BD60
:1093D80057869AACAF963EBD209DA9AB8A094BBD76
:1093E8002C54012C977958BD185A7E2C357F67BDAF
:1093F800F0EFEF2A44ED78BD48331A2DA7FD86BD5E
:1094080098769E2BE34A94BD8C48D02D8702A6BD42
:1094180031E216AD4839BFBD95A6BF2E1B84E6BD07
:10942800E985002D167D16BEA146AE2D1B9F68BE90
:1094380084A197ACEFDE20BFB6DFAB3FF26B133FE2
:1094480040D2372BAAF2323ED09BA1AC0B20C23DB2
:10945800E209702EDAD3783D48F89D2CEE442C3D75
:1094680041260D2D44D6F83C28D925AC2C49B83CCA
:109478006D4872AD1CA48A3C305F972B49DF523C83
:10948800B0CE0DAB3EE4213CD4B94CAC158BFB3BC4
:10949800B888CFAA1F2BC73B28251C2C30CCA23B51
:1094A800EF4FA92CC1DB8B3B9024DAABA6A9803BFC
:1094B80000315329F32B803B001CE4AB48DD893B8A
:1094C800C367352D17AD9D3B4CD2232C33FEBB3BD8
:1094D800C13451AD61B3E53BB049F92B8B260E3C45
:1094E800124CC9ACF50F313CC0B4A9ABAF595D3CC7
:1094F800588DD82B0BDA8A3C20841B2BD329AF3C00
:1095080032239C2CF80ADF3C188137ACD939103D3E
:1095180060864BAA2E573F3DE0B142ACD17C843DDA
:109528005F9D3A2C4550C63D525F05ADE6722F3E11
:10953800882BDBAC6FBF0A3FA343B0BF9E5311BF5C
:109548007C3937AC339F49BEA03D08AB4D16FABDF8
:109558005A5000ACF964B7BD10ACF7AB116891BDB7
:10956800644B7AACF9B870BD66AFC1AC535F4CBD03
:1095780059A2D22CA51230BDC04DAB2CAFC918BD15
:109588001403B1ABA3BB04BDCE6972AD158CE5BCA9
:10959800A42CDAAC5C45C4BC309B81AC1C81A4BC57
:1095A800361776AC315B85BC0EF007AC0A234CBC91
:1095B800A7A888ACBEE10BBC001836AABC1691BBA4
:1095C800BC83C72C51D61BB8E316282DCE599B3B1C
:1095D80080E797AB0A72243C00ACD8284C38833C0F
:1095E800FD80E7ACE6A8BB3CE40AA6AC6017FE3CED
:1095F800B62EFBADB61B273D80CF582C9BD5583DCA
:10960800000878297A608C3D88917FACBD55B73DBC
:109618009062B52C91A6F43D88ACC12C790A2A3EFB
:109628003073872AA44A7F3E74643EAC1193E23EAD
:109638006316E22D23E7B33F9B0F80C01A77BDBFA7
:109648003B57AFAD556704BF08B4AF2B5DD8A5BE77
:10965800B90F38ADA25676BE5C85EAAC6D7C46BEC5
:1096680086FC69AC80A727BE041C4A2C53F611BEA1
:10967800DE24C3AC3EBA01BEEBC9002EFBFDE9BD3A
:109688001A13B12C4943D5BD5852652C57D9C3BDBF
:1096980006EEA1AD22D0B4BD903A50ADBE80A7BDB4
:1096A80060E71E2A5B719BBDD016BDAB8E4490BD92
:1096B8003C9C89ACB5AE85BD40290DAC53DD76BD6B
:1096C8008C4C0E2D6A9062BD8200A8AC7EFE4DBD0A
:1096D800665C9CACC5A538BD9077FD2C04EF21BD18
:1096E800988DBEAB511D09BDA21C31AEB06ADABC63
:1096F8006EB5932C16A999BC58DB832C44A317BCD0
:1097080074F136AD8B992D3BBCBD16AD3D30963C02
:10971800CF9E992C1171253DF081B6AC6D4C983DCA
:1097280080C9CAAB52E2093EE83FDEABA54D8C3E8C
:109738007889812D4AA9773F547D4FC047088EBF4D
:10974800A0223CAA412AD5BEA8EFCD2B17EA8DBE90
:1097580083D0FB2DD96D5EBE60FED82BCA173CBEE8
:109768004D0D272DED1426BE1E1D782CEFB916BE03
:109778005CC9102C7F610BBE5A7E26AD14A502BEB3
:10978800502B932D696AF7BDDC6F89AC3923ECBD8A
:10979800F2A86EADBECDE2BDA841A02C20F9DABD7D
:1097A80024FD312DB856D4BDE03036AC87AECEBDE1
:1097B8000AD0882D3AD8C9BDE856502ECDB6C5BDB9
:1097C8004AAEA2ACDB35C2BD9068E8ACFE47BFBD6F
:1097D800F6D9A1AC0BE6BCBD5069E3ACF70EBBBD36
:1097E8009959072DA0C8B9BD5E432BAC9C21B9BDC2
:1097F800A0E98D2BE434B9BDF023B3ACCF30BABDAA
:10980800B6864F2DD664BCBD804DFB29A35EC0BD76
:109818003BE11C2D332EC7BDF0E7FFACF41ED3BDD2
:10982800E841C82B7B2DEABDD4B21EAD3A2A11BE41
:10983800100B542C5A5D90BE5CBF3F3F4AD4103E7B
:1098480000C4982A4F41953ADC773D2CBFDED8BC3E
:10985800D55F502C4FC01BBD8BE9B22D664135BD7D
:10986800BBA39AAD59F044BDD246552DF0694FBD02
:10987800FEE0F82BA4D556BDB4BFFAAD21585CBDA7
:10988800F1DA4EAFD39B60BD8E037BAC7A0B64BD1F
:10989800EE1107AD42EE66BD6886162C7A7669BD74
:1098A800C585A3ACDFC96BBD689331ACA5066EBD99
:1098B8003CB473ACC84670BD00A94D2D76A272BDEC
:1098C80010E97A2B1C3275BD16AA31AD5E1078BD31
:1098D800C90E0D2D6D5C7BBDE8A344AC183D7FBD62
:1098E8000C51412CA2F281BD0010362A7CCD84BDDA
:1098F800800E93299A6188BD304D202C86FB8CBD43
:10990800B9AF3FAD0F1693BDB686552C8D849BBD60
:109918002FD781AD66D5A7BD9A8768AE775DBBBDE9
:10992800CE9EAE2C2EC5DEBDD163462DF5E418BE05
:10993800960193AD0784B4BED7069F3FDFF8833EF8
:10994800F8283FAC412F5F3DCA38BE2C5E3C643CD2
:10995800CEAE17AC1B255EBB088CB12CC67E54BCA2
:109968002C3DAD2C98F39BBC3FF3282D7F34BEBC17
:109978000480962C683BD7BC1454732D4C55EABC14
:10998800149F2D2CE26CF9BC605D36AECED902BDB9
:10999800D8AF3FAB44F907BD4057D72B3F5A0CBD52
:1099A800050A9BACD32E10BD400A022BB89C13BDF0
:1099B80080C8832BAFC116BDE4D88FAD6EB619BD74
:1099C800449E262DC4901CBD944434AD52651FBDE1
:1099D8007E54C92C2C4922BDA06D992CA65325BDB7
:1099E80000FBEDADADA028BD107781AC34542CBD83
:1099F800A8D444ABC89F30BD8074C82A5CCC35BDA0
:109A0800E8A7F6ABE04C3CBD487386AC09E544BD1D
:109A180080329E2B860351BDB0FCB5ABCDB663BD7D
:109A2800725A21AE967682BD9885212C6ADAA8BD35
:109A3800E4B5E72C0DDF33BE25F2293F7AD8D33DB4
:109A48008A05BC2CE882273C176C062DD1E20BBC9A
:109A58000CFC632CC39388BC58BEB42C6542AEBCC6
:109A68003057D2AB6ADAC6BCE8667CAC6A79D8BC37
:109A7800C09903ADA2FDE5BC0CE8742D85EFF0BCE0
:109A8800A02C06AB4736FABC25952C2EB13201BD69
:109A980029F5232DF3F004BD5BAE202D0F7B08BD07
:109AA80028F22AAD6AEE0BBD3CCB23AE2B640FBD6A
:109AB800DAA110AEAFF312BDA0C0F4AC77B416BDF6
:109AC800AF13612D01C01ABD70E66EABCC331FBD5C
:109AD800A3BBB42CE73324BD63F506AF90EE29BDD4
:109AE800789DBE2C9CA130BD788120AD29A338BDBE
:109AF800306C22AB4E7042BD7812042D68C74EBD43
:109B0800A0AAE32B9BDA5EBDD1E4E3AC5EB974BDD9
:109B18000EBF36AC4D238ABD80D5462D5EEAA2BD68
:109B28007284E1AC7982CFBD3AC234AEDBC81BBEC9
:109B3800B6A78A2CB9FACFBEE7730A40824CB63E64
:109B48004E32812D19D9D03D4B3D0D2DBF94513D3D
:109B5800F9B4AB2C20CCF03CF0EFCA2CFBB38D3C15
:109B6800003709AA6E3D1D3CE09A7FAC1B9E8B3BDB
:109B7800807451AA2B28B23980AC01ADC9E62EBB3E
:109B8800DCD9D42B90B4A5BBF05E56ACAD93E5BB45
:109B980039E7042D967C0DBC4AFC98ADE74A24BCF5
:109BA800E0D831AC062C38BC589E1DACD4D849BC82
:109BB800D8764D2B8CE159BC58FD28AD35BC68BC16
:109BC800F6F8B8ACEFCE76BCA0F73E2B0B3C82BCC7
:109BD8003E0D83ADDA0A89BCB86B14ACAF0690BCF5
:109BE800D874462C246B97BC804465AACC839FBC50
:109BF800145FEF2BD2B7A8BC0066952C279EB3BC88
:109C08002E7343ACEF23C1BCB5C6022E54DCD2BCC4
:109C1800721DCDAD74BAEBBCC03CB42BCE0409BDEB
:109C28003122882CA20F2BBD607633AC45EA79BD72
:109C38005F919A2DF9B520BEBBC0803F8DBC053E13
:109C4800D032FEACED1E0E3D3C6E43AD2FE57D3CA3
:109C580060E7FF2BFEF5ED3B4863A02C313B303B22
:109C6800EAD6D7AC314361B9F83517ACD04011BB4F
:109C7800874712AC60C070BB2023062E38809CBB7F
:109C88007BD9BDAC0A9AB8BBBCC2612C4DE8CEBB2F
:109C9800E1E6202E04DFE0BBE0D05C2CA37AEFBB2A
:109CA8006F3B10ACF66BFBBB36CCE8ACE09802BC63
:109CB800D032462B299406BC0030D2299FC909BC52
:109CC800219921AEC2510CBC1888EBABAC3D0EBC3F
:109CD8006182E42D14980FBC6C11D1AC9F6510BC47
:109CE800141CCBAB6CA410BC1FDC94AD974A10BC01
:109CF8003FEEBDAC33430FBCC0229E2B51680DBC58
:109D08000870E8AB2D770ABC282BABAC1AF705BC5A
:109D180033117B2D69FDFDBB0C83BF2CEE27E7BB00
:109D280010FE94AC5518BDBBDBDAEA2DCDAC33BBC5
:109D380010FE2AAC96464C3CEB9D53BE06F507BD7B
:109D4800D276E32D203E93BC72CA83AED48E74BC07
:109D580079FBA22C7F135FBC607FC5AD1C0D53BC83
:109D6800C4F7152B854F4BBCA062842CD6DE45BCAE
:109D78003564A9AC52CF41BCB08CC62B63A53EBCA0
:109D8800DAEA2F2DB21A3CBC40E9582CF5043ABC4B
:109D98003C658CADF04938BC7CE34F2D4AD936BCC4
:109DA80066F1922D34A935BC841D60AD8CB434BCE9
:109DB800D7DAC82CE7F933BC308BDFAC197B33BC5E
:109DC8008080922C373D33BC3EFBB62CF74833BC21
:109DD800E0C7F4AA87AB33BC50344E2D0B7834BCA3
:109DE800758E22AC14CA35BC540631AEC7C937BC0F
:109DF800009A4F2B06B33ABC87F0042F6AE23EBCA8
:109E080096D59CAC41EE44BCA083742DDEDA4DBCE3
:109E1800A69EE3ADC1945BBCECCC2FAC1B3C72BCE2
:109E2800364B202C12468EBC88C6402DE6EFC0BCAF
:109E380062DFC22CA81B61BD41311A3F75D4223D97
:109E48008282952C0DD2083CBC2CDA2D8C720E3BEC
:109E5800AC19442D8FB8D0B900CAADAAD77DE7BADE
:109E68007C83502CF96F29BB60E6142A82A84BBB6F
:109E78004207B5AC551762BBC0E291ABDFC970BBF6
:109E8800000933AB8F147ABB30C3E4ABF9637FBBF3
:109E9800BE06A6AD4CD080BB21E50D2E33B180BBEC
:109EA80026198D2D240D7FBBC7E620AD75E07ABB42
:109EB8008907CA2D0A0175BB4015B42CA17D6DBB5D
:109EC800C06D31AA045164BB1CAE4CAC9F6159BB38
:109ED8001C36952C8C7E4CBB807AD92C6C593DBB9A
:109EE80090D5702B8D7B2BBB6E1C752E393316BB12
:109EF800C89D0E2C3FE6F8BAB0EBDCAC352EB9BAEB
:109F0800C913492DF4C64FBA4C455BAC9ED70838E7
:109F18002DB6152D8EEE9C3AFC95042C3EF1433B54
:109F2800392D122DC6DFC93BBC83C5AC8F905C3C74
:109F3800626A34AE7B6F4B3D56B593BFED2A70BD58
:109F4800A77AF2AD63B9B7BC0C1CD92CD6BA77BCCA
:109F58002B41D42D0FA443BC20C5982B0C1626BC2E
:109F6800A8F083ACB5C412BC40A091298AF504BC02
:109F78008C17FBABD5E7F4BBE89B122C4F2AE4BB4C
:109F8800648E0D2C2459D6BBD8D438ACFB9ECABBE2
:109F98009023272D2B71C0BB60C5A7AAEF71B7BB53
:109FA800D6BD252DDB5FAFBBD0CAA92B350CA8BB0E
:109FB800BEC5192D1855A1BB78BF002DC6219BBB66
:109FC8003655202D506095BB34CA432D260490BBCE
:109FD800D940732C41058BBB54E0E3ACD25F86BB00
:109FE80000F0222B7A1482BB0849982B4E527CBB76
:109FF800259D802EF75575BBF7CBD6AE2B646FBB6E
:10A00800E8F351AC27D26ABBD7D534AD233A68BB45
:10A01800F435F6AB5FC668BB70B964AC40FD6EBB87
:10A02800E7118EACE8BB80BB87B9472D5D399CBB77
:10A038002769B1AE2F8B1BBCA4ABEE3E8194AA3B23
:10A04800903466AC56E2F9391426332D1726C1B977
:10A058006033D8AC44E92CBA80EAEF2C090D49BA30
:10A06800785A47ABB46E4FBAF01EAA2BDA374ABA01
:10A07800842B902CC8253EBA00DA412DB8BA2DBAE7
:10A088006C1D9A2CFA6A1ABA24A04EAD0C1E05BA99
:10A09800AADBA9ACF7D8DCB9007E76AB6880ADB98D
:10A0A800FD9AFCAE839A79B9F754A12E2E6E16B993
:10A0B8003814832E160249B880858A8F94989DA2F9
:10A0C800A6ABAFB3B8BCBFC3C7CACDD0D3D6D8DA56
:10A0D800DCDEE0E1E2E3E4E4E4E4E4E3E2E1E0DE60
:10A0E800DCDAD8D6D3D0CDCAC7C3BFBCB8B3AFAB00
:10A0F800A6A29D98948F8A85807B76716C68635E32
:10A108005A55514D4844413D393633302D2A282679
:10A118002422201F1E1D1C1C1C1C1C1D1E1F20224F
:10A128002426282A2D303336393D4144484D51558F
:10A138005A5E63686C71767B0000004396F3474271
:10A148007D278F287CC0053CE5011828863E913D77
:10A15800A1521328FC93BD3CB6BEB3288030103DF5
:10A168002F8F6128ECE4FA3C253E8E287367DB3C90
:10A1780012D4AB2835A2E53C75768928DC26633CE9
:10A18800B0EB1B296DD86E3C32A9F127012ACE3CD1
:10A19800431CA328936B493C8B600F287403CF3C66
:10A1A800BEFA8B286BAE023CA09F59283921E83DA6
:10A1B8004FD5862866CEBD3C7ECFBC2839AD613CE4
:10A1C800C55129283BD39B3C454CE02816F2543D09
:10A1D800EFF77529B138D23C1912C62603A2D03C34
:10A1E8000F8F08298A2E933DC1A5CA28F44A683DD5
:10A1F80017580D2AC2BD513C470A1F2AAD72AA3C06
:10A20800151BF128B3FA323C859A992914A80F3DF9
:10A21800FCB482298DF5833C069A932867C7563B80
:10A22800B313CB285D5C1B3C7BA91C2A121C943CF5
:10A238008975E1290DBEEE3B93832B280DBEEE3BBD
:10A248006EA33728121C943C63E24F295D5C1B3CCB
:10A2580044C71D2A67C7563B3BC3AF298DF5833CCE
:10A26800212E1C2A14A80F3D22B9FC28B3FA323C2F
:10A27800CE58B428AD72AA3C6BA1A728C2BD513CE8
:10A28800C182A529F44A683D77E2CE298A2E933DFA
:10A29800BC3AD62803A2D03C5B595529B138D23CE8
:10A2A8001EA61B2A16F2543D4953B0293BD39B3CAA
:10A2B8005F3E902A39AD613CBCEAFE2966CEBD3CC2
:10A2C800EFBDBC293921E83D8274AC296BAE023C54
:10A2D80097539B297403CF3CBE3E3829936B493C66
:10A2E8003F360329012ACE3CE3CA192A6DD86E3CB1
:10A2F800BD2B0829DC26633CE2220A2A35A2E53C6C
:10A308001F96022A7367DB3C787EDB29ECE4FA3C73
:10A31800FB4FD4298030103DF5BDB92AFC93BD3CD4
:10A32800CA73792A863E913DE9AD8D2A7CC0053CE9
:10A338005C563D2A96F34742B81C57D8F1F5C17FC1
:10A34800190E279E86F781DEE155B05A779FE741BF
:10A35800A12A6BFACDE47B23010000000200000073
:10A368000300000002000000010000007371727415
:10A37800000000007371727466000000FB21F93F51
:10A38800FB2109407CD91240FB2119407A6A1F4001
:10A398007CD92240BBFD2540FB2129403A462C4070
:10A3A8007A6A2F405C4731407CD932409C6B3440FC
:10A3B800BBFD3540DB8F3740FB2139401BB43A40A9
:10A3C8003A463C405AD83D407A6A3F404C7E40402D
:10A3D8005C4741406C1042407CD942408CA24340CB
:10A3E8009C6B4440AC344540BBFD4540CBC6464021
:10A3F800DB8F4740EB584840FB21494083F9A200D6
:10A40800444E6E00FC291500D1572700DD34F500B5
:10A4180062DBC0003C999500419043006351FE0007
:10A42800BBDEAB00B761C5003A6E2400D24D4200D6
:10A438004906E00009EA2E001C92D100EB1DFE003F
:10A4480029B11C00E83EA700F535820044BB2E0068
:10A458009CE98400B4267000417E5F00D6913900E3
:10A46800538339009CF439008B5F840028F9BD00C0
:10A47800F81F3B00DEFF97000F980500112FEF0033
:10A488000A5A8B006D1F6D00CF7E360009CB27005E
:10A49800464FB7009E663F002DEA5F00BA27750059
:10A4A800E5EBC7003D7BF100F739070092528A00BF
:10A4B800FB6BEA001FB15F00085D8D00300356009A
:10A4C8007BFC4600F0AB6B0020BCCF0036F49A0052
:10A4D800E3A91D005E619100081BE60085996500EF
:10A4E800A0145F008D40680080D8FF0027734D00DE
:10A4F80006063100CA561500C9A873007BE2600041
:10A508006B8CC000000FC93F000F494000CB96403C
:10A51800000FC9400053FB4000CB164100ED2F410E
:10A52800000F49410031624100537B41003A8A41A2
:10A5380000CB9641005CA34100EDAF41007EBC41D9
:10A54800000FC94100A0D5410031E24100C2EE41EF
:10A558000053FB4100F20342003A0A4200831042D2
:10A5680000CB164200141D42005C234200A529427C
:10A5780000ED2F4200363642007E3C4200C7424280
:10A58800000F4942A2000000F9000000830000000B
:10A598006E0000004E00000044000000150000009E
:10A5A80029000000FC000000270000005700000000
:10A5B800D1000000F500000034000000DD000000BC
:10A5C800C0000000DB0000006200000095000000F1
:10A5D800990000003C0000004300000090000000CB
:10A5E80041000000FE000000510000006300000070
:10A5F800AB000000DE000000BB000000C50000004A
:10A6080061000000B7000000240000006E00000098
:10A618003A000000420000004D000000D200000097
:10A62800E000000006000000490000002E000000C5
:10A63800EA00000009000000D100000092000000BC
:10A648001C000000FE0000001D000000EB000000E0
:10A658001C000000B100000029000000A700000055
:10A668003E000000E8000000820000003500000005
:10A67800F50000002E000000BB00000044000000B0
:10A6880084000000E90000009C0000007000000049
:10A6980026000000B40000005F0000007E000000FB
:10A6A800410000003900000091000000D6000000C1
:10A6B800390000008300000053000000390000004A
:10A6C800F40000009C000000840000005F0000000F
:10A6D8008B000000BD000000F90000002800000009
:10A6E8003B0000001F000000F80000009700000079
:10A6F800FF000000DE0000000500000098000000D8
:10A708000F000000EF0000002F0000001100000003
:10A718008B0000005A0000000A0000006D000000D5
:10A728001F0000006D000000360000007E000000E1
:10A73800CF00000027000000CB0000000900000047
:10A74800B70000004F000000460000003F00000076
:10A75800660000009E0000005F000000EA000000A4
:10A768002D0000007500000027000000BA0000005E
:10A77800C7000000EB000000E5000000F100000049
:10A788007B0000003D0000000700000039000000C9
:10A79800F70000008A00000052000000920000004C
:10A7A800EA0000006B000000FB0000005F000000F2
:10A7B800B10000001F0000008D0000005D000000D7
:10A7C80008000000560000000300000030000000F0
:10A7D80046000000FC0000007B0000006B00000049
:10A7E800AB000000F0000000CF000000BC0000003B
:10A7F800200000009A000000F4000000360000006D
:10A808001D000000A9000000E30000009100000006
:10A81800610000005E000000E60000001B00000070
:10A828000800000065000000990000008500000095
:10A838005F00000014000000A00000006800000095
:10A84800400000008D000000FF000000D80000005C
:10A85800800000004D000000730000002700000089
:10A86800310000000600000006000000150000008E
:10A8780056000000CA00000073000000A800000095
:10A88800C900000060000000E20000007B0000003A
:10A89800C00000008C0000006B00000000000000F9
:10A8A80000000040FB21F93F000000002D44743EE9
:10A8B800000000809846F83C0000006051CC783BCE
:10A8C80000000080831BF0390000004020257A3802
:10A8D800000000802282E336000000001DF3693585
:10A8E8000200000003000000040000000600000051
:10A8F8000000C93F0000F0390000DA370000A23339
:10A908000000842E0000502B0000C2270000D02237
:10A918000000C41F0000C61B00004417040000000C
:08A92800070000000900000017
:10A930000024F400010000000C00002000000000D2
:10A940000000000000000000000000000000000007
:10A9500000000000000000000000000000000000F7
:10A9600000000000000000000000000000000000E7
:10A9700000000000000000000000000000000000D7
:10A9800000000000000000000000000000000000C7
:0CA99000000000000000000000000000BB
:04000005080005E505
:00000001FF
