:020000041000EA
:1000000000B5324B212058609868022188439860DF
:10001000D860186158612E4B002199600421596104
:100020000121F02299502B49196001219960352056
:1000300000F044F80222904214D00621196600F024
:1000400034F8196E01211966002018661A6600F04E
:100050002CF8196E196E196E052000F02FF8012189
:100060000842F9D1002199601B49196000215960AB
:100070001A491B48016001219960EB211966A021F2
:10008000196600F012F800219960164914480160C1
:100090000121996001BC002800D000471248134993
:1000A000086003C880F30888084703B5996A0420EC
:1000B0000142FBD001200142F8D103BD02B5186610
:1000C0001866FFF7F2FF186E186E02BD00000240BE
:1000D000000000180000070000035F00212200005C
:1000E000F4000018222000A00001001008ED00E03C
:1000F000000000000000000000000000070B8FD58A
:1001000000200420F7010010CB010010CD010010E9
:10011000C9010010C9010010C9010010C901001077
:10012000C9010010C9010010C9010010CF01001061
:10013000C9010010C9010010D1010010D301001045
:10014000C1010010C1010010C1010010C101001067
:10015000C1010010C1010010C1010010C101001057
:10016000C1010010C1010010C1010010C101001047
:10017000C1010010C1010010C1010010C101001037
:10018000C1010010C1010010C1010010C101001027
:10019000C1010010C1010010C1010010C101001017
:1001A000C1010010C1010010C1010010C101001007
:1001B000C1010010C1010010C1010010C1010010F7
:1001C000EFF30580103800BE00BE00BE00BE00BECA
:1001D00000BE00BEF2EB8871F09D00100C9E001076
:1001E0003802001090A31AE71E481F49086006C88D
:1001F00081F3088810471D480068002801D019487D
:10020000F3E70DA40ECC002902D000F012F8F9E7B4
:100210001749184A002000E001C19142FCD116495B
:100220008847164988471649884700BEFDE701C937
:1002300001C29A42FBD370470C9E0010C000002000
:1002400028020020749F00100000042000000420F9
:10025000749F001000100420001004200000000013
:10026000704700000000000008ED00E0000000D032
:1002700028020020A4A300201D4C001081040010BF
:10028000154C0010F8B5C046044B10B5002B03D038
:100290000349044800E000BF10BDC0460000000054
:1002A00004A10020384F0010BFF35F8FD023042239
:1002B0001B06002803D05A61BFF35F8F70479A6115
:1002C000FAE7C0461F4B10B51B78002B01D1002068
:1002D00010BD052002F03EFF1B4B9842F7D1D02302
:1002E0001B061B68002BF2D1062002F033FF174BD0
:1002F0009842ECD103F04EF80C28E8D1144B1B685F
:10030000DB04E4D5C0235B055B69042BDFD1114B13
:10031000114A1B6813409342D9D180230F4A1B0115
:10032000116E1942D3D1526D1A42D0D1033802F066
:1003300017FF0B4BA022C318002052009A424041E5
:10034000C0B2C5E738A1002000688909006CDC0252
:100350000040064000C000400100C0010080004095
:10036000A08FFDFF10B5022084B0D02402F00EFA59
:1003700004232406A3611920636202F007FA802394
:100380009B04A3610C20636202F0F6FF052002F0DB
:10039000E1FEFA21890003F045F90338FDD202F0AD
:1003A000F9FF030000200C2B03D11B4B1B68DB045F
:1003B00001D404B010BD194803AB02AA01A902F090
:1003C00031FF0028F5D00299039A019802F0ECFE63
:1003D000134B144A07201A60802252041A6002F05C
:1003E00089FE082002F086FE1F21002002F09CF901
:1003F00000220021002002F0B1F91F21012002F0AB
:1004000093F900220021012002F0A8F90122064BF5
:100410001A70FFF757FFCCE700400640007102005A
:1004200000E000400100C00038A10020F0B5C64641
:10043000844600B5104B5A6A986A596A8A42FAD1C2
:100440001700FA220023060000216046920004F003
:10045000BDF980468C46084B5A6A986A596A8A42A6
:10046000FAD11100801BB9418C45F5D801D18045E6
:10047000F2D804BC9046F0BD0040054030BFFDE717
:1004800010B500F003F830BFFDE7C046F8B5DE4612
:1004900057464E464546E0B5FFF764FF002800D1B9
:1004A00077E00020FFF700FF5B4B012598465B4B90
:1004B0009A465B4B99465B4B9B46FFF703FF002830
:1004C00000D171E0042D62D94946082D00D8594663
:1004D00080222800120101F03BFD00286FD0FFF7B9
:1004E000F1FE002800D175E043466F1E1E68784279
:1004F0007841FA2340421B011840FA239B009C4696
:100500006044FFF793FF0120FFF7CEFE002E1CD0C2
:10051000002402E00134A64217D0280001F0B6FD05
:100520000028F7D10522404BBF00FC503F4B012073
:100530001D603F4B1A60FFF7B7FEFFF79FFF3CBC03
:1005400090469946A246AB46F8BD0020FFF7ACFEA8
:10055000354BBF00FE50FFF7B5FE002845D0280000
:1005600001F09CFE00284BD0280002F08DF8314BA2
:100570000135F850FB5804239C46E0440D2D9CD1D6
:10058000FA20C000FFF752FFFFF778FFD7E7514688
:100590009EE70122254B1860254B01301A60FFF7BA
:1005A00083FEFFF76BFFCAE70222204B01301D607C
:1005B0001F4B1A60FFF778FEFFF760FFBFE70322CB
:1005C0001A4B01301D601A4B1A60FFF76DFEFFF7E2
:1005D00055FFB4E70422154B01301D60144B1A601F
:1005E000FFF762FEFFF74AFFA9E707220F4B013032
:1005F0001D600F4B1A60FFF757FEFFF73FFF9EE7A6
:1006000008220A4B01301D60094B1A60FFF74CFEAF
:10061000FFF734FF93E7C046384F0010684F0010D3
:10062000685F00106857001070A10020A0A1002092
:100630003CA1002040A10020F0B5DE4657464E46C2
:1006400045460023E0B585B0C25CCC5C6240C25434
:100650000133102BF8D19B469A468B44A03102916E
:1006600082440300514603901A78564CA25C1A70DB
:1006700001339942F8D1427943784270427A8A46EE
:100680004271427B43734272827A83788270827BAA
:10069000837283798271C27B8373C378C270C27A9A
:1006A0000400C273C279C3715B468346C272019370
:1006B000237860789C46D9094B00C918CB00C9182B
:1006C0006346C2095B0059405300D218D300D218C8
:1006D00043005A400300A678E77873409946F3092F
:1006E0005D005B19DD005B1975006B40DBB20093A8
:1006F000FB0998465D00A8444346DD0045447B0065
:100700005D404B46C9B27B40D2B24B405340237050
:1007100063465E407E407240009E58407240627068
:100720004B46624647405340EDB2774059406F40D8
:100730004D40A770E5700434A245B9D1019B5846DD
:100740009B4600235C46C25CE15C4A40C2540133D4
:10075000102BF8D19C46A346029BE3445B4580D115
:100760005146039B1A78174CA25C1A7001339942C8
:10077000F8D1427943784270427A029C4271427BBE
:1007800043734272827A83788270827B8372837928
:100790008271C27B8373C378C270C27AC273C2791A
:1007A000C3710023C272E25CC15C4A40C25401338F
:1007B000102BF8D105B03CBC90469946A246AB46FA
:1007C000F0BDC04694680010F0B5C646802300B561
:1007D0001E4F1B01FE5A8046002E33D00124644276
:1007E0003A002500002307E0601C01D0A94221D077
:1007F00001330832B34208DA1168A942F4D21C006E
:1008000001330D000832B342F6DBE4002300FB188D
:10081000013E19689A88F3003C19FB1821CB21C4CA
:1008200080231B01FE524346404619609A8004BC57
:100830009046F0BDE1007918908889888842D7D227
:100840001C00D5E708235B421C00E0E7EC240020F5
:10085000F0B5DE464E46454657460023E0B5804695
:100860008C46914600209B4683B0002928DD4346F4
:100870000122591ED21A01235B424B446144019369
:10088000431C9C4531DD03000124434406E0FF2C5A
:100890000AD001340133E4B2994219D01E785D7850
:1008A000D7183800AE42F2D04D465E46AC55022411
:1008B000A246D3445D461B78019C6355BC45DFDCF2
:1008C000584603B03CBC90469946A246AB46F0BDA4
:1008D00059464A46545442465B464946D25D013326
:1008E000CA5402239C46E344EAE7594601234A4698
:1008F000535401339C464346E34459461B5C013A3A
:100900005354DDE770B50500081E0CD02B786E1E21
:1009100013700123012906DDEC5CF15C641AD454E8
:1009200001339842F8D170BDF0B54E46DE465746C9
:100930004546E0B585B08146039200295ADD002383
:100940009346984600221F0002934B464046185C8F
:100950005B461A705F70029B033301935B4698708D
:1009600043465C1CA14235DDFE2C3EDD032346469A
:100970009C46FE3EE3444B46981900239C469A460B
:100980004B461D19002306E0C75CEA5C974205D17F
:100990000133FF2B02D01A198A42F5DB9A4502DA9D
:1009A000A21B94469A46731C0130464501D01E0096
:1009B000E8E76346DAB253465444A046DFB28C42BD
:1009C00010DB019803990A5402988446421D614441
:1009D00001920F71019805B03CBC90469946A24621
:1009E000AB46F0BD019B0293AFE703239C46002674
:1009F000E344C0E700230193ECE7C046F0B5DE46D0
:100A000057464E464546E0B5AF4CA544029001918D
:100A10000392002800D1FDE08023019C1B019C4231
:100A200000D9F7E0039D002D00D1F3E084220021DE
:100A30002800520004F0C0F82900230A4B7000235C
:100A4000251E0C708B70CB7000D1FDE000219F4AF9
:100A50009F4804F0B1F8802246ACD200002120006B
:100A600004F0AAF800220298835C01329B00195915
:100A7000013119519542F7DC802109018A469549D7
:100A800080268946924923008C4601218846924956
:100A9000E1448C468E4900228B460025DC447600DA
:100AA0001C68002C10D08A4FD000BB46A9B2584415
:100AB000046081805046013292B23A524446484620
:100AC000445564466800215201350433B542E7D1EC
:100AD000012A00D871E1A94606AB98467F4C804BAD
:100AE000E61804A8FFF770FE4046FFF76DFE4B4680
:100AF00080205D1CABB2764945468C46CA46994675
:100B0000734B00011B5A2D68DA006244AC4604990D
:100B10000133009161441160514691806C4A9BB24F
:100B200013529B4604AB9B8880209C4643469D887D
:100B3000694B2900D218654600238C46400005E029
:100B4000614509D00133023283420ED0E15C0029B5
:100B5000F8D01188A942F3D151461180F15C0232DC
:100B60000131F15401338342F0D15B46012BB8D8F7
:100B700080200023002506A94000E25C002A01D065
:100B80004B55013501338342F7D1012D51D02CDD76
:100B90006B1E9A460023984606AE7319C1461C0088
:100BA000A84601239C46731CE1449C46C84505DCCD
:100BB00017E0954238D001339C4212D0494D31782C
:100BC000AB46434A187852185A441578404A1218CE
:100BD0005A4412789542ECD93070197001339C4216
:100BE000ECD16646D145DCD1454606AB9846002D92
:100BF00000D17BE04246454402E00132954226D0D6
:100C0000334913788C46374963448C4663441B78D8
:100C1000202BF2D901204042334B9D443CBC9046EE
:100C20009946A246AB46F0BD8142C4D930701970D6
:100C3000D4E7274A06AB944698462A4A1B78634471
:100C4000944663441D70D5E784204000E4E7254BBB
:100C50001F4A0398D11880220830520003F0B2FFD7
:100C60004346204A18789446194B04AA1B1863443B
:100C7000092494461B4E6444B44615491B78091850
:100C80006144097800228B421BD20133DBB252004F
:100C90009942FAD103000E4881338446FF33DB00CA
:100CA00063449A6019710132AC4228D00D4E20780D
:100CB000B4460B00064901340918614409788B4297
:100CC000E3D31900E6E7C046E4FAFFFF041400008E
:100CD000EC240020020B000002090000EE2F00208F
:100CE00000FDFFFF020800001C050000344A354BE0
:100CF0000398D11880220830520003F063FF0023CC
:100D000000221C00029901982D4D8B5CAC4681336A
:100D1000FF33DB0063441B790132E4189042F3DCBB
:100D20000399230A0A004B71230C8B710932230E9D
:100D3000CB71FF3284230C71A046140000225B00AB
:100D4000CA540023994601339C4600230021002009
:100D500007269A464A46029B9B5C1B4ADB00934649
:100D6000174A5B4493465B441A785D68013A02D2A5
:100D700016E0013A14D32B006746D3403B40771A64
:100D8000BB40275C01313B4323540829F1D101309A
:100D90000021C3004345ECD253462354013AEAD222
:100DA00001239B46019BD9444B45D3DCCB17591AF1
:100DB000C90F08180930FF302EE7044CD8E6C046AA
:100DC000EC24002002080000040C0000EE2F00209C
:100DD000F0B5DE4657464E464546E0B5B5B08B46C3
:100DE00004A98C4603900F20029201226044013B2B
:100DF000995C81540132112AFAD101239C4604AB3B
:100E0000013B019305AB99460F2398464F4B1021A8
:100E10009A4664464E4F08AE04A80B22844601232E
:100E200062445218D05C019DE8540133052BF9D17E
:100E300043460B4250D004AB1B7804A884460A00FA
:100E40006244157801306B4013740132484507D075
:100E50000378157801306B40137401324845F7D19F
:100E60000431B029D8D15B46002B6DDD013B1A005F
:100E700000930F239A435B46103B9B1A9846039BB3
:100E80005D465B4499461023029F9A460CE0310070
:100E900004A8FFF7D1FB103D3800102204A903F08D
:100EA00091FE1037A8452FD02C00102D00DD102406
:100EB0004B462200591B04A803F084FE0F2DE6DCEC
:100EC000534604A922008C461B1BDBB262441370FC
:100ED00001329642FBD1DAE704ABD8781A785B7816
:100EE00004ADFB5CBA5C0093AD78385C7D5DAC46CC
:100EF000634604AD6B705346EA701A5D009BA870A0
:100F000053402B70013498E7009B1C0901342401E5
:100F10005B461B0710D1102204AB1A7001339E42AE
:100F2000FBD1310004A8FFF787FB029B10221819A0
:100F300004A903F047FE1034200035B03CBC9046B5
:100F40009946A246AB46F0BD0024E1E78868001050
:100F500094680010F0B55746DE464E464546E0B56B
:100F6000CFB00EAF079038001EAC0B784A781B0646
:100F700012041343CA7813438A78043112021343CC
:100F800008C08442F1D1C02398463A00AF3B9C464A
:100F90000A3BB8449B460B33474613269A46904675
:100FA000936B64461800E0411C00F44160401468F3
:100FB0009B0AA1465840536A51684B445C46C0188E
:100FC0000B005546E3410C00EC41C90863404B401F
:100FD000C318136404329742E2D14746079B019736
:100FE000DA68596905929A691C680692434A5E68F4
:100FF00093467A1CFF320492069A9D689446059A9D
:1010000018690392DB693E4A9A469146089409960C
:101010000A950B900C910D9302910CE05F4608CF5E
:10102000E2469946029B039502903500BB46260096
:101030009C4610000C000B2102000627CA4101004B
:10104000F941514002001337FA415140029A1623E8
:10105000024090466246474682437A40019F891883
:1010600004CF019789180D272200FA4151444944C1
:10107000914622000B3FFA414F467A402700DF415C
:101080007A4037006F402740B9462F003740BA46B4
:101090004F4653465F40B946039B9144019FCA188F
:1010A000049B4944BB42B9D1029B9846089B994690
:1010B000079B49441960099989460A994C44894615
:1010C00005994E4489460B994D4489464A441A6114
:1010D0000C9A5C6091461A0048449E60DD6058613D
:1010E000069B434493610D9B6344D3614FB03CBC6A
:1010F00090469946A246AB46F0BDC0468C670010AC
:10110000982F8A42F0B546464F46D646C0B598B0AD
:101110006E4690463200414B81460C0023CB23C2E1
:1011200023CB23C203CB03C23F2C00DC74E040235B
:101130005B429A46A24457467F339F434B464D46F7
:101140004033DF19290030004035FFF703FFAF427D
:10115000F8D153469809013080018144251A08AF1F
:101160002A004946380003F02DFD8023681C7B557A
:1011700038284ADD40220021121A381803F01CFDDD
:1011800039003000FFF7E6FE38220021380003F076
:1011900013FD5F222020E517630FED001D438146FC
:1011A0000023E1006A4407E02C00C440200008331B
:1011B0001070013A402B0FD0202040421818F3D570
:1011C00048462C00C01A84400800D8400833204309
:1011D0001070013A402BEFD1390030004446FFF740
:1011E000B9FE4246203408CE190E1170190C517008
:1011F000190A9170D37004329442F4D1202018B0AF
:101200001CBC90469946A246F0BD38220021121A15
:10121000381803F0D1FCBCE72500A0E76867001090
:1012200030B50D681C00AC46036863440360256854
:101230006B401025EB4123601568AC466344136096
:101240000D686B401425EB410B600568AC466344A8
:101250000360206843401820C3412360106884461F
:10126000634413600A6853401922D3410B6030BDB8
:10127000F0B591B00E000A006D466B46070010A84D
:1012800002CA02C38342FBD10A2468460CAB08AAF7
:1012900004A9FFF7C5FF0DAB09AA05A901A8FFF72F
:1012A000BFFF0EAB0AAA06A902A8FFF7B9FF0FAB52
:1012B0000BAA07A903A8FFF7B3FF68460FAB0AAA5A
:1012C00005A9FFF7ADFF0CAB0BAA06A901A8FFF714
:1012D000A7FF0DAB08AA07A902A8FFF7A1FF013CD1
:1012E0000EAB09AA04A903A8FFF79AFF002CCCD1E2
:1012F000325908CD944663443B510434402CF7D115
:1013000011B0F0BDF0B557464E464546DE46E0B555
:1013100088466049A3B002915F49814603915F49C5
:10132000587804915E490002059119789246084365
:1013300099782C9A09040843D97809060143587909
:101340000691197900020843997909040843D9796B
:1013500009060143587A0791197A00020843997ADD
:1013600009040843D97A09060143587B0891197B7F
:1013700000020843997B09040843D97B090601430D
:10138000587C0991197C00020843997C09040843A0
:10139000D97C090601430A91197D587D0002084352
:1013A000997D09040843D97D09060143587E0B91B4
:1013B000197E00020843997E09040843D97E090674
:1013C00001430C91597F187F09020843997FDB7F05
:1013D000090401431B060B430D93012351780E931F
:1013E00013780902194393781B041943D3781B0619
:1013F0000B4351790F9313790902194393791B0415
:101400001943D3791B060B43517A1093137A0902BF
:101410001943937A1B041943D37A1B060B43119388
:101420004346002B32DD00230326009312AD280033
:1014300002A9FFF71DFF4346009A9A1A402A00DDD1
:1014400040220099002308004944504437009C1072
:10145000A4001F402C59FF00FC40CF5C7C40C454CA
:1014600001339A42F2D1009B9C46944462460E9B03
:101470000092019301330E93E045D8DC009823B02D
:101480003CBC90469946A246AB46F0BD0023009373
:10149000F4E7C046657870616E642033322D62795E
:1014A0007465206B70B500291BDD0123040046180C
:1014B00001200D4D5B4221784B40082104E05B0880
:1014C00001396B40002905D01842F8D101395B0879
:1014D0000029F9D10134B442EDD1DB43002013607F
:1014E00070BD0023FAE7C0462083B8EDF0B557463B
:1014F0004E46DE464546E0B599B08246894617928B
:10150000002800D1A5E1002A00D1A2E10B00802231
:10151000013B1201934200D39BE10A001A4016924C
:10152000194200D095E10B000026012903D00136B5
:101530005B10012BFBD100220023771E93465246FD
:10154000B846012537001E000092002F00D17CE133
:101550000023002441462A009A40164203D0280066
:10156000CA1A9040044301339F42F4D1BB4B8846D2
:101570009A46BB4BA4009C46A2446444009B985DE1
:1015800003F09BF9534618605B4601362360B14572
:10159000DBD11296002F00D10FE17B1C15930023A5
:1015A000B04CB14E08930994B04B0C9301231493A3
:1015B0008020012314990006844632008B40624447
:1015C0000B921A009446042210938A40DB0F634466
:1015D0005B100D939B009A46002313929F4A119330
:1015E0000F929F4A0E92109B012B00DCB6E00E9BDF
:1015F000002499460F9B984600239B4600230093A6
:10160000019400239A4C02930394434652469858FF
:1016100003F080F94B465246040098580D0003F041
:1016200079F9029A039B06000F0020002900069416
:10163000079502F05CF8009A019B04000D00300051
:10164000390002F054F802000B002000290002F0DB
:101650001EF8029A039B049005913000390002F0B5
:1016600046F8009A019B04000D000698079902F0C5
:101670003EF802000B002000290002F011F843465A
:1016800006900791186803F045F94B460400186866
:101690000D0003F03FF9220006000F0004980599A1
:1016A0002B0001F0FDFF02F0A5F843463200186060
:1016B0003B000698079901F0F3FF02F09BF84B46B8
:1016C00029001860049A059B200001F0E0FF02F059
:1016D00091F8434651465850069A079B300039000E
:1016E00001F0D5FF02F086F84B4652469850029E14
:1016F000039F089A099B3000390001F0F8FF009A17
:10170000019B04000D000C980B9901F0F0FF020002
:101710000B002000290001F0BAFF089A099B0290F3
:1017200003910098019901F0E2FF04000D003200DE
:101730003B000C980B9901F0DAFF2B00220001F01E
:10174000AFFF01239C460333E3449C460D9B00906E
:101750000191E044E1449B4500DA56E7109A0F9965
:101760009446119B139A0800634494460E99129A6A
:101770006044614411930F900E91934200DA32E776
:10178000149B1599013314938B4216D00120984075
:1017900002F000F802000B003648374901F089FFDB
:1017A00004000D0002F05EF80C900E0020002900ED
:1017B00002F042F808900991FAE6284B9846284B27
:1017C0009946179B9A46129B9B0043449B4643466F
:1017D00001CB984603F09EF84B46040001CB0D0068
:1017E000994603F097F8220006000F002B00200016
:1017F000290001F07CFF320004000D003B003000A6
:10180000390001F074FF02000B002000290001F0F4
:1018100047FF01F0FBFF040012980D0001F0BAFF32
:101820000B0002002900200001F043FF01F0E2FF5D
:10183000534601C39A46D845C9D1169819B03CBC45
:1018400090469946A246AB46F0BD044B044C9A46DE
:1018500094E601235B421693EFE7C046F058002060
:10186000F03800200000F0BF26A6A13C075C14332E
:101870000000F03F182D4454FB211940F8B557469D
:10188000DE464E4645468A46E0B59346071E9946D3
:101890003ED0002A3CD04B46002B39D000292BDD0E
:1018A0000A9B4E465C42002398460A9B4B441D000F
:1018B0000A9A43460020002A26DD002B04DB5A4208
:1018C000B15CFA5C4A438018013BA342F5D14B4618
:1018D00000211A7801338918AB42FAD1002912D0BD
:1018E00001F0A0FE5B464246985401239C46E0442A
:1018F00001340136C245DBD100203CBC90469946FC
:10190000A246AB46F8BDC0B25B4642469854ECE7EF
:1019100001204042F1E7C046F0B54546DE46574655
:101920004E46E0B58BB01D0003900791029200284F
:1019300000D1E0E0002A00D1DDE0002D00D1DAE0A6
:10194000159B002B00D1D6E0149B002B00DCCDE0D2
:101950005E19002200232F00A84614001D003878CD
:1019600001F018FF02000B002000290001F098FE92
:10197000013704000D00B742F1D10894099545469E
:10198000079B002B00DC91E0169B01955B429A4679
:10199000159B9B46149B5B42994600230693149B20
:1019A000002B00DC91E00022002316001F004D46B2
:1019B000069C002C0FDB019A6342D35C039A105DF6
:1019C000584301F0E7FE02000B003000390001F03F
:1019D00067FE06000F00013CAC42EAD1169BA94607
:1019E00004960597012B00DC77E0069B0026013B5F
:1019F000984600274346002B19DB5A465B42D05CD1
:101A000001F0C4FE4246029B0400985C0D0001F008
:101A1000C1FE02000B002000290001F068FE020058
:101A20000B003000390001F03BFE06000F000123DF
:101A30005B429C46E044D045DCD1089C099D0022D5
:101A400000232000290001F09BFE049A059B00283A
:101A500034D03000390001F023FE22002B0001F0C9
:101A600028FE04000D00254B00222000290001F073
:101A700087FEFF23002808D1002300222000290030
:101A800001F078FE002300282AD0069A02998B5490
:101A9000531C01229446019A069301320192079A3F
:101AA000E244E344E1449A4200D078E700200BB0DE
:101AB0003CBC90469946A246AB46F0BD300039008A
:101AC00001F0EEFD04000D00CDE700230024049397
:101AD0000594169B012B00DD87E700260027ACE765
:101AE0002000290001F06EFEC3B2CEE700230024DF
:101AF0000893099444E701204042D8E700E06F4092
:101B0000F0B54E464546DE465746E0B587B005007F
:101B10000E00019002910392002869D0002A67D03C
:101B2000002965DD080002F0CDFE011C041C02F056
:101B30006DFE02F0EFFE02000B002F482F4901F06E
:101B4000B8FD01F057FE8146FE20211C800502F001
:101B500060FE02F0E9FE05908020211CC00502F025
:101B600058FE02F0E1FEB446B200934665440022FE
:101B7000AA4604900092009F00247B0098465E468F
:101B8000019D3800310001F04DFD080002F095FE86
:101B9000494602F052FE02F0D7FE8346287802F052
:101BA0008CFE594602F049FE011C201C02F02EFE5C
:101BB0000135041C4744AA45E3D1009BB346002BE2
:101BC00014D00498211C02F038FE009E039BB5003F
:101BD000029A5851731C00939A42CCD1002007B04E
:101BE0003CBC90469946A246AB46F0BD0598E9E755
:101BF00001204042F3E7C046182D4454FB21094020
:101C0000F0B55746DE464E464546924BE0B51B685A
:101C1000914C9A468423A5445B009A4506D38F4B8A
:101C20001B689B468E4B5B689B4509D00020B12307
:101C30009B009D443CBC90469946A246AB46F0BDF5
:101C4000874B9A68D31DDB080933FF3301929A450D
:101C5000ECD15B465B019342E8D30DAC84220021BA
:101C6000200002F0A9FF842200212EA802F0A4FF88
:101C7000842200214FA802F09FFF7948784A0D3056
:101C800000210C32FF3009E0002B04D09B00E55806
:101C900001310135E5500132824203D01378202B07
:101CA000F2D9C3E75B46002B62D00029BED00023E7
:101CB000002299469C46002300258020029203932F
:101CC00053460127674940000B930A9563460493E6
:101CD00000230593049D059E029A039B52197341AC
:101CE0004D4692185B41089209930292039363193F
:101CF0005D68002306950793AC46029A039B069DF8
:101D0000079EAD185E412A003D003300203DA846E5
:101D100026D446460125B540A8460125BD40434589
:101D200000D983E72AD0089A2EAB4B445A600A9D0B
:101D30004FAB4B445D600023CA5CBA4205D1C82654
:101D40000CAA760092195355013501338342F3D121
:101D500001370A95212F14D004239846C144B5E7D2
:101D60002025ED1BA84601254646F540A846D4E7A8
:101D7000019B194348424841C0B258E7AA42D2D910
:101D800054E70B9B9A46019B002B00D14EE786231C
:101D90000020334A5B00D35C029001300121002215
:101DA0008146DB1111E02E4DD008AC46072560447A
:101DB0000D30FF300078954328414D465B002840A8
:101DC00001310343212900D130E788002558002D37
:101DD00023D088270CAEF6193658B4469E421CD83C
:101DE0009E1BB54219D902990D008B4500D81DE7FD
:101DF0000CAE8437F6193058C8261B18604676009A
:101E00001B1A0CA88019C05C174B01315B5D98420E
:101E100000D00BE702910023002101980132824299
:101E2000C1D107200400144010420AD00823012227
:101E30001B1B52429A400A4B5344DB78934300D019
:101E4000F4E6029B00209B4500D0F0E64842484162
:101E5000EDE6C0461CA100203CFDFFFFFCA00020D9
:101E6000AC030020B8030020FC980020F0B55746D2
:101E70004546DE464E462F4BE0B51F682E4B80464A
:101E80001B68002083B0BB4242D1002F38D0802392
:101E9000DB0000249946294D294E16E0B378002C2A
:101EA00043D06878C31870784000C318012C3CD028
:101EB00030782A788018C018FF23484537D301347A
:101EC000AB7001360135A7421AD04346002BE5D14D
:101ED00000200190B01C8446E0430122824619494B
:101EE0006046C05C42430198834693445A4601923F
:101EF0001A1D14D0013B0431534510D00A68EFE796
:101F00003A001149114802F089FF43425841C0B2DA
:101F100003B03CBC90469946A246AB46F0BD0921B1
:101F2000019801F07FFBC3B2C9E79B08C7E78008AF
:101F3000C3B2C4E7FCA000201CA10020E61C0020C6
:101F4000FA980020F89C0010B0030020E81C002044
:101F5000F0B50023C64617003E4A00B513703E4A4E
:101F60003E4E13603E4A33601360431E04009046A9
:101F70000B2B23D880231B019F421FD8002917D089
:101F800009285DD00C281DD0002F1DD1354B364AB5
:101F9000364913605350364A364913605350002275
:101FA000354B1A700023354A01201370346006E067
:101FB000002F03D1092801D00C28E7D1002004BC50
:101FC0009046F0BD002FF9D02D4D3A00280002F0C8
:101FD000F9FD4346244A25491F60224B53501360A4
:101FE0002449234A5350136080231B019F42D6D1BA
:101FF0002900244AEF1802E00131B94226D05303E8
:1020000053405A0C53405A015A400878D3B2984270
:10201000F2D000228020184B80211A701A4A002327
:1020200094467F27000106E00133834210D03A0036
:1020300061461A40895CEA5C8A42F5D00023B2E727
:10204000002FBBD07B1E1F42BED0B7E70122E1E7C5
:102050000123A8E73BA100201CA10020A803002029
:10206000FCA00020216DA783F4780020042000004C
:10207000AC0300200C19000039A100203AA1002077
:10208000FC9800204D3C2B1A589A0010F0B5CE4613
:102090004746002380B56D4A6D4D1268040089B033
:1020A0002B70824206D1002804D06A4E6A493268F9
:1020B0008A4205D0002009B00CBC90469946F0BD7C
:1020C000664971589142F5D1654A904612688A4234
:1020D000F0D14046634941589142EBD1624F3B6099
:1020E0000C2CE7D8614AA300D3589F46604B614A45
:1020F000196861489946FFF703FD0028DAD14B467D
:10210000186880000028D5DB534A33689342D1D148
:10211000524AB2589A42CDD143461B689342C9D124
:102120004146504A8A589A42C4D13860092C04D09A
:102130000C2C02D0514B9842BCDC012301202B70A7
:10214000B9E769464E4B4C481A888A829B784D4ABB
:102150008B75118806AB198092789A70444A019366
:10216000914603224946029200920968464A05AB0D
:10217000FFF7D2FB00289DD14B461868C2E7434ABF
:1021800006AB11683C48069112791A71384A91469B
:1021900005224946009209683B4AFFF76FFB002879
:1021A000EAD087E7324B334A196833489946FFF73C
:1021B0009DF90028A3D07DE7002306932C4B2E48E1
:1021C000196806AAFFF76EF9002800D072E7069B8F
:1021D0000420736098E7264B2B4A19682C4B26483D
:1021E00000932C4BFFF78EF88CE7214B264A196899
:1021F0002148FEF787FF85E71D4B234A19681E48D3
:10220000254BFEF7E5FD7DE7194B1F4A19681A4873
:10221000FEF7F4FB76E73200154B174819680832D1
:102220007160FEF781FB002800DA43E704306BE7BA
:102230000F4B154A19681048FEF764FB62E70C4B18
:10224000114A19680C48FEF703FB5BE7A80300205E
:102250003BA10020AC030020216DA7830C190000D6
:10226000F4780020042000001CA10020A4690010C4
:10227000FCA00020F8780020FC980020081900003D
:102280009469001098690010B00300209C69001048
:102290003C6A00101C6A00100C6A0010F0B5DE46A3
:1022A00057464E464546E0B5CA4B04001B6883B00E
:1022B000834208D1C84B1D78002D04D0C74EC84AB0
:1022C0003368934208D00025280003B03CBC9046F8
:1022D0009946A246AB46F0BDC24AB2589A42F2D1E4
:1022E000C1490B689342EED1C04A8A589A42EAD15A
:1022F0000C28E8D8BE4A8300D3589F460120FFF738
:10230000B5FD0500E0E70020FFF7B0FD0500DBE7C5
:10231000B84B1D78002DD6D0B74B1968B74B8A0043
:102320001B689A42CFD10029CED0B54A00279246E9
:102330008B46A146019533E00F233B4200D042E19A
:10234000B04A3B099B009B58AF495800400898464B
:1023500002F073FAAD4902F059FA061C53461C68A4
:1023600065006D08AA49281C02F09BFA0028AAD132
:10237000A749281C02F090FA0028A4D14146201C4D
:1023800002F041FA40004008311C02F085FA0028B2
:1023900099D104239C460137E244BB4500D116E1A4
:1023A0004B460C2BC8D19B4ABB00D3589649984644
:1023B00053461C6843465800400802F03EFA9649CE
:1023C00002F024FA061CCBE7944B1D78002D00D1B7
:1023D0007AE78A4B00251B68042B00D074E7904BEA
:1023E00075689C4665446B425D41EDB26CE78B4B72
:1023F0001D78002D00D167E7804B00251B68202B3E
:1024000000D061E720228749874802F007FD454256
:102410006841C5B258E7814B1D78002D00D153E7C4
:102420008123764A002512681B019A4200D04BE7AF
:102430007E497D4802F0F2FC45426841C5B243E75F
:10244000FFF7DEFB05003FE76C4B1B680193032B96
:1024500000D838E7684B1B6898467368434500D03E
:1024600031E704239C46E1464A46714B00279A46D1
:10247000704B4D469B46019B9B1A5B085B004B448F
:102480009C46B84500D8DFE0654500D11BE75346C0
:10249000AC1C195D002975D1019BA946A34200D847
:1024A00011E703239C4634192379624AE144D3554A
:1024B0004A46019B4D469B1A5B085B004B449C4679
:1024C0000137DEE74C4B18684C4B1B68834200D049
:1024D000F9E6002800D1F7E600210023524E564CC1
:1024E00003E00131884200D1EEE6725C9B18625C29
:1024F000DBB29A42F5D0E6E6404B1B689C460123CE
:10250000614662461940134200D0DCE6002A00D141
:10251000A9E0394B444F99461B68484D984604231F
:102520005B429E1B3878002800D1CCE643465B1AFC
:10253000984200D9C7E60B007C780133EA5CA242DE
:1025400000D0C0E6CA1A1218002AF6D10237F219D2
:10255000944500D88AE01900E4E7304B1D78002D3F
:1025600000D1B1E68023254A002512681B019A425A
:1025700000D0A9E632492C4802F050FC454268419F
:10258000C5B2A1E62F4B185D002800D19BE6B842EA
:1025900000D998E64346DB1B994200D993E6B94639
:1025A000D9444A460023A1461400381A5844C25C54
:1025B000E25401339942FAD87F184C46B84500D905
:1025C0006AE74D465DE70023104E9846C6E6019D3A
:1025D0007AE6C046A80300203BA10020AC030020FF
:1025E000216DA7830C190000F4780020042000005E
:1025F000D86900103AA10020FCA000201CA10020F6
:10260000F8780020D89A0010ACC5A73717B7D13892
:10261000FFFF7F7F587A00100AD7233C39A10020A2
:10262000CD65C162D89C0010B0030020486A00103C
:10263000AF030020E81C0020FC980020FB9800203D
:1026400058720010AE030020AC46019B0025634584
:1026500000D039E642460949094802F0DFFB45420D
:102660006841C5B230E6074A002391464A461568DC
:10267000ED1A6B425D41EDB226E6C046FC980020A3
:10268000E81C0020FCA000201E4B70B51A68002337
:10269000824208D11C490978002904D01B491C4CEE
:1026A0000868A04201D0180070BD1A4C0C59844231
:1026B000F9D1194D2868A042F5D1184C2C59844203
:1026C000F1D1092A1CD00C2A1AD00D1D144B1B68FD
:1026D000002BE8D0E81801230124124E5B422A782F
:1026E00053400822210019405B08002900D07340A4
:1026F000013A002AF6D10135A842F0D1DB43D2E7F6
:102700000435E3E7A80300203BA10020AC03002030
:10271000216DA7830C190000F4780020042000002C
:102720001CA100202083B8ED10B54024084A830086
:102730009A181268C0005440C0222240054CA4469A
:1027400063441A60044B9C466044416010BDC0461F
:1027500004C0014004D00140004001400A4B800009
:102760009C464B1E99416044C900002A01D00423B5
:10277000194303684B400C21194080235B019C46A0
:10278000604401607047C04604C001400123D0226C
:1027900083404021120693629361094A83009A188C
:1027A0001268C0005140C0220A4006498C4663446A
:1027B0001A60054B9C460523604443607047C04641
:1027C00004C0014004D00140004001400FB400B5F6
:1027D000084883B002F008FB049B002B07D005A932
:1027E0001800019102F0FCF9034802F0FDFA012003
:1027F00002F00EFA0C9D00101C9D0010F8B5EFF3CE
:10280000108772B60E4E3368002BFCD0BFF35F8F7B
:10281000CB08C4180725A446C45C01230D40AB4077
:1028200018002040234208D1624623431370BFF3AF
:102830005F8F306087F31088F8BD1000FFF7C6FF88
:102840002C0100D0044A1078431CDBB2172B00D9AE
:10285000102313707047C046E00100200021044B94
:10286000044ABFF35F8F02C39342FAD17047C04658
:10287000000100D0800100D0054B064A1360064AD3
:10288000136053609360D360136153619361704729
:102890008080808000E400E004E400E01F23184012
:1028A0001E3B8340002905D0C021044A49005350F3
:1028B00013607047802201498B50FAE700E100E085
:1028C00070B50D00EFF3108672B60F4A1368002B37
:1028D000FCD0BFF35F8F0D4B10309B6884001B59F9
:1028E0000B4A934203D09D4201D000F0A7FD074B55
:1028F0009B681D51BFF35F8FBFF35F8F0022024BB8
:102900001A6086F3108870BD240100D000ED00E04D
:10291000C1010010024B9C46614489000160704770
:102920004000003410B50400FFF78CFF01002000C8
:10293000FFF7F0FFFF232371BFF35F8F10BDC04689
:1029400010B50400FFF77EFF01002000FFF7E2FF53
:10295000FF23A380BFF35F8F10BDC04670B5094C45
:10296000094DAC4208D223682000002B05D0083462
:10297000FFF7E6FFAC42F6D370BDFFF7D3FF083494
:10298000EFE7C04620020020280200200A4B196809
:10299000EFF3108072B60A68002AFCD0BFF35F8F95
:1029A0001B68BFF35F8F00221A6080F3108840BF5E
:1029B000002000217047C04634A10020F0B5DE465B
:1029C00057464E464546E0B585B0EFF305820323F2
:1029D00013409A0011000392B64A525890460122C1
:1029E0009A409146B44B1A604B46B4484363434601
:1029F00008229B5E9A46002B3EDA43469B881BB218
:102A0000002B00DBA2E043469B79002B00D0F4E0D2
:102A1000434608241C5F002C24DB424652696300B5
:102A200094461B19DB0063449C68DD68631C00D17D
:102A300010E1A248039B84466344826A19001B6923
:102A4000A61A9B1A9E4215D34A46036A1A4211D00F
:102A50009A4800F0CDFA241A8D41002D02DCC3D132
:102A6000002CC1D040BF05B03CBC90469946A24660
:102A7000AB46F0BD0C61EBE7424652695B00934602
:102A80005344DB009B445B469E68DF6800F0B0FA6D
:102A9000801BB9410029B0DB002F00DAE5E05B467E
:102AA000874A1B69934200D1D8E041465A46082024
:102AB000085E5288000410435A4651699847040042
:102AC0000D0023002B4300D1CFE0002D00DBE8E018
:102AD000361BAF4134003D005B469C60DD60002149
:102AE000595E002900DA88E743465B6922009C466C
:102AF0002B0048004018C00060448668C768921BDD
:102B0000BB41002B00DA78E743466646020000949A
:102B1000019519810CE07B00DB19DB00F3180098AC
:102B200001999C68DD68001BA941002904DB1A009B
:102B30000023D75E002FEEDA5B461F8053461380DA
:102B400043469B881BB2002B00DA5CE743461A69B8
:102B5000EFF3108172B61368002BFCD0BFF35F8FC8
:102B600043469B8842461BB29A4601235B429380B0
:102B70001369BFF35F8F00221A6081F310885346F8
:102B8000002B00DA3FE743465B699C460823434439
:102B90009B4653465F0043465744FF0008229A5E17
:102BA00067445E46BC68FD68002A19DB3B00009460
:102BB000019567469C4604E01E000023F25E002A51
:102BC0000BDB0098019953009B18DB00FB189C68F5
:102BD000DD68001BA9410029EEDA6346BC461F00F0
:102BE0005346338000217B5E3A809A46002BD0DA30
:102BF00043469B79002B00D10AE70023424693719C
:102C0000434646460821595E08364B1C00D129E749
:102C100047468C46556902E006004B1C17D04B0016
:102C20005B18DB00E8180A00E95E43881BB2002B42
:102C3000F2DA01235B42DC178360C4609445ECD078
:102C400031803B89944603803A814B1CE7D1B846DA
:102C50006446E0E66B1C00D0EBE6F9E65B465C6997
:102C6000200023699847002821D15B4642461B88F3
:102C700013811269EFF3108372B611680029FCD03A
:102C8000BFF35F8F4246594652880A8042465146FA
:102C900051801269BFF35F8F0021116083F31088A8
:102CA000ABE6064800F0A4F924184D4114E7656826
:102CB000246806E720A100203C7005400040054044
:102CC000BD290010F0B5C646904600B5C1600600AB
:102CD0001D000F00FFF7B6FD1B4BD0229C4643465C
:102CE000120633701268ABB2727001226044524215
:102CF000800073819B1830613281B2807380002D17
:102D00000BD06B005D197469ED00104B2D192380F9
:102D1000013318349BB2AC42F9D143469A000C4BB4
:102D20000124D65043469C4040463C620949FFF787
:102D3000C7FD40460121FFF7B1FD074B9C466744A4
:102D40003C6004BC9046F0BD40000034FFFF000032
:102D500020A10020BD2900103820000010B50A4C29
:102D60002369002B04D00A210848FFF7D3FD10BDCA
:102D70000321074800F032F9102303222000044900
:102D8000FFF7A0FFEFE7C046E401002034A10020D8
:102D900000400540F0B501000469EFF3108772B6FA
:102DA00020680028FCD0BFF35F8F02200D5E4869C9
:102DB0006C0084466419E4006444002D01DB208823
:102DC00048800869BFF35F8F0026066087F310888C
:102DD000002D2EDBE36063880598013320615B04DE
:102DE00006985B0CA26060611A1C002B1FD090B289
:102DF0002B04628018430A69EFF3108672B61368D9
:102E0000002BFCD0BFF35F8F8B8823808D800B69F4
:102E1000BFF35F8F00221A6086F310880B780132AF
:102E20009A40CB6804498C4663441A60F0BD012285
:102E3000DDE701204042F9E73C20000070B582B098
:102E40001D0008AB1B7806001400002B07D100F012
:102E5000D7F822002B00121A8B41002B0ADB079BAC
:102E600022000193069B300000932B00FFF792FF96
:102E700002B070BD0020FBE730B543890A149342CD
:102E800033DD53009B184269DB00944604696344B8
:102E9000EFF3108572B62268002AFCD0BFF35F8F73
:102EA0005A88090494B2090C8A4208D00369BFF316
:102EB0005F8F00221A6085F31088002030BD8022C9
:102EC000120214435C80012302698371BFF35F8F98
:102ED0000021116085F31088054902788C469340E3
:102EE000C268012062441360E8E70020E6E7C046BC
:102EF0003C200000F0B5CE46474680B504000D00EA
:102F000085B0EFF30587002F0DD0314A0020536ABA
:102F10008B4203D3926A0130A24249D305B00CBC64
:102F200090469946F0BD2B4B9846DB689946434640
:102F300048461E7800F05CF80B0049460200043653
:102F4000B600715820008E1A2900801A99418F42CC
:102F500011DC0ED020BF1E4A0020536AAB42DDD3E5
:102F6000926A0130A242D9D2EB1A581E8341D8B2DC
:102F7000D4E78642EED9002302930193164B220038
:102F8000009340462B00FFF759FF011E15DD104B43
:102F90002E005A6A954218D89B6AA34213D3404622
:102FA000FFF76AFF0A4A0020536A9E42B6D8D7E765
:102FB0005B1A581E8341D8B2B0E7054A0020536A15
:102FC000AB42ABD3CCE79542E9D120BFE7E7C0469F
:102FD00000400540E40100208D29001010B5024A90
:102FE0000248FFF70BFC10BD209D0010BC1C002008
:102FF0000300416A0A00986A596A8A42FAD1704706
:10300000034B596A0A00986A596A9142FAD170478B
:1030100000400540F0B54F469946344BDE464646E3
:103020009C4644002418A400C0B56444160063689C
:10303000089A8B46934200D26260031FDBB2984627
:10304000012B2ED9C0238022294F85009B0179595D
:103050001201E3181A6000291AD122687601724021
:10306000E0268023164042465B01E3181E60012AD9
:103070002ED9802380229B01E31812011A60089B3D
:1030800063604B467B511CBC90469946A346F0BDFD
:10309000786900F0C7FA431C5800C0180338FDD205
:1030A000DBE75B46012BCDD1C02303229B01E31854
:1030B0001A60023AA3681A42FCD0E0232268760123
:1030C00056401E4080235B01E318094F1E608500B7
:1030D0005A462168514003220A401A6001235A4689
:1030E0009340A2681342FCD0C3E7C0460080004072
:1030F000C01C0020064A4300944680221B189B00F7
:10310000634412011A600022024B8000C2507047D3
:1031100000B00040C01C0020F0B583B005000E00D8
:1031200018000899170000F07DFA089A03001402AD
:1031300031003A0028000094FFF76CFF03B0F0BDA7
:1031400010B5802482B064000094FFF763FF02B0E2
:1031500010BDC046014B8000C0587047C01C002005
:10316000802270B506000E4C5200A3691D00154068
:103170001342FAD1FA210B4B8900186900F052FA78
:103180000A2310212060064A23610B3B6560A3607F
:10319000666193691942FCD0D069400970BDC04690
:1031A00080800040C01C0020F0B5C6468025060087
:1031B0000F00140000B56D0082B0174B01220121F1
:1031C000052000959846FFF725FF3B00320000944C
:1031D0000121124800F080F821003000794300F00E
:1031E00021FA04000022022104200D4B0095FFF774
:1031F00011FF23000022012105200095FFF70AFF9F
:1032000043460222002106200095FFF703FF02B08B
:1032100004BC9046F0BDC046006CDC020080024059
:10322000001BB700F0B5DE469B46264B57469A4634
:10323000A0234E4645465B0099468046E0B583B0E4
:103240000091019201235B429C46E1444B460F2BC7
:1032500035D01D4F1D4B072657449A452BD83400B7
:1032600043463500B04674431E0004E04346013D2A
:10327000E41A002D19D02100380000F0D3F9B04233
:10328000F4D10029F2D14A464646114B012053435E
:10329000009A1360019B1E605B461D6003B03CBC3E
:1032A00090469946A246AB46F0BD33004646013EE5
:1032B0009846002ED3D1074B9C46E244C2E700203B
:1032C000ECE7C04670F72E00B0710B0050F80C0010
:1032D000001BB70020D1FFFFF8B5040020481700FD
:1032E0001D000E0000F09EF90100380000F09AF970
:1032F000069A2B04120313432268002A1FDB194A83
:10330000A21851424A41802149018C4652420A404A
:10331000154962440A6015490A60154917000D688D
:10332000AF43FBD1134A2660A1182122A0600A6096
:103330002268002AFCDAE36008230B60F8BD3F2214
:1033400021680A40B242DAD1A2681205120D824207
:10335000D5D1EE21E268C9020A409A42CFD1EDE709
:10336000001BB7000040FDBF00E0004000F000403F
:1033700008C0004004300000044B00011B685840A6
:10338000F0231840024B18607047C04600400640CA
:1033900000500640024B18680006000F7047C046F8
:1033A000004006408023024A9B000B43D3627047D3
:1033B00000800540142310B50100188804331B88D1
:1033C000984710BD162310B50100188802331B88DA
:1033D000984710BDF0B5C64600B5002916D0142395
:1033E000040001259846182789004618434621689D
:1033F00018883B88984701C4431E984140420540C5
:10340000A642F3D1280004BC9046F0BD0125F9E79F
:10341000AA23064A1B0113608D235B00D360044975
:10342000044B19605368002BFCDA704700400240DF
:1034300000B0FA00006002407047C04610B5014875
:10344000FFF7C4F9449D001070B5074B074C9C4230
:1034500009D2013B1D1BAD080135AD002D1908CC6B
:103460009847AC42FBD170BD344F0010F84E0010AD
:10347000054B064A06491A60064A074B1A601000B7
:103480000B689843FBD1704700E00040BFCDFBFEC6
:1034900008C00040FE7F3C0000F00040044BDB6CA5
:1034A000002B03D18022034BD2021A607047C04622
:1034B000000011504C201150044A054B1A60054A77
:1034C0001368DB018033FBD17047C046FFFFFF016B
:1034D00000F0004008C000404022034B9A675A6742
:1034E0001A67DA667047C04600F0014010B5FFF772
:1034F000B5F910BD70B50C490C4C0D4D641AA610F1
:103500003200302E00D930222800920001F05AFB00
:103510002F2E06D82A0007492C19C03202C4944223
:10352000FCD1054B9D6070BD00010010C001001072
:1035300000000020C101001000ED00E0002310B5E4
:10354000294C82B0A367FFF763FF0122274B1A6063
:10355000636C012BFCD10322254B1A60224A936B2A
:10356000012BFCD1013300930121224A224804336C
:10357000FFF7B2FE052301210093204A2048FFF700
:10358000ABFE0022022104201E4BFFF7D9FD0022D2
:10359000012105201C4BFFF7D3FD0022002107204D
:1035A0001A4BFFF7CDFD002200210820174BFFF733
:1035B000C7FD8023DB000093002200210920134B6C
:1035C000FFF7AAFD0022104B00210620FFF7B8FDEF
:1035D0000420FFF7BFFD0E4900F024F80100002091
:1035E000FFF7E0FE02B010BD008000403CB000409C
:1035F00030B00040002F685900800240008C8647A0
:1036000000C00240001BB70040597307006CDC0289
:1036100040420F0001480421014B184700020020DE
:10362000D5330010114A936F9B0813D21066516670
:10363000002905D0FFE7FFE7FFE7516F106F7047E4
:1036400004B5002801D00020C04301F045FC002152
:1036500004BDC046F0B5146E556E576F166FFFF778
:10366000E5FF1466556657671667F0BD000000D089
:1036700044464D4656465F46F0B47047F0BCA046FF
:10368000A946B246BB46704748404140484018B43E
:103690001B4B5B68FC46019308BD04DFDB3B00105D
:1036A00018B4174B1B68FC46019308BD00DFE53BCF
:1036B00000109446134A926F920809D2624618B4D9
:1036C0000F4BDB68FC46019308BD0CDF9D3E0010EC
:1036D0000C4AF0B5146E556E576F166F6246FFF7C1
:1036E000EEFF084A1466556657671667F0BD18B4B2
:1036F000034B9B68FC46019308BD08DF413D001069
:10370000A4A10020000000D0FFB55040424050402E
:1037100059404B40594000E0FFB5154F4C00640D37
:1037200003D0BC4204D10C0314D80020090D0905B4
:103730005C00640D03D0BC4204D11C030AD80022F3
:103740001B0D1B0501264B4009D44B4003D58B4272
:1037500000D18242FFBD9942FCD19042FFBD0B4394
:10376000DB1803431343F5D0C9434918FFBD0000DC
:10377000FF07000000B5FFF7CFFF804100BDC04646
:1037800000B5FFF7C1FF804100BD00000021002807
:1037900005D17047C1174840401AFAD0C90713B580
:1037A000064B1B6898470CBC441CA2401005120B2A
:1037B0000349091B09051943114310BD30A100201D
:1037C0001F04000018B4044B5B6AFC46019308BD5B
:1037D00024DF794200100000A4A1002018B4044B9B
:1037E0001B6EFC46019308BD60DF8743001000009C
:1037F000A4A1002018B4044BDB6FFC46019308BD64
:103800007CDF114300100000A4A1002018B4044B79
:103810009B69FC46019308BD18DF69400010000059
:10382000A4A10020024A034B00B500F0B9F900BD85
:10383000182D4454FB2119408A0002D3920D092A05
:1038400008DA18B4064BDB6BFC46019308BD3CDF7D
:10385000BB44001000B5FFF7E5FF04BC9646F0E757
:10386000A4A100208A0002D3920D092A08DA18B414
:10387000064B1B6CFC46019308BD40DFCB44001097
:1038800000B5FFF7CFFF04BC9646F0E7A4A10020E7
:10389000132370B51C78012C19D014DD1148FFF7E3
:1038A00091FD06001048FFF78DFD104D802231007C
:1038B000280001F087F9022C06D00D48FFF77AFDA9
:1038C0000C4B186070BD094D0B4AAA64F5E7074D13
:1038D000094A29002B00803104C38B42FCD1AA6421
:1038E000EBE7C0465344000053460000A4A100206B
:1038F0004C33000030A10020A93B0010F0B5574622
:103900004E464546DE46E0B585B01F000E9B0400DE
:103910000D0016009A46002B5DDD01203911404252
:10392000FFF780FE002303909B461BE022009A4095
:10393000019223004A469340009343463200D91730
:1039400040463B0000F042FF009C019D5B464A461A
:10395000934043449B4653469B1A241A8D419A46F2
:10396000002B1DDD5346D1460C2B01DD0C2399465F
:10397000039AAB11534349461D22521A1341202288
:1039800001335B10524298468B18CFD5202322007A
:103990005B1ADA4013002A008A401A430192C8E7F2
:1039A000AF421CDC29D020002900801BB9418F4286
:1039B00038DC35D002239C46801BB941E3440F9B81
:1039C000002B01D05A461A6005B03CBC904699467F
:1039D000A246AB46F0BD8F4217DD00239B46200078
:1039E000291EECDA80197941002909DA02235B42A9
:1039F0009C4680197941E344E1E7A642D3D9EEE73A
:103A000001235B429C46E344D9E78F4201D18242C5
:103A1000E3D8200029000023801BB9419B4601E028
:103A20008642C7D901239C46E344C8E7F0B5464621
:103A3000D6464F461C008046C0B588B01000109A8C
:103A40004B006500C4465B0D6D0D002A02D00022BC
:103A5000109E32604B4A934252D0002D50D0002B22
:103A600057D0954262D06A1E9A425FDCCE0F0F0398
:103A7000B1463E0BB2466646049680267603B446AF
:103A80005746029060463E43270305963E0B30435F
:103A900003909A4240D04A46002A06D0049E059FD1
:103AA00000227142BA41049105920498059907AA2F
:103AB0005B1B01920093029A039BFFF71FFF060016
:103AC0000F0002000B000298039992197B41944663
:103AD0008B422FDC2CD0029A944544D0002C02DA81
:103AE000079B5B420793109B002B01D0079A1A603B
:103AF000254A30003900521BFFF770FE060001E036
:103B000000262249300008B01CBC90469946A246C7
:103B1000F0BD00260021F5E7059B834212DC029DE3
:103B2000039EB34202D1049BAB420BD84646E9E761
:103B30008242D0D9079B01330299039A0793761AE0
:103B40009741CBE74B46029E039F04980599B6190F
:103B50007F41002B0ED1801BB941013306000F00BD
:103B600015000793BAE7039A9342B7D1079BDA0788
:103B7000B4D5E0E701235B42361A8F411500079365
:103B8000ACE7C046FF070000330400000000F07FF0
:103B900010B5002482B00094FFF748FF02B010BDBA
:103BA00010B5FFF7F5FF10BD07B5604601880A0A9A
:103BB0000230DF2AFAD1C9B2820804D302884088D1
:103BC0000004104300E00068014A5050039007BD14
:103BD000A4A100200FB403BC0CBCF0B50124E40781
:103BE000634000E0F0B50C0DCF0F661E3605891B53
:103BF000640503D3C943404200D30131640D03D0AF
:103C0000661CF60A07D0E41B00207F00791C890798
:103C10008912803C24031D0DDF0F6E1E36059B1B91
:103C20006D0503D3DB43524200D301336D0D03D046
:103C30006E1CF60A07D0ED1B00227F007B1C9B0741
:103C40009B12803D2D032F1B661B58D4A446202EAB
:103C500046DA20371400BC401D00BD40F24033411D
:103C60002A4380185941CB0F05D0C943C0430022D5
:103C700064425041514162464D0D28D10D0D07D18E
:103C800000281FD0241940414941013A0D0DF9D0B7
:103C9000640006D3013000D30131002C01D140086B
:103CA0004000013A0BD4941CE40A04D112051144DB
:103CB000DB071944F0BDD907204B194300E0D907B1
:103CC0000020F0BD0029DDD1002CDBD1F0BD013298
:103CD000C6074008CD0728434908002EE1D0D9E7A0
:103CE0003C2E29DA203E40371400BC4000D001248D
:103CF000F24014431A00BB401C43D317ACE7AC4658
:103D0000202F08DA20360400B4400D00B540F840FA
:103D100039412843A5E73C2F0CDA203F4036040008
:103D2000B44000D00124F84004430800B1400C43E3
:103D3000C117EAE710001900002494E70000F07FA3
:103D4000F0B50C0D661E3605891BE60A6405640D88
:103D500002D0651CED0A04D0002001210905803C39
:103D60002403A4461C0D671E3F05DB1BE70A640500
:103D7000640D02D0651CED0A04D0002201231B054E
:103D8000803C24037740644497B484B296B2744371
:103D9000070C7E43150C6F4380B26843361802D37C
:103DA000012000043F183004350C00197D41844681
:103DB00088B29AB250430C0C62431F0C7C438EB203
:103DC0007E43921902D301263604A4191604170C57
:103DD0003618674101BC81B29AB25143040C624368
:103DE0001B0C5C4380B25843121802D3012000041C
:103DF00024181004130C401863412D185E41002054
:103E0000474106BC88B293B258430C0C6343120C72
:103E1000544389B251435B1802D301210904641849
:103E200019041A0C091862416D18564100204741C7
:103E300018BCF902720D1143F0026A0D1043ED0235
:103E40000A0D03D16D1940414941013B124E9B1BA4
:103E50007600B3420ED26D0007D3013000267141C7
:103E60006646354301D1400840001B05C918E407E8
:103E70002144F0BD0BDA013306D1013004D1013108
:103E80004F0D01D04908F2E7E1070020F0BD0136EF
:103E900031050020EBE70000FF030000F0B51C0D2A
:103EA000671E3F05DB1BE70A6405640D02D0661C34
:103EB000F60A04D0002201231B05803C2403D025F0
:103EC0002D060026F6432E661E096E66CE0FF619E5
:103ED000B44649004F0D02D07E1CF60A03D00020E4
:103EE0000021403F3F033E1BB600B444013F7F0525
:103EF000C91B49082E6F013676089C02950D254393
:103F00007543ED137543AD1301356D10F603761B44
:103F10000CB4CC02450D2C43A2B2B3B25A43270CC9
:103F20007B43350C6F43A4B26C431B1902D30124AD
:103F300024043F191C041D0CA4187D4124196D4153
:103F4000009A91B2ACB26143170C7C432B0C5F43D7
:103F500092B25A43A41802D301221204BF182204B9
:103F6000230C52187B41019C6C431B19520ED90142
:103F70000A434401A01A81B2B2B2514303145A4316
:103F8000360C734387B27743D617D21900277E4188
:103F900036049B191704160C7F185E417316ED1832
:103FA000F301002680337541A90F06D16400690A28
:103FB000E8055B0A184309D22FE0042294448033B9
:103FC0007541A90AA8059B0A184326D340414941D7
:103FD0002404009A019B0D005543641B4343E41ADB
:103FE00095B286B27543170C7E43030C5F4392B2C1
:103FF0005A43B61802D301221204BF183204330CFC
:1040000052197B4152429C41002C02D400220130C3
:1040100051414008CA071043490802B06246D70719
:104020009210084BD218084B9A4203D212058918F5
:10403000C919F0BD0020002A01DC3900F0BD0133B0
:104040001905F5E7FD030000FE07000007DA00216F
:1040500007E0C90FC907520D03D0C91201E04C494E
:10406000090500207047C0464A00F2D2520D013ABD
:10407000484B9A42EAD2F0B51405091B520801D305
:10408000001849419B08D2181205944640A44A0CD6
:10409000A25C0B09534353431B1353435B1312029C
:1040A000D21A13005B435B0B4C086343DB1353438F
:1040B000DB1501335B10D21A130CD21A13005B43C9
:1040C0008902840D21438DB29EB275430F0C7E434D
:1040D0001B0C5F438CB25C43361902D301242404C9
:1040E0003F193404330C64197B419D01A40E2C4309
:1040F0002034A5B25543241454432D0C6419A41143
:10410000D203121B95B28EB27543170C7E430C0C72
:10411000674393B26343F61802D301231B04FF18CD
:104120003304340C5B197C41DB186441DB18002339
:1041300063419EB276439DB21F0C7D437F436C0466
:10414000ED0BA4197D4106028F08361BAF417D0798
:10415000F6086E41B4B295B26C4337147D43120C2D
:104160005743B6B25643EA17AD19002672411204FE
:10417000BF182E042A0C36197A410832521117D270
:104180009D0A9C05D117101969416144F0BD0000DA
:10419000FF070000FE070000F8EBDFD6CDC5BEB874
:1041A000B2ADA8A4A09C9995928F8D8A88858381B1
:1041B00052415D0ADC05D11714194D412B006343B0
:1041C000A6B27643A2B2270C7A437F435104D20BA6
:1041D00089197A41D218D21880054942904102D4F7
:1041E000002301345D4160086908ED0728436144FC
:1041F000F0BDC046624618CA94465A46002A20DBE3
:1042000004E0624618CA944600291ADAC0186141CF
:104210005B463B415C46B4405246FA40224344462A
:104220004D4662416B41904699462B46B3403D4115
:10423000FC401C4352465B46A241AB4192469B4622
:104240007047C01AA1414B463B414C46B4404246E0
:10425000FA40224354465D4662416B4192469B467A
:104260002B46B3403D41FC401C4342464B46A241D5
:10427000AB41904699467047002200B5203200F0CD
:1042800010F8080000BD002200B500F00CF8CA17B5
:104290009A4200D100BDD8430121C907414000BD69
:1042A00000220B150AD410B5944600F0A7F8141498
:1042B000013400DA0021CB17144C204700200021E4
:1042C00070476244343A0CD40C2A07DA0400914057
:1042D000904052422032D440214310BDD843D943AC
:1042E00010BD203207D40C46944052422032114176
:1042F000D040204310BD0800C917203203D45242D9
:104300002032104110BD1800190010BDC34200102A
:104310004A00520D144BD21A13DDFF2A1EDAD205C1
:10432000CB0FDB071A43C300400F0903490A0843B8
:1043300010435B0001D301D0013070474308FBD22A
:10434000704702D0C80FC00770470A03121301322A
:10435000F8D1420F072AF5D1012200E0FF22C80F51
:1043600000028018C00570478003000000210A0089
:10437000002104E000210A00C11704E0002200230C
:1043800006E0C0460022CB1758405940C01A994158
:1043900030B5184CA21A002903D1010010D000201A
:1043A000203A4C1512D104D2013A001849414C0D63
:1043B000FAD3114CA24204D212058918DB07C9189E
:1043C00030BDD243520D00200021F5E703D4013A5D
:1043D00000184941FBD50B324405C00A4D0528435E
:1043E000C90A640003D0002460416141E1E7E0D3E1
:1043F0004408F8E732040000FE0700000A0DCC0F65
:10440000531E1B05C91A520503D3C943404200D3AA
:104410000131520D03D0531CDB0A07D0121B0020C0
:104420006400611C89078912803A1203014BD21A79
:1044300070470000FF030000023225D40C2A1CDA6A
:104440001125AD1A0B002B41083207350600EE404E
:10445000904091403143F0CC63431A1500235A41F8
:10446000554356435743BF02F41276057619674108
:10447000ED177F19801BB94170470C220020C91726
:10448000490001310905DBE70902030E1943000267
:104490005342203208D40C0019419440D8402043A4
:1044A00000225041514170470800C917203B20327B
:1044B000F1D50020002100227047F0B5FFF7D8F8B1
:1044C00000F00EF800F030F806E0F0B5FFF7D0F895
:1044D00000F006F800F046F8FFF7D0F8F0BD000055
:1044E00000B5FFF78BFF30A4FFF7A6FF00242C4D8B
:1044F0002C4ED20702D3F6436D426641520004D2DD
:10450000A246A346A846B14603E0A046A146AA4655
:10451000B3466EA4A44601271F26FFF772FE01379B
:10452000013E212FF9D100BD594684B28DB26C43B2
:10453000061475430B145E4382B25A43AD18EA1752
:1045400000D7D2431204B6182A042B0C1219734157
:10455000404649469D009B17920F2A43904199413E
:104560003E2210E7494684B28DB26C43061475436F
:104570000B145E4382B25A43AD18EA1700D7D243F8
:104580001204B6182A042B0C1219734150465946CE
:104590009D009B17920F2A43504159413E22F2E65B
:1045A000BB4DF09DC556F6367D5100001A611400D2
:1045B00085880A00FB211900F0B5FFF759F8404D36
:1045C0000C002C4001D0AC4202D1090D090500209D
:1045D0001C002C4001D0AC4202D11B0D1B05002257
:1045E0000026ED02002B04D502266B40694000D462
:1045F00076424F1904D599420CDD0136694003E03B
:10460000BB4207DA013E6B40070010003A000F0082
:1046100019003B0040B4002A0FD1002B0AD05C00E7
:104620006415013409D14C006415013402D10139FB
:10463000013B02E0002000212EE0FFF72FFC3E228C
:10464000FFF722FE82468B46002000218046012291
:10465000920791461DA4A44601271F26FFF7CAFD15
:104660000137013E212FF9D14A4653460C3A012425
:104670006407002752081B0005D4934100197941B3
:104680006408F7D104E05341001BB9416408F1D13B
:10469000CE0749104008304340BC002E0AD0094CD8
:1046A000094D01D5E443ED43F60701D100196941F5
:1046B000001969413D22FFF766FEFEF7DFFFF0BDFE
:1046C0000000F07F8D305A88A8F64332694FBB61F5
:1046D0000567AC1DB16E4096FCBAAD0F72DB0BAB3B
:1046E000A66EF50739BD9FE576ABFE034B6297BA20
:1046F0005BD5FF01D694DBDDAAFAFF005DEAEE563A
:1047000055FF7F006E77B7AAEAFF3F00BCBB555547
:10471000FDFF1F00DEADAAAAFFFF0F006F5555F584
:10472000FFFF0700ABAAAAFEFFFF03005555D5FF08
:10473000FFFF0100ABAAFAFFFFFF00005555FFFF86
:10474000FF7F0000ABEAFFFFFF3F000055FDFFFFCA
:10475000FF1F0000ABFFFFFFFF0F0000F5FFFFFF93
:10476000FF070000FFFFFFFFFF0300000000000045
:104770000002000000000000000100000000000036
:104780008000000000000000400000000000000069
:1047900020000000000000001000000000000000E9
:1047A00008000000000000000400000000000000FD
:1047B0000200000000000000010000000000008076
:1047C000000000000000004000000000514343438F
:1047D000C9188C46110C83B24B4310B4040C6143CE
:1047E00092B280B2504362431C041B0C001910BCEF
:1047F00059411304120CC018514161447047000024
:104800004840414048400E4B5B6818470C4B1B68C2
:1048100018470C4A936F9B0802D2094BDB68184774
:10482000F0B5146E556E576F166FFFF7F6FF054A19
:104830001466556657671667F0BD014B9B681847AD
:10484000A4A20020000000D007B5484041404840E5
:1048500001E0C04607B54200120E03D0FF2A03D183
:10486000420218D8C00DC0054A00120E03D0FF2A1C
:1048700003D14A020FD8C90DC9050122414005D410
:10488000414001D5814207BD884207BD0143491817
:1048900001D0C043001807BD00B5FFF7D5FF804128
:1048A00000BD01231B064200D21804D84A00D218CA
:1048B00001D80020704701207047491A002807D10D
:1048C00008467047C10FC90700D54042002817D0DD
:1048D000F44603B40B4B1B68984706BC81409E38D6
:1048E0004042803107D20B0607D04900490AC00573
:1048F0001043084360470130F8E7490A8902F5E7A9
:104900007047000030A10020014B1B6B18470000CE
:10491000A4A20020034BDB6FFC4618477CDF794BD9
:1049200000100000A4A20020C11502D4054B9B6911
:104930001847C843FF2801D1C0077047C817C005F2
:1049400070470000A4A200204100090E862902DA67
:10495000044BDB6B1847044900B500F0F3F802BCC8
:104960008E46F5E7A4A20020DB0FC940132310B543
:1049700010481C78FEF726FD0100012C0AD003DD4B
:1049800080220D4800F01EF90C48FEF713FD0C4B79
:10499000186010BD084C5422200000F013F92300C9
:1049A0002100084A5433803104C38B42FCD1226277
:1049B000E261E9E753460000A4A200204C33000066
:1049C00030A100204D4B0010F8B54746CE460500FB
:1049D00080B516000F009846002A2CDD0120C91171
:1049E0004042FEF71FFE002281461D2033000C2EA0
:1049F00000DD0C2349466C129D404C43C11A0C410A
:104A0000AC4601346410250061469A407D4312197A
:104A10004D1BF61A002EE9DCAF420FDCE81B874283
:104A200017DCC01B02324346002B00D01A600CBCBE
:104A300090469946F8BD884209DA0022281EF2DA2B
:104A4000781902D5C019023AEDE7013AEBE70022E6
:104A5000E81B0132E7E7C046F0B54746CE46FF24E3
:104A600080B5C30DCD0D160083B00F1C234025402B
:104A7000002A01D000223260FF2B3ED0002D3CD016
:104A8000002B3DD0FF2D33D06A1E9A4230DC8024AB
:104A90002404A046C10F89464102490A0C43A4469A
:104AA00044467902490A0C43A0469A422AD04A4613
:104AB000002A02D06246524294465A1B414601AB3C
:104AC0006046FFF781FF4300434527DD019B4246D7
:104AD0000133801A0193002F02DA019B5B4201939C
:104AE000002E01D0019B33609621491BFFF70CFF7C
:104AF00003B00CBC90469946F0BDFF20C005F7E717
:104B00000020F5E7A445F3DD4A46002A0CD16246B1
:104B10006000101A01221D000192DCE74345DAD142
:104B2000019BDA07D7D5D2E762466000801A0122DE
:104B300052421D000192CEE710B50022FFF78CFF14
:104B400010BDC04610B5FFF7F7FF10BD07B56046B2
:104B500001880A0A0230DF2AFAD1C9B2820804D3D6
:104B6000028840880004104300E00068014A505069
:104B7000039007BDA4A20020C30FDB0741000A0E6B
:104B800007D0FF2A08D00909054A891819434007A8
:104B900070471900002070470249C918FAE7000061
:104BA000000000380000F07F01480421014B184745
:104BB00010020020D5330010014B1B68184700007D
:104BC00010020020014B5B68184700001002002013
:104BD00010B5002800D110BD00F0F8F8FBE7C04682
:104BE00010B5094A0300146884B0002C08D00122D3
:104BF00000910648524203A9A047012004B010BD0D
:104C000000F0F2F80020F9E700A10020D14B0010DD
:104C100000BEFDE710B5FFF7FBFFC04670B5FEF71D
:104C200013FC074C074B9C4209D2013B1D1BAD08EE
:104C30000135AD002D1908CC9847AC42FBD170BDB1
:104C4000344F0010384F0010030010B508001B68E7
:104C50001100984710BDC046F8B54746CE4680B50E
:104C6000437D07000D001600002B37D000240020E4
:104C7000002A1EDD4B1E98461B4B9946002C2BD05C
:104C800043461B5D0D3B5A425341DBB22A5D0A2A63
:104C900013D00134A642F1DC864203DD311A3B68B1
:104CA00028189847AD19013D2B780D3B5A425341C6
:104CB0003B750CBC90469946F8BD002BE9D1A0424B
:104CC00003DA211A3B6828189847484602213B68B6
:104CD000013498472000DDE73B7DD7E703681100EA
:104CE00028009847E5E7C046EC9D001010B5FEF798
:104CF00087F90023064A12184B41002B03DB0548B5
:104D000000F0F2F810BD0122034B5242F7E7C04613
:104D100040420F0020020020FFFFFF7FF0B5574602
:104D2000DE464E464546E0B583B007000D0091468D
:104D30001C00FFF7DBFF82466B1C03D1380000F03C
:104D400091F80500002C30D11B4B98461B4B1C687A
:104D5000002C1FD00A231A4E9B4602E02469002C27
:104D600018D02368002BF9D03368002B01D0A34260
:104D7000F4D12A0039002000C0474B46002BEDD06B
:104D80006B465A462000DA71D91D0122C0472469BA
:104D9000002CE6D15346002B0AD1280003B03CBCBE
:104DA00090469946A246AB46F0BD064B9846CDE7E5
:104DB000054800F089F8F0E7494C0010E82400208D
:104DC000F0780020594C00102002002010B582B06D
:104DD0006B4604000022D81D012101230470FFF757
:104DE0009DFF200002B010BD70B5040000F03AF83D
:104DF00001230100050001222000FFF78FFF064B71
:104E00001C68002C06D06368002B00D098472469EA
:104E1000002CF8D1280070BDE824002030B5032A0A
:104E20000CD903000B439B0719D103680C68A342FC
:104E300015D1043A04300431032AF6D8551E002A4D
:104E40000BD0002303E05A1C9D4206D01300C25C25
:104E5000CC5CA242F7D0101B00E0002030BD551EF4
:104E6000EFE7C04610B583070AD00300032102E034
:104E700001330B4205D01A78002AF9D1181A10BD57
:104E8000030019680C4A0D4C8A188A4322420FD13C
:104E90005968094A04338A188A43224208D159685A
:104EA000054A04338A188A432242F1D000E00133D4
:104EB0001A78002AFBD1E1E7FFFEFEFE80808080A9
:104EC000F8B5C0460000000001B40248844601BCA9
:104ED000604700BFA501002001B40248844601BC20
:104EE000604700BFCD01002001B40248844601BCE8
:104EF000604700BF71010020713400109D34001024
:104F000015360010A94B0010913800106D490010A3
:104F10003D350010B9340010D9340010ED340010C4
:104F20005D290010F53400105D2D0010393400109B
:084F300079280010890200102D
:104F3800B80B0000B80B0000C8000000F401000026
:104F480064000000F4010000B80B0000B80B00007A
:104F5800140000002C0100003200000001000000D5
:104F68000000000000000000000000000000000039
:104F78000000000000000000000000000000000029
:104F8800FFFFFFFFFFFFFFFFFFFFFFFFFFFFFFFF29
:104F9800FFFFFFFFFFFFFFFFFFFFFFFFFFFFFFFF19
:104FA800000102030405060708090A0B0C0D0E0F81
:104FB800101112131415161718191A1B1C1D1E1F71
:104FC800202122232425262728292A2B2C2D2E2F61
:104FD800303132333435363738393A3B3C3D3E3F51
:104FE800000001010202030310203040AA55AA550F
:104FF800000001010202030310203040AA55AA55FF
:10500800000001010202030310203040AA55AA55EE
:10501800000001010202030310203040AA55AA55DE
:10502800000001010202030310203040AA55AA55CE
:10503800000001010202030310203040AA55AA55BE
:10504800000001010202030310203040AA55AA55AE
:10505800000001010202030310203040AA55AA559E
:105068000000000000000000000000000000000038
:105078000000000000000000000000000000000028
:10508800FFFFFFFFFFFFFFFFFFFFFFFFFFFFFFFF28
:10509800FFFFFFFFFFFFFFFFFFFFFFFFFFFFFFFF18
:1050A800000102030405060708090A0B0C0D0E0F80
:1050B800101112131415161718191A1B1C1D1E1F70
:1050C800202122232425262728292A2B2C2D2E2F60
:1050D800303132333435363738393A3B3C3D3E3F50
:1050E800000001010202030310203040AA55AA550E
:1050F800000001010202030310203040AA55AA55FE
:10510800000001010202030310203040AA55AA55ED
:10511800000001010202030310203040AA55AA55DD
:10512800000001010202030310203040AA55AA55CD
:10513800000001010202030310203040AA55AA55BD
:10514800000001010202030310203040AA55AA55AD
:10515800000001010202030310203040AA55AA559D
:105168000000000000000000000000000000000037
:105178000000000000000000000000000000000027
:10518800FFFFFFFFFFFFFFFFFFFFFFFFFFFFFFFF27
:10519800FFFFFFFFFFFFFFFFFFFFFFFFFFFFFFFF17
:1051A800000102030405060708090A0B0C0D0E0F7F
:1051B800101112131415161718191A1B1C1D1E1F6F
:1051C800202122232425262728292A2B2C2D2E2F5F
:1051D800303132333435363738393A3B3C3D3E3F4F
:1051E800000001010202030310203040AA55AA550D
:1051F800000001010202030310203040AA55AA55FD
:10520800000001010202030310203040AA55AA55EC
:10521800000001010202030310203040AA55AA55DC
:10522800000001010202030310203040AA55AA55CC
:10523800000001010202030310203040AA55AA55BC
:10524800000001010202030310203040AA55AA55AC
:10525800000001010202030310203040AA55AA559C
:105268000000000000000000000000000000000036
:105278000000000000000000000000000000000026
:10528800FFFFFFFFFFFFFFFFFFFFFFFFFFFFFFFF26
:10529800FFFFFFFFFFFFFFFFFFFFFFFFFFFFFFFF16
:1052A800000102030405060708090A0B0C0D0E0F7E
:1052B800101112131415161718191A1B1C1D1E1F6E
:1052C800202122232425262728292A2B2C2D2E2F5E
:1052D800303132333435363738393A3B3C3D3E3F4E
:1052E800000001010202030310203040AA55AA550C
:1052F800000001010202030310203040AA55AA55FC
:10530800000001010202030310203040AA55AA55EB
:10531800000001010202030310203040AA55AA55DB
:10532800000001010202030310203040AA55AA55CB
:10533800000001010202030310203040AA55AA55BB
:10534800000001010202030310203040AA55AA55AB
:10535800000001010202030310203040AA55AA559B
:105368000000000000000000000000000000000035
:105378000000000000000000000000000000000025
:10538800FFFFFFFFFFFFFFFFFFFFFFFFFFFFFFFF25
:10539800FFFFFFFFFFFFFFFFFFFFFFFFFFFFFFFF15
:1053A800000102030405060708090A0B0C0D0E0F7D
:1053B800101112131415161718191A1B1C1D1E1F6D
:1053C800202122232425262728292A2B2C2D2E2F5D
:1053D800303132333435363738393A3B3C3D3E3F4D
:1053E800000001010202030310203040AA55AA550B
:1053F800000001010202030310203040AA55AA55FB
:10540800000001010202030310203040AA55AA55EA
:10541800000001010202030310203040AA55AA55DA
:10542800000001010202030310203040AA55AA55CA
:10543800000001010202030310203040AA55AA55BA
:10544800000001010202030310203040AA55AA55AA
:10545800000001010202030310203040AA55AA559A
:105468000000000000000000000000000000000034
:105478000000000000000000000000000000000024
:10548800FFFFFFFFFFFFFFFFFFFFFFFFFFFFFFFF24
:10549800FFFFFFFFFFFFFFFFFFFFFFFFFFFFFFFF14
:1054A800000102030405060708090A0B0C0D0E0F7C
:1054B800101112131415161718191A1B1C1D1E1F6C
:1054C800202122232425262728292A2B2C2D2E2F5C
:1054D800303132333435363738393A3B3C3D3E3F4C
:1054E800000001010202030310203040AA55AA550A
:1054F800000001010202030310203040AA55AA55FA
:10550800000001010202030310203040AA55AA55E9
:10551800000001010202030310203040AA55AA55D9
:10552800000001010202030310203040AA55AA55C9
:10553800000001010202030310203040AA55AA55B9
:10554800000001010202030310203040AA55AA55A9
:10555800000001010202030310203040AA55AA5599
:105568000000000000000000000000000000000033
:105578000000000000000000000000000000000023
:10558800FFFFFFFFFFFFFFFFFFFFFFFFFFFFFFFF23
:10559800FFFFFFFFFFFFFFFFFFFFFFFFFFFFFFFF13
:1055A800000102030405060708090A0B0C0D0E0F7B
:1055B800101112131415161718191A1B1C1D1E1F6B
:1055C800202122232425262728292A2B2C2D2E2F5B
:1055D800303132333435363738393A3B3C3D3E3F4B
:1055E800000001010202030310203040AA55AA5509
:1055F800000001010202030310203040AA55AA55F9
:10560800000001010202030310203040AA55AA55E8
:10561800000001010202030310203040AA55AA55D8
:10562800000001010202030310203040AA55AA55C8
:10563800000001010202030310203040AA55AA55B8
:10564800000001010202030310203040AA55AA55A8
:10565800000001010202030310203040AA55AA5598
:105668000000000000000000000000000000000032
:105678000000000000000000000000000000000022
:10568800FFFFFFFFFFFFFFFFFFFFFFFFFFFFFFFF22
:10569800FFFFFFFFFFFFFFFFFFFFFFFFFFFFFFFF12
:1056A800000102030405060708090A0B0C0D0E0F7A
:1056B800101112131415161718191A1B1C1D1E1F6A
:1056C800202122232425262728292A2B2C2D2E2F5A
:1056D800303132333435363738393A3B3C3D3E3F4A
:1056E800000001010202030310203040AA55AA5508
:1056F800000001010202030310203040AA55AA55F8
:10570800000001010202030310203040AA55AA55E7
:10571800000001010202030310203040AA55AA55D7
:10572800000001010202030310203040AA55AA55C7
:10573800000001010202030310203040AA55AA55B7
:10574800000001010202030310203040AA55AA55A7
:10575800000001010202030310203040AA55AA5597
:105768001C36C84190A1EDB4A79DD47EF3AA390791
:10577800677CA4C371BA8E78AE7C94B222C84ED529
:105788008214F46417E45E9BA46A61680E8E09842F
:1057980079FA7CEF525FD641D2E2D9CEBBE6D65039
:1057A8005F5BCECE9346BF79689DD27F5E8E13AE87
:1057B8004507B95818FBC9077903AF61EFF0E158FD
:1057C800C5D0EEE761711FDB60C472AF8ED357405E
:1057D800FF34873E5FEFCCABC8D9CCD3A27234E09C
:1057E80034030301E052C478729B75E168B0A6F4F3
:1057F8008DF3A439E4C9396E94DA7BD9FBB663D149
:105808007AFEAD4B68AAF7A245BDA9D22709D27680
:10581800069EB199C854F05BB4C6EAD7B272419DEE
:10582800BEC10C7D6DC82EF499298F0A2EAA12C606
:10583800F9F6AFC68337BB6AC629C3748271FC9177
:1058480046E33380286840F1C154B54DB8DA8F84F7
:10585800163BC98DCE8674A0A6AEB421DDABAACA0C
:105868006E4D83A45981098FEC5611DA8A1F59F8B5
:105878001E7D97824BDD4516CF832A58C90367DC06
:105888006EF3919880FEC5E1A03FE85A97FE869A8C
:10589800E7415F502EA9E2FA9BD26C6E50765C7D90
:1058A80041ED022A6161FEA889E37FCD98FD8D67ED
:1058B800333D7AE24193BF1248D62FC2986901322C
:1058C800C19BD521DB9EB2A15EB9304B9C46B3A1EA
:1058D80043F0DDEA996E6D96D9DCAB804F51841A9E
:1058E800E84595FC0A40C0C60F3B9C3D66A87C0D68
:1058F8000ADC99EA7832215C4A8909DD34082E5C91
:105908008700AC99C124AA54B37F2CD0E4D38A2051
:1059180000280B535A87C8892EDF96D21186DCB827
:105928005515289351518F6C5CFCAF4D8E878D793E
:10593800DDEEC71FE3A74F48131940E5CA597AB7E8
:10594800A0A156980B20DBBB1755DCE7DE62CD2AF9
:1059580002CFE3673655DBED7A1E869FCFEA1550F6
:10596800E1D25910368FDCE701222207EDA119B6E2
:10597800A039A7BE84C31C5ECD81B038AB5DBE62C2
:10598800D7437D8961155A569C60627614A5375AAB
:1059980022B8374E783F1F67F9C6B8E6852C81E2F2
:1059A800062E7CB4A79D55155AE51D0425A08376BF
:1059B8004424CE7F46A9F1066F08C1A348B71191C8
:1059C80039BB25E99272EAE49FB89DE995E2E3CAFA
:1059D800AA8D87D0A7D47FD67027815B8741AAAAD2
:1059E800EBF97E6490709D0D63E52D484FFDF61D23
:1059F800F1FCAAE41BEA5C3D81BC9952F7F3DBEAAF
:105A08003BD62C89B8F4F5B67BFA6284EB1076AEF7
:105A18001F951221E2F2DC7828DC0D988BA039580A
:105A28005A4CCC835B98B97D5E917A324945C6EF72
:105A3800BED730AF93FA366D4CE90CFF92910A78D5
:105A48007ADA54C2FFA24D8E0D9540983337750B04
:105A580002327FC961294F1A16EFCE77C584F272D8
:105A680010AC2522BB85675808E7C43B641A8642F8
:105A7800B7DA816379218E1811EF924E29B6A29573
:105A880034F1D625CED823516ECC08795CB4DB9E90
:105A9800F5375A88A6FEA6EE65D1F5ED65485BFA9E
:105AA80023EF9BADA25DFB812EEDA063C5E4BE4E46
:105AB80005C736E3C95E47E6A4430A39B6BC000DFC
:105AC8004080C1E62BE6D51B8CEE9F63EFC371C403
:105AD80066598ED81299B458D4B9341C2407B1AE7B
:105AE8004ACFAE83398B68F2FA926CD34DA31EAEBF
:105AF800242668F67510A96CF3FE186EAFA8A68B5D
:105B0800DD89D341B015F918881CF79192974D3566
:105B1800E0CAA43137ABC2954218FC21CAE58144DA
:105B280083781A28E33ED04BB229B7E19BAB4D925C
:105B3800685B52752277174B6F94C2A3FFD99F18E1
:105B48008C1B06F508A05D8D2B1553E316837EA0EC
:105B58002C408450840B5B7B0B772D91D8B29752E5
:105B680001495D965B98DF6A94006DD31A113A5D1E
:105B78008492B609698C52BFD5099106C3F559B507
:105B8800719F0D7525B189A97979E01B4080F91BB2
:105B9800401D4A9CE443E2B871A3AC47BBA7856BA0
:105BA8000F1E5397580FF44A93935B10FAAE07866B
:105BB800620A13B39AAB645AD85AF17EEBD48D0CAF
:105BC800721E04301A7CEEAF4AB9C8E7F405ACEE91
:105BD8009163CE75450896466DC5142909676E9F71
:105BE800F266B3201C6B6A39C38F327D0D10599948
:105BF800B1D21A8BD15E4DDCEB182A822DE43D5DC3
:105C08001B16FB9F935DF6FDA067D0FE68EFA90FFA
:105C1800383E2436EAF1E70905E3B6A9EA9FCF182A
:105C28001BE2607A47687A2F50E533C61333C40FF6
:105C38003CCD7197517955CC4DF54F0D1E019F9173
:105C48004C5621CCF9C278E868D83CBD4CD720AB7B
:105C5800123D4CC810C23846D6FFD2440FAC157757
:105C68000C55BF530302B467C18F4A70C3E817B01D
:105C78000F8B06C11D1452E7DB973F5443DDA9156E
:105C8800D55BF7F58B7F0EA28A59BEB955A9EA0CE8
:105C9800DB6BAA6BFD56861F274C6FA23336012F8C
:105CA800657C2D2DF9274595160EEC4265CF3BAA4C
:105CB8009DCA155D4B0567FD80F246639EAA72BEBC
:105CC8007353A7CD7FE66E6C9EAFC5FC16434DC2DD
:105CD800642180C01850BAB26038EF9B6FA9F3D521
:105CE80014EE00F5B9306CE2707E42E6C711FB1E77
:105CF80052AD730E1BB6C13EFFF6D591F078E2E6C1
:105D08009E13353FD71B6B6BE3FC0A61B703379DC6
:105D1800B4936301B838046B2D4514093B1432D78A
:105D2800D2BD7E4683E7DFAE5F4414036FC04B7A73
:105D3800F16A7BF60DB82EF62FEE0608DF30DCFF91
:105D48002A9A223E7B4B4619A9A1166A017E0CD6D7
:105D5800A425BDB93B685394948CD55FEFC592D107
:105D680065E34D06A0A5C4856BF825215EAC9510AA
:105D7800955AB25B17F47A9CAA9D7323E580731732
:105D88008CB696E7E5FF92B0EA2AFE0F96832713B2
:105D9800CBD7DED188BA135A8385F64ED69A333DCF
:105DA800EA0EC5AA6237C13922F9EE8B3AF60F6AB4
:105DB8006757F0C69FC22A5816C04FFBE2E5C8488D
:105DC8008B95B5F72A01F6C07B56E5C0C728DBE5F9
:105DD800F11CE9A26DD2630EE1970FD788D98E0A1C
:105DE800FD3393A065C1CB8ECFB2C201B76F1E1928
:105DF80025B6503371B47529B04AF10BE2C054F49A
:105E08009390646AB9CB89E7A9EEA76CCA079D3D50
:105E180056FC9EDAACB67A7EF20F4E508B11144EB9
:105E2800F69FCFC012FBF9124751464BDE80FD08A2
:105E3800006B974BFA9B5F5E90758E61ACB4F5C2B0
:105E48007D21834377961AF05202A673E2B11FA907
:105E58001D3F72692C27A57C2A0F766B499AB1BD24
:105E6800FC763B16A0351EAF6AF0433AB6E2868848
:105E780075D28B2CF323886481E76621753C6275A3
:105E8800B998DCB40FBAB5C73B7A037D53F86432CE
:105E98004874790648EBC582A603AA7AFF007063A6
:105EA800883F44D282A580D3404A7E8CB55E13AC2D
:105EB8001386B4B588965562E9BD22B498F5F2D731
:105EC800646781DF56462707A4D07031D2351EDFBC
:105ED800F71C05E2137D38752AF0FAF401C1970121
:105EE800C7893ECD1EF5E555D50C1DA5BDFC047D25
:105EF80038A8032A47B9E7BF71B2B472671B59279C
:105F080028B45200F41661AD295FBC66389469CD97
:105F1800177DB21E1660446F795C84CEA358A735EE
:105F280015E1348C1E9BE2C6FB2037A99EF19279BD
:105F38004169DC6E1653D480CA03EBE3A01EF3BAA2
:105F4800A20B315CA4AE0190E18AC56BE7D9C46DA0
:105F5800B37C9B8DDA8491B1B9AD82272E324DEB9B
:105F680080858A8F94989DA2A6ABAFB3B8BCBFC3F7
:105F7800C7CACDD0D3D6D8DADCDEE0E1E2E3E4E488
:105F8800E4E4E4E3E2E1E0DEDCDAD8D6D3D0CDCA5B
:105F9800C7C3BFBCB8B3AFABA6A29D98948F8A8580
:105FA800807B76716C68635E5A55514D4844413D1B
:105FB800393633302D2A28262422201F1E1D1C1C6A
:105FC8001C1C1C1D1E1F20222426282A2D30333677
:105FD800393D4144484D51555A5E63686C71767B32
:105FE80080858A8F94989DA2A6ABAFB3B8BCBFC377
:105FF800C7CACDD0D3D6D8DADCDEE0E1E2E3E4E408
:10600800E4E4E4E3E2E1E0DEDCDAD8D6D3D0CDCADA
:10601800C7C3BFBCB8B3AFABA6A29D98948F8A85FF
:10602800807B76716C68635E5A55514D4844413D9A
:10603800393633302D2A28262422201F1E1D1C1CE9
:106048001C1C1C1D1E1F20222426282A2D303336F6
:10605800393D4144484D51555A5E63686C71767BB1
:1060680080858A8F94989DA2A6ABAFB3B8BCBFC3F6
:10607800C7CACDD0D3D6D8DADCDEE0E1E2E3E4E487
:10608800E4E4E4E3E2E1E0DEDCDAD8D6D3D0CDCA5A
:10609800C7C3BFBCB8B3AFABA6A29D98948F8A857F
:1060A800807B76716C68635E5A55514D4844413D1A
:1060B800393633302D2A28262422201F1E1D1C1C69
:1060C8001C1C1C1D1E1F20222426282A2D30333676
:1060D800393D4144484D51555A5E63686C71767B31
:1060E80080858A8F94989DA2A6ABAFB3B8BCBFC376
:1060F800C7CACDD0D3D6D8DADCDEE0E1E2E3E4E407
:10610800E4E4E4E3E2E1E0DEDCDAD8D6D3D0CDCAD9
:10611800C7C3BFBCB8B3AFABA6A29D98948F8A85FE
:10612800807B76716C68635E5A55514D4844413D99
:10613800393633302D2A28262422201F1E1D1C1CE8
:106148001C1C1C1D1E1F20222426282A2D303336F5
:10615800393D4144484D51555A5E63686C71767BB0
:1061680080858A8F94989DA2A6ABAFB3B8BCBFC3F5
:10617800C7CACDD0D3D6D8DADCDEE0E1E2E3E4E486
:10618800E4E4E4E3E2E1E0DEDCDAD8D6D3D0CDCA59
:10619800C7C3BFBCB8B3AFABA6A29D98948F8A857E
:1061A800807B76716C68635E5A55514D4844413D19
:1061B800393633302D2A28262422201F1E1D1C1C68
:1061C8001C1C1C1D1E1F20222426282A2D30333675
:1061D800393D4144484D51555A5E63686C71767B30
:1061E80080858A8F94989DA2A6ABAFB3B8BCBFC375
:1061F800C7CACDD0D3D6D8DADCDEE0E1E2E3E4E406
:10620800E4E4E4E3E2E1E0DEDCDAD8D6D3D0CDCAD8
:10621800C7C3BFBCB8B3AFABA6A29D98948F8A85FD
:10622800807B76716C68635E5A55514D4844413D98
:10623800393633302D2A28262422201F1E1D1C1CE7
:106248001C1C1C1D1E1F20222426282A2D303336F4
:10625800393D4144484D51555A5E63686C71767BAF
:1062680080858A8F94989DA2A6ABAFB3B8BCBFC3F4
:10627800C7CACDD0D3D6D8DADCDEE0E1E2E3E4E485
:10628800E4E4E4E3E2E1E0DEDCDAD8D6D3D0CDCA58
:10629800C7C3BFBCB8B3AFABA6A29D98948F8A857D
:1062A800807B76716C68635E5A55514D4844413D18
:1062B800393633302D2A28262422201F1E1D1C1C67
:1062C8001C1C1C1D1E1F20222426282A2D30333674
:1062D800393D4144484D51555A5E63686C71767B2F
:1062E80080858A8F94989DA2A6ABAFB3B8BCBFC374
:1062F800C7CACDD0D3D6D8DADCDEE0E1E2E3E4E405
:10630800E4E4E4E3E2E1E0DEDCDAD8D6D3D0CDCAD7
:10631800C7C3BFBCB8B3AFABA6A29D98948F8A85FC
:10632800807B76716C68635E5A55514D4844413D97
:10633800393633302D2A28262422201F1E1D1C1CE6
:106348001C1C1C1D1E1F20222426282A2D303336F3
:10635800393D4144484D51555A5E63686C71767BAE
:1063680080858A8F94989DA2A6ABAFB3B8BCBFC3F3
:10637800C7CACDD0D3D6D8DADCDEE0E1E2E3E4E484
:10638800E4E4E4E3E2E1E0DEDCDAD8D6D3D0CDCA57
:10639800C7C3BFBCB8B3AFABA6A29D98948F8A857C
:1063A800807B76716C68635E5A55514D4844413D17
:1063B800393633302D2A28262422201F1E1D1C1C66
:1063C8001C1C1C1D1E1F20222426282A2D30333673
:1063D800393D4144484D51555A5E63686C71767B2E
:1063E80080858A8F94989DA2A6ABAFB3B8BCBFC373
:1063F800C7CACDD0D3D6D8DADCDEE0E1E2E3E4E404
:10640800E4E4E4E3E2E1E0DEDCDAD8D6D3D0CDCAD6
:10641800C7C3BFBCB8B3AFABA6A29D98948F8A85FB
:10642800807B76716C68635E5A55514D4844413D96
:10643800393633302D2A28262422201F1E1D1C1CE5
:106448001C1C1C1D1E1F20222426282A2D303336F2
:10645800393D4144484D51555A5E63686C71767BAD
:1064680080858A8F94989DA2A6ABAFB3B8BCBFC3F2
:10647800C7CACDD0D3D6D8DADCDEE0E1E2E3E4E483
:10648800E4E4E4E3E2E1E0DEDCDAD8D6D3D0CDCA56
:10649800C7C3BFBCB8B3AFABA6A29D98948F8A857B
:1064A800807B76716C68635E5A55514D4844413D16
:1064B800393633302D2A28262422201F1E1D1C1C65
:1064C8001C1C1C1D1E1F20222426282A2D30333672
:1064D800393D4144484D51555A5E63686C71767B2D
:1064E80080858A8F94989DA2A6ABAFB3B8BCBFC372
:1064F800C7CACDD0D3D6D8DADCDEE0E1E2E3E4E403
:10650800E4E4E4E3E2E1E0DEDCDAD8D6D3D0CDCAD5
:10651800C7C3BFBCB8B3AFABA6A29D98948F8A85FA
:10652800807B76716C68635E5A55514D4844413D95
:10653800393633302D2A28262422201F1E1D1C1CE4
:106548001C1C1C1D1E1F20222426282A2D303336F1
:10655800393D4144484D51555A5E63686C71767BAC
:1065680080858A8F94989DA2A6ABAFB3B8BCBFC3F1
:10657800C7CACDD0D3D6D8DADCDEE0E1E2E3E4E482
:10658800E4E4E4E3E2E1E0DEDCDAD8D6D3D0CDCA55
:10659800C7C3BFBCB8B3AFABA6A29D98948F8A857A
:1065A800807B76716C68635E5A55514D4844413D15
:1065B800393633302D2A28262422201F1E1D1C1C64
:1065C8001C1C1C1D1E1F20222426282A2D30333671
:1065D800393D4144484D51555A5E63686C71767B2C
:1065E80080858A8F94989DA2A6ABAFB3B8BCBFC371
:1065F800C7CACDD0D3D6D8DADCDEE0E1E2E3E4E402
:10660800E4E4E4E3E2E1E0DEDCDAD8D6D3D0CDCAD4
:10661800C7C3BFBCB8B3AFABA6A29D98948F8A85F9
:10662800807B76716C68635E5A55514D4844413D94
:10663800393633302D2A28262422201F1E1D1C1CE3
:106648001C1C1C1D1E1F20222426282A2D303336F0
:10665800393D4144484D51555A5E63686C71767BAB
:1066680080858A8F94989DA2A6ABAFB3B8BCBFC3F0
:10667800C7CACDD0D3D6D8DADCDEE0E1E2E3E4E481
:10668800E4E4E4E3E2E1E0DEDCDAD8D6D3D0CDCA54
:10669800C7C3BFBCB8B3AFABA6A29D98948F8A8579
:1066A800807B76716C68635E5A55514D4844413D14
:1066B800393633302D2A28262422201F1E1D1C1C63
:1066C8001C1C1C1D1E1F20222426282A2D30333670
:1066D800393D4144484D51555A5E63686C71767B2B
:1066E80080858A8F94989DA2A6ABAFB3B8BCBFC370
:1066F800C7CACDD0D3D6D8DADCDEE0E1E2E3E4E401
:10670800E4E4E4E3E2E1E0DEDCDAD8D6D3D0CDCAD3
:10671800C7C3BFBCB8B3AFABA6A29D98948F8A85F8
:10672800807B76716C68635E5A55514D4844413D93
:10673800393633302D2A28262422201F1E1D1C1CE2
:106748001C1C1C1D1E1F20222426282A2D303336EF
:10675800393D4144484D51555A5E63686C71767BAA
:1067680067E6096A85AE67BB72F36E3C3AF54FA5DA
:106778007F520E518C68059BABD9831F19CDE05B06
:10678800982F8A4291443771CFFBC0B5A5DBB5E994
:106798005BC25639F111F159A4823F92D55E1CAB08
:1067A80098AA07D8015B8312BE853124C37D0C5596
:1067B800745DBE72FEB1DE80A706DC9B74F19BC1DE
:1067C800C1699BE48647BEEFC69DC10FCCA10C24CE
:1067D8006F2CE92DAA84744ADCA9B05CDA88F976B2
:1067E80052513E986DC631A8C82703B0C77F59BF1C
:1067F800F30BE0C64791A7D55163CA066729291448
:10680800850AB72738211B2EFC6D2C4D130D3853E4
:1068180054730A65BB0A6A762EC9C281852C7292A6
:10682800A1E8BFA24B661AA8708B4BC2A3516CC7D4
:1068380019E892D1240699D685350EF470A06A100D
:1068480016C1A419086C371E4C774827B5BCB0345C
:10685800B30C1C394AAAD84E4FCA9C5BF36F2E68FA
:10686800EE828F746F63A5781478C8840802C78C89
:10687800FAFFBE90EB6C50A4F7A3F9BEF27871C68C
:106888008D01020408102040801B3600637C777B52
:10689800F26B6FC53001672BFED7AB76CA82C97D14
:1068A800FA5947F0ADD4A2AF9CA472C0B7FD9326A5
:1068B800363FF7CC34A5E5F171D8311504C723C3A9
:1068C8001896059A071280E2EB27B27509832C1AED
:1068D8001B6E5AA0523BD6B329E32F8453D100ED47
:1068E80020FCB15B6ACBBE394A4C58CFD0EFAAFB2B
:1068F800434D338545F9027F503C9FA851A3408FF3
:10690800929D38F5BCB6DA2110FFF3D2CD0C13EC0A
:106918005F974417C4A77E3D645D197360814FDC9F
:10692800222A908846EEB814DE5E0BDBE0323A0A83
:106938004906245CC2D3AC629195E479E7C8376D07
:106948008DD54EA96C56F4EA657AAE08BA78252E2C
:106958001CA6B4C6E8DD741F4BBD8B8A703EB566B5
:106968004803F60E613557B986C11D9EE1F89811A6
:1069780069D98E949B1E87E9CE5528DF8CA1890D95
:10698800BFE6426841992D0FB054BB1601020100C1
:10699800010101000102030201000000B4200010FF
:1069A8003E2200103022001016220010082200108B
:1069B800F8210010EA210010D6210010B82100109B
:1069C800A42100107E21001042210010EC200010AC
:1069D800C6220010F8240010C42400104824001017
:1069E8004024001016240010EE2300105A25001031
:1069F800C82300101023001006230010FC220010EA
:106A0800102300103031323334353637383961626B
:106A1800636465663031323334353637383961620C
:106A280063646566303132333435363738396162FC
:106A380063646566000000000000000000000000BC
:106A48003B7DD85D2526561DC10709B950718F4475
:106A580077805F094A4FB7DA57F4EF77EF08B590B8
:106A68004109FC85C77508C5692C8D7331D9950016
:106A78009CBA175E199F1963C2CE3FB66B00A40576
:106A88008981BFCEABD9787A96C9227DDF2B8A9DC2
:106A98007EEE93A1F2C20254B08930388CE3FC290F
:106AA80099A1E02229B39E97E324611152CEC4C173
:106AB8009CA4D3B71B19F75BFA584B6FC787A17D06
:106AC80018639D4A21E433A32CDCC94F385F61DA8F
:106AD8005D11AFB3F3AB6F1FEF002CF9353BCA5410
:106AE8002FCADAA99EDBE33DF22A9896869FB87EE4
:106AF80075888DA4DA5FEB84C02270C9FDC3D04BC2
:106B080004D8B0F85F3FD32D9A1A440A1520C7134A
:106B180056129B2B118E4332ADC6A8C155CF07E83C
:106B2800FBA98BF2EC247A8CA7BF3CD18C05252CD1
:106B3800BA57FBF6BD5C9A0A03614624CF32064871
:106B48001B743E9E896E2AB27CF70C4AE2F5DB5D27
:106B58006756E93745A45CE4562F0D3EDAD61FC7C1
:106B6800D6ED7B0F981EF93CF7C23AB02974E03B8A
:106B780030E119764BD46A75DDE8308163182E1A36
:106B880013F142530B93F1B534DDAF14C10177DE35
:106B9800B3BEE3946274FDD1ED332A00C9D239271C
:106BA8009587B745D0116772B2A794E588CE1A8148
:106BB800D815DFC43B0D803E1FAEF60EC165B89EEA
:106BC8002E9EC5FB5295DEDD08B306908626581B1F
:106BD80093E42C94EB5C9FA8ACB0C46AB787606C54
:106BE800B7A7500508C686B02179D127C7AF9EA0A0
:106BF800F93DCBC67DBB9E675CC5DCE24F34D2E471
:106C08000EA5039E5B64B260057D78FD66C714C857
:106C18007AC092C2A78C6FA235CE7214D27E3C196C
:106C28008BFB5354B9D99836F32498B8FC5722AE45
:106C3800DD93F868D05871C7646F932596DBD1123D
:106C4800B5F16F9FCB1641D91063EB485FF02C1656
:106C58007E6EE951A6D33AF44A3E9C68F50A36FBA3
:106C680063161411756752A9880AB842FAB857C949
:106C780014C194AD4A241828892A6A5D7ACBCEC2F9
:106C8800BD256EC97A6264DA0A113F5E78993CAE16
:106C98001972AE44528ED58C917AF2838467BC3ACD
:106CA800F190E9C38ECB47061AE43F47DF7DA00F7A
:106CB8009A864F4D6B460CF2942E990822B03252A8
:106CC800B245B665ABAFBDDE67835A234B6F1F84F1
:106CD800315EAB063649537A9EB0CDA532CE4DA86B
:106CE8007DBBEA7C2425591BD888244DFE9D4690FF
:106CF800128A76EBC2CBF74B64367B82F434207D64
:106D08008B5285F43652A997D53A813D355D814E2F
:106D18008DD2DECC6B423D4A9574DBBE868621A7B8
:106D28003989DEBB7C97CC38E9C5B331292C3A24A4
:106D380016D593BBE3DF3A4E53C91DB374F38BA941
:106D48004441DF232DA04987FCC5FDF628960DB9DF
:106D580094C250FD32E62BFC55BBECC97E3C317C1D
:106D680099DB43AF50B4633B6F953537D71CE35974
:106D7800B973338645A8631DDD76106546A9CCAD89
:106D88003CB087D4AC475B2EEF6EA869639B968FA7
:106D9800BB8A062C53B066ADA8E4F18A0A7B135867
:106DA800D11FE860108D18C06710239139DD956EEA
:106DB80038D734DD135B6EECF6C1DD36D2C0CF9028
:106DC800F7017476451E3694C2F7BDBE59FA5A8645
:106DD80056C268CFE892863F55F52E05790E723E69
:106DE800CAD623AB561746BAD6998736D79F627448
:106DF800A528D6D022A1FA451E9B94C908E2A60A66
:106E0800172B3E5CC53C01C2D3A9DC88A104ABAEFC
:106E18003468A38AAA2E70CCCBE56EA697D7D91D65
:106E28009D0A95AE9A88713AA20DE18896B93749BC
:106E38006D63CC258B299DE63871E6A6C9F07AD812
:106E4800347E591F117A230AA6F06649E5C1566FA8
:106E5800AF5DC86E1DE83EFCBE6A608CAA1A3F9BF7
:106E680092242228566825975E200C453883ABE388
:106E780069BE8F9780C8F6C299682842D4C4A21800
:106E8800AC6EF85808AEC6C57C63BC57D1095B8C9C
:106E9800437C26E5288DE521F3DB200CB42CB13F9B
:106EA800A96C5EC5177022A6BAC9ADCF729ECC7305
:106EB8001587A41F00C9511C1522CB870C8D3E4491
:106EC8008C1D8342EFA4442B55554D9F115B4130D7
:106ED800295D55C6C55344DB7FEBD12D0D055F6891
:106EE8003E8767BC600DD97C04F20FFF26C683D3AA
:106EF800AA56005FB1411A1227169176F41A9BE63A
:106F08009930A08427052C5C4BC5EED60592992AAA
:106F180080B3E8384C61AC68D72E59879476A6823E
:106F2800349471E8075D34A5F0C33D57BD815626FA
:106F38002765670B2A031C44F13B10F4FEA925EBD7
:106F4800D7C50C2E354ABFBDBB38A97AA2AF4A6A4D
:106F58006E4395C1DC12BE37A469C68F592FC4672A
:106F6800A70C70D969177B20CCE3251338F4DA7D98
:106F78007A6A56337BC07FE3AB2819BB2767A361C6
:106F8800E4DA8E0F14897B4E91EC3A983EC9AD2E07
:106F9800C4B9B4063008CF9586A10EE7A884C523E6
:106FA800CBD81FB6687829B9EBA187E5040714FA8E
:106FB800FBF68336150F087693FBE104BEBEF87D19
:106FC800D2898F73C970A199CC1E540BE40B0AB7F0
:106FD800A757A003A1CC303D6A3F99EBBC6276C9A4
:106FE800960FFD620D5B4953135C79830A172C32A7
:106FF8003484740A693738F27C600A3C514053384B
:10700800C9437DAD812D269256B3D118C4BF45859D
:1070180009556311618558D67DB27BC01F8FCE7329
:107028004152219939A00B27864553ABB58062069A
:1070380041020856135409945DCE40A27A239C0E4F
:10704800D73938AFBD98ADF0E9ACF9954F78A35A68
:1070580048AD54AF85BD84C8C4DEB9CA63551BAFFB
:10706800A22566CBDF7F68F235767CD987FC94DF72
:10707800F7BEC4DDA4992E635E0F157E8254A67DEB
:10708800A8949D36BB3B99AF87A139D6AD8615B676
:107098009671A5FD886F8630B2C1BF3909093727B7
:1070A80066819518F4CE134379FCA957A8ADEC2B4B
:1070B80085DC803919D154F9E10A98D3884A9DC6EC
:1070C800B37FCCAAAFCF4214410C3E285E6F8374C5
:1070D80042FAB7DDD06AA38B20E5167A913293CBBA
:1070E800B407A60AE6C898B9F03A6FC510DC49FD9E
:1070F800DE9E8194205464771E78ACC2723BAA1538
:10710800B65199A65514015AAF755DE24A6FCA6522
:107118006A11EA4A6C2C981DEDB41ECFBD48804216
:1071280081A6593F847AE95AB04C4B7E98027FD2A7
:10713800626C2B1E1348D8ED9B6402D494C4BDFC2A
:10714800AA19616330A60263723B7BBF6DE8149F86
:10715800C5C4662B9AA5699D5A174F0624D8A5A4BD
:10716800F54C8A36FDD3DA9BE3DDA9C72D6DAE1643
:1071780096D24A8B121D005F45C113701728BF199C
:10718800CF19F49FB212941818CA7731A80C7D88C9
:10719800DD0A64B6084E525A1D5CB6C4951E0BC271
:1071A800CF1BA6A19C6D9F14B368C1703ABE23E69D
:1071B80049E44E22E5777FD9DBC515BF663BFCE87D
:1071C8003BE4A7B983669B791151D6EF523ABC606C
:1071D800E8528F3E6E72011F1EFB17B7BB6DD55C60
:1071E8006CB252767C05671E2BF188DF6BD5CAE03E
:1071F80012F6B014378F69C1B58538303150AD27D4
:10720800542C447072CF4A9148CC0EA7C5E9DA4293
:10721800B0D9EE341B6C4EE6B6A702EBB392A404C9
:10722800BEAA2415E19750D3EAA7ABD1D45B2BB8FB
:107238006A9C2D91EC7D1E7561DF5BFC0B0AEBC22D
:10724800377222E061A924C591CD9C27EA163ED465
:10725800C1318D81240FCDC6C3C5690E2C5A9C70CF
:107268004DF1CD524928B974340EB6949775834FB1
:107278001271439EA463B37AE6B27FD4AE5232044D
:10728800488A8893CFB08D1E24A49A794FF335ABE2
:107298002C885BE175E0775657BA5237F467CE56BB
:1072A8005153D9110682B1AFD61143D372CA1165B1
:1072B800721D8C2F11C61B62056A6E1AB93E6BD9F6
:1072C8005CCEAEC7247A4337599E7B0AB68CFE380B
:1072D800FC0BF9B3BB4DF9B52C28B1ABA163E9ADF3
:1072E800E81458A48548C98A47BA00222238325D72
:1072F800ECB2C273D4FB632D5BDEEE53BE286B9AEF
:10730800AD97EA79CD2050F6F9E72EABABA424F679
:107318006F168DE81E6893121457B14D717E34555F
:1073280087AEE6A7A63BAABC6EEC9E05E78E914108
:107338002C7808B72538348AA75EB11605A0ED1D4C
:1073480018277EF3D010053DA190D8D6235D2F795C
:10735800557015E77828418FF9D4AF49CAF3594BCE
:1073680062043B70131BC486B3157C5B4062961A9B
:107378005C965E3D6140DDBEBB9EDF1D29121EB9D5
:10738800FB3B842996D48F2A99A6FBAEBECEC8F5BE
:10739800F2A447E264939E5E79FC36B8D3F9FC11F7
:1073A800A3EAB0A79E0B3F6792289B9E67F5E793D9
:1073B800FC51CFDBFC3F5E4A1763C5AF9CCAE86D42
:1073C8002252E5580777DBB525C90A9B6B43E6C00F
:1073D800AA8AAB9875C092E027793D7CA722D93A52
:1073E800A835808B9367BD05F75742B069FBCBB1D1
:1073F800301B1ADC126EE833916E2FECD71012197D
:1074080074C27EF55FD711339A3927D0BB88062B13
:10741800B24C9F822E0BE08F790A57D5B57A9970B6
:10742800AEFD7C20BE02680D1F4EB80AFB8AAB7603
:10743800ECA1E3FC552020CA400216E7203CCDF819
:107448009B4A022917B07F3FD82004C90415BF4CB6
:107458001765963436B0370832C3C1DEC1D1CF20A4
:10746800213C51B275470A62AE9182692BF2E0B5B0
:10747800E16B115D36776ECA47805C6723DAD257B5
:1074880074A1543AFD5FB17C3A11DB6176BD959EDB
:10749800855CEB525F8C40D85E6B49C0AB8148126B
:1074A800B20E9884F4995F8A17282382C6C45E7046
:1074B800EC43DFD06FC1A0347FD448649B0D9D8B13
:1074C80073D7A71953926142BEFE285755305A64A4
:1074D800A44B8536ACCF5C39A36F3E7891BC850F41
:1074E800B7ED985E515975ED9ACA86607E72407004
:1074F800D008919BED82F50EC3803C206F771994DC
:1075080037F589018E2D2F010BFF904EA57D0AE4DA
:10751800507138B780C6FD822BFA2E9982B32CAEF3
:10752800DB118736C38FC318CFB99182F9C3F141F4
:107538002E6E6E1C07E25D97D2DA93E2FF3CA23012
:10754800CF318E08B4D69FA6036695FBB7DD54E508
:10755800DA7F64552F3001AAD211910495FCC581B8
:10756800BD37206C3ACC9AF84F19E0E63EE458470C
:107578001E0903EEA8C545436F7DC04C7D6A417A5C
:10758800A41BB4AAE7DD7AE44C699298F85AFC7C0B
:107598008AC00F463075DA0AA22C3F621677BA34D1
:1075A800ABC474941095F8AA8D51FB5BC5AA47E645
:1075B800DB420ABB66248FED03BCC851E6E31B7EA1
:1075C80045CAB83357BB53DCB49D4268817EB76B5C
:1075D800C032C91430B0EC0D371D3EBAC2A6AB8C10
:1075E800A5C9B92345CB0AB381782F25C2BF342357
:1075F800A050A2714BBA4EE8AEDE2915A6BB8B0788
:10760800D7DAD700D5E2525DA2D321058779AD3408
:107618008361D1D0F4CA2085D02B33B5BF4A1AC5AF
:10762800E09F4B5EB971B4C13491E8BB12C7C3B6D1
:10763800B50E6255578056DAE9BB38B4ACE47755D5
:1076480074BF7F6971A1CC6FE7912FDBB8EFF3AB03
:10765800EF81132D05DB3485717A0366F524A8CBF9
:1076680004EBA2A26465CCF89D2706732FFFD623EE
:10767800F9234824D40A0354C8C6C663B89F703493
:1076880095CF5FFCB36049A7E7C2F9816D14086A1A
:107698005B0AE99AEE8D2F3C5B6D5B750FD36A1D13
:1076A80028C4968BF81431767C8B7D5875642E3CF3
:1076B800AB59B31BD18BA613EBBF9CEC13E4B210F0
:1076C8001E7A746BD2B415E5CCBA5B1500B8E46FBA
:1076D800F0E7A894092779DAB1D1715DC7D4C05011
:1076E800808B6B1E5966E7E9F5EB784EEA91D7C3B4
:1076F80094DDBBE9671A6BEE1BD7B848ADD3E5A894
:10770800BD6EFEE88E3589F1CA841CD9F75CE58127
:1077180067CB8DD0028F29F71B6F1EA3538B1F8158
:107728002EF0DEB665DF8EA10FDDC3703DAA57844B
:10773800303BD5EE2F9EC087791F01B2EDA0D4FD56
:107748006982ACC748E99FF4282332A9027899FADC
:10775800C3C42221294BF666789D347CAF16C64FE8
:107768007DD8894F4ACF745D096C5EDF067676EA6C
:10777800D3A8A5591E23CA7096549FDA47CCAFE206
:1077880039FE8838FDDC2BDB3723313EF863DDAE6C
:1077980024816E09D3152D71D3B8CC5195FC86E29E
:1077A80013DA1FF7B138EFC4DC2054B30CF6CD9EC2
:1077B800DBB94F7BA002C3B0A9FE6B136BFC778CBF
:1077C80034469F2E453ACF907FD61076257C4DFEC5
:1077D800F22F55809B94E5B94D7C010E12CBE5053F
:1077E8007056CE9D82CDFBE3E55E1CC8F763371467
:1077F8000F29EC9F41925819A5A1C2D05ABDC2ECDD
:10780800D9E6E38F392CCB60FEF4D0ECD5B70788E6
:107818003DB35579F0FD26E0074B95C723BDA75D1D
:10782800CCE2DA4BFB534EE97046AF98BFF85B2ABF
:1078380044E1A30C5EF82209F95F390958589CC342
:107848003C1C2EE7EDE880BDE93200A26E0EF84E32
:107858009F16BBE4A406DFFB34144DA5C45A001FD1
:10786800B93C5CB3CCA28B7A986633EED673C9590F
:10787800F8D38AE48F6FB274A5F91D79D0F0523825
:107888007C08647C1F930B673D000F8A31D611E298
:107898001D36A4734B14C8DB04F3798F0D737791ED
:1078A800BDA0B6CDFA3F771A52ECC9B5EC16AC4973
:1078B800A81D9B6A3D097A18E7BEDE2207E1F3B1ED
:1078C80008BEED7827C4F10FBBC90A369235800F80
:1078D8009A4488A576993719A22497E53BD0479111
:1078E80026CC982B8264C4E443AFFDBD4E9AA6BD56
:1078F800D4FB62DAB8E3BFF83EB5021F4A9800A984
:107908001B85A194BC30B77311CB7AB2AC848315B4
:1079180015330DE72D1301BBC6AA32FB8EEAE535F8
:107928008A5F102D82FAFF4D7404A92C7B88BA2631
:107938006DA4C78DEE2B0DE9E50A84F7F3AA8D0A2D
:10794800DA2DDB3ACE964972EA33FB5E7D1F25F3CA
:10795800408CDE9A19A9E65201FC8C120443841863
:10796800A4C5E4DFF29DC8C4C1C954EAB9E2AE2F88
:107978007DF486ECAD79D19C79EE56FB71E465E037
:10798800A9B94568214CA242587A22CA39C54FF490
:107998006843A8AF1786227F1EEC16816C71C6B5A6
:1079A800FDF66B8B2823B507CD7E3C946AE916F16A
:1079B8003C314ABF5EDB84F7CBA090092CA380C57D
:1079C800FB4D5254089D8C1819A02617A43BAB4BAD
:1079D800867E099FEAA9997388C7D4A899CCD366EB
:1079E80059F5B84D9D3164B85F848F97588B79B538
:1079F8006137A1290A2FF52B87346C77C34DBFA5B2
:107A08007CFA37BE6E935BF139296C7B63E2BB4726
:107A18009DC7A819121B757E35BF4CE5560542DC7B
:107A28008CC5D1FC3062B6779C0F07DA73D9F8059C
:107A380091E2767FF08417E62A07CF6BA991CF945D
:107A48005A2853B7FF97AD33DB4A525287C02316E3
:107A5800F304B545B1DFFE42E0F1A5AADD700043AD
:107A68000039B2AA407F02434078BDAA39B5054320
:107A78008061A1AA453E0A430049C1AA4C5D104352
:107A880080AAC5AA4577184310D8B2AAD925234396
:107A9800001028A953593143B0B694AA309A4443E8
:107AA80080DECDAA89925F43F428A7AB78A78343E9
:107AB800A0DF1DABCB52A34330F4042B40E4DC43DE
:107AC800E084BDAA3B083244D05A93AB40470145F5
:107AD8009A069DC22F96FAC4C098102BA10F22C4F3
:107AE800009EC3AAF8D2BCC3909C6DABEA1083C3B6
:107AF800C02F3FAAC84746C3D0F83EAA27E41DC3F3
:107B0800A8EBA0ABA41E02C3603914ABFACFDBC24A
:107B1800404756AB8525BDC2A048B0AAAD24A5C232
:107B2800405BCF2AC0E291C2C8A601AB042082C242
:107B38000029922991066AC2AC7719ABD0E753C2E3
:107B4800E0039FAB080741C280B982ABB4C030C222
:107B5800007E69AB309922C200F755A94B3116C295
:107B68004045942B963E0BC20004B1280C8601C2F6
:107B78003040322B9AB0F1C170690FAAD51DE2C10D
:107B8800008934ABD114D4C100A4FCAA8F61C7C149
:107B9800905F85ABD2D8BBC1A474A9AB8556B1C1DF
:107BA800A08EA82A93BCA7C100FB02A94BF29EC1D4
:107BB80030769FABB4E496C10026CBAAC0898FC1AA
:107BC80000DC96AB19F388C1088FF32BA54884C154
:107BD8002E6E1D3D61FF71C12CC522AB5B686AC169
:107BE800004E4D2AA0BC60C1849FA52CD15757C117
:107BF800F011292B6E6F4EC1A0820EAB790846C1D9
:107C0800581BD4ABDB1D3EC1E0130A2BE6A736C1D7
:107C180080C37CAB739E2FC1E8C4CCAB97F928C155
:107C2800D871102BD7B122C1C018F22A41C01CC18B
:107C380080E96EAB671E17C1208C6F2A53C611C12D
:107C4800804D31AB81B20CC194F46B2BC9DD07C1F7
:107C580080428AAB574303C1A2D19FAB2BBDFDC065
:107C6800402E122A3356F5C040524EAB1649EDC08D
:107C780050C20A2C0C8DE5C0C023C1AAD518DEC09D
:107C880020072DAB30E2D6C080C7352AF4DCCFC040
:107C9800C008B6AB7AF9C8C0F02D5FABA221C2C04C
:107CA800974DA6AC9532BBC0D88B41AB45EEB3C05F
:107CB80000B6ADAA28D4ABC0A0A8AB2AA59BA1C08A
:107CC800C0CB3B2A869890C088F6D02AB4A81DC09D
:107CD8004E3C0EBF47FB00C120AF7EAB2C8CC0C012
:107CE80040D260ABF13CB0C03098052B1813A7C048
:107CF800001AF2A86863A0C0C0EE50AA9FE69AC016
:107D0800B0218FABE41D96C0A89BD3AB39CD91C0F1
:107D180000A39AAB3BD48DC0403C982BA51F8AC0CA
:107D28000040EBA71CA386C08C99D2AC375683C001
:107D38007458E1ACF83280C0A0BE2A2BD4697AC04E
:107D4800E83DBA2B4EB174C0289340AB0E376FC0D4
:107D58000084AE2AE5F669C03C32A0AB8AED64C067
:107D680094AA84AC771860C0C0C18FAAE5755BC0BF
:107D7800C0D0CB2ACE0457C0C0C67FAA13C552C0F4
:107D8800B81BA52CC1B74EC0B87B83AB96DF4AC0E1
:107D98004044712BF94147C05012F62ADEE843C02F
:107DA800A0FAC2AACAE640C0C8BCC02B2A603EC01E
:107DB800007EB9A9C2A43CC0B0EC0CAB2D863CC077
:107DC8004025C42A5D0841C0B0BF6DAB455865C0A9
:107DD8007AA4813EB864D6BF002739AC17AF0FC06C
:107DE800E086B7AB048B14C0767D412D45F314C0F3
:107DF800000C622915EC13C0C0BEAC2A6C4712C037
:107E0800A0565DAB8A5510C00C1A7EAB703B0EC0F5
:107E18004094F9AB520C0CC012CA052CF5D209C01B
:107E2800B0D926ABAF9507C08850EAAA525805C00A
:107E3800002078AB251D03C07406122C73E500C022
:107E4800E00FD72BA563FDBF00930FA9A904F9BFC5
:107E580080D211AC2FADF4BF009EFDAA9F5BF0BF8E
:107E680080F28DAB7A0DECBF0C1A86AB2EBFE7BF44
:107E780000EC25ABC26BE3BF20519B29460CDFBF4A
:107E880020BA6AABDF96DABF44F44D2B1EFDD5BF8E
:107E9800801A16AB0429D1BF664EE3AD3CF7CBBFC1
:107EA800645CDA2CFD2AC6BF28F812ABD451BFBFD8
:107EB8006026D4ABFC76B6BF575B1BACC11EA9BF0E
:107EC80080D6EC2B762F8EBFE05B3AAB462D1EBEDC
:107ED80098BCFCBED28A3BC098320DACF6C6FCBF3B
:107EE800E0DD8AABE40DE2BFE07112AAF506D5BF6A
:107EF800C849672C6A98CCBF80C9C5A97B46C6BF4C
:107F080000D5A7A9421CC1BFA03572AA24A7BCBF2F
:107F1800A0C3CBAB22AAB8BF804B3B299D01B5BFFC
:107F280080C8952A3597B1BF10FD22ABFD5BAEBF67
:107F380090FFBFAB7645ABBF74E5432BD64BA8BFCC
:107F48002EEA062C0669A5BFA0AB192BFB97A2BF8A
:107F580000BEAEAB43D49FBF0884372BA7199DBF83
:107F6800244BAE2BE0639ABF2011F32A3AAE97BF99
:107F780040F688AB31F394BF38F1D4ABDA2B92BF1B
:107F8800006AC4A8024F8FBF0000D328B34F8CBF2C
:107F9800605605AB991A89BF7CB6842B059185BFBD
:107FA800C0917FAB7F7E81BF80AAD329010179BFB1
:107FB8004081002B26896BBF44CB1E2CAA5056BF8C
:107FC800D006B4AB4EB329BF18D69BAB98381C3E2D
:107FD80059D505BF0A500FC0E0E7F62A834DB6BF52
:107FE80018F699AC2A1BA0BF8072962977A995BF6D
:107FF80028A74DAC56268FBF8E9444AD796F8ABFA3
:10800800623EA2AC7EB286BF50CD8BABFB8C83BFE9
:1080180080A4F12A9CCA80BFD0A477ABAE997CBF5C
:10802800F4C79DAC150178BFC09910ACF2B173BF0D
:108038004020B6AA659A6FBF8C84AD2B37AD6BBF55
:10804800484DE72B1DE067BF929799AB982A64BF0C
:1080580000ADB82C2C8560BFC08B68ABC7E85CBF8F
:10806800048189AC334E59BF30D633AB83AD55BF8D
:10807800001D37295FFD51BFC0CCDAAA06324EBFBA
:10808800C474B92BC23B4ABF9872362C680446BFE9
:1080980060E8892BCF6A41BFF89F992B3A3A3CBFD9
:1080A8003005C0AB641836BF646BACACAB5B2EBF9D
:1080B800F0A61C2D869923BF5CF60BAC9B2412BF3F
:1080C8005C028CAC4006D9BE489E15ACC11B8D3EE7
:1080D80068A509BFBDE0E4BFA5377DAEEC5F8BBFE7
:1080E800586F87AB1D3D71BF48969A2B5CF65FBFF2
:1080F80080DD542AD87155BFC84EFEAB46024EBF2C
:10810800408E82AB343D48BFFFE6E82C197943BF67
:108118008092CCABD05B3FBF006B1EAAC1B03BBF07
:10812800B0D232ABF25638BFD6023CAC693835BF54
:108138008089092CB04532BF60EDF72B4C732FBFF7
:10814800E02F0F2D39B82CBF607F5F2BF30C2ABFAF
:1081580000C80CABBB6A27BF58E5CBAB13CB24BF19
:10816800702CAFAB362722BF0056ADA78D771FBF47
:108178002097DCACF8B21CBFF02C21ABCCCD19BFDA
:10818800DCC6B62B47B816BF041B83ABF85B13BF1E
:10819800E023222C1D970FBFDC67E0ABCE330BBF6B
:1081A800B08466AB86D505BFFFE5CD2C479CFDBEE8
:1081B80080BC27AB4852E9BE1C22F5AB893DC7BE3F
:1081C80020AD9CAC684E77BE8034522A08D9F23E66
:1081D800BA4925BFB364D3BFA02E1E2BCE976FBF5D
:1081E80010DDCA2AC3E949BFC60A97AB440B39BF99
:1081F800A0762BAB24212FBF4C349FABF56328BF4F
:10820800482100ABA45F23BF052A70AD9A661FBF43
:1082180050E323AC011D1CBF54E2462CC74D19BFC7
:10822800A0505BAC32D816BF9641872B0EA714BF5F
:1082380054F8042C23AC12BF6505AFACABDD10BFFE
:1082480050948FABDB340FBF43304FAD07AD0DBF3C
:1082580000FB702C1B430CBFF6EBAEAC50F50ABF0D
:108268003A97502D08C309BF40C92DABD0AC08BF01
:108278008012DF2988B407BFB04C3CABBFDD06BF16
:1082880088573AAB582E06BFF4FA43ACBBAF05BFCC
:10829800F01ABB2C007105BFB012292A348B05BF18
:1082A800BE0A312C3C2A06BFB475E0ABAAA107BFB1
:1082B800A044FCAB4CA50ABF4200882B7F0911BF24
:1082C800E07ECDAAE48421BF072D88ADA58678BFBE
:1082D800431AB83E38F4873D80AC71AA0A158CBEA3
:1082E800B24555AD1229ADBE4884F82B751DBABEEE
:1082F800803FBBABA25FC0BE2C1150AB8F98C3BEF2
:108308003C644FAC2730C5BE11F6D12CEECDC5BEAE
:10831800A0B3A12C2ACAC5BE96AEB62C8757C5BE37
:10832800F0AA74ABF194C4BE00C82CAA1696C3BEBA
:1083380050DE1F2CCD67C2BE3C7179AB8312C1BE23
:1083480080B4DCAA9A9BBFBE48AFF42B3306BEBEEE
:1083580000582B2BA353BCBEEC2025AC9D83BABE82
:10836800008C70AB3694B8BE1CA820ACAC81B6BEED
:10837800A238C12DF245B4BEB49956ABDDD7B1BE13
:1083880080A639ABB829AFBE0091FAA8C426ACBE06
:10839800308C982BB5AEA8BE283FA22BEF8CA4BE7C
:1083A800361C0AAC30669FBE804A622BC38D98BECD
:1083B800B4B486AC45918EBE54137D2DE35A7BBE72
:1083C800A41542AC432C30BE44B632ACDFC33C3EAD
:1083D80074C6D6BEB6C05FBF9B8994AC108304BF79
:1083E8008051A7AA3968E3BE687F41AC327AD2BE11
:1083F800E0DCE22B7C6FC8BE98FF80AB4984C1BE2D
:10840800B09463AC7B45BCBE4839EBAB7405B8BED1
:10841800C0D5092BD067B4BE383533AC8836B1BE69
:10842800C4B3932C954FAEBE20AA5A2C179CABBE52
:10843800C0A7F1ABB70BA9BE55C18DAC0B92A6BEB8
:108448000035322AF724A4BED503622CA3BBA1BEF3
:1084580000DE502BAB4D9FBE202A852B77D29CBEC9
:10846800727E8D2C84409ABE787457AB988C97BED8
:108478001005822BA3A894BEC077BCAA248291BE03
:1084880080829C2A99FF8DBE0034CBA828FC89BE27
:10849800E09D8CABF03F85BE4022252B79E27EBE65
:1084A80020C6B1AA42EB6FBE70DFC12BEA535BBE98
:1084B800F01C4B2CAF3D3CBE7FE5972D2E0006BE31
:1084C800B65DAE2CF33823BC97D136ACD232163F0A
:1084D8005E3C4BBFD90E99BFD9430AADAC6319BFF7
:1084E80000BF58AADBF7F4BEC65FB4AC8FFBD9BE99
:1084F800C05C92ABCF9ECABE0024EDABC98DC0BE96
:10850800B6913DAD9D59B9BEC7E7D2ACC1DFB3BE88
:10851800B0968B2D9386AFBEB8F8E52B56F5ABBE5B
:1085280006EB81AC57F5A8BE53E584AC3763A6BE0D
:108538002A19052E3C27A4BEFE05ACAC1E31A2BEEE
:1085480098D20DAB9375A0BE31CB90ACD8EC9EBE43
:1085580000FAC9ABD2919DBE1452022C8C619CBE0C
:108568001A9628AD025B9BBEB636A62B197F9ABE1B
:1085780080DA1C2AE9D099BEA639882D475699BEBB
:10858800F09B382CDD1899BE935BEFAC182899BE88
:10859800A0929B2BBB9C99BE80E9092BD59F9ABEC4
:1085A80088B98A2C58799CBEE00FF5A93AB29FBECB
:1085B800002F18AA2871A5BE10BC80AAB8B5B0BEF5
:1085C80068780FAD8E80CCBEE4926A2CA8EE2DBFE1
:1085D800C884D73E19162D3E02CB87AC025BE3BD9B
:1085E80060CA442C635729BE7706C62CE0FE3FBEFE
:1085F80096129DAD4CA54BBEB88C18ABE74952BE40
:1086080066610C2D213A56BE6C8F46AB078858BE62
:1086180078FC35ACA0C359BED1C7D9AC363F5ABED9
:1086280028F7BD2B832C5ABEE89D112CA1AA59BE50
:10863800607E662D2CCD58BE3AD60AAC29A057BE0E
:10864800333CD32C2F2A56BE38B291AB8F6D54BE13
:1086580000E7D4ACD86852BE68FD3D2CE81650BE81
:108668008EFB20AC7D6E4DBE942C942B4D614ABE82
:1086780040E076AB5FDA46BE3143CCAC50BB42BE7D
:10868800C8F464ACB0D73DBE7B57AC2C14ED37BEF4
:1086980050EA84AC9F9430BE22A90F2C3C2727BEF9
:1086A800B893B1AC64831ABE8BFF6B2D438508BEAB
:1086B8000A530FADC92BD9BDCAF2D12B5F146BBDBC
:1086C8004076562B45D4623D20CE16AB51F91D3F5E
:1086D8006E666EBF477288BFC4982DAC0A1B01BF77
:1086E800F052D5AB1C83C8BEA0EAB22BDEA9AFBE40
:1086F800808DB2AB62C6A1BEE843582B8CE098BE11
:108708002829CCABDAAC92BEC850AE2B5B198EBE12
:10871800E4B5882D41958ABE39D4942CF1CC87BE16
:10872800B0735DACE98C85BE62A405ADD5B383BEDC
:10873800680F5C2C562B82BEAB88D22D04E480BE19
:10874800ADD203AD37A67FBE8061C62A29E27DBEC1
:10875800E00E332D92717CBEFD86862DE14D7BBEE9
:108768008E437A2EAF737ABE6F9B2F2D8FE279BE20
:108778008060382B379D79BE402371A91DAA79BE28
:108788006080DAABAB147ABE78188EAC95EF7ABEFF
:108798001075392C1F597CBEB41CC3AC84837EBEB3
:1087A800B0A8D62B52E380BEDEA0D82CAA6483BE24
:1087B80000997BA9CD7887BE6040952A2BF18EBEA3
:1087C800800BBD2ADB77A0BEA817CC2B5304F8BEBC
:1087D8006ECCA03E648AE23C241F75AC830E13BEA7
:1087E8006C68022C75AA36BED4CA19AC1B7346BE77
:1087F800005166AC2DBF4FBEFC95F0AC0F3556BE90
:10880800C40FCE2C5F3F5BBE00B5A7AAC18A5FBE6E
:10881800606FD6AC577663BE3F38B62D4D3D67BE08
:108828000028E72AE4086BBE20A3B42A49F96EBEE3
:10883800E1DF30AE792A73BEFEBF37AC60B777BED2
:10884800508505AC26BC7CBE145DEDAB202C81BEEA
:1088580000A0C328565884BE5729FD2D53F987BE5A
:108868008CF043ACA82B8CBE06002BAC6D1491BECB
:10887800F07C752C28E596BE4677562DD5E19DBE31
:108888002035292BBD6AA6BEAAD4EFAC300DB1BEE7
:1088980000F88CABA3A1BEBE90D601AB8785D0BE35
:1088A80044CA2CAC4914E9BEC01B32ABCB6006BF2E
:1088B800D072AFACBA8B22BF000D26A9927155BFFA
:1088C8000EBD89AC5245A6BFC10DFF2C824468C0BD
:1088D800F19E974098655740586EA4ACFB88843F3A
:1088E800E88E312CDCFE113F51817E2D2944BE3E9D
:1088F800006C16ABE406863E445733AD14F2443E92
:108908004CE8A6AB1E22143E8CCDDC2CA56FE13DB5
:1089180050018FACCDFBAB3D50BDB62BC476823D2C
:10892800C4BE11ACEF06433DD0A333AAE8E40D3D25
:108938001493602CF526C53C6850BE2B9E117C3CD8
:10894800787685ADF405073CA137BFAD8CD71B3BC6
:10895800005C10AAC3931CBBF86316AB6FD6CABBE6
:1089680014BFAA2CA34315BCE82636ABC57037BC88
:108978006ADCD2ACBD134CBCB28805ACCC9952BCF5
:10898800C088EAA9178D49BC1926EEAC85362EBCDD
:10899800602FC6ABD8D2F7BB3439022C7B7E2ABBFA
:1089A8009009D32B91EDA73B8B3304ADE0AA8D3C06
:1089B800A848E3ABF5B6193DF01A86AA2D2E9A3DC4
:1089C8007550AFAC653D293E20C730ABA5BA1E3FF8
:1089D8000DE182BFE98F3FBF48D315ACD32A96BEBD
:1089E800D0308DAAFDB44FBED695562F3F5228BE23
:1089F8001EEB9DAC219F12BE571F482DF1E904BE06
:108A0800605583AB3FF1F6BD10F88DAA581CE9BD3F
:108A1800E41983AC177EDEBD61C8B72D9005D6BDBD
:108A28000005AF295A09CFBD7907312C441AC9BDB1
:108A3800709A35ACB4EBC3BD64CCCBAB7246BFBD4A
:108A480018E42CACD600BBBD1C1008AFD0F9B6BDDD
:108A5800008CF1AC9315B3BDE8ACED2B193BAFBD61
:108A680020D9D42B1152ABBD7D9FCEADDD40A7BD23
:108A780050485CAC37EAA2BD0091CDAA132A9EBD2E
:108A880040E2502AF5D098BD241817AC469C92BDF8
:108A9800E0C336ACD4288BBD01A5492D10D981BDC2
:108AA800E6AA8E2EC83E6BBD003A072A590249BD78
:108AB800C062082A018714BDFC7D2D2CAE505FBC16
:108AC80080577CA9239C1D3D30BE13ABD00C983E2B
:108AD800167223BFBFF4F3BE0077FA2BCC365FBE05
:108AE80056403DAC85DA29BEFECB4CAC91AD12BEEA
:108AF800DAD899AC818E05BE927888AB90FEF9BD24
:108B080074052FAC24C5EDBDE8156DAB6C76E4BDDE
:108B1800601E35AC3A05DDBD52F8D92C85D4D6BDDA
:108B2800F155882DC381D1BD68B6D42D2ECBCCBDCF
:108B380000FF43295582C8BD205D81A97E84C4BD3C
:108B480070ADABAC14B6C0BD30733C2DA1FFBCBD3D
:108B5800003BA1ABA74BB9BD9CFE5A2CD084B5BD38
:108B6800C0C3FAAB3A94B1BD701A89AB765FADBD9C
:108B78004CE514ADFCC5A8BDDB4C2F2C699DA3BDED
:108B8800107F2DABA2AB9DBDFD2F8BAD079D96BD74
:108B980060890A2CEBF28DBDE2308FADFDE182BD1C
:108BA80048AB2FAB6C1868BD7A263C2EA9BA3DBDE0
:108BB800B01A9F2CEF3CF7BC52D341AC8865A1BAE0
:108BC800D63B96ACE0A7873D2CDFB0ABD8A9CE3E0C
:108BD800FCFB6BBF2DE21BBFA7DC952C75128BBE6F
:108BE8009278D32C6E4651BE12CC352DCCF633BEBE
:108BF800109A2DACE4E223BEB0484C2CF0DD19BE2F
:108C0800717A382DB42613BE00CA89285E750EBE47
:108C1800802E2CABCA1D0BBEB81F9B2BDABD08BE1D
:108C2800B83AF72B901A07BEE690C9AC6E0F06BE8D
:108C3800107A3E2DF38505BE4129292DFE7005BE0B
:108C480048808D2C50CA05BEB08BEBAB3E9106BE5A
:108C5800806EB32B35CA07BE7CAE622BE07E09BEA0
:108C6800023851ADF1BE0BBE344D89ABA4A10EBE86
:108C78000032DF295E4812BE784AA92DFAE216BEF4
:108C880080EBDFAAF5B61CBE907F39ACCF2B24BE93
:108C980074B2C7AD5FE12DBE46711D2DEBDA3ABE49
:108CA800C335FF2C42D94CBE40EC0FAB1A2D67BE22
:108CB800C09C93AB087988BE14C8492C1652AEBE26
:108CC800E0786A2BDA8203BF20F513AC47E6B0BF21
:108CD800FCDF274040C69C3FEDDA3FAC317DB63E15
:108CE80038B70C2C4F713B3E66171AADD717DF3DCE
:108CF800A018A32B2A038B3DDC1037AD83552B3DE1
:108D080000697D2B3854C33CFB4984AC69ED2E3C8B
:108D180080CC772DC7A61F3AE0E923AA8A12F1BBB7
:108D28009CA004ADFBC762BC1208D72B44B89DBCFD
:108D3800FC3D2AAD318FC3BCE2AC962C5991E4BC02
:108D4800005618A9E5FE00BD4E439AACBE670EBD9D
:108D58000053FAAA32EB1ABD785354ACD2E426BDBC
:108D6800B8ADFEAC28AB32BD57869AACAF963EBDC7
:108D7800209DA9AB8A094BBD2C54012C977958BD6D
:108D8800185A7E2C357F67BDF0EFEF2A44ED78BD89
:108D980048331A2DA7FD86BD98769E2BE34A94BDCD
:108DA8008C48D02D8702A6BD31E216AD4839BFBD2B
:108DB80095A6BF2E1B84E6BDE985002D167D16BE3F
:108DC800A146AE2D1B9F68BE84A197ACEFDE20BFE5
:108DD800B6DFAB3FF26B133F40D2372BAAF2323EDD
:108DE800D09BA1AC0B20C23DE209702EDAD3783DAE
:108DF80048F89D2CEE442C3D41260D2D44D6F83CD8
:108E080028D925AC2C49B83C6D4872AD1CA48A3CC5
:108E1800305F972B49DF523CB0CE0DAB3EE4213C8E
:108E2800D4B94CAC158BFB3BB888CFAA1F2BC73BDA
:108E380028251C2C30CCA23BEF4FA92CC1DB8B3B47
:108E48009024DAABA6A9803B00315329F32B803B51
:108E5800001CE4AB48DD893BC367352D17AD9D3B4E
:108E68004CD2232C33FEBB3BC13451AD61B3E53B3F
:108E7800B049F92B8B260E3C124CC9ACF50F313C8E
:108E8800C0B4A9ABAF595D3C588DD82B0BDA8A3CDE
:108E980020841B2BD329AF3C32239C2CF80ADF3CBF
:108EA800188137ACD939103D60864BAA2E573F3D03
:108EB800E0B142ACD17C843D5F9D3A2C4550C63D23
:108EC800525F05ADE6722F3E882BDBAC6FBF0A3FC1
:108ED800A343B0BF9E5311BF7C3937AC339F49BE03
:108EE800A03D08AB4D16FABD5A5000ACF964B7BDA9
:108EF80010ACF7AB116891BD644B7AACF9B870BD92
:108F080066AFC1AC535F4CBD59A2D22CA51230BD7F
:108F1800C04DAB2CAFC918BD1403B1ABA3BB04BD86
:108F2800CE6972AD158CE5BCA42CDAAC5C45C4BC2A
:108F3800309B81AC1C81A4BC361776AC315B85BCF8
:108F48000EF007AC0A234CBCA7A888ACBEE10BBC4A
:108F5800001836AABC1691BBBC83C72C51D61BB8C7
:108F6800E316282DCE599B3B80E797AB0A72243C29
:108F780000ACD8284C38833CFD80E7ACE6A8BB3C65
:108F8800E40AA6AC6017FE3CB62EFBADB61B273D27
:108F980080CF582C9BD5583D000878297A608C3DA5
:108FA80088917FACBD55B73D9062B52C91A6F43D34
:108FB80088ACC12C790A2A3E3073872AA44A7F3E9E
:108FC80074643EAC1193E23E6316E22D23E7B33F8F
:108FD8009B0F80C01A77BDBF3B57AFAD556704BF25
:108FE80008B4AF2B5DD8A5BEB90F38ADA25676BE72
:108FF8005C85EAAC6D7C46BE86FC69AC80A727BE62
:10900800041C4A2C53F611BEDE24C3AC3EBA01BE82
:10901800EBC9002EFBFDE9BD1A13B12C4943D5BDA0
:109028005852652C57D9C3BD06EEA1AD22D0B4BDA8
:10903800903A50ADBE80A7BD60E71E2A5B719BBD0C
:10904800D016BDAB8E4490BD3C9C89ACB5AE85BDF9
:1090580040290DAC53DD76BD8C4C0E2D6A9062BD57
:109068008200A8AC7EFE4DBD665C9CACC5A538BD33
:109078009077FD2C04EF21BD988DBEAB511D09BD25
:10908800A21C31AEB06ADABC6EB5932C16A999BC95
:1090980058DB832C44A317BC74F136AD8B992D3B58
:1090A800BCBD16AD3D30963CCF9E992C1171253D27
:1090B800F081B6AC6D4C983D80C9CAAB52E2093E0E
:1090C800E83FDEABA54D8C3E7889812D4AA9773FD4
:1090D800547D4FC047088EBFA0223CAA412AD5BE66
:1090E800A8EFCD2B17EA8DBE83D0FB2DD96D5EBEC0
:1090F80060FED82BCA173CBE4D0D272DED1426BE99
:109108001E1D782CEFB916BE5CC9102C7F610BBEF2
:109118005A7E26AD14A502BE502B932D696AF7BD61
:10912800DC6F89AC3923ECBDF2A86EADBECDE2BDD3
:10913800A841A02C20F9DABD24FD312DB856D4BDA4
:10914800E03036AC87AECEBD0AD0882D3AD8C9BD3E
:10915800E856502ECDB6C5BD4AAEA2ACDB35C2BD71
:109168009068E8ACFE47BFBDF6D9A1AC0BE6BCBD24
:109178005069E3ACF70EBBBD9959072DA0C8B9BD1E
:109188005E432BAC9C21B9BDA0E98D2BE434B9BD5D
:10919800F023B3ACCF30BABDB6864F2DD664BCBD74
:1091A800804DFB29A35EC0BD3BE11C2D332EC7BDFE
:1091B800F0E7FFACF41ED3BDE841C82B7B2DEABD18
:1091C800D4B21EAD3A2A11BE100B542C5A5D90BE73
:1091D8005CBF3F3F4AD4103E00C4982A4F41953A9D
:1091E800DC773D2CBFDED8BCD55F502C4FC01BBDF3
:1091F8008BE9B22D664135BDBBA39AAD59F044BD8C
:10920800D246552DF0694FBDFEE0F82BA4D556BDCA
:10921800B4BFFAAD21585CBDF1DA4EAFD39B60BD47
:109228008E037BAC7A0B64BDEE1107AD42EE66BDD2
:109238006886162C7A7669BDC585A3ACDFC96BBD77
:10924800689331ACA5066EBD3CB473ACC84670BD1E
:1092580000A94D2D76A272BD10E97A2B1C3275BD7E
:1092680016AA31AD5E1078BDC90E0D2D6D5C7BBDA3
:10927800E8A344AC183D7FBD0C51412CA2F281BD3E
:109288000010362A7CCD84BD800E93299A6188BD52
:10929800304D202C86FB8CBDB9AF3FAD0F1693BD6A
:1092A800B686552C8D849BBD2FD781AD66D5A7BDBD
:1092B8009A8768AE775DBBBDCE9EAE2C2EC5DEBD4F
:1092C800D163462DF5E418BE960193AD0784B4BE6C
:1092D800D7069F3FDFF8833EF8283FAC412F5F3D1C
:1092E800CA38BE2C5E3C643CCEAE17AC1B255EBBB8
:1092F800088CB12CC67E54BC2C3DAD2C98F39BBC7D
:109308003FF3282D7F34BEBC0480962C683BD7BC25
:109318001454732D4C55EABC149F2D2CE26CF9BCE7
:10932800605D36AECED902BDD8AF3FAB44F907BDBC
:109338004057D72B3F5A0CBD050A9BACD32E10BD06
:10934800400A022BB89C13BD80C8832BAFC116BD41
:10935800E4D88FAD6EB619BD449E262DC4901CBDB1
:10936800944434AD52651FBD7E54C92C2C4922BD8E
:10937800A06D992CA65325BD00FBEDADADA028BD71
:10938800107781AC34542CBDA8D444ABC89F30BDF1
:109398008074C82A5CCC35BDE8A7F6ABE04C3CBD70
:1093A800487386AC09E544BD80329E2B860351BDC7
:1093B800B0FCB5ABCDB663BD725A21AE967682BD10
:1093C8009885212C6ADAA8BDE4B5E72C0DDF33BEF9
:1093D80025F2293F7AD8D33D8A05BC2CE882273C60
:1093E800176C062DD1E20BBC0CFC632CC39388BC14
:1093F80058BEB42C6542AEBC3057D2AB6ADAC6BC94
:10940800E8667CAC6A79D8BCC09903ADA2FDE5BC1E
:109418000CE8742D85EFF0BCA02C06AB4736FABCDF
:1094280025952C2EB13201BD29F5232DF3F004BD6D
:109438005BAE202D0F7B08BD28F22AAD6AEE0BBD6E
:109448003CCB23AE2B640FBDDAA110AEAFF312BD37
:10945800A0C0F4AC77B416BDAF13612D01C01ABD1E
:1094680070E66EABCC331FBDA3BBB42CE73324BD71
:1094780063F506AF90EE29BD789DBE2C9CA130BD4A
:10948800788120AD29A338BD306C22AB4E7042BD27
:109498007812042D68C74EBDA0AAE32B9BDA5EBDE7
:1094A800D1E4E3AC5EB974BD0EBF36AC4D238ABDC2
:1094B80080D5462D5EEAA2BD7284E1AC7982CFBD2B
:1094C8003AC234AEDBC81BBEB6A78A2CB9FACFBEE7
:1094D800E7730A40824CB63E4E32812D19D9D03DF1
:1094E8004B3D0D2DBF94513DF9B4AB2C20CCF03C35
:1094F800F0EFCA2CFBB38D3C003709AA6E3D1D3C2A
:10950800E09A7FAC1B9E8B3B807451AA2B28B23902
:1095180080AC01ADC9E62EBBDCD9D42B90B4A5BB79
:10952800F05E56ACAD93E5BB39E7042D967C0DBCD7
:109538004AFC98ADE74A24BCE0D831AC062C38BCCC
:10954800589E1DACD4D849BCD8764D2B8CE159BC5B
:1095580058FD28AD35BC68BCF6F8B8ACEFCE76BC83
:10956800A0F73E2B0B3C82BC3E0D83ADDA0A89BCCA
:10957800B86B14ACAF0690BCD874462C246B97BC5F
:10958800804465AACC839FBC145FEF2BD2B7A8BCDC
:109598000066952C279EB3BC2E7343ACEF23C1BC49
:1095A800B5C6022E54DCD2BC721DCDAD74BAEBBC6C
:1095B800C03CB42BCE0409BD3122882CA20F2BBD90
:1095C800607633AC45EA79BD5F919A2DF9B520BE36
:1095D800BBC0803F8DBC053ED032FEACED1E0E3DBB
:1095E8003C6E43AD2FE57D3C60E7FF2BFEF5ED3B80
:1095F8004863A02C313B303BEAD6D7AC314361B944
:10960800F83517ACD04011BB874712AC60C070BBAF
:109618002023062E38809CBB7BD9BDAC0A9AB8BBE8
:10962800BCC2612C4DE8CEBBE1E6202E04DFE0BBD6
:10963800E0D05C2CA37AEFBB6F3B10ACF66BFBBBA6
:1096480036CCE8ACE09802BCD032462B299406BC54
:109658000030D2299FC909BC219921AEC2510CBC46
:109668001888EBABAC3D0EBC6182E42D14980FBC9E
:109678006C11D1AC9F6510BC141CCBAB6CA410BC96
:109688001FDC94AD974A10BC3FEEBDAC33430FBC12
:10969800C0229E2B51680DBC0870E8AB2D770ABC20
:1096A800282BABAC1AF705BC33117B2D69FDFDBB2C
:1096B8000C83BF2CEE27E7BB10FE94AC5518BDBB3E
:1096C800DBDAEA2DCDAC33BB10FE2AAC96464C3C17
:1096D800EB9D53BE06F507BDD276E32D203E93BC25
:1096E80072CA83AED48E74BC79FBA22C7F135FBC84
:1096F800607FC5AD1C0D53BCC4F7152B854F4BBC03
:10970800A062842CD6DE45BC3564A9AC52CF41BCDE
:10971800B08CC62B63A53EBCDAEA2F2DB21A3CBC2E
:1097280040E9582CF5043ABC3C658CADF04938BC8E
:109738007CE34F2D4AD936BC66F1922D34A935BC4D
:10974800841D60AD8CB434BCD7DAC82CE7F933BCBF
:10975800308BDFAC197B33BC8080922C373D33BC17
:109768003EFBB62CF74833BCE0C7F4AA87AB33BC42
:1097780050344E2D0B7834BC758E22AC14CA35BCCF
:10978800540631AEC7C937BC009A4F2B06B33ABC52
:1097980087F0042F6AE23EBC96D59CAC41EE44BCEF
:1097A800A083742DDEDA4DBCA69EE3ADC1945BBCEC
:1097B800ECCC2FAC1B3C72BC364B202C12468EBC1A
:1097C80088C6402DE6EFC0BC62DFC22CA81B61BD75
:1097D80041311A3F75D4223D8282952C0DD2083C26
:1097E800BC2CDA2D8C720E3BAC19442D8FB8D0B935
:1097F80000CAADAAD77DE7BA7C83502CF96F29BB84
:1098080060E6142A82A84BBB4207B5AC551762BB69
:10981800C0E291ABDFC970BB000933AB8F147ABBD0
:1098280030C3E4ABF9637FBBBE06A6AD4CD080BBAA
:1098380021E50D2E33B180BB26198D2D240D7FBB5C
:10984800C7E620AD75E07ABB8907CA2D0A0175BB4A
:109858004015B42CA17D6DBBC06D31AA045164BB09
:109868001CAE4CAC9F6159BB1C36952C8C7E4CBBF6
:10987800807AD92C6C593DBB90D5702B8D7B2BBB36
:109888006E1C752E393316BBC89D0E2C3FE6F8BAF0
:10989800B0EBDCAC352EB9BAC913492DF4C64FBAB2
:1098A8004C455BAC9ED708382DB6152D8EEE9C3AEC
:1098B800FC95042C3EF1433B392D122DC6DFC93BE4
:1098C800BC83C5AC8F905C3C626A34AE7B6F4B3D09
:1098D80056B593BFED2A70BDA77AF2AD63B9B7BC90
:1098E8000C1CD92CD6BA77BC2B41D42D0FA443BC61
:1098F80020C5982B0C1626BCA8F083ACB5C412BCA6
:1099080040A091298AF504BC8C17FBABD5E7F4BBC2
:10991800E89B122C4F2AE4BB648E0D2C2459D6BB2D
:10992800D8D438ACFB9ECABB9023272D2B71C0BB63
:1099380060C5A7AAEF71B7BBD6BD252DDB5FAFBB4E
:10994800D0CAA92B350CA8BBBEC5192D1855A1BB6B
:1099580078BF002DC6219BBB3655202D506095BB86
:1099680034CA432D260490BBD940732C41058BBBC8
:1099780054E0E3ACD25F86BB00F0222B7A1482BBA2
:109988000849982B4E527CBB259D802EF75575BBF8
:10999800F7CBD6AE2B646FBBE8F351AC27D26ABBCA
:1099A800D7D534AD233A68BBF435F6AB5FC668BB90
:1099B80070B964AC40FD6EBBE7118EACE8BB80BBF0
:1099C80087B9472D5D399CBB2769B1AE2F8B1BBC6E
:1099D800A4ABEE3E8194AA3B903466AC56E2F939CA
:1099E8001426332D1726C1B96033D8AC44E92CBAF4
:1099F80080EAEF2C090D49BA785A47ABB46E4FBAD2
:109A0800F01EAA2BDA374ABA842B902CC8253EBA06
:109A180000DA412DB8BA2DBA6C1D9A2CFA6A1ABA16
:109A280024A04EAD0C1E05BAAADBA9ACF7D8DCB948
:109A3800007E76AB6880ADB9FD9AFCAE839A79B9A1
:109A4800F754A12E2E6E16B93814832E160249B873
:109A580080858A8F94989DA2A6ABAFB3B8BCBFC3CC
:109A6800C7CACDD0D3D6D8DADCDEE0E1E2E3E4E45D
:109A7800E4E4E4E3E2E1E0DEDCDAD8D6D3D0CDCA30
:109A8800C7C3BFBCB8B3AFABA6A29D98948F8A8555
:109A9800807B76716C68635E5A55514D4844413DF0
:109AA800393633302D2A28262422201F1E1D1C1C3F
:109AB8001C1C1C1D1E1F20222426282A2D3033364C
:109AC800393D4144484D51555A5E63686C71767B07
:109AD8000000004396F347427D278F287CC0053C51
:109AE800E5011828863E913DA1521328FC93BD3C00
:109AF800B6BEB3288030103D2F8F6128ECE4FA3CC5
:109B0800253E8E287367DB3C12D4AB2835A2E53C92
:109B180075768928DC26633CB0EB1B296DD86E3C32
:109B280032A9F127012ACE3C431CA328936B493C58
:109B38008B600F287403CF3CBEFA8B286BAE023CB7
:109B4800A09F59283921E83D4FD5862866CEBD3CCF
:109B58007ECFBC2839AD613CC55129283BD39B3CFD
:109B6800454CE02816F2543DEFF77529B138D23C40
:109B78001912C62603A2D03C0F8F08298A2E933DBE
:109B8800C1A5CA28F44A683D17580D2AC2BD513CE0
:109B9800470A1F2AAD72AA3C151BF128B3FA323CBA
:109BA800859A992914A80F3DFCB482298DF5833C28
:109BB800069A932867C7563BB313CB285D5C1B3CBA
:109BC8007BA91C2A121C943C8975E1290DBEEE3B29
:109BD80093832B280DBEEE3B6EA33728121C943CB2
:109BE80063E24F295D5C1B3C44C71D2A67C7563B8F
:109BF8003BC3AF298DF5833C212E1C2A14A80F3DA9
:109C080022B9FC28B3FA323CCE58B428AD72AA3C2B
:109C18006BA1A728C2BD513CC182A529F44A683D61
:109C280077E2CE298A2E933DBC3AD62803A2D03CAF
:109C38005B595529B138D23C1EA61B2A16F2543D51
:109C48004953B0293BD39B3C5F3E902A39AD613CD8
:109C5800BCEAFE2966CEBD3CEFBDBC293921E83DF2
:109C68008274AC296BAE023C97539B297403CF3C9A
:109C7800BE3E3829936B493C3F360329012ACE3C26
:109C8800E3CA192A6DD86E3CBD2B0829DC26633C33
:109C9800E2220A2A35A2E53C1F96022A7367DB3CBA
:109CA800787EDB29ECE4FA3CFB4FD4298030103D68
:109CB800F5BDB92AFC93BD3CCA73792A863E913D0D
:109CC800E9AD8D2A7CC0053C5C563D2A96F3474297
:109CD800B81C57D8F1F5C17F190E279E86F781DE8B
:109CE800E155B05A779FE741A12A6BFACDE47B236F
:109CF8000100000002000000030000000200000054
:109D0800010000000A2A2A2A2050414E4943202AED
:109D18002A2A0A000A0000004861726477617265A5
:109D280020616C61726D20256420616C72656164CC
:109D38007920636C61696D65640000004861726434
:109D4800206173736572740052656C656173650098
:109D5800626F6F74325F77323571303830000000CF
:109D6800322E322E300000007069636F0000000050
:109D7800656E657267795F62656E63685F7270327F
:109D880030343000536570203131203230323600A3
:109D980005005250DE65F468749F001006005250AA
:109DA8005422A29D8C9D001006005250861C03026E
:109DB800789D001006005250BBFF3CB6709D001005
:109DC80006005250ABB36053689D00100600525015
:109DD800E182887F589D001006005250D3F07542EA
:089DE800509D00100D0A00005F
:109DF000989D0010A49D0010B09D0010BC9D001007
:0C9E0000C89D0010D49D0010E09D0010D3
:109E0C00030010B50068EFF3108472B60268002AE4
:109E1C00FCD0BFF35F8F04229A56002A0BDB00297B
:109E2C000FD000200A601B68BFF35F8F00221A60FE
:109E3C0084F3108810BDD0221206126801201A710A
:109E4C00F1E70020EFE7C046F0B51D00D023C64671
:109E5C001B061B68040016009846002700B50BE093
:109E6C002268BFF35F8F176083F3108830002900DE
:109E7C0000F04EF8002818D12068EFF3108372B66A
:109E8C0001680029FCD0BFF35F8F21797F29E7D9C6
:109E9C00424622712268BFF35F8F0021116083F369
:109EAC001088012004BC9046F0BD0020FAE7C046A3
:109EBC0070B582B001A9040016001D00FFF7A0FFC9
:109ECC00002807D1D0221206019B12785BB252B245
:109EDC00934201D102B070BD32002B002000FFF77D
:109EEC00B3FFF7E70268EFF3108172B61368002B2B
:109EFC00FCD0BFF35F8FFF2303710368BFF35F8F49
:109F0C0000221A6081F3108840BF70477047C0462A
:109F1C0001B40248844601BC604700BFF52E001016
:109F2C001000000000000000000000000000000015
:109F3C0000000000000000002802002000000000CB
:109F4C00503300004C3300005433000052330000F7
:109F5C004D5300004D4300005334000043340000C7
:089F6C000000000000000000ED
:04000005100001E9FD
:00000001FF
