:020000041000EA
:1000000000B5324B212058609868022188439860DF
:10001000D860186158612E4B002199600221596106
:100020000121F02299502B49196001219960352056
:1000300000F044F80222904214D00621196600F024
:1000400034F8196E01211966002018661A6600F04E
:100050002CF8196E196E196E052000F02FF8012189
:100060000842F9D1002199601B49196000215960AB
:100070001A491B48016001219960EB211966A021F2
:10008000196600F012F800219960164914480160C1
:100090000121996001BC002800D000471248134993
:1000A000086003C880F30888084703B5996A0420EC
:1000B0000142FBD001200142F8D103BD02B5186610
:1000C0001866FFF7F2FF186E186E02BD00000240BE
:1000D000000000180000070000035F00212200005C
:1000E000F4000018222000A00001001008ED00E03C
:1000F00000000000000000000000000074B24E7A12
:1001000000200420F7010010CB010010CD010010E9
:10011000C9010010C9010010C9010010C901001077
:10012000C9010010C9010010C9010010CF01001061
:10013000C9010010C9010010D1010010D301001045
:10014000C1010010C1010010C1010010C101001067
:10015000C1010010C1010010C1010010C101001057
:10016000C1010010C1010010C1010010C101001047
:10017000C1010010C1010010C1010010C101001037
:10018000C1010010C1010010C1010010C101001027
:10019000C1010010C1010010C1010010C101001017
:1001A000C1010010C1010010C1010010C101001007
:1001B000C1010010C1010010C1010010C1010010F7
:1001C000EFF30580103800BE00BE00BE00BE00BECA
:1001D00000BE00BEF2EB8871E0EA001000EB0010F8
:1001E0003802001090A31AE71E481F49086006C88D
:1001F00081F3088810471D480068002801D019487D
:10020000F3E70DA40ECC002902D000F012F8F9E7B4
:100210001749184A002000E001C19142FCD116495B
:100220008847164988471649884700BEFDE701C937
:1002300001C29A42FBD3704700EB0010C0000020BF
:10024000100C002050F600100000042000000420D4
:1002500050F60010001004200010042000000000E0
:10026000704700000000000008ED00E0000000D032
:10027000100C0020A0B800200D6C001031050010FB
:10028000056C0010F8B5C046044B10B5002B03D028
:100290000349044800E000BF10BDC0460000000054
:1002A0000CB50020D495001000B5ADB002930192BA
:1002B00003000091084AA02104A806F065FC074B42
:1002C0001B78002B05D004A9054806F02BFE06F08C
:1002D000C1FD2DB000BDC046D89500106EB5002000
:1002E00008960010F0B505AC27781B027F023B434F
:1002F000D2011343C2007820D02404251040FF22ED
:100300002406A56126690343734092001340E3610C
:10031000BFF35F8F002901D06561F0BDA561FCE7E7
:10032000184B10B51B78002B01D1002010BD052003
:1003300003F08EFA144B9842F7D1D0231B061B68AA
:10034000002BF2D1114B124A1B6813409342ECD19F
:10035000104B1A6E802314001B011C401A42E4D17A
:10036000072003F075FA0C4B9842DED1092003F008
:1003700075FA0A4B9C46852360445B0083426441C6
:10038000E0B2D3E76DB50020406BED0700C0004040
:100390000100C00000800040006CDC02FDF8FDFFA1
:1003A000F0B5FF25D024AD00BFB02406280002F030
:1003B000DDFA236919202B40E361656202F0B6FA89
:1003C00080239B04A3613A48636205AA06AB04A993
:1003D00003F0A6FA041E02D120003FB0F0BD05993B
:1003E000069A049803F05EFA324B334A08201A60EA
:1003F00003F0FEF91F21002002F066FA002200211E
:10040000002002F07BFA1F21012002F05DFA002299
:100410000021012002F072FA06F0B0FF041EDBD0CA
:1004200003F05CF90025254C24184D41002D31DBEB
:100430002F00234E07F016F8002805D1736ABB423F
:100440002ED3B26AA24229D307F00CF800282BD190
:1004500001231C4A1C4D13702B70FFF761FF040031
:10046000052003F0F5F9194A02940192D0221206F0
:10047000126803000092E021154A06A806F084FBEA
:100480002B78002BA8D006A9124806F04BFD06F0E9
:10049000E1FCA1E70124104F6442CAE7BB42D3D17B
:1004A0000A2003F08BF8C5E7322003F087F8CFE786
:1004B0008807020000E000400100C000404B4C00F3
:1004C000004005406DB500206EB500207C96001000
:1004D0000C96001008960010FFFFFF7FF0B5C6468F
:1004E000844600B5104B5A6A986A596A8A42FAD112
:1004F0001700FA220023060000216046920004F053
:10050000AFFF80468C46084B5A6A986A596A8A42FD
:10051000FAD11100801BB9418C45F5D801D1804535
:10052000F2D804BC9046F0BD0040054030BFFDE766
:1005300010B500F023F830BFFDE7C0460C4B70B596
:1005400018600C4B04001A6000230E00150082B0E6
:100550000093002200210133FFF7C4FE2B0032007C
:1005600021000548FFF7A0FEFFF7E0FF02B070BDD5
:10057000DCB5002078B5002084960010F0B5DE468A
:1005800057464E464546E0B583B0FFF709FF0028C1
:1005900000D1DDE000230022002100200093FFF7BE
:1005A000A1FE0023002200218148FFF77DFE814B40
:1005B00001269A46002399467F4B9B464B460022D4
:1005C0000021002000930023FFF78CFEFFF7A8FE18
:1005D000002800D1C1E0042E00D89BE0082E00D8EE
:1005E000B4E0764980223000120101F081FD00283C
:1005F00000D1B8E04B4600200093012200230021E7
:10060000FFF770FEFA208000FFF768FF4B460022DC
:100610000021300000930023FFF764FE0120FFF764
:100620005DFFFFF77DFE041E00D1A2E0731E984619
:1006300053461F68310000233A006148FFF734FE3B
:100640004B4600220093012100233000FFF74AFEB1
:100650000025002F03D107E00135AF4258D030000C
:1006600001F0E4FD041EF7D14B4600220093002167
:1006700000233000FFF736FE43469B009846424673
:10068000504BD550002C00D179E0BD4200D07CE029
:10069000FFF746FE002800D17DE0300001F0CEFEDD
:1006A000002800D17DE0300002F0BEF84246464B03
:1006B0003100D050D35845482A00FFF7F5FD0423F8
:1006C0009C460136E2440D2E00D077E7012400233A
:1006D0000122002100200094FFF704FEFA20C00050
:1006E000FFF7FCFE00230022002100200094FFF70A
:1006F000F9FD0023002200213548FFF7D5FDFFF763
:1007000015FF03B03CBC90469946A246AB46F0BDEF
:100710003D00A9E7802259463000120101F0E8FCB3
:10072000002820D04B460020009301220023002106
:10073000FFF7D8FD701E43425841FA2340421B0187
:100740001840FA239B009C4660445DE7214949E735
:1007500001220021FFF7F2FED3E702220021300040
:10076000FFF7ECFECDE7032200213000FFF7E6FEA5
:10077000C7E7042200213000FFF7E0FEC1E70522B1
:1007800029003000FFF7DAFEBBE70622290030001F
:10079000FFF7D4FEB5E7072229003000FFF7CEFEB1
:1007A000AFE7082229003000FFF7C8FEA9E7C046DE
:1007B0008C960010AC960010DC960010DCA60010A1
:1007C00094960010ACB500207CB500209C960010DB
:1007D000A4960010DC9E0010F0B5DE4657464E464B
:1007E00045460023E0B585B0C25CCC5C6240C25493
:1007F0000133102BF8D19B469A468B44A0310291CD
:1008000082440300514603901A78564CA25C1A7039
:1008100001339942F8D1427943784270427A8A464C
:100820004271427B43734272827A83788270827B08
:10083000837283798271C27B8373C378C270C27AF8
:100840000400C273C279C3715B468346C2720193CE
:10085000237860789C46D9094B00C918CB00C91889
:100860006346C2095B0059405300D218D300D21826
:1008700043005A400300A678E77873409946F3098D
:100880005D005B19DD005B1975006B40DBB2009306
:10089000FB0998465D00A8444346DD0045447B00C3
:1008A0005D404B46C9B27B40D2B24B4053402370AF
:1008B00063465E407E407240009E584072406270C7
:1008C0004B46624647405340EDB2774059406F4037
:1008D0004D40A770E5700434A245B9D1019B58463C
:1008E0009B4600235C46C25CE15C4A40C254013333
:1008F000102BF8D19C46A346029BE3445B4580D174
:100900005146039B1A78174CA25C1A700133994226
:10091000F8D1427943784270427A029C4271427B1C
:1009200043734272827A83788270827B8372837986
:100930008271C27B8373C378C270C27AC273C27978
:10094000C3710023C272E25CC15C4A40C2540133ED
:10095000102BF8D105B03CBC90469946A246AB4658
:10096000F0BDC04608B00010F0B5C646802300B503
:100970001E4F1B01FE5A8046002E33D001246442D4
:100980003A002500002307E0601C01D0A94221D0D5
:1009900001330832B34208DA1168A942F4D21C00CC
:1009A00001330D000832B342F6DBE4002300FB18EC
:1009B000013E19689A88F3003C19FB1821CB21C429
:1009C00080231B01FE524346404619609A8004BCB6
:1009D0009046F0BDE1007918908889888842D7D286
:1009E0001C00D5E708235B421C00E0E7EC34002044
:1009F000F0B5DE464E46454657460023E0B58046F4
:100A00008C46914600209B4683B0002928DD434652
:100A10000122591ED21A01235B424B4461440193C7
:100A2000431C9C4531DD03000124434406E0FF2CB8
:100A30000AD001340133E4B2994219D01E785D78AE
:100A4000D7183800AE42F2D04D465E46AC5502246F
:100A5000A246D3445D461B78019C6355BC45DFDC50
:100A6000584603B03CBC90469946A246AB46F0BD02
:100A700059464A46545442465B464946D25D013384
:100A8000CA5402239C46E344EAE7594601234A46F6
:100A9000535401339C464346E34459461B5C013A98
:100AA0005354DDE770B50500081E0CD02B786E1E80
:100AB00013700123012906DDEC5CF15C641AD45447
:100AC00001339842F8D170BDF0B54E46DE46574628
:100AD0004546E0B585B08146039200295ADD0023E2
:100AE0009346984600221F0002934B464046185CEE
:100AF0005B461A705F70029B033301935B469870EC
:100B000043465C1CA14235DDFE2C3EDD03234646F8
:100B10009C46FE3EE3444B46981900239C469A4669
:100B20004B461D19002306E0C75CEA5C974205D1DD
:100B30000133FF2B02D01A198A42F5DB9A4502DAFB
:100B4000A21B94469A46731C0130464501D01E00F4
:100B5000E8E76346DAB253465444A046DFB28C421B
:100B600010DB019803990A5402988446421D61449F
:100B700001920F71019805B03CBC90469946A2467F
:100B8000AB46F0BD019B0293AFE703239C460026D2
:100B9000E344C0E700230193ECE7C046F0B5DE462E
:100BA00057464E464546E0B5AF4CA54402900191EC
:100BB0000392002800D1FDE08023019C1B019C4290
:100BC00000D9F7E0039D002D00D1F3E0842200213D
:100BD0002800520004F03AFE2900230A4B7000233B
:100BE000251E0C708B70CB7000D1FDE000219F4A58
:100BF0009F4804F02BFE802246ACD200002120004A
:100C000004F024FE00220298835C01329B001959F3
:100C1000013119519542F7DC802109018A46954935
:100C200080268946924923008C46012188469249B4
:100C3000E1448C468E4900228B460025DC44760038
:100C40001C68002C10D08A4FD000BB46A9B2584473
:100C5000046081805046013292B23A52444648467E
:100C6000445564466800215201350433B542E7D14A
:100C7000012A00D871E1A94606AB98467F4C804B0B
:100C8000E61804A8FFF770FE4046FFF76DFE4B46DE
:100C900080205D1CABB2764945468C46CA469946D3
:100CA000734B00011B5A2D68DA006244AC4604996C
:100CB0000133009161441160514691806C4A9BB2AE
:100CC00013529B4604AB9B8880209C4643469D88DC
:100CD000694B2900D218654600238C46400005E088
:100CE000614509D00133023283420ED0E15C002914
:100CF000F8D01188A942F3D151461180F15C02323B
:100D00000131F15401338342F0D15B46012BB8D855
:100D100080200023002506A94000E25C002A01D0C3
:100D20004B55013501338342F7D1012D51D02CDDD4
:100D30006B1E9A460023984606AE7319C1461C00E6
:100D4000A84601239C46731CE1449C46C84505DC2B
:100D500017E0954238D001339C4212D0494D31788A
:100D6000AB46434A187852185A441578404A12182C
:100D70005A4412789542ECD93070197001339C4274
:100D8000ECD16646D145DCD1454606AB9846002DF0
:100D900000D17BE04246454402E00132954226D034
:100DA000334913788C46374963448C4663441B7837
:100DB000202BF2D901204042334B9D443CBC90464D
:100DC0009946A246AB46F0BD8142C4D93070197035
:100DD000D4E7274A06AB944698462A4A1B786344D0
:100DE000944663441D70D5E784204000E4E7254B1A
:100DF0001F4A0398D11880220830520004F02CFDBD
:100E00004346204A18789446194B04AA1B18634499
:100E1000092494461B4E6444B44615491B780918AE
:100E20006144097800228B421BD20133DBB25200AD
:100E30009942FAD103000E4881338446FF33DB0028
:100E400063449A6019710132AC4228D00D4E20786B
:100E5000B4460B00064901340918614409788B42F5
:100E6000E3D31900E6E7C046E4FAFFFF04140000EC
:100E7000EC340020020B000002090000EE3F0020CD
:100E800000FDFFFF020800001C050000344A354B3E
:100E90000398D11880220830520004F0DDFC0023B2
:100EA00000221C00029901982D4D8B5CAC468133C9
:100EB000FF33DB0063441B790132E4189042F3DC1A
:100EC0000399230A0A004B71230C8B710932230EFC
:100ED000CB71FF3284230C71A046140000225B000A
:100EE000CA540023994601339C4600230021002068
:100EF00007269A464A46029B9B5C1B4ADB009346A8
:100F0000174A5B4493465B441A785D68013A02D203
:100F100016E0013A14D32B006746D3403B40771AC2
:100F2000BB40275C01313B4323540829F1D10130F8
:100F30000021C3004345ECD253462354013AEAD280
:100F400001239B46019BD9444B45D3DCCB17591A4F
:100F5000C90F08180930FF302EE7044CD8E6C04608
:100F6000EC34002002080000040C0000EE3F0020DA
:100F7000F0B5DE4657464E464546E0B5B5B08B4621
:100F800004A98C4603900F20029201226044013B89
:100F9000995C81540132112AFAD101239C4604AB99
:100FA000013B019305AB99460F2398464F4B102107
:100FB0009A4664464E4F08AE04A80B22844601238D
:100FC00062445218D05C019DE8540133052BF9D1DD
:100FD00043460B4250D004AB1B7804A884460A0059
:100FE0006244157801306B4013740132484507D0D4
:100FF0000378157801306B40137401324845F7D1FE
:101000000431B029D8D15B46002B6DDD013B1A00BD
:1010100000930F239A435B46103B9B1A9846039B11
:101020005D465B4499461023029F9A460CE03100CE
:1010300004A8FFF7D1FB103D3800102204A904F0EA
:101040000BFC1037A8452FD02C00102D00DD1024EC
:101050004B462200591B04A804F0FEFB0F2DE6DCD2
:10106000534604A922008C461B1BDBB2624413705A
:1010700001329642FBD1DAE704ABD8781A785B7874
:1010800004ADFB5CBA5C0093AD78385C7D5DAC462A
:10109000634604AD6B705346EA701A5D009BA870FE
:1010A00053402B70013498E7009B1C090134240144
:1010B0005B461B0710D1102204AB1A7001339E420D
:1010C000FBD1310004A8FFF787FB029B10221819FF
:1010D00004A904F0C1FB1034200035B03CBC90469C
:1010E0009946A246AB46F0BD0024E1E7FCAF0010F4
:1010F00008B00010F0B55746DE464E464546E0B50E
:10110000CFB00EAF079038001EAC0B784A781B06A4
:1011100012041343CA7813438A780431120213432A
:1011200008C08442F1D1C02398463A00AF3B9C46A8
:101130000A3BB8449B460B33474613269A469046D3
:10114000936B64461800E0411C00F4416040146851
:101150009B0AA1465840536A51684B445C46C018EC
:101160000B005546E3410C00EC41C90863404B407D
:10117000C318136404329742E2D14746079B019794
:10118000DA68596905929A691C680692434A5E6852
:1011900093467A1CFF320492069A9D689446059AFB
:1011A00018690392DB693E4A9A469146089409966B
:1011B0000A950B900C910D9302910CE05F4608CFBD
:1011C000E2469946029B039502903500BB462600F5
:1011D0009C4610000C000B2102000627CA410100AA
:1011E000F941514002001337FA415140029A162347
:1011F000024090466246474682437A40019F8918E2
:1012000004CF019789180D272200FA41514449441F
:10121000914622000B3FFA414F467A402700DF41BA
:101220007A4037006F402740B9462F003740BA4612
:101230004F4653465F40B946039B9144019FCA18ED
:10124000049B4944BB42B9D1029B9846089B9946EE
:10125000079B49441960099989460A994C44894673
:1012600005994E4489460B994D4489464A441A6172
:101270000C9A5C6091461A0048449E60DD6058619B
:10128000069B434493610D9B6344D3614FB03CBCC8
:1012900090469946A246AB46F0BDC04600AF00104E
:1012A000982F8A42F0B546464F46D646C0B598B00C
:1012B0006E4690463200414B81460C0023CB23C240
:1012C00023CB23C203CB03C23F2C00DC74E04023BA
:1012D0005B429A46A24457467F339F434B464D4656
:1012E0004033DF19290030004035FFF703FFAF42DC
:1012F000F8D153469809013080018144251A08AF7E
:101300002A004946380004F0A7FA8023681C7B5560
:1013100038284ADD40220021121A381804F096FAC3
:1013200039003000FFF7E6FE38220021380004F0D3
:101330008DFA5F222020E517630FED001D438146E3
:101340000023E1006A4407E02C00C4402000083379
:101350001070013A402B0FD0202040421818F3D5CE
:1013600048462C00C01A84400800D8400833204367
:101370001070013A402BEFD1390030004446FFF79E
:10138000B9FE4246203408CE190E1170190C517066
:10139000190A9170D37004329442F4D1202018B00D
:1013A0001CBC90469946A246F0BD38220021121A74
:1013B000381804F04BFABCE72500A0E7DCAE0010BB
:1013C00030B50D681C00AC460368634403602568B3
:1013D0006B401025EB4123601568AC4663441360F5
:1013E0000D686B401425EB410B600568AC46634407
:1013F0000360206843401820C3412360106884467E
:10140000634413600A6853401922D3410B6030BD16
:10141000F0B591B00E000A006D466B46070010A8AB
:1014200002CA02C38342FBD10A2468460CAB08AA55
:1014300004A9FFF7C5FF0DAB09AA05A901A8FFF78D
:10144000BFFF0EAB0AAA06A902A8FFF7B9FF0FABB0
:101450000BAA07A903A8FFF7B3FF68460FAB0AAAB8
:1014600005A9FFF7ADFF0CAB0BAA06A901A8FFF772
:10147000A7FF0DAB08AA07A902A8FFF7A1FF013C2F
:101480000EAB09AA04A903A8FFF79AFF002CCCD140
:10149000325908CD944663443B510434402CF7D173
:1014A00011B0F0BDF0B557464E464546DE46E0B5B4
:1014B00088466049A3B002915F49814603915F4924
:1014C000587804915E4900020591197892460843C4
:1014D00099782C9A09040843D97809060143587968
:1014E0000691197900020843997909040843D979CA
:1014F00009060143587A0791197A00020843997A3C
:1015000009040843D97A09060143587B0891197BDD
:1015100000020843997B09040843D97B090601436B
:10152000587C0991197C00020843997C09040843FE
:10153000D97C090601430A91197D587D00020843B0
:10154000997D09040843D97D09060143587E0B9112
:10155000197E00020843997E09040843D97E0906D2
:1015600001430C91597F187F09020843997FDB7F63
:10157000090401431B060B430D93012351780E937D
:1015800013780902194393781B041943D3781B0677
:101590000B4351790F9313790902194393791B0473
:1015A0001943D3791B060B43517A1093137A09021E
:1015B0001943937A1B041943D37A1B060B431193E7
:1015C0004346002B32DD00230326009312AD280092
:1015D00002A9FFF71DFF4346009A9A1A402A00DD30
:1015E00040220099002308004944504437009C10D1
:1015F000A4001F402C59FF00FC40CF5C7C40C45429
:1016000001339A42F2D1009B9C46944462460E9B61
:101610000092019301330E93E045D8DC009823B08B
:101620003CBC90469946A246AB46F0BD00230093D1
:10163000F4E7C046657870616E642033322D6279BC
:101640007465206B70B500291BDD0123040046186A
:1016500001200D4D5B4221784B40082104E05B08DE
:1016600001396B40002905D01842F8D101395B08D7
:101670000029F9D10134B442EDD1DB4300201360DD
:1016800070BD0023FAE7C0462083B8EDF0B5574699
:101690004E46DE464546E0B599B0824689461792E9
:1016A000002800D1A5E1002A00D1A2E10B00802290
:1016B000013B1201934200D39BE10A001A401692AB
:1016C000194200D095E10B000026012903D0013614
:1016D0005B10012BFBD100220023771E934652465C
:1016E000B846012537001E000092002F00D17CE192
:1016F0000023002441462A009A40164203D02800C5
:10170000CA1A9040044301339F42F4D1BB4B884630
:101710009A46BB4BA4009C46A2446444009B985D3F
:1017200003F015FF534618605B4601362360B14550
:10173000DBD11296002F00D10FE17B1C1593002303
:10174000B04CB14E08930994B04B0C930123149301
:101750008020012314990006844632008B406244A5
:101760000B921A009446042210938A40DB0F6344C4
:101770005B100D939B009A46002313929F4A11938E
:101780000F929F4A0E92109B012B00DCB6E00E9B3D
:10179000002499460F9B984600239B460023009304
:1017A000019400239A4C029303944346524698585E
:1017B00003F0FAFE4B465246040098580D0003F021
:1017C000F3FE029A039B06000F00200029000694F6
:1017D000079502F096FD009A019B04000D00300071
:1017E000390002F08EFD02000B002000290002F0FB
:1017F00058FD029A039B049005913000390002F0D5
:1018000080FD009A019B04000D000698079902F0E4
:1018100078FD02000B002000290002F04BFD43463A
:1018200006900791186803F0BFFE4B460400186845
:101830000D0003F0B9FE220006000F000498059980
:101840002B0002F037FD02F01FFE43463200186005
:101850003B000698079902F02DFD02F015FE4B465D
:1018600029001860049A059B200002F01AFD02F07E
:101870000BFE434651465850069A079B30003900EC
:1018800002F00FFD02F000FE4B4652469850029EB9
:10189000039F089A099B3000390002F032FD009A3C
:1018A000019B04000D000C980B9902F02AFD020028
:1018B0000B002000290002F0F4FC089A099B02901A
:1018C00003910098019902F01CFD04000D00320004
:1018D0003B000C980B9902F014FD2B00220002F043
:1018E000E9FC01239C460333E3449C460D9B009096
:1018F0000191E044E1449B4500DA56E7109A0F99C4
:101900009446119B139A0800634494460E99129AC8
:101910006044614411930F900E91934200DA32E7D4
:10192000149B1599013314938B4216D001209840D3
:1019300002F056FD02000B003648374902F0C3FCA6
:1019400004000D0002F0D8FD0C900E0020002900CC
:1019500002F0BCFD08900991FAE6284B9846284B06
:101960009946179B9A46129B9B0043449B464346CD
:1019700001CB984603F018FE4B46040001CB0D0046
:10198000994603F011FE220006000F002B002000F4
:10199000290002F0B6FC320004000D003B003000CC
:1019A000390002F0AEFC02000B002000290002F01A
:1019B00081FC02F075FD040012980D0002F010FD8C
:1019C0000B0002002900200002F07DFC02F05CFD0B
:1019D000534601C39A46D845C9D1169819B03CBCA4
:1019E00090469946A246AB46F0BD044B044C9A463D
:1019F00094E601235B421693EFE7C046F0680020AF
:101A0000F04800200000F0BF26A6A13C075C14337C
:101A10000000F03F182D4454FB211940F8B55746FB
:101A2000DE464E4645468A46E0B59346071E994631
:101A30003ED0002A3CD04B46002B39D000292BDD6C
:101A40000A9B4E465C42002398460A9B4B441D006D
:101A50000A9A43460020002A26DD002B04DB5A4266
:101A6000B15CFA5C4A438018013BA342F5D14B4676
:101A700000211A7801338918AB42FAD1002912D01B
:101A800002F0C8F95B464246985401239C46E04464
:101A900001340136C245DBD100203CBC904699465A
:101AA000A246AB46F8BDC0B25B4642469854ECE74E
:101AB00001204042F1E7C046F0B54546DE465746B4
:101AC0004E46E0B58BB01D000390079102920028AE
:101AD00000D1E0E0002A00D1DDE0002D00D1DAE005
:101AE000159B002B00D1D6E0149B002B00DCCDE031
:101AF0005E19002200232F00A84614001D0038782C
:101B000002F06EFC02000B002000290002F0D2FB64
:101B1000013704000D00B742F1D1089409954546FC
:101B2000079B002B00DC91E0169B01955B429A46D7
:101B3000159B9B46149B5B42994600230693149B7E
:101B4000002B00DC91E00022002316001F004D4610
:101B5000069C002C0FDB019A6342D35C039A105D54
:101B6000584302F03DFC02000B003000390002F047
:101B7000A1FB06000F00013CAC42EAD1169BA9462E
:101B800004960597012B00DC77E0069B0026013BBD
:101B9000984600274346002B19DB5A465B42D05C2F
:101BA00002F01AFC4246029B0400985C0D0002F011
:101BB00017FC02000B002000290002F0A2FB02002B
:101BC0000B003000390002F075FB06000F00012306
:101BD0005B429C46E044D045DCD1089C099D002234
:101BE00000232000290002F0E5FB049A059B002851
:101BF00034D03000390002F05DFB22002B0002F0EF
:101C000062FB04000D00254B00222000290002F099
:101C1000D1FBFF23002808D1002300222000290047
:101C200002F0B2FB002300282AD0069A02998B54B6
:101C3000531C01229446019A069301320192079A9D
:101C4000E244E344E1449A4200D078E700200BB03C
:101C50003CBC90469946A246AB46F0BD30003900E8
:101C600002F028FB04000D00CDE7002300240493BC
:101C70000594169B012B00DD87E700260027ACE7C3
:101C80002000290002F0E8FBC3B2CEE700230024C5
:101C90000893099444E701204042D8E700E06F40F0
:101CA000F0B54E464546DE465746E0B587B00500DE
:101CB0000E00019002910392002869D0002A67D09B
:101CC000002965DD080003F047FC011C041C03F03B
:101CD000E7FB03F069FC02000B002F482F4902F0DC
:101CE000F2FA02F0D1FB8146FE20211C800503F0B0
:101CF000DAFB03F063FC05908020211CC00503F093
:101D0000D2FB03F05BFCB446B2009346654400226C
:101D1000AA4604900092009F00247B0098465E46ED
:101D2000019D3800310002F075F8080003F00FFC47
:101D3000494603F0CCFB03F051FC8346287803F0BE
:101D400006FC594603F0C3FB011C201C03F0A8FB52
:101D50000135041C4744AA45E3D1009BB346002B40
:101D600014D00498211C03F0B2FB009E039BB50025
:101D7000029A5851731C00939A42CCD1002007B0AC
:101D80003CBC90469946A246AB46F0BD0598E9E7B3
:101D900001204042F3E7C046182D4454FB2109407E
:101DA000F0B55746DE464E464546924BE0B51B68B9
:101DB000914C9A468423A5445B009A4506D38F4BE9
:101DC0001B689B468E4B5B689B4509D00020B12366
:101DD0009B009D443CBC90469946A246AB46F0BD54
:101DE000874B9A68D31DDB080933FF3301929A456C
:101DF000ECD15B465B019342E8D30DAC8422002119
:101E0000200003F023FD842200212EA803F01EFDF4
:101E1000842200214FA803F019FD7948784A0D303B
:101E200000210C32FF3009E0002B04D09B00E55864
:101E300001310135E5500132824203D01378202B65
:101E4000F2D9C3E75B46002B62D00029BED0002345
:101E5000002299469C46002300258020029203938D
:101E600053460127674940000B930A956346049344
:101E700000230593049D059E029A039B521973410A
:101E80004D4692185B41089209930292039363199D
:101E90005D68002306950793AC46029A039B069D56
:101EA000079EAD185E412A003D003300203DA84644
:101EB00026D446460125B540A8460125BD404345E8
:101EC00000D983E72AD0089A2EAB4B445A600A9D6A
:101ED0004FAB4B445D600023CA5CBA4205D1C826B3
:101EE0000CAA760092195355013501338342F3D180
:101EF00001370A95212F14D004239846C144B5E731
:101F00002025ED1BA84601254646F540A846D4E706
:101F1000019B194348424841C0B258E7AA42D2D96E
:101F200054E70B9B9A46019B002B00D14EE786237A
:101F30000020334A5B00D35C029001300121002273
:101F40008146DB1111E02E4DD008AC4607256044D8
:101F50000D30FF300078954328414D465B00284006
:101F600001310343212900D130E788002558002D95
:101F700023D088270CAEF6193658B4469E421CD89A
:101F80009E1BB54219D902990D008B4500D81DE75B
:101F90000CAE8437F6193058C8261B1860467600F8
:101FA0001B1A0CA88019C05C174B01315B5D98426D
:101FB00000D00BE7029100230021019801328242F8
:101FC000C1D107200400144010420AD00823012286
:101FD0001B1B52429A400A4B5344DB78934300D078
:101FE000F4E6029B00209B4500D0F0E648424841C1
:101FF000EDE6C0462CB500203CFDFFFFFCB4002000
:102000007413002080130020FCAC0020F0B557466C
:102010004546DE464E462F4BE0B51F682E4B8046A8
:102020001B68002083B0BB4242D1002F38D08023F0
:10203000DB0000249946294D294E16E0B378002C88
:1020400043D06878C31870784000C318012C3CD086
:1020500030782A788018C018FF23484537D30134D8
:10206000AB7001360135A7421AD04346002BE5D1AB
:1020700000200190B01C8446E043012282461949A9
:102080006046C05C42430198834693445A4601929D
:102090001A1D14D0013B0431534510D00A68EFE7F4
:1020A0003A001149114807F0B7F943425841C0B20C
:1020B00003B03CBC90469946A246AB46F0BD092110
:1020C000019801F0A7FEC3B2C9E79B08C7E78008E3
:1020D000C3B2C4E7FCB400202CB50020BA2C002009
:1020E000FAAC00206CE4001078130020BC2C002017
:1020F000F0B50023C64617003E4A00B513703E4AAD
:102100003E4E13603E4A33601360431E0400904607
:102110000B2B23D880231B019F421FD8002917D0E7
:1021200009285DD00C281DD0002F1DD1354B364A13
:10213000364913605350364A3649136053500022D3
:10214000354B1A700023354A01201370346006E0C5
:10215000002F03D1092801D00C28E7D1002004BCAE
:102160009046F0BD002FF9D02D4D3A00280003F025
:1021700073FB4346244A25491F60224B535013608A
:102180002449234A5350136080231B019F42D6D118
:102190002900244AEF1802E00131B94226D0530346
:1021A00053405A0C53405A015A400878D3B29842CF
:1021B000F2D000228020184B80211A701A4A002386
:1021C00094467F27000106E00133834210D03A0095
:1021D00061461A40895CEA5C8A42F5D00023B2E786
:1021E000002FBBD07B1E1F42BED0B7E70122E1E724
:1021F0000123A8E773B500202CB500207012002041
:10220000FCB40020216DA783F48800200420000086
:10221000741300200C1900006FB5002070B5002069
:10222000FCAC00204D3C2B1ACCE10010F0B5CE46A2
:102230004746002380B56D4A6D4D1268040089B091
:102240002B70824206D1002804D06A4E6A49326857
:102250008A4205D0002009B00CBC90469946F0BDDA
:10226000664971589142F5D1654A904612688A4292
:10227000F0D14046634941589142EBD1624F3B60F7
:102280000C2CE7D8614AA300D3589F46604B614AA3
:10229000196861489946FFF703FD0028DAD14B46DB
:1022A000186880000028D5DB534A33689342D1D1A7
:1022B000524AB2589A42CDD143461B689342C9D183
:1022C0004146504A8A589A42C4D13860092C04D0F9
:1022D0000C2C02D0514B9842BCDC012301202B7006
:1022E000B9E769464E4B4C481A888A829B784D4A1A
:1022F0008B75118806AB198092789A70444A0193C5
:10230000914603224946029200920968464A05AB6B
:10231000FFF7D2FB00289DD14B461868C2E7434A1D
:1023200006AB11683C48069112791A71384A9146F9
:1023300005224946009209683B4AFFF76FFB0028D7
:10234000EAD087E7324B334A196833489946FFF79A
:102350009DF90028A3D07DE7002306932C4B2E483F
:10236000196806AAFFF76EF9002800D072E7069BED
:102370000420736098E7264B2B4A19682C4B26489B
:1023800000932C4BFFF78EF88CE7214B264A1968F7
:102390002148FEF787FF85E71D4B234A19681E4831
:1023A000254BFEF7E5FD7DE7194B1F4A19681A48D2
:1023B000FEF7F4FB76E73200154B17481968083230
:1023C0007160FEF781FB002800DA43E704306BE719
:1023D0000F4B154A19681048FEF764FB62E70C4B77
:1023E000114A19680C48FEF703FB5BE770120020E6
:1023F00073B5002074130020216DA7830C19000011
:10240000F4880020042000002CB5002018B1001032
:10241000FCB40020F8880020FCAC00200819000063
:1024200008B100100CB100107813002010B100109A
:10243000B0B1001090B1001080B10010F0B5DE46D0
:1024400057464E464546E0B5CA4B04001B6883B06C
:10245000834208D1C84B1D78002D04D0C74EC84A0E
:102460003368934208D00025280003B03CBC904656
:102470009946A246AB46F0BDC24AB2589A42F2D142
:10248000C1490B689342EED1C04A8A589A42EAD1B8
:102490000C28E8D8BE4A8300D3589F460120FFF796
:1024A000B5FD0500E0E70020FFF7B0FD0500DBE724
:1024B000B84B1D78002DD6D0B74B1968B74B8A00A2
:1024C0001B689A42CFD10029CED0B54A0027924648
:1024D0008B46A146019533E00F233B4200D042E1F9
:1024E000B04A3B099B009B58AF49580040089846AA
:1024F00002F0EDFFAD4902F0D3FF061C53461C6805
:1025000065006D08AA49281C03F015F80028AAD117
:10251000A749281C03F00AF80028A4D14146201C32
:1025200002F0BBFF40004008311C02F0FFFF002812
:1025300099D104239C460137E244BB4500D116E102
:102540004B460C2BC8D19B4ABB00D35896499846A2
:1025500053461C6843465800400802F0B8FF9649AD
:1025600002F09EFF061CCBE7944B1D78002D00D196
:102570007AE78A4B00251B68042B00D074E7904B48
:1025800075689C4665446B425D41EDB26CE78B4BD0
:102590001D78002D00D167E7804B00251B68202B9C
:1025A00000D061E720228749874806F035FF454281
:1025B0006841C5B258E7814B1D78002D00D153E723
:1025C0008123764A002512681B019A4200D04BE70E
:1025D0007E497D4806F020FF45426841C5B243E789
:1025E000FFF7DEFB05003FE76C4B1B680193032BF5
:1025F00000D838E7684B1B6898467368434500D09D
:1026000031E704239C46E1464A46714B00279A462F
:10261000704B4D469B46019B9B1A5B085B004B44ED
:102620009C46B84500D8DFE0654500D11BE753461E
:10263000AC1C195D002975D1019BA946A34200D8A5
:1026400011E703239C4634192379624AE144D355A8
:102650004A46019B4D469B1A5B085B004B449C46D7
:102660000137DEE74C4B18684C4B1B68834200D0A7
:10267000F9E6002800D1F7E600210023524E564C1F
:1026800003E00131884200D1EEE6725C9B18625C87
:10269000DBB29A42F5D0E6E6404B1B689C4601232C
:1026A000614662461940134200D0DCE6002A00D1A0
:1026B000A9E0394B444F99461B68484D984604237E
:1026C0005B429E1B3878002800D1CCE643465B1A5B
:1026D000984200D9C7E60B007C780133EA5CA2423D
:1026E00000D0C0E6CA1A1218002AF6D10237F21931
:1026F000944500D88AE01900E4E7304B1D78002D9E
:1027000000D1B1E68023254A002512681B019A42B8
:1027100000D0A9E632492C4806F07EFE45426841C9
:10272000C5B2A1E62F4B185D002800D19BE6B84248
:1027300000D998E64346DB1B994200D993E6B94697
:10274000D9444A460023A1461400381A5844C25CB2
:10275000E25401339942FAD87F184C46B84500D963
:102760006AE74D465DE70023104E9846C6E6019D98
:102770007AE6C0467012002073B500207413002062
:10278000216DA7830C190000F488002004200000AC
:102790004CB1001070B50020FCB400202CB5002016
:1027A000F88800204CE20010ACC5A73717B7D13825
:1027B000FFFF7F7FCCC100100AD7233C6FB50020FC
:1027C000CD65C1624CE4001078130020BCB100104C
:1027D00077130020BC2C0020FCAC0020FBAC0020B8
:1027E000CCB9001076130020AC46019B0025634550
:1027F00000D039E642460949094806F00DFE454237
:102800006841C5B230E6074A002391464A4615683A
:10281000ED1A6B425D41EDB226E6C046FCAC0020ED
:10282000BC2C0020FCB400201E4B70B51A6800239D
:10283000824208D11C490978002904D01B491C4C4C
:102840000868A04201D0180070BD1A4C0C5984428F
:10285000F9D1194D2868A042F5D1184C2C59844261
:10286000F1D1092A1CD00C2A1AD00D1D144B1B685B
:10287000002BE8D0E81801230124124E5B422A788D
:1028800053400822210019405B08002900D0734002
:10289000013A002AF6D10135A842F0D1DB43D2E754
:1028A0000435E3E77012002073B500207413002094
:1028B000216DA7830C190000F4880020042000007B
:1028C0002CB500202083B8ED10B54024084A8300C1
:1028D0009A181268C0005440C0222240054CA446F9
:1028E00063441A60044B9C466044416010BDC0467E
:1028F00004C0014004D00140004001400A4B800068
:102900009C464B1E99416044C900002A01D0042313
:10291000194303684B400C21194080235B019C46FE
:10292000604401607047C04604C001400123D022CA
:1029300083404021120693629361094A83009A18EA
:102940001268C0005140C0220A4006498C466344C8
:102950001A60054B9C460523604443607047C0469F
:1029600004C0014004D00140004001404022F0B5C5
:10297000CE464746D02594463B3A80B500230124F5
:10298000C02791462D06044214D022009A40664684
:10299000AA62AA610B4A99008A18126872400A4E0C
:1029A0003A40B04641440A600849DA008846494640
:1029B00042441160013340081E2BE4D10CBC904608
:1029C0009946F0BD04C0014004D0014004400140DC
:1029D0008023DB051868000F7047C0460FB400B5B0
:1029E000084883B004F054FA049B002B07D005A9D3
:1029F0001800019104F0ECF8034804F049FA0120B2
:102A000004F0FEF880E4001090E40010F8B5EFF355
:102A1000108772B60E4E3368002BFCD0BFF35F8F69
:102A2000CB08C4180725A446C45C01230D40AB4065
:102A300018002040234208D1624623431370BFF39D
:102A40005F8F306087F31088F8BD1000FFF7C6FF76
:102A50002C0100D0F8B5CE4647468C4680B5EFF342
:102A6000108872B6214D2C68002CFCD0BFF35F8F0C
:102A70009A422CD8D4080721055D0619012411407B
:102A80008C402C421FD007218946063909E0D40822
:102A9000055D06194C460F001440A7403C002F422C
:102AA00011D001329342F2D201204042BFF35F8F36
:102AB00000220E4B1A6088F3108800280FDB0CBC34
:102AC00090469946F8BD2C4310003470EEE7BFF3F2
:102AD0005F8F00232B6088F31088012040426346FB
:102AE000002BECD00898FFF779FFC0462C0100D0EE
:102AF000044A1078431CDBB2172B00D91023137043
:102B00007047C046400B002000B5054B83B0010064
:102B1000009318221F230348FFF79CFF03B000BD5A
:102B200094E400108C2C00200021044B044ABFF3D5
:102B30005F8F02C39342FAD17047C046000100D0B4
:102B4000800100D0054B064A1360064A13605360AB
:102B50009360D3601361536193617047808080807C
:102B600000E400E004E400E01F2318401E3B834023
:102B7000002905D0C021044A490053501360704712
:102B8000802201498B50FAE700E100E001228240F7
:102B9000034B1B681340581E8341D8B27047C04690
:102BA00000E100E001238340014A13607047C04602
:102BB00000E200E0064B10309B688000C358054AD5
:102BC00000209B1A2F229A424041C0B27047C04653
:102BD00000ED00E0440B002070B50D00EFF310860F
:102BE00072B60F4A1368002BFCD0BFF35F8F0D4BFA
:102BF00010309B6884001B590B4A934203D09D42BE
:102C000001D000F0EBFF074B9B681D51BFF35F8FB6
:102C1000BFF35F8F0022024B1A6086F3108870BDED
:102C2000240100D000ED00E0C1010010F0B55746CE
:102C30004E464546DE46E0B5894683B0050017009E
:102C4000EFF3108A72B65E4A1368002BFCD0BFF314
:102C50005F8F00205B4B18569B46002800DA6CE023
:102C60005A464400584E2418A400331998469B79BC
:102C700010351370554BAA009B6801929B589C46D7
:102C80009B1B2F2B28D8012261469143CB79BB4255
:102C900008D86AE053009B189B00F318DD79BD4209
:102CA00051D9190006228A56002AF3DA0B1D9B46D9
:102CB000474E43465C46043B1B1B1B05454C5B0DC6
:102CC00023438B80887141468A714A46424B8E80ED
:102CD0000B60CF718A601BE0404B9C4542D142465D
:102CE0003F4B023413803F4B3619043B9E1B360585
:102CF000384B760D1E433C4B56809380FF23D77193
:102D0000937143464A469A60012342461A439446C9
:102D100061462E4B019A9B689950BFF35F8FBFF3BA
:102D20005F8F0022264B1A608AF3108803B03CBCE8
:102D300090469946A246AB46F0BD00F04FFF5B4679
:102D4000002018568CE70B1D9B468B8804345B05CE
:102D50001B155B4436199E1BE0233605760D1B02BE
:102D60001E43A6E700F03AFFB9E745460B001F48AF
:102D70009B1B5B415843000D194B2B80A31C9C46A9
:102D8000B4446546174B0434043B5B1B1B05114DD3
:102D90005B0DAC462B43454636196B800B1F9E1BC3
:102DA0006346A87148463605760D1E430A4BAE8031
:102DB000EF71A8600B60434613439C46A8E7C046EA
:102DC000240100D071B50020440B002000ED00E08C
:102DD00001BD000000E0FFFF01488047C101001075
:102DE00000A1FFFF740B002001BDFFFFAAAA000095
:102DF0000123F0B50343EFF30584EFF3108672B6B9
:102E00001C490A68002AFCD0BFF35F8F1A4F0100EB
:102E10001A4D1B4A491B49414A43120D51B2BA6827
:102E20009446A2006446A4589C4215D02A00002370
:102E3000062414578C4213D001330C32042BF7D1E3
:102E4000104B1A7819708271BFF35F8F0022094B03
:102E50001A6086F31088F0BDBB680B4C9C50EFE7FE
:102E60005A00D3189B00ED18FF23AB71074BAB80C2
:102E7000E6E7C046240100D000ED00E0440B00204E
:102E8000AAAA000071B50020C101001001BDFFFF1A
:102E900000B5074B83B001000093002205230548CD
:102EA000FFF7D8FD002801DB1F23181A03B000BD6F
:102EB000B0E4001076B50020024B9C4661448900C6
:102EC000016070474000003410B50400FFF710FEA9
:102ED00001002000FFF7F0FFFF232371BFF35F8F96
:102EE00010BDC04610B50400FFF702FE010020002F
:102EF000FFF7E2FFFF23A380BFF35F8F10BDC04643
:102F000070B5094C094DAC4208D223682000002B53
:102F100005D00834FFF7E6FFAC42F6D370BDFFF7EB
:102F2000D3FF0834EFE7C046080C0020100C002047
:102F300010B504000120FFF7E7FD034BC3189B0009
:102F40002360BFF35F8F10BD40000034034B9C46ED
:102F5000614489000160BFF35F8F70474000003417
:102F60000A4B1968EFF3108072B60A68002AFCD089
:102F7000BFF35F8F1B68BFF35F8F00221A6080F37F
:102F8000108840BF002000217047C0464CB500208B
:102F9000F0B5DE4657464E464546E0B585B0EFF300
:102FA0000582032313409A0011000392B64A525837
:102FB000904601229A409146B44B1A604B46B44861
:102FC0004363434608229B5E9A46002B3EDA434603
:102FD0009B881BB2002B00DBA2E043469B79002BB1
:102FE00000D0F4E0434608241C5F002C24DB42465A
:102FF0005269630094461B19DB0063449C68DD68DA
:10300000631C00D110E1A248039B84466344826A9A
:1030100019001B69A61A9B1A9E4215D34A46036AD9
:103020001A4211D09A4800F051FB241A8D41002D0C
:1030300002DCC3D1002CC1D040BF05B03CBC9046DF
:103040009946A246AB46F0BD0C61EBE74246526999
:103050005B0093465344DB009B445B469E68DF68FD
:1030600000F034FB801BB9410029B0DB002F00DAEF
:10307000E5E05B46874A1B69934200D1D8E04146B0
:103080005A460820085E5288000410435A46516987
:10309000984704000D0023002B4300D1CFE0002D02
:1030A00000DBE8E0361BAF4134003D005B469C602E
:1030B000DD600021595E002900DA88E743465B693C
:1030C00022009C462B0048004018C00060448668DF
:1030D000C768921BBB41002B00DA78E7434666467F
:1030E00002000094019519810CE07B00DB19DB00E4
:1030F000F318009801999C68DD68001BA94100291C
:1031000004DB1A000023D75E002FEEDA5B461F8037
:103110005346138043469B881BB2002B00DA5CE7C2
:1031200043461A69EFF3108172B61368002BFCD086
:10313000BFF35F8F43469B8842461BB29A460123EA
:103140005B4293801369BFF35F8F00221A6081F3A3
:1031500010885346002B00DA3FE743465B699C46E4
:10316000082343449B4653465F0043465744FF00B1
:1031700008229A5E67445E46BC68FD68002A19DB37
:103180003B000094019567469C4604E01E00002326
:10319000F25E002A0BDB0098019953009B18DB00BC
:1031A000FB189C68DD68001BA9410029EEDA634624
:1031B000BC461F005346338000217B5E3A809A460E
:1031C000002BD0DA43469B79002B00D10AE700237D
:1031D00042469371434646460821595E08364B1CC9
:1031E00000D129E747468C46556902E006004B1C92
:1031F00017D04B005B18DB00E8180A00E95E438833
:103200001BB2002BF2DA01235B42DC178360C4603F
:103210009445ECD031803B89944603803A814B1C25
:10322000E7D1B8466446E0E66B1C00D0EBE6F9E671
:103230005B465C69200023699847002821D15B46E2
:1032400042461B8813811269EFF3108372B611682E
:103250000029FCD0BFF35F8F4246594652880A804E
:103260004246514651801269BFF35F8F00211160C1
:1032700083F31088ABE6064800F028FA24184D4185
:1032800014E76568246806E730B500203C70054007
:1032900000400540912F0010F0B5C646904600B59D
:1032A000C16006001D000F00FFF722FC1B4BD0225F
:1032B0009C464346120633701268ABB2727001220C
:1032C00060445242800073819B1830613281B28029
:1032D0007380002D0BD06B005D197469ED00104BED
:1032E0002D192380013318349BB2AC42F9D14346E7
:1032F0009A000C4B0124D65043469C4040463C6209
:103300000949FFF769FC40460121FFF72DFC074BF7
:103310009C4667443C6004BC9046F0BD40000034CD
:10332000FFFF000030B50020912F00103820000072
:1033300010B50A4C2369002B04D00A210848FFF776
:10334000BBFD10BD0321074800F0B6F9102303228E
:1033500020000449FFF7A0FFEFE7C0468C0B0020D8
:103360004CB5002000400540004870478C0B002001
:10337000F0B501000469EFF3108772B620680028E9
:10338000FCD0BFF35F8F02200D5E48696C0084465D
:103390006419E4006444002D01DB2088488008693A
:1033A000BFF35F8F0026066087F31088002D2EDBA9
:1033B000E36063880598013320615B0406985B0C29
:1033C000A26060611A1C002B1FD090B22B04628097
:1033D00018430A69EFF3108672B61368002BFCD00D
:1033E000BFF35F8F8B8823808D800B69BFF35F8F66
:1033F00000221A6086F310880B7801329A40CB685D
:1034000004498C4663441A60F0BD0122DDE70120C7
:103410004042F9E73C20000070B582B01D0008ABC7
:103420001B7806001400002B07D100F057F922008A
:103430002B00121A8B41002B0ADB079B2200019301
:10344000069B300000932B00FFF792FF02B070BD87
:103450000020FBE730B543890A14934233DD530063
:103460009B184269DB00944604696344EFF31085BE
:1034700072B62268002AFCD0BFF35F8F5A88090415
:1034800094B2090C8A4208D00369BFF35F8F00220F
:103490001A6085F31088002030BD80221202144388
:1034A0005C80012302698371BFF35F8F002111608B
:1034B00085F31088054902788C469340C268012044
:1034C00062441360E8E70020E6E7C0463C200000C5
:1034D00040787047F0B504000D0006267642F717D5
:1034E000C64636196F4100B584B08F4214D811D04A
:1034F00000F0F4F832003B00121A8B41002B15DC6F
:10350000002B3ED02000290000F0F2F804B004BCEB
:103510009046F0BD8642EBD90026002700F0DEF889
:1035200032003B00121A8B41002BE9DD002302938D
:103530000193154B3200009314483B00FFF76CFFDA
:103540000028DFDB00239846BC46114A114F7B6AF6
:103550009C4504D8B96A8E42D4D99C45D2D1116811
:10356000EFF3108072B60B68002BFCD0BFF35F8FB7
:103570001368BFF35F8F4146196080F3108820BF46
:10358000E5E7002ABED0D1E7612F00108C0B0020A8
:103590004CB500200040054070B504000D0000F05F
:1035A0009DF800196941002902DBFFF793FF70BD08
:1035B000012001494042F8E7FFFFFF7FFA2210B5E2
:1035C00000239200002101F04BFFFFF7E5FF10BD43
:1035D000F0B5CE46474680B504000D0085B0EFF348
:1035E0000587002F0DD0314A0020536A8B4203D348
:1035F000926A0130A24249D305B00CBC904699466C
:10360000F0BD2B4B9846DB689946434648461E78EA
:1036100000F05CF80B00494602000436B600715811
:1036200020008E1A2900801A99418F4211DC0ED099
:1036300020BF1E4A0020536AAB42DDD3926A01309C
:10364000A242D9D2EB1A581E8341D8B2D4E786429F
:10365000EED9002302930193164B220000934046BB
:103660002B00FFF7D9FE011E15DD104B2E005A6A04
:10367000954218D89B6AA34213D34046FFF7EAFE4F
:103680000A4A0020536A9E42B6D8D7E75B1A581EF2
:103690008341D8B2B0E7054A0020536AAB42ABD3AE
:1036A000CCE79542E9D120BFE7E7C046004005409E
:1036B0008C0B0020612F001010B5024A0248FFF762
:1036C000A5F910BDCCE40010902C00200300416A45
:1036D0000A00986A596A8A42FAD17047034B596ABC
:1036E0000A00986A596A9142FAD170470040054031
:1036F000064A536A9942FCD807D1044B02E05A6A41
:10370000914202D19A6A8242F9D370470040054043
:10371000F0B54F469946344BDE4646469C4644003B
:103720002418A400C0B5644416006368089A8B4648
:10373000934200D26260031FDBB29846012B2ED960
:10374000C0238022294F85009B0179591201E3187B
:103750001A6000291AD1226876017240E02680237F
:10376000164042465B01E3181E60012A2ED98023D1
:1037700080229B01E31812011A60089B63604B468C
:103780007B511CBC90469946A346F0BD786900F079
:1037900041FB431C5800C0180338FDD2DBE75B46F1
:1037A000012BCDD1C02303229B01E3181A60023AFA
:1037B000A3681A42FCD0E0232268760156401E40DE
:1037C00080235B01E318094F1E6085005A4621687B
:1037D000514003220A401A6001235A469340A268CE
:1037E0001342FCD0C3E7C04600800040942C002068
:1037F000064A4300944680221B189B006344120132
:103800001A600022024B8000C250704700B0004096
:10381000942C0020F0B583B005000E001800089924
:10382000170000F0F7FA089A0300140231003A007A
:1038300028000094FFF76CFF03B0F0BD10B58024A2
:1038400082B064000094FFF763FF02B010BDC04671
:10385000014B8000C0587047942C0020802270B526
:1038600006000E4C5200A3691D0015401342FAD108
:10387000FA210B4B8900186900F0CCFA0A231021B9
:103880002060064A23610B3B6560A3606661936913
:103890001942FCD0D069400970BDC046808000400C
:1038A000942C0020F0B5C646802506000F001400B9
:1038B00000B56D0082B0174B012201210520009553
:1038C0009846FFF725FF3B00320000940121124883
:1038D00000F080F821003000794300F09BFA0400EA
:1038E0000022022104200D4B0095FFF711FF230059
:1038F0000022012105200095FFF70AFF434602221E
:10390000002106200095FFF703FF02B004BC90469B
:10391000F0BDC046006CDC0200800240001BB70016
:10392000F0B5DE469B46264B57469A46A0234E46A8
:1039300045465B0099468046E0B583B00091019210
:1039400001235B429C46E1444B460F2B35D01D4F73
:103950001D4B072657449A452BD834004346350063
:10396000B04674431E0004E04346013DE41A002DB6
:1039700019D02100380000F04DFAB042F4D10029EE
:10398000F2D14A464646114B01205343009A136038
:10399000019B1E605B461D6003B03CBC904699468F
:1039A000A246AB46F0BD33004646013E9846002E87
:1039B000D3D1074B9C46E244C2E70020ECE7C04667
:1039C00070F72E00B0710B0050F80C00001BB70010
:1039D00020D1FFFFF8B50400204817001D000E009D
:1039E00000F018FA0100380000F014FA069A2B04CF
:1039F000120313432268002A1FDB194AA2185142FE
:103A00004A41802149018C4652420A40154962448C
:103A10000A6015490A60154917000D68AF43FBD1CC
:103A2000134A2660A1182122A0600A602268002A99
:103A3000FCDAE36008230B60F8BD3F2221680A40EE
:103A4000B242DAD1A2681205120D8242D5D1EE211E
:103A5000E268C9020A409A42CFD1EDE7001BB700E5
:103A60000040FDBF00E0004000F0004008C0004002
:103A700004300000020080234001801A800080187A
:103A800000015B04984200D304488022044BD20515
:103A90001860044B5860044B1A607047FFFFFF002A
:103AA00004B500200080054000A0054010B580242A
:103AB00003001000124AE4051460002B1AD0012202
:103AC000104C1343104AD461104C5C401462516294
:103AD000936280220A4BD2051A600D490D4A11608B
:103AE000E022D2041A60002807D180220A4B120675
:103AF0001A6010BD044AD361EBE7FFF7BBFFF8E79C
:103B000000B00540D3C007B0008005402D3FF84FFE
:103B1000FCFF01000820014000A005408023024A6C
:103B20009B000B43D362704700800540142310B5FF
:103B30000100188804331B88984710BD162310B560
:103B40000100188802331B88984710BDF0B5C6469F
:103B500000B5002916D01423040001259846182723
:103B6000890046184346216818883B88984701C455
:103B7000431E984140420540A642F3D1280004BCB0
:103B80009046F0BD0125F9E7142370B504001888AC
:103B900004331B880D000549984703000020002CC2
:103BA00001DB0130A04029009847C0465542000083
:103BB000AA23064A1B0113608D235B00D3600449CE
:103BC000044B19605368002BFCDA70470040024038
:103BD00000B0FA00006002407047C04610B50148CE
:103BE000FEF7FCFEF0E4001070B5074B074C9C425A
:103BF00009D2013B1D1BAD080135AD002D1908CCC4
:103C00009847AC42FBD170BDCC9500109095001048
:103C1000054B064A06491A60064A074B1A6010000F
:103C20000B689843FBD1704700E00040BFCDFBFE1E
:103C300008C00040FE7F3C0000F00040044BDB6CFD
:103C4000002B03D18022034BD2021A607047C0467A
:103C5000000011504C201150044A054B1A60054ACF
:103C60001368DB018033FBD17047C046FFFFFF01C3
:103C700000F0004008C000404022034B9A675A679A
:103C80001A67DA667047C04600F0014010B5FEF7CB
:103C90004BFF10BD70B50C490C4C0D4D641AA610AD
:103CA0003200302E00D930222800920001F0D4FDDD
:103CB0002F2E06D82A0007492C19C03202C494427C
:103CC000FCD1054B9D6070BD00010010C0010010CB
:103CD00000000020C101001000ED00E0002310B53D
:103CE000294C82B0A367FFF763FF0122274B1A60BC
:103CF000636C012BFCD10322254B1A60224A936B83
:103D0000012BFCD1013300930121224A22480433C4
:103D1000FFF760FE052301210093204A2048FFF7AA
:103D200059FE0022022104201E4BFFF787FD0022CE
:103D3000012105201C4BFFF781FD002200210720F7
:103D40001A4BFFF77BFD002200210820174BFFF7DD
:103D500075FD8023DB000093002200210920134B16
:103D6000FFF758FD0022104B00210620FFF766FDEB
:103D70000420FFF76DFD0E4900F04CF80100002013
:103D8000FFF7CCFE02B010BD008000403CB0004008
:103D900030B00040002F685900800240008C8647F8
:103DA00000C00240001BB70040597307006CDC02E2
:103DB00040420F0001480421014B1847B00B00207E
:103DC0004D3B0010124A936F9B0815D29066D16646
:103DD000002905D0FFE7FFE7FFE7516F106F70473D
:103DE00004B580210906C2175140002800D0C843FD
:103DF00005F086FB002104BDF0B5146E556E576FBB
:103E0000166FFFF7E3FF1466556657671667F0BD38
:103E1000000000D0114A936F9B0813D210665166C0
:103E2000002905D0FFE7FFE7FFE7516F106F7047EC
:103E300004B5002801D00020C04305F061FB00213B
:103E400004BDC046F0B5146E556E576F166FFFF780
:103E5000E5FF1466556657671667F0BD000000D091
:103E600094464A4A926F9208624601D228E0C046C0
:103E7000F0B5464E346E756E776F366F00F020F8F1
:103E80009446424A14665566576716676246F0BD07
:103E900094463E4A926F9208624601D254E0C04670
:103EA000F0B53A4E346E756E776F366F00F04CF8A1
:103EB0009446364A14665566576716676246F0BDE3
:103EC000002B24DB11D000293EDA00B5C943404263
:103ED00000D1013100F038F8C943404200D101312E
:103EE000DB43524200D1013300BD002AEBD1002850
:103EF00001D1002905D00020C90FC90701D1C04355
:103F0000410800B505F0F4FA0022002300BD00B519
:103F100000290ADBDB43524200D1013300F014F8E0
:103F2000C943404200D1013100BDC943404200D1E4
:103F30000131DB43524200D1013300F005F8DB438D
:103F4000524200D1013300BD002923D1002B18D1EA
:103F5000002A0CD0BC460D4F38667A66002100233B
:103F6000FFE7FFE7FFE77A6F386F67467047002883
:103F700001D00748010000B505F0BAFA002200237D
:103F800000BD02000B00002000217047000000D09F
:103F9000FFFFFFFF002B00D0BFE0130C28D1002A49
:103FA000E7D080B4114F39667A66FFE7FFE730B497
:103FB000040C7B6F396F1B0423433B667A66FFE773
:103FC000FFE7FFE7C04684B27B6F3D6F1B042343CE
:103FD0003B667A66FFE7FFE7C04600232C042D0C02
:103FE0007A6F386F00196941B0BC7047000000D08B
:103FF000F0B594460025140E01D112020835140FB5
:1040000001D112010435940F01D192000235D40F71
:1040100001D152000135D40B0134254F7C66254C6B
:104020003C660E0C93B2FFE7FFE7FFE73C6F664389
:10403000360C7703BE467343DF0B5B04C01AB941ED
:10404000130C7343DB18C91ACE086643360CB6440A
:1040500093B273431F0F1B01C01AB941130C734372
:104060001F0B1B05C01AB941860D8F023E436643E4
:10407000360C092D24DB520A7243801A7703460A54
:104080006643360C16235B1BDE40DF40BF196446D7
:104090006643821B7046043506330100D940A840B0
:1040A000C01900D30131A24206D20023F0BD0000A6
:1040B000000000D0FFFFFFFF121B0130F3D3F1E738
:1040C00009277F1BFE406446A2B27243801A00D2C9
:1040D0000139220C7243130C1204821A99410B000D
:1040E0007046043513370100F940A840801900D309
:1040F0000131002B02D1A2420AD2F0BD013000D31F
:104100000131121BFAD2013BF8D1A24200D2F0BD1C
:10411000013000D30131121BF7E7F0B51C0C00D0C1
:1041200080E00CB400251C0A04D11B02160E334398
:10413000120208351C0B04D11B01160F3343120168
:1041400004359C0B04D19B00960F3343920002353B
:10415000DC0B02D192185B4101351C0097186441B9
:104160000134464F7C66464C3C660E0CFFE7FFE789
:10417000FFE7C0463C6F6643360C7703BE4697B2F6
:104180007743C01B00D20139C01B00D201399FB256
:104190007743C91BC91B170C77437E04FF0B801B99
:1041A000B941CE086643360C0C2D33DBB644120BF6
:1041B0001F053A431B0B97B27743C01B00D201394E
:1041C0009FB27743C91B170C77433E043F0C801BFB
:1041D000B941860D8F023E43664329277F1BFE406F
:1041E0000C3D7746AF40BF1930BCA2B2ABB27243B0
:1041F0007343801A9941220C7243130C1204801AE3
:10420000994102000B000137001BA941F9D2781E29
:104210000021F0BD0C277F1BFE4077467F0BAF408F
:10422000FF19E0E700245D1C07D0144F7D66396656
:10423000FFE7FFE7FFE7FFE73C6F95B29EB26543FC
:104240006643401BB141150C1E0C654366433604A2
:104250002F0C3E432D04401BB141994204D2020071
:104260000B0020000021F0BD01D19042F7D3801A4D
:10427000994101349942F2D3F6E70000000000D0E2
:10428000FFFFFFFF44464D4656465F46F0B4704779
:10429000F0BCA046A946B246BB46704748404140E4
:1042A000484018B41B4B5B68FC46019308BD04DF13
:1042B0006F48001018B4174B1B68FC46019308BDEB
:1042C00000DF794800109446134A926F920809D291
:1042D000624618B40F4BDB68FC46019308BD0CDF47
:1042E000314B00100C4AF0B5146E556E576F166FB7
:1042F0006246FFF7EEFF084A146655665767166771
:10430000F0BD18B4034B9B68FC46019308BD08DF61
:10431000D5490010E0B50020000000D0FFB55040A6
:104320004240504059404B40594000E0FFB5154FC6
:104330004C00640D03D0BC4204D10C0314D80020FF
:10434000090D09055C00640D03D0BC4204D11C03B7
:104350000AD800221B0D1B0501264B4009D44B40F7
:1043600003D58B4200D18242FFBD9942FCD19042DD
:10437000FFBD0B43DB1803431343F5D0C943491872
:10438000FFBD0000FF07000000B5FFF7CFFF804131
:1043900000BDC04600B5FFF7C9FF01D9002000BD30
:1043A000012000BD00B5FFF7B9FF01D9002000BD15
:1043B000012000BD00B5FFF7B1FF804100BD012025
:1043C00040054A00121804D85A00121801D80020DB
:1043D00070470120704700000021002805D1704778
:1043E000C1174840401AFAD0C90713B5064B1B68DD
:1043F00098470CBC441CA2401005120B0349091B32
:1044000009051943114310BD48B500201F040000E1
:1044100010B54C00620D8023D218DB00D21A5B0568
:104420007E2A10DD9E3A13DACC1709034908194396
:104430005242D140640001341532202A05DAD040BE
:104440000843604310BD002010BD0846604310BD06
:10445000C80FC018013810BD18B4044B5B6AFC4685
:10446000019308BD24DF0D4F00100000E0B50020CF
:1044700018B4044B1B6EFC46019308BD60DF1B5053
:1044800000100000E0B5002018B4044BDB6FFC46C0
:10449000019308BD7CDFA54F00100000E0B50020AF
:1044A00018B4044B9B69FC46019308BD18DFFD4C12
:1044B00000100000E0B50020024A034B00B500F0F8
:1044C000B9F900BD182D4454FB2119408A0002D3CC
:1044D000920D092A08DA18B4064BDB6BFC460193EF
:1044E00008BD3CDF4F51001000B5FFF7E5FF04BCED
:1044F0009646F0E7E0B500208A0002D3920D092A23
:1045000008DA18B4064B1B6CFC46019308BD40DF6B
:104510005F51001000B5FFF7CFFF04BC9646F0E7EF
:10452000E0B50020132370B51C78012C19D014DDE0
:104530001148FFF703FB06001048FFF7FFFA104D84
:1045400080223100280001F087F9022C06D00D48A6
:10455000FFF7ECFA0C4B186070BD094D0B4AAA64CA
:10456000F5E7074D094A29002B00803104C38B422F
:10457000FCD1AA64EBE7C046534400005346000058
:10458000E0B500204C33000048B500203D48001045
:10459000F0B557464E464546DE46E0B585B01F00AD
:1045A0000E9B04000D0016009A46002B5DDD0120D5
:1045B00039114042FFF72EFC002303909B461BE07D
:1045C00022009A40019223004A46934000934346BA
:1045D0003200D91740463B0000F042FF009C019D8D
:1045E0005B464A46934043449B4653469B1A241AD3
:1045F0008D419A46002B1DDD5346D1460C2B01DD23
:104600000C239946039AAB11534349461D22521A73
:104610001341202201335B10524298468B18CFD5AC
:10462000202322005B1ADA4013002A008A401A4332
:104630000192C8E7AF421CDC29D020002900801B72
:10464000B9418F4238DC35D002239C46801BB941EA
:10465000E3440F9B002B01D05A461A6005B03CBCC6
:1046600090469946A246AB46F0BD8F4217DD002327
:104670009B462000291EECDA80197941002909DACD
:1046800002235B429C4680197941E344E1E7A6425C
:10469000D3D9EEE701235B429C46E344D9E78F423E
:1046A00001D18242E3D8200029000023801BB941B8
:1046B0009B4601E08642C7D901239C46E344C8E7F4
:1046C000F0B54646D6464F461C008046C0B588B079
:1046D0001000109A4B006500C4465B0D6D0D002A5A
:1046E00002D00022109E32604B4A934252D0002DDD
:1046F00050D0002B57D0954262D06A1E9A425FDCA0
:10470000CE0F0F03B1463E0BB24666460496802696
:104710007603B4465746029060463E43270305960B
:104720003E0B304303909A4240D04A46002A06D0BE
:10473000049E059F00227142BA410491059204989B
:10474000059907AA5B1B01920093029A039BFFF74E
:104750001FFF06000F0002000B0002980399921938
:104760007B4194468B422FDC2CD0029A944544D056
:10477000002C02DA079B5B420793109B002B01D0B1
:10478000079A1A60254A30003900521BFFF770FE65
:10479000060001E000262249300008B01CBC90460B
:1047A0009946A246F0BD00260021F5E7059B83420D
:1047B00012DC029D039EB34202D1049BAB420BD894
:1047C0004646E9E78242D0D9079B01330299039A12
:1047D0000793761A9741CBE74B46029E039F0498B6
:1047E0000599B6197F41002B0ED1801BB9410133C9
:1047F00006000F0015000793BAE7039A9342B7D15A
:10480000079BDA07B4D5E0E701235B42361A8F41F4
:1048100015000793ACE7C046FF0700003304000013
:104820000000F07F10B5002482B00094FFF748FF2D
:1048300002B010BD10B5FFF7F5FF10BD07B560461B
:1048400001880A0A0230DF2AFAD1C9B2820804D3E9
:10485000028840880004104300E00068014A50507C
:10486000039007BDE0B500200FB403BC0CBCF0B54D
:104870000124E407634000E0F0B50C0DCF0F661E85
:104880003605891B640503D3C943404200D3013177
:10489000640D03D0661CF60A07D0E41B00207F00DD
:1048A000791C89078912803C24031D0DDF0F6E1EC1
:1048B00036059B1B6D0503D3DB43524200D3013306
:1048C0006D0D03D06E1CF60A07D0ED1B00227F0091
:1048D0007B1C9B079B12803D2D032F1B661B58D40E
:1048E000A446202E46DA20371400BC401D00BD40EF
:1048F000F24033412A4380185941CB0F05D0C943B8
:10490000C043002264425041514162464D0D28D1BE
:104910000D0D07D100281FD0241940414941013A0B
:104920000D0DF9D0640006D3013000D30131002C05
:1049300001D140084000013A0BD4941CE40A04D190
:1049400012051144DB071944F0BDD907204B194368
:1049500000E0D9070020F0BD0029DDD1002CDBD11B
:10496000F0BD0132C6074008CD0728434908002E94
:10497000E1D0D9E73C2E29DA203E40371400BC4074
:1049800000D00124F24014431A00BB401C43D3174B
:10499000ACE7AC46202F08DA20360400B4400D0006
:1049A000B540F84039412843A5E73C2F0CDA203FB9
:1049B00040360400B44000D00124F840044308000D
:1049C000B1400C43C117EAE710001900002494E736
:1049D0000000F07FF0B50C0D661E3605891BE60A57
:1049E0006405640D02D0651CED0A04D0002001218D
:1049F0000905803C2403A4461C0D671E3F05DB1BF4
:104A0000E70A6405640D02D0651CED0A04D000229B
:104A100001231B05803C24037740644497B484B28F
:104A200096B27443070C7E43150C6F4380B2684303
:104A3000361802D3012000043F183004350C001949
:104A40007D41844688B29AB250430C0C62431F0CDD
:104A50007C438EB27E43921902D301263604A419F8
:104A60001604170C3618674101BC81B29AB2514343
:104A7000040C62431B0C5C4380B25843121802D3EF
:104A80000120000424181004130C401863412D1851
:104A90005E410020474106BC88B293B258430C0CDB
:104AA0006343120C544389B251435B1802D3012172
:104AB0000904641819041A0C091862416D1856414A
:104AC0000020474118BCF902720D1143F0026A0D33
:104AD0001043ED020A0D03D16D1940414941013BDC
:104AE000124E9B1B7600B3420ED26D0007D30130ED
:104AF000002671416646354301D1400840001B0540
:104B0000C918E4072144F0BD0BDA013306D10130A6
:104B100004D101314F0D01D04908F2E7E10700202F
:104B2000F0BD013631050020EBE70000FF03000077
:104B3000F0B51C0D671E3F05DB1BE70A6405640D1D
:104B400002D0661CF60A04D0002201231B05803C1B
:104B50002403D0252D060026F6432E661E096E6618
:104B6000CE0FF619B44649004F0D02D07E1CF60A4E
:104B700003D000200021403F3F033E1BB600B44459
:104B8000013F7F05C91B49082E6F013676089C023C
:104B9000950D25437543ED137543AD1301356D1028
:104BA000F603761B0CB4CC02450D2C43A2B2B3B273
:104BB0005A43270C7B43350C6F43A4B26C431B193B
:104BC00002D3012424043F191C041D0CA4187D41A8
:104BD00024196D41009A91B2ACB26143170C7C4329
:104BE0002B0C5F4392B25A43A41802D30122120441
:104BF000BF182204230C52187B41019C6C431B19E3
:104C0000520ED9010A434401A01A81B2B2B25143F3
:104C100003145A43360C734387B27743D617D2191D
:104C200000277E4136049B191704160C7F185E413D
:104C30007316ED18F301002680337541A90F06D1D4
:104C40006400690AE8055B0A184309D22FE00422D0
:104C5000944480337541A90AA8059B0A184326D3BA
:104C6000404149412404009A019B0D005543641BB7
:104C70004343E41A95B286B27543170C7E43030C86
:104C80005F4392B25A43B61802D301221204BF18EE
:104C90003204330C52197B4152429C41002C02D405
:104CA0000022013051414008CA071043490802B0B0
:104CB0006246D7079210084BD218084B9A4203D28B
:104CC00012058918C919F0BD0020002A01DC39003D
:104CD000F0BD01331905F5E7FD030000FE070000F4
:104CE00007DA002107E0C90FC907520D03D0C91226
:104CF00001E04C49090500207047C0464A00F2D245
:104D0000520D013A484B9A42EAD2F0B51405091BFC
:104D1000520801D3001849419B08D2181205944645
:104D200040A44A0CA25C0B09534353431B13534347
:104D30005B131202D21A13005B435B0B4C086343F4
:104D4000DB135343DB1501335B10D21A130CD21A59
:104D500013005B438902840D21438DB29EB27543DB
:104D60000F0C7E431B0C5F438CB25C43361902D39D
:104D7000012424043F193404330C64197B419D0140
:104D8000A40E2C432034A5B25543241454432D0CB7
:104D90006419A411D203121B95B28EB27543170C7D
:104DA0007E430C0C674393B26343F61802D301238E
:104DB0001B04FF183304340C5B197C41DB1864417D
:104DC000DB18002363419EB276439DB21F0C7D43E6
:104DD0007F436C04ED0BA4197D4106028F08361B3E
:104DE000AF417D07F6086E41B4B295B26C433714FB
:104DF0007D43120C5743B6B25643EA17AD1900264D
:104E000072411204BF182E042A0C36197A41083256
:104E1000521117D29D0A9C05D1171019694161449E
:104E2000F0BD0000FF070000FE070000F8EBDFD632
:104E3000CDC5BEB8B2ADA8A4A09C9995928F8D8A1D
:104E40008885838152415D0ADC05D11714194D41D3
:104E50002B006343A6B27643A2B2270C7A437F436A
:104E60005104D20B89197A41D218D21880054942CF
:104E7000904102D4002301345D4160086908ED07C8
:104E800028436144F0BDC046624618CA94465A465B
:104E9000002A20DB04E0624618CA944600291ADA88
:104EA000C01861415B463B415C46B4405246FA4003
:104EB000224344464D4662416B41904699462B46FB
:104EC000B3403D41FC401C4352465B46A241AB41CE
:104ED00092469B467047C01AA1414B463B414C4607
:104EE000B4404246FA40224354465D4662416B411B
:104EF00092469B462B46B3403D41FC401C434246F4
:104F00004B46A241AB41904699467047002200B5FE
:104F1000203200F010F8080000BD002200B500F0BB
:104F20000CF8CA179A4200D100BDD8430121C90725
:104F3000414000BD00220B150AD410B5944600F084
:104F4000A7F81414013400DA0021CB17144C2047C1
:104F50000020002170476244343A0CD40C2A07DA4E
:104F600004009140904052422032D440214310BD71
:104F7000D843D94310BD203207D40C469440524246
:104F800020321141D040204310BD0800C917203203
:104F900003D452422032104110BD1800190010BD38
:104FA000574F00104A00520D144BD21A13DDFF2A3E
:104FB0001EDAD205CB0FDB071A43C300400F0903EB
:104FC000490A084310435B0001D301D00130704708
:104FD0004308FBD2704702D0C80FC00770470A03CE
:104FE00012130132F8D1420F072AF5D1012200E055
:104FF000FF22C80F00028018C00570478003000020
:1050000000210A00002104E000210A00C11704E089
:105010000022002306E0C0460022CB17584059402A
:10502000C01A994130B5184CA21A002903D10100C9
:1050300010D00020203A4C1512D104D2013A0018A9
:1050400049414C0DFAD3114CA24204D212058918E1
:10505000DB07C91830BDD243520D00200021F5E70F
:1050600003D4013A00184941FBD50B324405C00A6C
:105070004D052843C90A640003D000246041614102
:10508000E1E7E0D34408F8E732040000FE0700003F
:105090000A0DCC0F531E1B05C91A520503D3C94371
:1050A000404200D30131520D03D0531CDB0A07D01C
:1050B000121B00206400611C89078912803A1203C8
:1050C000014BD21A70470000FF030000023225D4C2
:1050D0000C2A1CDA1125AD1A0B002B4108320735BA
:1050E0000600EE40904091403143F0CC63431A15E6
:1050F00000235A41554356435743BF02F4127605E5
:1051000076196741ED177F19801BB94170470C2252
:105110000020C917490001310905DBE70902030E28
:10512000194300025342203208D40C001941944024
:10513000D840204300225041514170470800C91710
:10514000203B2032F1D50020002100227047F0B52D
:10515000FFF798F800F00EF800F030F806E0F0B530
:10516000FFF790F800F006F800F046F8FFF790F827
:10517000F0BD000000B5FFF78BFF30A4FFF7A6FFDE
:1051800000242C4D2C4ED20702D3F6436D426641CB
:10519000520004D2A246A346A846B14603E0A04668
:1051A000A146AA46B3466EA4A44601271F26FFF7D0
:1051B00072FE0137013E212FF9D100BD594684B25C
:1051C0008DB26C43061475430B145E4382B25A438E
:1051D000AD18EA1700D7D2431204B6182A042B0CD4
:1051E00012197341404649469D009B17920F2A436E
:1051F000904199413E2210E7494684B28DB26C43FA
:10520000061475430B145E4382B25A43AD18EA1775
:1052100000D7D2431204B6182A042B0C121973417A
:10522000504659469D009B17920F2A4350415941C1
:105230003E22F2E6BB4DF09DC556F6367D5100008C
:105240001A61140085880A00FB211900F0B5FFF7E8
:1052500019F8404D0C002C4001D0AC4202D1090D90
:10526000090500201C002C4001D0AC4202D11B0DCE
:105270001B0500220026ED02002B04D502266B4000
:10528000694000D476424F1904D599420CDD0136AD
:10529000694003E0BB4207DA013E6B4007001000A3
:1052A0003A000F0019003B0040B4002A0FD1002B38
:1052B0000AD05C006415013409D14C006415013436
:1052C00002D10139013B02E0002000212EE0FFF76E
:1052D0002FFC3E22FFF722FE82468B460020002153
:1052E00080460122920791461DA4A44601271F264D
:1052F000FFF7CAFD0137013E212FF9D14A46534637
:105300000C3A01246407002752081B0005D493417E
:10531000001979416408F7D104E05341001BB941F9
:105320006408F1D1CE0749104008304340BC002E3C
:105330000AD0094C094D01D5E443ED43F60701D1EC
:1053400000196941001969413D22FFF766FEFEF729
:105350009FFFF0BD0000F07F8D305A88A8F64332E1
:10536000694FBB610567AC1DB16E4096FCBAAD0FCD
:1053700072DB0BABA66EF50739BD9FE576ABFE037E
:105380004B6297BA5BD5FF01D694DBDDAAFAFF002A
:105390005DEAEE5655FF7F006E77B7AAEAFF3F0041
:1053A000BCBB5555FDFF1F00DEADAAAAFFFF0F00D5
:1053B0006F5555F5FFFF0700ABAAAAFEFFFF0300DC
:1053C0005555D5FFFFFF0100ABAAFAFFFFFF000014
:1053D0005555FFFFFF7F0000ABEAFFFFFF3F0000D6
:1053E00055FDFFFFFF1F0000ABFFFFFFFF0F000099
:1053F000F5FFFFFFFF070000FFFFFFFFFF030000B7
:105400000000000000020000000000000001000099
:1054100000000000800000000000000040000000CC
:10542000000000002000000000000000100000004C
:105430000000000008000000000000000400000060
:105440000000000002000000000000000100000059
:10545000000000800000000000000040000000008C
:1054600051434343C9188C46110C83B24B4310B4CB
:10547000040C614392B280B2504362431C041B0C83
:10548000001910BC59411304120CC0185141614459
:10549000704700004840414048400E4B5B68184749
:1054A0000C4B1B6818470C4A936F9B0802D2094BA0
:1054B000DB681847F0B5146E556E576F166FFFF71F
:1054C000F6FF054A1466556657671667F0BD014B2F
:1054D0009B681847E0B60020000000D007B54840A0
:1054E0004140484001E0C04607B54200120E03D0DB
:1054F000FF2A03D1420218D8C00DC0054A00120E7F
:1055000003D0FF2A03D14A020FD8C90DC9050122D1
:10551000414005D4414001D5814207BD884207BDC5
:105520000143491801D0C043001807BD00B5FFF77B
:10553000D5FF804100BD01231B064200D21804D8CC
:105540004A00D21801D80020704701207047491A3C
:10555000002807D108467047C10FC90700D540424F
:10556000002817D0F44603B40B4B1B68984706BCC1
:1055700081409E384042803107D20B0607D0490057
:10558000490AC0051043084360470130F8E7490A5B
:105590008902F5E77047000048B50020014B1B6BFE
:1055A00018470000E0B60020034BDB6FFC461847AD
:1055B0007CDF0D5800100000E0B60020C11502D4B9
:1055C000054B9B691847C843FF2801D1C0077047A6
:1055D000C817C00570470000E0B600204100090E62
:1055E000862902DA044BDB6B1847044900B500F04A
:1055F000F3F802BC8E46F5E7E0B60020DB0FC940A9
:10560000132310B510481C78FEF798FA0100012CFE
:105610000AD003DD80220D4800F01EF90C48FEF789
:1056200085FA0C4B186010BD084C5422200000F085
:1056300013F923002100084A5433803104C38B42FC
:10564000FCD12262E261E9E753460000E0B60020A7
:105650004C33000048B50020E1570010F8B547462C
:10566000CE46050080B516000F009846002A2CDDB6
:105670000120C9114042FEF7CDFB002281461D20CA
:1056800033000C2E00DD0C2349466C129D404C4328
:10569000C11A0C41AC4601346410250061469A40A1
:1056A0007D4312194D1BF61A002EE9DCAF420FDCC8
:1056B000E81B874217DCC01B02324346002B00D098
:1056C0001A600CBC90469946F8BD884209DA00225F
:1056D000281EF2DA781902D5C019023AEDE7013A2C
:1056E000EBE70022E81B0132E7E7C046F0B547468A
:1056F000CE46FF2480B5C30DCD0D160083B00F1C20
:1057000023402540002A01D000223260FF2B3ED0EA
:10571000002D3CD0002B3DD0FF2D33D06A1E9A4285
:1057200030DC80242404A046C10F89464102490A86
:105730000C43A44644467902490A0C43A0469A42C7
:105740002AD04A46002A02D06246524294465A1B48
:10575000414601AB6046FFF781FF4300434527DD2B
:10576000019B42460133801A0193002F02DA019B0C
:105770005B420193002E01D0019B33609621491BAF
:10578000FFF70CFF03B00CBC90469946F0BDFF201C
:10579000C005F7E70020F5E7A445F3DD4A46002AF7
:1057A0000CD162466000101A01221D000192DCE754
:1057B0004345DAD1019BDA07D7D5D2E762466000CC
:1057C000801A012252421D000192CEE710B500223C
:1057D000FFF78CFF10BDC04610B5FFF7F7FF10BDF7
:1057E00007B5604601880A0A0230DF2AFAD1C9B239
:1057F000820804D3028840880004104300E0006857
:10580000014A5050039007BDE0B60020C30FDB07EC
:1058100041000A0E07D0FF2A08D00909054A891855
:105820001943400770471900002070470249C91802
:10583000FAE70000000000380000F07F0148042172
:10584000014B1847C00B00204D3B0010014B1B685B
:1058500018470000C00B0020014B5B681847000090
:10586000C00B00209A4200D2885470477047C0464F
:10587000F8B557464E46DE464546E0B51F000A9B42
:1058800005009B460D9B0E00914692469B0718D142
:105890000B9B0C9A934214D213000B9AB8469B1A96
:1058A0004B444C460F0006001D00220043460134C5
:1058B00039002020B047AC42F7D1AA4635003E005F
:1058C00047460B9B002B38D09A441C00D0465346C9
:1058D0001A1B5B46013C185D31003B00A847002CB9
:1058E000F5D10D9B9B0721D543464A469C1A0C9B3C
:1058F000A3421BD93A009A464F469146E2194B46BD
:10590000310020200134A8475445F7D343460C9971
:10591000DB1B0133B94600228B4203D843464A1EA3
:105920004A44D21A434601339846904440463CBC10
:1059300090469946A246AB46F8BDD046D1E7C04650
:10594000F0B54F464646D646C0B584B098460EAB35
:105950001B78129F994694460D9C109B119EBA0786
:1059600025D4002E69D19C4200D3C4E001223A40E4
:1059700092461F2C00D9BDE00C9A551E302201E042
:10598000202C03D001342A55A342F9D85246002ACC
:105990000DD0B4420BD21F2C62D80C9A551E302267
:1059A00001E0202C5CD001342A55B442F9D1FA062A
:1059B00035D57A055DD4002C57D10F9B102B00D123
:1059C0007EE00F9B022B00D18FE030230C9A012444
:1059D00013704B46002B27D02D230C9A13550134FE
:1059E0000C9B624600930397434602960194FFF78F
:1059F0003FFF04B01CBC90469946A246F0BDBB06D2
:105A000065D4202CECD00C9B1A1901347823137028
:105A1000202CE5D030220C9B1B191A700134202C4D
:105A2000DED04B46002BD7D17B0736D43B07D7D5EA
:105A300020230C9A13550134D2E7012215003D4072
:105A4000AA463A4221D04A46002A2BD10C323A4289
:105A500028D19C429DD21F2C00D88DE7202E1AD928
:105A60002024FA06BCD57A0503D4A3421CD0A64252
:105A70001AD00F9B102BC2D00F9B022BC8D1202C09
:105A8000AED00C9B1B19013441E09C4200D38EE741
:105A90001F2C00D870E7202489E72B230C9A13557C
:105AA00001349DE7013ED4E7631E012C00D184E759
:105AB0000F9A102A21D00F9A022A25D01C00A9E79C
:105AC000BB060DD478230C9A01241370A2E7202C76
:105AD00000D185E758220C9B1B191A70013497E7F7
:105AE00058230C9A0124137094E70C9A6033012414
:105AF00013708FE72024002659E7023CBA06E9D448
:105B00000C9A12191C0081E70C9A924653446222A7
:105B10001A707DE7F0B54E46DE4657464546E0B57D
:105B200093B09B461CAB20CB89461B7892461E9EA9
:105B300008900993002D08D11023219A00249A433C
:105B40001300219A2193520524D4219A61239206AD
:105B500039D402AA94460A2252421F279046DBB249
:105B600000246744984408E03033DBB201343B55ED
:105B7000B5420FD3202C0DD0050031002800FEF7D0
:105B800049F9CBB20929EFD94344DBB201343B5583
:105B9000B542EFD2219B52460693209B494605937E
:105BA0001F9B08980493099B039602930AAB0093EA
:105BB00001945B46FFF7C4FE13B03CBC9046994687
:105BC000A246AB46F0BD4123C3E7C046F0B54E4602
:105BD0004546DE465746E0B595B09B4620AB1B7860
:105BE0001E9F0B93229B1F9D99463B008046239E40
:105BF00009910A922B4308D1269A10339A43130035
:105C0000269A0024269352052CD4269A61239206C4
:105C100042D40A2252429246DBB200249A440EE059
:105C20001F21303204ABD2B201345B181A55AE4298
:105C300018D8AE4232D0202C14D0070065464A4610
:105C4000330038002900FEF723F9D2B28C46092A26
:105C5000E6D91F21524404ABD2B201345B181A5565
:105C6000AE42E6D9269B40460693259B0A9A0593A9
:105C7000249B099904934B4603930B9B0194029335
:105C80000CAB00935B46FFF75BFE15B03CBC904647
:105C90009946A246AB46F0BD4123BAE7B945CAD9F9
:105CA000E0E7C04610B5002800D110BD01F0E2F8D1
:105CB000FBE7C0460B0010B5002802D049681B68FE
:105CC000984710BDF0B5DE4657464E464546E0B50E
:105CD00091B09A461A9B8B4699461B9B0890984612
:105CE000079243464A4648464146FEF768FB00286D
:105CF00000D0B1E0012248464146DA4B5242FEF75D
:105D000059FB002800D0A7E0012248464146D64B67
:105D10005242FEF739FB002800D09DE0002200230C
:105D200048464146FEF730FB002800D0CEE14E4603
:105D3000474680231E9ADB001A400D921E9A1A4293
:105D400001D106231C9333000A960B973B4300D0E6
:105D50009BE01E9B1B0500D571E1002304240993E1
:105D60001D9B0025A34200D91D1B02231E9A1A4029
:105D70000C921E9A134203D0634263415B421D4062
:105D8000099B002B07D00A9A0B9B30003900FEF7C5
:105D90009AFA06000F000022002348464146FEF70B
:105DA000F3FA002803D0802109067B181F001E9AF1
:105DB000AE4B009601971340089E04931C9B079AD4
:105DC00003950293594653463000904600F08EF9F1
:105DD0000500002C51D01E9B2A0098061F23C017D7
:105DE0009843594653466530B04705230593002331
:105DF0000999013C0494CC17039308190A336F1CCA
:105E000002936040CB0F0193009053463A005946ED
:105E10003000FFF77FFE0C9B0500002B2DD0434682
:105E20001D9AC41AA24228D981465D4617004346EE
:105E300029001A19202053460134B047A742F6D84A
:105E40004D4607991D986B1A01330022984200D3E2
:105E500045E10135AD1810E01E9B4A4604931D9B99
:105E6000594603931C9B0898029343460092019362
:105E70005346079A00F03AF90500280011B03CBCDF
:105E800090469946A246AB46F0BD794B78009C46B9
:105E9000400D6044FEF7A4FA764A774BFEF731FADC
:105EA000764A774BFEF706FA764A3B031B0B1A43FA
:105EB00004000D000A981100734B0022FEF7F1F95F
:105EC000724A734BFEF71DFA02000B0020002900F6
:105ED000FEF7F0F9FEF79CFA0990FEF781FA6D4A99
:105EE0006D4B04000D00FEF70CFA00226B4BFEF721
:105EF000E1F9FEF78DFA6A4A6A4B29000C902000FE
:105F0000FEF7FFF904000C980D00FEF769FA664AE7
:105F1000664BFEF7F6F902000B0020002900FEF7A1
:105F2000C0F902000B0004000D00FEF7EAF92200A0
:105F30002B000A900B9120002900FEF7BBF90022EC
:105F40000E900F910A980B99594BFEF7BCF900225D
:105F5000584BFEF7AFF902000B000A980B99FEF7B9
:105F6000B2F90022544BFEF7A5F902000B000A9883
:105F70000B99FEF7A8F90A900B91802122002B00C3
:105F80000020C905FEF78DF902000B000A980B9955
:105F9000FEF790F902000B000E980F99FEF793F9A7
:105FA0000022384BFEF786F9444A0C9B9446634422
:105FB00000221B05FEF7A5F904000D0002000B00EE
:105FC00030003900FEF7E0F900282CD10A940B9537
:105FD000C624099B63339C42A4411E9B6442043443
:105FE0001B0500D4BCE60A9A0B9B1100194328D06C
:105FF00030003900324A334BFEF7D4F9002807D07D
:10600000002230003900304BFEF7BEF9002818D1CD
:106010001C9B002B00D1A3E60D9B5A1E93411C9A9A
:10602000D31A1C939CE6099B0022013B0993200094
:106030002900204BFEF747F90A900B91C8E700238F
:1060400009931C9B1900099B994245DDC81A431E00
:106050001C9380231E9ADB001A43002300241E9207
:1060600009937DE6FFFFEF7FFFFFEFFFFFF7FFFFE5
:1060700001FCFFFFFB799F501344D33FB3C8608BF3
:10608000288AC63F0000F03F0000F83F61436F637D
:10609000A787D23F71A379094F930A400000E03FE0
:1060A0001655B5BBB16B0240EF39FAFE422EE63F02
:1060B00000002C400000244000001840FF030000B6
:1060C0002D431CEBE2361A3F80842E4180231B06B1
:1060D00043444E461F002CE600231C93B9E70A00F8
:1060E0008446013A6244521BB3E6C046F0B54E46C0
:1060F000DE4657464546E0B597B09946209E219F1B
:10610000229B8346984607910C923B003200300058
:106110003900FEF754F9002800D0C1E10122300017
:106120003900CA4B5242FEF72FF9002800D0E0E0B8
:10613000012230003900C64B5242FEF73BF90028DD
:1061400000D0B6E0002230003900C24BFEF732F931
:10615000002800D098E0002230003900BE4BFEF746
:1061600013F9002800D08FE000220023300039000E
:10617000FEF70AF9002800D0B0E000230D93249B1D
:106180005B0501D40623984608AB9C4617220024E1
:1061900030234146624404E0013413550139202C78
:1061A00001D00929F8D8884630003900FEF730F9C7
:1061B0004346DA00A94B05009B181A685B680892F1
:1061C0000993FEF70DF902000B0030003900FEF7CD
:1061D00068F8089A099BFEF794F80A900B91FEF76D
:1061E0003BF98246FEF7F8F802000B000A980B997B
:1061F000FEF757F800229A4B0A900B91FEF7DAF857
:10620000002800D1C0E001239C46E2445046FEF73E
:10621000E3F802000B0008980999FEF7BBF8002884
:1062200002D000239A4601354346002B69D008ABC3
:1062300017269C4608956644554614E001235B42A8
:1062400043440A2128009A46FDF7E4FD0134303129
:106250003719397028000A21FDF7DCFD092D00D817
:10626000D5E0D0460500202CE8D10323249A134022
:10627000012B00D100E10EAB9846249B01940393BF
:10628000239B029343461EE0249B58460493239B82
:1062900000960197039343460C9A029307994B4645
:1062A000FFF710FD17B03CBC90469946A246AB469E
:1062B000F0BD249B5B070ED403226A4B2499019204
:1062C000039123990291009358464B460C9A0799E3
:1062D000FFF7CEFAE6E70422634BEFE73B0032001C
:1062E00000200021FDF7DDFF012306000F000D93C4
:1062F00045E7249B0393239B0293042301935B4B69
:10630000E1E72800FEF76CF802000B0030003900CE
:10631000FDF7C7FF524B002206000F00FEF734F8CE
:106320000EAB984600280AD10022300039004C4BB1
:10633000FEF740F8002802D1EB0700D50135202CEC
:1063400032D008AA94461723280063440A21013456
:106350001E19FDF737FD3031280031700A21FDF795
:1063600031FD051EEBD10323249A1340012B00D1EC
:1063700091E0202C00D180E70D9B002B3BD02D23FA
:1063800042461355013478E700220A980B99344BA2
:10639000FDF7FAFF002800D046E75346002B67D1EF
:1063A00001239C46E2443FE70323249A1340012B38
:1063B00000D062E7239B002B00D15EE70D9B002BF2
:1063C00003D1249A0C33134202D0239B013B239325
:1063D000239BA342CDD908AB9C46172230236244AD
:1063E000202C06D02399013413558C42C1D0202C87
:1063F000F8D1202441E7249B5B0721D4249B1B0771
:1064000000D43AE7202342461355013435E7574676
:10641000089D202C37D0220030214046002F08D084
:106420000132B154202A43D0D3431B191B18002B2F
:10643000F6D10EAB98462E234146541C8B547EE772
:106440002B2342461355013417E7C046FFFFEFFFE9
:10645000FFFFEF7F65CDCD4165CDCDC190E7001049
:106460000000E03F98E500109CE50010A8E5001052
:10647000DB0700D4D8E693E7239B002B00D1FAE694
:106480000EAB98469AE70323249A1340012B00D0C1
:10649000F1E60EAB9846239B002B00D169E78DE710
:1064A000249B0393239B029303230193064B0AE748
:1064B0000323249A20241340012B00D0DBE6239BE6
:1064C0002024002BDCD1D6E6A4E50010F0B5DE4692
:1064D00057464E464546E0B595B01C001E9B924679
:1064E0009B46CB4ACB4B89460B901A60002900D1C2
:1064F000D6E1002320789846002800D1D8E14F4605
:106500001E00D9460AE03200751C53460B9E390026
:10651000B0472E0001342078002864D02528F2D11D
:1065200010239B460C3B9846023B00219C460134BD
:10653000207825000300203BDBB2102B03D8B64A9D
:106540009B00D3589F460300303B092B62D90023A0
:1065500098462A2800D17FE000242E286DD0030021
:10656000683BDBB2122B1FD8AC4A9B00D3589F4626
:10657000012301341943DBE7634601341943D7E7AC
:10658000434601341943D3E75B4601341943CFE74F
:10659000082301341943CBE768786C2800D105E261
:1065A00080235B00194301350300253BDBB2532BED
:1065B0000DD89B4A9B00D3589F46802368785B0088
:1065C00019430300253BDBB20135532BF1D9731C72
:1065D00098460B9C320053463900A04768786C1CE3
:1065E000464600289AD1B046B9463400C24503D881
:1065F00001235B4253449846534642464946002095
:106600000B9DA847200015B03CBC90469946A24679
:10661000AB46F0BD002302009800C01801354000D1
:1066200080182A78030010003038303B0928F3D94D
:106630009846100000242E2891D16878802302000B
:10664000DB00303A19436B1C092A00D832E12A28B2
:1066500000D13FE11D0082E74B4604CB9046002A63
:1066600003DB99466078651C76E7022211434246B7
:106670005242904699466078651C6DE7782800D1B3
:106680005EE1582800D197E16F2800D150E26228DE
:1066900000D15FE110230A009A4313000A229346B7
:1066A000692800D059E1490500D45CE101218B4300
:1066B000692800D157E1642800D154E180211800F5
:1066C000890008400B4200D022E2D90500D542E201
:1066D00048465A0600D516E202C881461A0601D578
:1066E0000904090C0593434604935B460293002377
:1066F000039401930091A3E080239B0068781943E1
:10670000013551E76878682800D14AE180230135D6
:10671000194349E7462800D10FE14B4607220733CA
:1067200093439946434604914946029403930CC906
:106730000B98009201938946320053463900FFF7C7
:10674000D5FC6C1C0600E6E6731C984632000B9CD8
:10675000534639002520A04746466C1CDBE64B46D5
:1067600004CB0F93137893469C46002C00D0BAE0DC
:10677000002B00D100E202235B4201330D935B4406
:1067800018005B4601E0984206D05A780133002A8F
:10679000F9D15A469B1A0D9380230A00DB001A4058
:1067A0009146194203D00D9BA34200D90D940223B8
:1067B0001A000A400E920B4200D123E160460028E5
:1067C00000D108E15B4632009E1B4B46AB46B1460A
:1067D0000C93260000E022000C9B002B04D0731EBB
:1067E000002E00D1F3E01E00534639000B9D541CCF
:1067F000A8474B46185D0028EDD15D46A3460E9B89
:10680000002B00D0E6E00F9B5E4699466C1C82E6AA
:10681000CD64001000B50020B0E50010F4E50010D4
:1068200040E6001021231943193B049308330293D7
:1068300000234A4605910394019308CA91460093A8
:106840003200534639000B98FFF764F96C1C0600C0
:1068500061E68B0700D402E1731C9B464B4601CBDB
:1068600032009946390053460B9CC0B2A0474346BC
:106870004644012B11D953465C46AA461D00B0463A
:106880000B9E22002B00013439002020B0474445E4
:10689000F7D12B00A34655469A465E466C1C3AE655
:1068A000B84B20780B9300239846002800D026E6AA
:1068B00000249BE60200A00000190133400080186C
:1068C0001A7830380400100030380928F3D9100045
:1068D0001D0044E64B4610CBA878E243D2179946F8
:1068E000144002353BE6002B00D144E1631E44E72F
:1068F000202302009A43472A04D180231B01194315
:1069000002239843452801D1202319434B460722EF
:1069100007339343994643460491494602940393AF
:106920000CC90B98009201938946320053463900F6
:10693000FFF7C8F96C1C0600EDE520231943ECE6CF
:1069400010239B460C230A009A4313004A0500D4E7
:10695000AEE6ABE602239B460B0019006428F1D19A
:10696000590500D5A2E6990500D598E04A46D90513
:1069700000D5E1E0590600D5BFE002CA91461A06EB
:1069800000D4F4E009B2CA178818504080B20593C9
:10699000434604935B46C90F039402930191009010
:1069A0004EE7C023A87819430235FDE5C0239B00BC
:1069B000A87819430235F7E50C230A009A431433EB
:1069C0001343102293464A0500D477E66EE65D46EF
:1069D000934614E75E460D9B98453ED94246901972
:1069E000C31A1C000B9BA8469946554632002B0043
:1069F000013639002020C847A642F7D1AA46A3464F
:106A0000454600E70D9A531C904500D8B8E0434630
:106A10009B199B1A4246A0461C000B9B0C924A46AF
:106A2000A94655469A460D9232002B000136390090
:106A30002020D047A642F7D10C9B444698460D9B98
:106A4000AA464D469946434601330D935B461B7853
:106A50009C466046002800D0B4E6B346D3E64346E1
:106A6000012B00D88AE00B9B741E4444A84655466F
:106A70009A4632002B00013639002020D047A6422A
:106A8000F7D1AA4645464B4601CB2200994639002C
:106A90005346661CC0B20B9CA0476C1C3BE54946A4
:106AA00007200731814301308146894403C9089397
:106AB000434607935B46049300230593CB0F029351
:106AC000CB17109311930694109B119C1A0042400F
:106AD000129222004A4013921299139AC91AA241A3
:106AE00013000A00009201933900320053460B98BC
:106AF000FFF76CF86C1C06000DE5FF2101CA014090
:106B00009146080043E7FF2104C881461140E9E5AA
:106B10000893434607935B464946049307200023A6
:106B2000073181430694059302930CC98946D9E73E
:106B300008239B460B0010E702CA059343460493C3
:106B40005B460293CB0F0193CB17C918594091466E
:106B50000394009174E60593434604935B464A46CA
:106B600003940293019008CA9146009368E6CA17FD
:106B7000881850400BE700230D930DE6340082E7A0
:106B80000D9366E76D5800100CB410B584B006ACD8
:106B900008CC0A000094010004480394FFF796FC17
:106BA00004B010BC08BC02B01847C04665580010BD
:106BB00000B585B0039101210290009303481300B2
:106BC0004A4202A9FFF782FC05B000BDB55C001087
:106BD00010B5094A0300146884B0002C08D00122C3
:106BE00000910648524203A9A047012004B010BDFD
:106BF00000F04EF90020F9E700B50020A55C001078
:106C000000BEFDE710B5FFF7FBFFC04670B5FCF70F
:106C1000EBFF074C074B9C4209D2013B1D1BAD0803
:106C20000135AD002D1908CC9847AC42FBD170BDA1
:106C3000CC950010D4950010030010B508001B6817
:106C40001100984710BDC046F8B54746CE4680B5FE
:106C5000437D07000D001600002B37D000240020D4
:106C6000002A1EDD4B1E98461B4B9946002C2BD04C
:106C700043461B5D0D3B5A425341DBB22A5D0A2A53
:106C800013D00134A642F1DC864203DD311A3B68A1
:106C900028189847AD19013D2B780D3B5A425341B6
:106CA0003B750CBC90469946F8BD002BE9D1A0423B
:106CB00003DA211A3B6828189847484602213B68A6
:106CC000013498472000DDE73B7DD7E703681100DA
:106CD00028009847E5E7C046E0E70010F8B50F4BFD
:106CE00005001C68002C15D00D4E071D02E024691C
:106CF000002C0FD02368002BF9D03368002B01D073
:106D0000A342F4D1200039002A68FFF79DFF2469CF
:106D1000002CEFD100232B60F8BDC046E4340020E6
:106D2000F088002070B50C0009680500802904D0A7
:106D30004B1C23606418257170BD2000FFF7CEFF47
:106D40002168F5E710B5FCF7C9FC0023064A1218C4
:106D50004B41002B03DB054802F0EAFB10BD01228A
:106D6000034B5242F7E7C04640420F00080C002098
:106D7000FFFFFF7FF0B55746DE464E464546E0B57D
:106D800083B007000D0091461C00FFF7DBFF824631
:106D90006B1C03D1380002F063FB0500002C30D1DE
:106DA0001B4B98461B4B1C68002C1FD00A231A4E05
:106DB0009B4602E02469002C18D02368002BF9D0F0
:106DC0003368002B01D0A342F4D12A0039002000FF
:106DD000C0474B46002BEDD06B465A462000DA7177
:106DE000D91D0122C0472469002CE6D15346002B4F
:106DF0000AD1280003B03CBC90469946A246AB4657
:106E0000F0BD064B9846CDE7054802F069FBF0E778
:106E1000396C0010E4340020F0880020496C001028
:106E2000080C00200A4A1368002B05D10CE01A0058
:106E30001B691032002B07D09842F8D1002902D1EB
:106E400003691360016170470029FCD01060FAE704
:106E5000E4340020064B10B51C68002C06D0636893
:106E6000002B00D098472469002CF8D110BDC046F3
:106E7000E434002010B582B06B4604000022D81D17
:106E8000012101230470FFF775FF200002B010BD3F
:106E900070B5040002F0E4FA0123010005000122AC
:106EA0002000FFF767FF064B1C68002C06D06368C4
:106EB000002B00D098472469002CF8D1280070BD21
:106EC000E434002070B5A2B00D000400FFF73AFFD3
:106ED00000230600019322002B000F4801A9FFF7B1
:106EE00067FE019B0500002B02D001A8FFF7F6FE0C
:106EF0000A4B1C68002C06D06368002B00D0984712
:106F00002469002CF8D1002E02D1280022B070BDD7
:106F1000034802F0E5FAF8E7256D0010E43400209C
:106F2000080C00200FB400B583B004A901C9019179
:106F3000FFF7C8FF03B008BC04B018477047C0464D
:106F40000022014B1A70704772B500204B79002067
:106F5000FF2B0BD18B79002B08D1CB79012B05D1DD
:106F6000082A03D98A78024B09301A707047C04644
:106F700072B500200120704710B5012909D11549CB
:106F80005379107909781B0203430020994202D0FB
:106F900010BD0120FCE75378012B08D0022BF7D15C
:106FA000002064220021FCF781FD0120F0E7D37866
:106FB00091781B021943DB0507D54A0A100001230B
:106FC0001A407E331940FCF7DFFD01204A0A404297
:106FD000F5E7C04672B500200048704704E800108D
:106FE00070B5050014000120012909D15378002053
:106FF000012B05D1637912791B021343072B00D0B3
:1070000070BD21002800024A9F3301F05BF9F7E7C9
:1070100028E800100123037000487047E4E70010DF
:107020004A780B7812021A438B7810B51B041A4366
:10703000CB781B0613439622D200934200D010BD9A
:107040000022012011004042FCF79EFD024B186017
:10705000024B19607047C046842C0020882C002009
:1070600010B5024B1878FBF79DFD10BD74B50020DC
:10707000154B70B51A68002A22D0EFF3108172B652
:1070800010680028FCD0BFF35F8F00220F485960C2
:1070900002701B68BFF35F8F1A6081F310880024B1
:1070A00000250B4E3078FBF771FD002804D1002439
:1070B00000252900200070BD3078FBF773FDF8E74C
:1070C000FA240025A400ECE724B5002075B50020C3
:1070D00074B5002070B5040000200E0001F0DCF94A
:1070E000002835D0002001F0EDF9002830D0FCF761
:1070F000F5FA0023184A12184B41002B24DB174DD8
:10710000280002F015FA002822D0002001F0C4F96E
:1071100000280BD1012000210324404200F096FCFE
:107120006442280002F0DCF9200070BD002001F06C
:10713000C9F90028EED021003200002001F0CEF97C
:10714000041EEED1033CECE70122054B5242D6E788
:1071500003246442E8E7C04640420F0050B50020D7
:10716000FFFFFF7F10B5FCF7B9FA00230E4A121893
:107170004B41002B13DB0D4C200002F0D9F9002805
:107180000CD001200021404200F060FC002001F002
:10719000BFF90028F5D1200002F0A2F910BD0122AC
:1071A000034B5242E7E7C04640420F0050B5002073
:1071B000FFFFFF7FF8B5DE46574680B505000C009F
:1071C000FCF78CFA0023364A12184B41002B5ADB8D
:1071D000344908008A4602F0ABF9002803D10CBC00
:1071E00092469B46F8BD002001F056F900284ED08B
:1071F0000026002C43DD2C4B9B4614E0A9190020EF
:1072000001F0C2F9070001200021404200F01EFCFD
:10721000002001F07DF9FCF761FA234BF6191860A4
:107220005960B4422BDD002001F0D0F9A71B020009
:10723000B84200DD3A00002AE0D10120002140429E
:1072400000F004FC002001F063F9002001F024F9B3
:10725000002814D0002001F0B9F90028E1D1FCF792
:107260003DFA5B460F001A685B68002184460F48B0
:1072700012184B419F4202D8D3D19445D1D95046E0
:1072800002F02EF9ABE70122094B5242A0E70020A1
:107290000021054B18605960504602F021F99EE725
:1072A00040420F0050B50020900D002020A10700A3
:1072B000FFFFFF7F30B52A4C85B00021200002F08F
:1072C00027F900281CD1274B1A68002A16D0EFF3A3
:1072D000108172B610680028FCD0BFF35F8F0124C4
:1072E0002148596002781B68D2B20470BFF35F8FE7
:1072F0000020186081F31088002A17D005B030BD37
:1073000001200021404200F0A1FB002001F0DAF84A
:107310000500200002F0E4F8002DEFD0134B1B68AD
:10732000002BEBD0124A10689847E7E7FCF71CF8EF
:107330000400FCF7D3F9FA220023920012184B4103
:10734000002B09DB01210291002101910949200054
:107350000091FCF761F8D1E70122074B5242F1E7B7
:1073600050B5002024B5002075B50020842C0020E5
:10737000882C002071700010FFFFFF7FD02310B514
:107380001B0684B01C68FBF7EFFFFCF7A1F8A042D6
:1073900002D0002004B010BD294B002100201B7832
:1073A00001F00EFC27480368002B41D00120FBF7B9
:1073B0006FFDFF23244C254920701840FBF70CFC7F
:1073C00020780121FBF7D0FB0520FBF7F3FB002819
:1073D00021D1082200211E48FEF738FAFBF7C4FF2E
:1073E0000400FCF77BF9FA220023920012184B41AB
:1073F000002B20DB01210291002101911549200081
:107400000091FCF709F80028C3DB13480121FFF7BE
:1074100009FD0120BEE70120FBF776FB01000C48C7
:10742000FBF794FD002205200C49FBF7FFFBECE77E
:10743000FBF74AFDBAE70122094B5242DAE7C046A0
:10744000FCEA001050B5002074B50020B5720010A1
:1074500024B5002071700010D00B00206170001066
:10746000FFFFFF7F10B5002001F016F810BDC046E9
:107470000048704770E90010004870471CE9001090
:1074800070B5040016480378002B20D0002C06D1DC
:10749000C1241448144BA4004380048070BD052C03
:1074A0001CD8124B0F48A400E558811C002304E0AF
:1074B00001330A800231132B0DD0EA5CDCB2002AC2
:1074C000F6D1C023013464009B001C43E5E7112181
:1074D00000F016F8DAE7CA24A400DEE70020DDE7B2
:1074E00058B50020BC3400200904000084E90010D5
:1074F00010B5024800F026F810BDC04640B5002087
:10750000F0B54C1E012916D0002301260F250C4F83
:107510005A08BA5C1E4200D112112A4011003731BC
:10752000092A01DC30321100C1540133A34205D0D5
:10753000102BEDD1103000230370F0BDC018FAE716
:1075400040B5002030B5002589B009220021040093
:1075500001A80095FEF77AF90922002105A80495F3
:10756000FEF774F94B236A466846137004A90D228E
:1075700001F0AEFF002304AAD2185279E25401337D
:10758000082BF8D109B030BD70B57F240440C5097F
:1075900063001A4E5B195B01F31898700120684074
:1075A000587000201983D870DA76E300012D15D0C9
:1075B000134A9446A2016344B21893601860002CE9
:1075C00006D100236D01761973600E4BF36070BD18
:1075D0000D4BE4009C4664445460F8E70B4A944623
:1075E000A2016344B21893621860002CE9D0084BE2
:1075F000E4009C4664445462E9E7C046FCA80020CD
:1076000084001050000110500400105080001050F1
:10761000000010503F22038B10B53F339343C27ECE
:10762000022A00D15B0006490A68D318C260054AE5
:107630000B60934200D810BDFCF7D0FAFBE7C046C0
:1076400008B50020FF0F105070B57F2405000440DE
:10765000FFF79AFF002C00D170BDED0964000948C6
:107660006419640124182000FFF7D4FFE37EE16869
:10767000054A9B064A401343802212061343626860
:107680001360E9E7FCA800200000105010B500F0DE
:10769000BBF80C23124CFF22A36705201149FBF70E
:1076A000C5FA402200211048FEF7D0F80022402100
:1076B0000020FFF7C9FF002240218020FFF7C4FF10
:1076C00001F05EFF0123236480239B05E364902384
:1076D000064A0120E2508022054B5202DA6410BDB6
:1076E0000000115055040020FCA8002010D001001B
:1076F0000020115010B501210520FBF735FA10BD0F
:1077000010B500220021024800F09EF810BDC046CE
:107710001CA90020044B1970002904D0802190235B
:10772000024A8902D15070476AB5002000201150EA
:107730000B785B0602D14B78052B00D070478A7816
:10774000014B1A60FAE7C04600001150CA780B00DE
:10775000920710B5920F012A0AD0087949790902D7
:10776000014349059878490DFFF76EFF012010BDD0
:107770000020FCE710B501F003FF10BD10B57F201D
:107780000C0020404000E409110000191A00034BCE
:107790004001C01800F058F8012010BDFCA80020DE
:1077A0007F23180010B508400B420BD0C909802276
:1077B000400040180649400140181201002101F024
:1077C000CFFE10BD0223034AC9095B1A9366EEE798
:1077D000FCA80020002011507F23180010B508409D
:1077E0000B4200D110BD00234000C90941180448D4
:1077F0004901401800220349C37001F0B1FEF1E7CE
:10780000FCA80020FFF7FFFF80220A4B520410B5AE
:107810001A60094B09491A6010000B689843FBD1A4
:107820008022002152010648FEF710F80922054B7C
:107830005A6710BD00E0004000F0004008C0004062
:10784000000010500000115070B5837E04000D0040
:107850001600002B19D100232100E3820133A682F8
:10786000A3762561A01C1B3101F02AFE002804D05C
:1078700080219023084A8902D150200001F078FE2F
:10788000002805D00123237770BD01F061FEE2E7F7
:10789000200001F055FEF7E700201150F0B5C64674
:1078A00000B5194E19490500002400238846327896
:1078B000174F0FE03A68630194466344002B20D0D1
:1078C000DB682800984732780134E4B2511C230069
:1078D000A14205DBA242EDD89B1A5B014344EFE7CE
:1078E0000C4C542200212000FDF7B0FF1022FF2194
:1078F000201DFDF7ABFF20002022FF211430FDF7F3
:10790000A5FF04BC9046F0BD69B50020A0EA0010B8
:10791000980D0020480F00207047C0467047C046B1
:1079200000207047002070477047C0467047C0462F
:107930007047C0467047C046024B5878431E984176
:10794000C0B27047480F0020024B18784007C00FA4
:107950007047C046480F0020F0B546464F46D64611
:10796000C0B52F4B814698461B780E000124FF2B93
:1079700043D1002940D0002154222A48FDF766FF58
:107980000022294C294B20001A70FBF79DFA284B46
:107990001C60284C20001430FBF7CAFA200001F0CC
:1079A000F7FC254B254D1C60254B002B04D02800EF
:1079B000FFF730FB234B18602349002400238A463D
:1079C0002A78204F10E03A68630194466344002B04
:1079D00012D05B68002B0FD098472A780134E4B2AC
:1079E000511C2300A1420EDBA242ECD89B1A5B0182
:1079F00053445B68002BEFD1002420001CBC904650
:107A00009946A246F0BD43464A46310048461A70A0
:107A1000FFF73CFE041EEFD04846FFF76BFEECE795
:107A2000040C0020480F0020400F00206BB5002000
:107A30009C0F0020E80B0020A00F002069B500205B
:107A400015700010980D0020A0EA0010F0B5DE4679
:107A500057464E464546E0B5B44B8DB09B461B7825
:107A6000FF2B00D1C3E0B24BB24D9A46B24E09ACE7
:107A70002F687A69EFF3108172B61368002BFCD07F
:107A8000BFF35F8FB9613800210001F03DFB7A69D7
:107A9000BB69BFF35F8F0021116083F3108800285A
:107AA00000D1A4E06378082BE2D89B00F3589F46EE
:107AB0006368002BDCD0A0689847D9E77F20217944
:107AC0009B4B08404700DB199846CA09904447463B
:107AD000012330373A799A433A713A7903339A431A
:107AE0003A71002800D189E04346944A1B7D127800
:107AF000934279D2924A5B011268D318002B76D058
:107B00009F6962792078A368B847B1E78D4A1378F6
:107B1000002B6CD01378013BDBB213701378002B71
:107B2000A6D1534601221B780120134352461370FD
:107B300034235146D25C57468243CA54CA5C04215E
:107B40008A43FA540133FA5C8243FA54FA5C002007
:107B50008A43FA542378994600F0F6FB6022237991
:107B60001A40602A0AD0402A53D0DB06DB0E012BD4
:107B700000D191E0022B64D0002B56D02078002158
:107B8000FFF70EFE80212078FFF70AFE70E7684BB2
:107B90001B78DB0700D46BE7FFF7CCFE68E7644B8C
:107BA000DB78DB0700D463E76068FFF7B7FE5FE7C9
:107BB0005F4B1A78D20700D45AE718780007C00F35
:107BC000FFF7B6FE54E72078FFF768FE00F0B2FB3F
:107BD0002279574B9A704BE72078FFF75FFE00F051
:107BE000A9FBFFF7A3FE43E7501C98420CDA0DB047
:107BF0003CBC90469946A246AB46F0BD62792078DF
:107C0000A36800F0B5FB33E79B1A4F4A5B01D3181A
:107C100076E74E4800F098FB012148460AAAFFF794
:107C2000DFF9002800D023E7A8E7202A00D153E19C
:107C3000002AA3D16379092BA0D8454A9B00D358C9
:107C40009F467023217A0B4298D17F27C80953465B
:107C500084460F407F000190DB19384863441B7D48
:107C60000078984683424BD3431C434500DA4DE1EC
:107C700043461B1A34485B0180469844002A00D1D1
:107C800049E14346586900F05FFB434601214846FD
:107C90005B690AAA9847C4E7237A0F2B00D96DE7DE
:107CA000264A53441B791278934236D3511C994289
:107CB00000DA63E7244F9B1A5B01FF18786900F034
:107CC00043FB012148467B690AAA9847002800D057
:107CD000CEE66022170023791F401A4200D04DE7FC
:107CE00063790A3B012B00D948E700F02DFB63794B
:107CF0000A2B00D170E148460AA900F0CBFAB7E69A
:107D00000F485B01006880469844002A00D102E1D8
:107D10004346002B00D131E7B3E7094A5B011768FE
:107D2000FF18002F00D129E7C8E7C046040C002047
:107D3000480F0020A00F0020F8E9001069B50020CE
:107D4000980D00206BB50020A0EA0010E16F001034
:107D50001CEA00105346A7795B789F42CBD053466C
:107D60005B78002B00D05EE153465F70002F00D19E
:107D700056E1781EC0B2FFF77FFB002800D14BE12F
:107D800043780693022B00D046E10121C3799A1172
:107D90005B110A400B4052011B01134352461278FB
:107DA0002F318A4313435246137009239846C378F0
:107DB00082781B021343C31803934B4680440593F8
:107DC000039B434500D83FE1434601225B78019283
:107DD0000B2B07D14346DB78019343461B7898442D
:107DE00043465B78042B00D016E14246039B9B1A66
:107DF0009BB20493BE4B1F7800239946029320E068
:107E00004B46BC4A5B011268D7180792002F00D17D
:107E100002E14146049A05983B6998478446082840
:107E200003D9049A824200D3DFE04B460133DBB230
:107E30009946AF4B1F784B4602937B1C994500DD5A
:107E4000EAE04F45DCD8029BDF1BAB4B7F019C4631
:107E50006744DEE77B7808AA0232137048460123A4
:107E60000AA900F02FFA03E6E088030AC0B20F2B3C
:107E700000D983E6A1499A008A5897460AA800F0DB
:107E800069FA4846A179FFF73BFC02223B7813438D
:107E90003B70EDE5E388012B00D06FE608223B78CC
:107EA00093435246137026E70220397808AB9A1C98
:107EB0008B068908DB0F01400B43138048460223E1
:107EC0000AA900F0FFF9D3E5E388012B00D055E6BD
:107ED00008223B781343E4E7237A0F2B00D94DE6C1
:107EE000834A53441B79127893422AD2814A5B0118
:107EF0001768FF18002F00D140E6786900F024FAD7
:107F0000012148467B690AAA98478AE6002A00D0E0
:107F100034E60023984662790220130002928343DC
:107F2000012B17D0002A00D028E6019A3B00944686
:107F30005344634430331B7908AA9B07DB0F02329A
:107F4000BBE7511C994200DA18E66B4F9B1A5B01A4
:107F5000FF18D2E7E388002B14D1029B012B28D015
:107F60005B461878FFF71CFC019A3B0094460221FF
:107F70005344634430331A790A4301211A711A7940
:107F80000A431A714346002B00D171E5586900F08D
:107F9000DBF943460AAA5B6901214846984700205D
:107FA00000F0D2F935235246D35CDB0700D55FE5FC
:107FB000A1E65B461878FFF70FFC019A3B00944658
:107FC00002215344634430331A798A431A711A796F
:107FD00002998A431A71D5E708AB9A1C48460123D7
:107FE0000AA9177000F06EF942E5019B012B50D0F1
:107FF000019B002B3CD043464F469978002305E077
:1080000017710133019ADBB2934230D2CA18D2B24F
:1080100052441079FF28F3D0002352465370ADE547
:10802000FFF784FC67E600214846FFF773FB4846EC
:10803000FFF7A0FB53469B7848469846FFF72EFC77
:10804000534642469A708FE6059B9946FFF76CFCB3
:1080500051E6FEF7C1FF021E00D18FE5D37891787B
:108060001B020B4348460AA900F02CF9D9E5B94692
:10807000674662464B464146214800F045FEBC46F5
:108080001B4B029A1B78E0440133934200DB97E6D6
:10809000C2E71C4B3A699A42ADD1069B0193AAE70D
:1080A000FFF73EFC021E00D168E5484613780AA996
:1080B00000F008F9B5E52189FFF7E2F9021EF4D1D5
:1080C0005CE5022B0FD0FFF72DFC021EC6D155E553
:1080D000FFF7CEF9021E00D150E5122348460AA947
:1080E00000F0F0F89DE5FFF7C7F9021EB6D145E5AF
:1080F00069B50020980D0020A0EA001044EA0010A5
:108100005C0F0020C9860010702270B58B780C00BF
:108110001A4201D0002070BD064B20001D78064B8E
:10812000997800F0B5FD0028F4D021002800FFF771
:108130000DFBF0E7040C0020480F0020F8B547467F
:10814000D64680B59846089B06000C00171E9A4636
:1081500021D0002506E05246137023780135E4183B
:10816000BD4218DA6378052B17D1E1788907890FAA
:10817000414512D121003000FFF7C6FF00280CD086
:10818000A378DA09012AE6D1099A01351370237818
:10819000E418BD42E6DB012000E000200CBC904664
:1081A0009A46F8BD0B007F20064A184010B5DB093F
:1081B000116834334200D018034B181800F024FD26
:1081C00010BDC0469C0F0020480F00200B007F20F0
:1081D000064A184010B5DB09116834334200D01844
:1081E000034B181800F038FD10BDC0469C0F00204E
:1081F000480F002070B57F240C4060000E4CCD0964
:1082000024186419303425790020ED0700D570BD9D
:10821000012625790948354300782571FFF7AEFA24
:108220000028F4D101222379934323712379033267
:1082300093432371EBE7C046480F0020040C002055
:10824000F8B5124C0500A689E089311A0F1C89B2D5
:10825000402900D940272378BFB27F2B0AD80021BC
:10826000864205D00A4A3B002800FFF7C3FFF8BD4D
:108270000022F8E780218642FAD0054E3A00A16834
:108280003000FDF7E9FA80213200ECE7280F0020EA
:10829000E80E002070B50A4E0500082230000C00E0
:1082A000FDF7DAFA002161560023C943C90F2800FF
:1082B000F3600022C901B360FFF79CFF70BDC046A8
:1082C000280F0020F8B5CE4647469046184E80B598
:1082D0008146082230000D001F00FDF7BDFA43461D
:1082E000B3600023F381EC79AB7924021C43231C97
:1082F000BC4200D93B1C9AB2B381002C0BD0002A9F
:1083000002D04346002B11D04846FFF799FF0CBC22
:1083100090469946F8BD002169560023C943C90F0C
:1083200000224846C901FFF765FFF0E70020EEE7AD
:10833000280F002010B5142200210248FDF786FA0C
:1083400010BDC046280F0020014B18617047C04681
:10835000280F002010B5054C010008222000FDF771
:108360007BFA0023A360E36010BDC046280F002005
:1083700070B52A4C1D0023780600DA09C9098A4223
:1083800010D00020002D00D070BD21003000FFF77C
:10839000CFF92369002B32D0220003213000984707
:1083A0000120F1E77F2B06D8A068002829D02A00F9
:1083B0001B49FDF751FAA268E38952195B19A260C3
:1083C000E2889BB2E3819A4205D03F2D03D9300069
:1083D000FFF736FFD8E72369002B05D022000221E2
:1083E0003000984700280ED0002161560023C94371
:1083F000C90F00223000C901FFF7FCFEC4E70120CD
:10840000C2E70020C0E700213000FFF7C9F93000C3
:108410008021FFF7C5F90120B6E7C046280F0020EC
:10842000E80E0020F8B50600FFF786FA002802D112
:1084300000252800F8BDFFF787FA051EF8D1C823EC
:108440007343134AD718F9780029F1D010339C18D8
:10845000200000F043FE3F28EAD90020F978FFF71A
:10846000A1FE0028E4D0200000F038FE3F2809D902
:10847000084AF60140230020F978B218FFF7BAFE47
:108480000500D6E7F9780020FFF7A0FED1E7C04647
:10849000200E00209C0D002010B50400FFF74CFAC0
:1084A000002801D1002010BDFFF74EFA0028F9D1B5
:1084B000C830444302480019037901201840F2E70C
:1084C000200E0020C823584310B5034B1030C018AD
:1084D00000F0E6FD10BDC046200E002070B504007F
:1084E000C8206043074B1030C018074B9A4200D990
:1084F000064A92B200F030FE05002000FFF792FF1E
:10850000280070BD200E0020FEFF0000FFFF0000CD
:10851000F8B50600FFF710FA002801D10020F8BDD9
:10852000FFF712FA0028F9D1C82474432500144F2C
:108530002435ED19280000F0B3FD0028EED03F19D6
:108540000020B978FFF72EFE0028E7D00D48F6018D
:108550004036361831004022280000F0FDFDB97881
:10856000041E08D0030032000020FFF743FE00285D
:10857000D4D02000D3E70020FFF728FECEE7C04686
:10858000200E00209C0D002070B5C82444430C4BE5
:108590002434E4180B4B05009A4200D90A4A200003
:1085A00092B200F049FE0600200000F079FD3F285D
:1085B00001D8300070BD2800FFF7AAFFF9E7C046D8
:1085C000200E0020FEFF0000FFFF0000C8235843DC
:1085D00010B5034B2430C01800F080FD10BDC0461C
:1085E000200E0020F0B50025194C83B0C8220021D0
:1085F0002000FDF72BF9174B21001D70FF2363713D
:10860000E1235B02A36020000823A581A37340221D
:1086100038310095073B103000F00AFD2700012398
:10862000210020002600402278310093B837243002
:1086300000F0FEFCC0363800FAF746FC3000FAF7CE
:1086400043FCE56127622663656303B0F0BDC04665
:10865000200E00201C0E0020074B1A6A196B002AFE
:1086600002D00022DA611A62002902D000221A63C5
:108670005A6301207047C046200E002070B50F4C91
:10868000052200212000FDF7E1F80D4D2B78DA07D7
:1086900007D50C4C9B070CD50121200000F098FE5B
:1086A00070BD2000103000F073FE2B78054C9B0746
:1086B000F2D4200000F06CFEEEE7C046200E002051
:1086C0001C0E0020440E0020F0B54B79060083B04C
:1086D000022B02D18B79022B03D00025280003B096
:1086E000F0BD214FBB78002BF7D18B7809253B706B
:1086F0000C780C196378242B0BD1082A02D810E0CF
:10870000AA420ED32378E418ED186378ADB2242B77
:10871000F6D0052B09D06378042B02D163790A2B9C
:1087200010D00020FFF77EFED8E721003000FFF7D1
:10873000EBFC0028D1D0A3787B702378ED18ADB284
:10874000E418E8E7094B27780193013300930222EC
:1087500002233000E119FFF7F1FC0028BDD00E35EF
:10876000ED19ADB2DDE7C046200E0020220E00203C
:10877000F8B5602314001278050013400020202B68
:1087800007D1304E6379277932781B023B439A42F6
:1087900000D0F8BD6378222B28D007D8202B17D023
:1087A000212BF6D101293FD00120F2E7232BF0D174
:1087B000012941D00329F7D1234B002BF4D0E178D4
:1087C000A37809020020194300E000BF0120E0E780
:1087D000012929D00329E7D11C4B002BE4D031001B
:1087E00000200831FEF71CFC0120D2E7012923D02C
:1087F0000329D9D101252F003000A278E47802396D
:1088000024021443274034717940243000F0E0FD05
:108810000F4B002BC8D02A006408002039002240EA
:1088200000E000BF0120B4E7072321002800094A27
:10883000FFF748FD0120ACE721002800FFF72AFDE3
:108840000120A6E7200E002000000000217000108B
:1088500000000000280E0020F8B545465746DE46C9
:108860004E46E0B5364D8046EA780C001F008A423D
:108870005ED19AB210239A46324EAA443100504635
:1088800000F0DAFC304B002B19D06B79FF2B16D09F
:10889000002F14D0F2199146AB4603E001364E4545
:1088A0000DD06B7932789A42F8D1504600F00EFC28
:1088B0000028F3D15B46597900E000BFEEE7234B77
:1088C000002B04D0224800F001FC002835D0002005
:1088D000FFF7A8FDAB78A34207D0012420003CBCE1
:1088E00090469946A246AB46F8BD1A4B002B02D0E3
:1088F000002000E000BF0020FFF70AFE0028ECD1B6
:10890000154D280000F0CCFB0028E6D1002FE4D064
:10891000BB06E2D1243D4046A978FFF743FC041E84
:10892000DBD0002300224046A978FFF763FCD5E79F
:10893000AB788B42D9D00024D0E700E000BFC6E777
:10894000200E00209C0D0020000000000000000010
:10895000300E002000000000440E00209322F0B5ED
:10896000134C85B0002120009200FCF76FFF23001C
:108970002000802640270F4D4D337600FF332930ED
:108980000295009300220023002103970196FF30F7
:1089900000F0CEF94035201D2834002301220021AB
:1089A000039702950196009400F0C2F905B0F0BD5E
:1089B00024100020A40F002010B5054C200000F06A
:1089C000EDF920002538FF3800F0E8F9012010BD4E
:1089D0004C11002070B5084C002520003130257066
:1089E000FF3000F0D5FC20000C3000F0D1FC2A2331
:1089F000FF33E554657170BD24100020F8B54E4674
:108A00004546DE465746E0B54B7981468846FF2B02
:108A100025D12A23414FFF330C78FE5C7B794444F7
:108A2000A5181E431BD18B783B700B79002B12D0FD
:108A300098235B009A46253BFF3B9B46BA44BB44C8
:108A40006378052B05D111E02378E4186378052BB2
:108A50000CD0A542F8D84346E41AA0B200E00020AA
:108A60003CBC90469946A246AB46F8BDA542F2D919
:108A700021004846FFF748FB0028F0D0A3780136D4
:108A8000F6B2DB09012B2AD0504600F081FC2A23E4
:108A9000A278FF33FA54637922791B021343204AE8
:108AA000942194465B055B0D63445A425341022076
:108AB00049007A5C5B00824313437B54514648462D
:108AC000083900F0CBF90028C9D02378E4184346D0
:108AD0001B79B342B4D84346E41AA0B2C0E7584663
:108AE00000F056FC5A46A3780C3A53716379217909
:108AF0001B020B430A495B058C465B0D63445942DC
:108B00004B41022011795B0081430B43594613719D
:108B10000839002000F070F9D7E7C0462410002083
:108B200000FEFFFFF8B52A251F4CFF35655D0600E6
:108B30001F008D421DD19A235B00E35A002B0ED1FA
:108B40001A4B002B04D000201949BAB200E000BF34
:108B50003000184900F082F901242000F8BD2000FF
:108B6000962331305B00E158BAB2FF3000F064FB6D
:108B7000E6E763798B4201D00024EEE70E4B002B31
:108B800004D039040020090C00E000BF0B4D300078
:108B9000290000F031F901240028DED13A00290033
:108BA000300000F0FDF8D8E724100020000000009D
:108BB000A40F00204C11002000000000281000200D
:108BC00000B5030083B0002910D00020012B07D886
:108BD0000A78002A04D00B48C2540120012A01D08F
:108BE00003B000BD1800FEF7B7FEF9E7012301A9A5
:108BF00000200B80FEF7B0FE0028F1D00122014BCF
:108C00001A70EDE73C0F0020037870B5DB07040015
:108C10000E00DD0F002B17D103785B0701D528006C
:108C200070BD01213000494200F07AFC2378DB0757
:108C3000DD0F002B0AD123785B0708D404222378A8
:108C400001251343237002E00025E8E700253000EA
:108C500000F046FCE3E7C04670B50D0001210400BA
:108C60004942280000F05CFC23785B07DE0F002BF4
:108C700004DB280000F034FC300070BD2378DB07F3
:108C800004D40422237893432370F2E70026F0E70C
:108C9000437902791B0213435B055A0DC3789B0786
:108CA0009B0F022B05D0032B15D00020012B08D0E1
:108CB000704702291CD00020402393424041C0B29B
:108CC000F6E702394B4259410D4B9C4661449142B3
:108CD0004041C0B2ECE702394B425941F023002039
:108CE00049429B001940403191424041C0B2DFE708
:108CF000044B9C46624450425041C0B2D8E7C04643
:108D0000FF03000000FEFFFF8A1870B591420ED2EB
:108D10007F264C78052C06D134008D782C406400D9
:108D2000ED09041963550C7809198A42F1D870BD10
:108D3000F0B5C64600B582B0150008AA40CA0400C6
:108D400017880BAA1288012090460A002178024059
:108D5000814320001143217000933A000123310028
:108D6000083000F065F9002E01D0002F08D10A9BD1
:108D7000012063604346638002B004BC9046F0BDAE
:108D800026001C363000FAF79FF80023002D01D092
:108D9000330000266361A661E9E7C0460120704701
:108DA000F8B5E023070008000C785B00A407E4177F
:108DB0001C4008300D001600403400F071F9002806
:108DC00008D1002E06D0013C264203D101242B7885
:108DD0001C4201D00020F8BD38006978FFF7E2F9A5
:108DE0000028F7D02B781C42F4D100230022380051
:108DF0006978FFF7FFF9EEE7F8B50D0008350600D2
:108E000028000C0000F04CF9002803D0012723783B
:108E10001F4201D00020F8BD30006178FFF7C2F991
:108E20000028F7D028006288616800F095F923785F
:108E3000051E0BD01F42EDD103006268300061783F
:108E4000FFF7D8F90028E5D02800E4E71F42E1D178
:108E500030006178FFF7BAF9DCE7C046F0B5C646E6
:108E600000B58B8906000C00002B07D101250B787B
:108E70001D423BD0002004BC9046F0BDE0230F0013
:108E80000D785B00AD07ED1708371D403800403501
:108E900000F024F9A842EDD30122237890461A422B
:108EA000E8D130006178FFF77DF90028E2D0380082
:108EB00000F014F94246237885422CD81A42D9D1C1
:108EC0006D4205406288281CADB2954200D9101C45
:108ED00085B200226178002D00D062682B0030003E
:108EE000FFF788F90028C5D02800C4E74978FFF7C4
:108EF00059F90028BED023781D42BBD163880022D7
:108F00006178002B00D062683000FFF773F9002809
:108F1000B0D06088AFE71A42ACD130006178FFF77B
:108F200055F9A7E770B506000800B1889A421AD330
:108F3000D41AA4B2002C1CD0A14208D291421AD853
:108F4000531A9BB27381994203D85B1A9BB2994220
:108F5000FBD9F28831685204520C5343C918FCF70C
:108F60007BFC012070BD4D00D41A2C19A4B2002C3A
:108F7000E2D10020F6E78A1893B27381E3E7C04696
:108F8000F0B546464F46D646C0B5884608A90C8877
:108F900006008788A3422DD31D1BADB2002D23D020
:108FA000AF4205D29F423FD9FB189CB23D0074816D
:108FB0002B1C954236D89DB2A74203D8E41BA4B21D
:108FC000A742FBD9F288381B5204530C190099466A
:108FD000336861439C4680B2614485420FD84A465B
:108FE00040466A43FCF738FC28001CBC9046994672
:108FF000A246F0BD79001D1B4D19ADB2CEE74B4620
:10900000584383B21A0040469A46FCF725FC4B466B
:109010004046EF1BE4195C4331685044A2B2FCF7B0
:109020001BFCE1E7131CC6E7DC1BA4B2BEE7C0468D
:10903000F0B5C64600B5040006A80578802088462D
:1090400017001E000002824227D8E068002803D0E3
:109050000121494200F064FA2069002803D001216F
:10906000494200F05DFA4346236073045B0CED0354
:109070001D430023E0686381A780E58023810028E9
:1090800001D000F02DFA20690124002801D000F061
:1090900027FA200004BC9046F0BD0024F9E7C04642
:1090A00010B5048941898288A3B288B28C4207D363
:1090B0001B1A9BB2101C9A4200D9181C80B210BD1A
:1090C0005100091A5B189BB2F4E7C0460389408936
:1090D000181A43425841C0B27047C04630B504899F
:1090E00041898288A3B28DB28C4207D35B1B9BB2AD
:1090F00000209A4201D9D31A98B230BD5000401BCB
:109100001B189BB2F4E7C04670B5040000690D005F
:10911000002803D00121494200F002FA2289638924
:10912000290092B29BB22000FFF7FCFE6189A28861
:109130000B189BB205005200994209D8934207DAF6
:1091400020696381002801D000F0CAF9280070BDB1
:109150009B1A9BB2F4E7C04670B5040000690D008D
:10916000160082B0002803D00121494200F0D8F94E
:109170002389628929009BB2009220003200FFF708
:10918000FFFE6189A28843189BB2050052009942F4
:109190000AD8934208DA20696381002801D000F0E0
:1091A0009FF9280002B070BD9B1A9BB2F3E7C0463E
:1091B000F8B50400C0680E00002803D00121494220
:1091C00000F0AEF9258920896189A288ADB283B209
:1091D0008FB2884228D3DB1B9BB29A4209D8E77929
:1091E000FF0906D1E068002801D000F079F93800C5
:1091F000F8BD2B00954203D39B1A9BB29342FBD23E
:10920000E28821685204520C5343C8183100FCF71D
:1092100023FBA2886B1C9BB252009D4209D99B1A6A
:109220009BB201272381DDE75100C91B5B189BB26C
:10923000D3E79342F5DBF2E7F0B54546DE46574605
:109240004E46E0B504008846150083B0002A6AD077
:10925000C068002803D00121494200F061F9278944
:10926000E2796389A688BFB29BB2D20943D19F42FB
:1092700063D27200D31AFB189BB2002291469E4221
:1092800033D9F31A1A1C9BB2AB4200D92A1C93B2F1
:1092900099464B46002B28D0DB199BB29B463D00DC
:1092A000BE4203D8AD1BADB2B542FBD2E288711B02
:1092B0005204530C18009A46236868439C4689B2AE
:1092C0006044494545D352464B4641465A43FCF714
:1092D000C3FAA3885B00BB4501D39B4503DB5A4619
:1092E000D31A9BB29B465B462381E06800281CD0C2
:1092F00000F0F6F819E0B54222D29F423ED3FA1AA6
:1093000092B2710052198A4208DB9A1992B2571B25
:10931000BFB29346BB4236D97F1ABFB2EB199BB29C
:109320009B46A946BBE700239946484603B03CBC90
:1093300090469946A246AB46F0BDFB1A9BB29CE70D
:10934000AA1BE5881F006D046D0C5543B146A84467
:109350009FE7534659438BB21A0041460193FCF7ED
:109360007BFA49468A1B5146AA184A43019B20684A
:109370004344190092B2FCF76FFAAAE77100CA1AC7
:10938000BA1892B2BEE7A946B94200DD87E7C3E743
:1093900010B50400C068002803D00121494200F044
:1093A000BFF82069002803D00121494200F0B8F835
:1093B0000023E06863812381002801D000F090F849
:1093C0002069002801D000F08BF8012010BDC046B4
:1093D00070B50400C0680D00002803D00121494287
:1093E00000F09EF82069002803D00121494200F0D6
:1093F00097F87F21E379ED011940E0682943E17195
:10940000002801D000F06CF82069002801D000F09D
:1094100067F8012070BDC04630B5032A0CD903009F
:109420000B439B0719D103680C68A34215D1043A7A
:1094300004300431032AF6D8551E002A0BD000232D
:1094400003E05A1C9D4206D01300C25CCC5CA242D1
:10945000F7D0101B00E0002030BD551EEFE7C046DE
:1094600010B583070AD00300032102E001330B4249
:1094700005D01A78002AF9D1181A10BD030019680E
:109480000C4A0D4C8A188A4322420FD15968094A66
:1094900004338A188A43224208D15968054A0433A2
:1094A0008A188A432242F1D000E001331A78002A58
:1094B000FBD1E1E7FFFEFEFE80808080F8B5C0466C
:1094C00001B40248844601BC604700BF6107002028
:1094D00001B40248844601BC604700BFA9020020D5
:1094E00001B40248844601BC604700BFE10100208E
:1094F00001B40248844601BC604700BFB90A00209D
:1095000001B40248844601BC604700BFB90A00208C
:1095100001B40248844601BC604700BFC10000207E
:1095200001B40248844601BC604700BFA501002089
:1095300001B40248844601BC604700BF71010020AD
:1095400001B40248844601BC604700BF1D080020EA
:1095500001B40248844601BC604700BFC107002037
:1095600001B40248844601BC604700BFCD0700201B
:1095700001B40248844601BC604700BF890700204F
:1095800001B40248844601BC604700BF810300204B
:10959000113C00103D3C0010B53D00103D5800103E
:1095A0002545001001560010DD3C0010593C00100C
:1095B000793C00108D3C0010012F0010953C0010EC
:1095C00031330010D93B0010452B0010F17400100E
:0495D00089020010FC
:1095D80042454E4348206576656E743D2573206983
:1095E800643D25752063616C6C733D257520646945
:1095F800676573743D2530386C780D0A00000000EB
:109608002573000042454E434820434F4E46494784
:1096180020626F6172643D72703230343020646948
:1096280061676E6F73746963733D31206370755F32
:10963800687A3D256C75206670753D736F66747722
:1096480061726520726164696F3D616273656E74F1
:1096580020636F72653D2575207472616E73706F3B
:1096680072743D257320636865636B3D25750D0A2B
:10967800000000005553425F434443004552524F97
:1096880052000000424F4F54000000005354415212
:10969800540000005041535300000000444F4E4511
:1096A80000000000B80B0000B80B0000C800000064
:1096B800F401000064000000F4010000B80B000091
:1096C800B80B0000140000002C010000320000005C
:1096D8000100000000000000000000000000000081
:1096E8000000000000000000000000000000000072
:1096F80000000000FFFFFFFFFFFFFFFFFFFFFFFF6E
:10970800FFFFFFFFFFFFFFFFFFFFFFFFFFFFFFFF61
:10971800FFFFFFFF000102030405060708090A0B03
:109728000C0D0E0F101112131415161718191A1BF9
:109738001C1D1E1F202122232425262728292A2BE9
:109748002C2D2E2F303132333435363738393A3BD9
:109758003C3D3E3F0000010102020303102030405F
:10976800AA55AA5500000101020203031020304047
:10977800AA55AA5500000101020203031020304037
:10978800AA55AA5500000101020203031020304027
:10979800AA55AA5500000101020203031020304017
:1097A800AA55AA5500000101020203031020304007
:1097B800AA55AA55000001010202030310203040F7
:1097C800AA55AA55000001010202030310203040E7
:1097D800AA55AA5500000000000000000000000083
:1097E8000000000000000000000000000000000071
:1097F80000000000FFFFFFFFFFFFFFFFFFFFFFFF6D
:10980800FFFFFFFFFFFFFFFFFFFFFFFFFFFFFFFF60
:10981800FFFFFFFF000102030405060708090A0B02
:109828000C0D0E0F101112131415161718191A1BF8
:109838001C1D1E1F202122232425262728292A2BE8
:109848002C2D2E2F303132333435363738393A3BD8
:109858003C3D3E3F0000010102020303102030405E
:10986800AA55AA5500000101020203031020304046
:10987800AA55AA5500000101020203031020304036
:10988800AA55AA5500000101020203031020304026
:10989800AA55AA5500000101020203031020304016
:1098A800AA55AA5500000101020203031020304006
:1098B800AA55AA55000001010202030310203040F6
:1098C800AA55AA55000001010202030310203040E6
:1098D800AA55AA5500000000000000000000000082
:1098E8000000000000000000000000000000000070
:1098F80000000000FFFFFFFFFFFFFFFFFFFFFFFF6C
:10990800FFFFFFFFFFFFFFFFFFFFFFFFFFFFFFFF5F
:10991800FFFFFFFF000102030405060708090A0B01
:109928000C0D0E0F101112131415161718191A1BF7
:109938001C1D1E1F202122232425262728292A2BE7
:109948002C2D2E2F303132333435363738393A3BD7
:109958003C3D3E3F0000010102020303102030405D
:10996800AA55AA5500000101020203031020304045
:10997800AA55AA5500000101020203031020304035
:10998800AA55AA5500000101020203031020304025
:10999800AA55AA5500000101020203031020304015
:1099A800AA55AA5500000101020203031020304005
:1099B800AA55AA55000001010202030310203040F5
:1099C800AA55AA55000001010202030310203040E5
:1099D800AA55AA5500000000000000000000000081
:1099E800000000000000000000000000000000006F
:1099F80000000000FFFFFFFFFFFFFFFFFFFFFFFF6B
:109A0800FFFFFFFFFFFFFFFFFFFFFFFFFFFFFFFF5E
:109A1800FFFFFFFF000102030405060708090A0B00
:109A28000C0D0E0F101112131415161718191A1BF6
:109A38001C1D1E1F202122232425262728292A2BE6
:109A48002C2D2E2F303132333435363738393A3BD6
:109A58003C3D3E3F0000010102020303102030405C
:109A6800AA55AA5500000101020203031020304044
:109A7800AA55AA5500000101020203031020304034
:109A8800AA55AA5500000101020203031020304024
:109A9800AA55AA5500000101020203031020304014
:109AA800AA55AA5500000101020203031020304004
:109AB800AA55AA55000001010202030310203040F4
:109AC800AA55AA55000001010202030310203040E4
:109AD800AA55AA5500000000000000000000000080
:109AE800000000000000000000000000000000006E
:109AF80000000000FFFFFFFFFFFFFFFFFFFFFFFF6A
:109B0800FFFFFFFFFFFFFFFFFFFFFFFFFFFFFFFF5D
:109B1800FFFFFFFF000102030405060708090A0BFF
:109B28000C0D0E0F101112131415161718191A1BF5
:109B38001C1D1E1F202122232425262728292A2BE5
:109B48002C2D2E2F303132333435363738393A3BD5
:109B58003C3D3E3F0000010102020303102030405B
:109B6800AA55AA5500000101020203031020304043
:109B7800AA55AA5500000101020203031020304033
:109B8800AA55AA5500000101020203031020304023
:109B9800AA55AA5500000101020203031020304013
:109BA800AA55AA5500000101020203031020304003
:109BB800AA55AA55000001010202030310203040F3
:109BC800AA55AA55000001010202030310203040E3
:109BD800AA55AA550000000000000000000000007F
:109BE800000000000000000000000000000000006D
:109BF80000000000FFFFFFFFFFFFFFFFFFFFFFFF69
:109C0800FFFFFFFFFFFFFFFFFFFFFFFFFFFFFFFF5C
:109C1800FFFFFFFF000102030405060708090A0BFE
:109C28000C0D0E0F101112131415161718191A1BF4
:109C38001C1D1E1F202122232425262728292A2BE4
:109C48002C2D2E2F303132333435363738393A3BD4
:109C58003C3D3E3F0000010102020303102030405A
:109C6800AA55AA5500000101020203031020304042
:109C7800AA55AA5500000101020203031020304032
:109C8800AA55AA5500000101020203031020304022
:109C9800AA55AA5500000101020203031020304012
:109CA800AA55AA5500000101020203031020304002
:109CB800AA55AA55000001010202030310203040F2
:109CC800AA55AA55000001010202030310203040E2
:109CD800AA55AA550000000000000000000000007E
:109CE800000000000000000000000000000000006C
:109CF80000000000FFFFFFFFFFFFFFFFFFFFFFFF68
:109D0800FFFFFFFFFFFFFFFFFFFFFFFFFFFFFFFF5B
:109D1800FFFFFFFF000102030405060708090A0BFD
:109D28000C0D0E0F101112131415161718191A1BF3
:109D38001C1D1E1F202122232425262728292A2BE3
:109D48002C2D2E2F303132333435363738393A3BD3
:109D58003C3D3E3F00000101020203031020304059
:109D6800AA55AA5500000101020203031020304041
:109D7800AA55AA5500000101020203031020304031
:109D8800AA55AA5500000101020203031020304021
:109D9800AA55AA5500000101020203031020304011
:109DA800AA55AA5500000101020203031020304001
:109DB800AA55AA55000001010202030310203040F1
:109DC800AA55AA55000001010202030310203040E1
:109DD800AA55AA550000000000000000000000007D
:109DE800000000000000000000000000000000006B
:109DF80000000000FFFFFFFFFFFFFFFFFFFFFFFF67
:109E0800FFFFFFFFFFFFFFFFFFFFFFFFFFFFFFFF5A
:109E1800FFFFFFFF000102030405060708090A0BFC
:109E28000C0D0E0F101112131415161718191A1BF2
:109E38001C1D1E1F202122232425262728292A2BE2
:109E48002C2D2E2F303132333435363738393A3BD2
:109E58003C3D3E3F00000101020203031020304058
:109E6800AA55AA5500000101020203031020304040
:109E7800AA55AA5500000101020203031020304030
:109E8800AA55AA5500000101020203031020304020
:109E9800AA55AA5500000101020203031020304010
:109EA800AA55AA5500000101020203031020304000
:109EB800AA55AA55000001010202030310203040F0
:109EC800AA55AA55000001010202030310203040E0
:109ED800AA55AA551C36C84190A1EDB4A79DD47EB9
:109EE800F3AA3907677CA4C371BA8E78AE7C94B2A2
:109EF80022C84ED58214F46417E45E9BA46A616894
:109F08000E8E098479FA7CEF525FD641D2E2D9CE1F
:109F1800BBE6D6505F5BCECE9346BF79689DD27FB5
:109F28005E8E13AE4507B95818FBC9077903AF61B0
:109F3800EFF0E158C5D0EEE761711FDB60C472AF86
:109F48008ED35740FF34873E5FEFCCABC8D9CCD314
:109F5800A27234E034030301E052C478729B75E1C5
:109F680068B0A6F48DF3A439E4C9396E94DA7BD9C4
:109F7800FBB663D17AFEAD4B68AAF7A245BDA9D25C
:109F88002709D276069EB199C854F05BB4C6EAD7C1
:109F9800B272419DBEC10C7D6DC82EF499298F0AFD
:109FA8002EAA12C6F9F6AFC68337BB6AC629C37490
:109FB8008271FC9146E33380286840F1C154B54D65
:109FC800B8DA8F84163BC98DCE8674A0A6AEB421AC
:109FD800DDABAACA6E4D83A45981098FEC5611DAFC
:109FE8008A1F59F81E7D97824BDD4516CF832A5864
:109FF800C90367DC6EF3919880FEC5E1A03FE85A7B
:10A0080097FE869AE7415F502EA9E2FA9BD26C6EC2
:10A0180050765C7D41ED022A6161FEA889E37FCD1F
:10A0280098FD8D67333D7AE24193BF1248D62FC21F
:10A0380098690132C19BD521DB9EB2A15EB9304B34
:10A048009C46B3A143F0DDEA996E6D96D9DCAB80EE
:10A058004F51841AE84595FC0A40C0C60F3B9C3D09
:10A0680066A87C0D0ADC99EA7832215C4A8909DD08
:10A0780034082E5C8700AC99C124AA54B37F2CD035
:10A08800E4D38A2000280B535A87C8892EDF96D23A
:10A098001186DCB85515289351518F6C5CFCAF4D77
:10A0A8008E878D79DDEEC71FE3A74F48131940E56A
:10A0B800CA597AB7A0A156980B20DBBB1755DCE725
:10A0C800DE62CD2A02CFE3673655DBED7A1E869F26
:10A0D800CFEA1550E1D25910368FDCE7012222076A
:10A0E800EDA119B6A039A7BE84C31C5ECD81B038D6
:10A0F800AB5DBE62D7437D8961155A569C60627616
:10A1080014A5375A22B8374E783F1F67F9C6B8E604
:10A11800852C81E2062E7CB4A79D55155AE51D04B1
:10A1280025A083764424CE7F46A9F1066F08C1A3F3
:10A1380048B7119139BB25E99272EAE49FB89DE9C5
:10A1480095E2E3CAAA8D87D0A7D47FD67027815B12
:10A158008741AAAAEBF97E6490709D0D63E52D48AE
:10A168004FFDF61DF1FCAAE41BEA5C3D81BC995247
:10A17800F7F3DBEA3BD62C89B8F4F5B67BFA6284B0
:10A18800EB1076AE1F951221E2F2DC7828DC0D98F0
:10A198008BA039585A4CCC835B98B97D5E917A3242
:10A1A8004945C6EFBED730AF93FA366D4CE90CFF80
:10A1B80092910A787ADA54C2FFA24D8E0D95409892
:10A1C8003337750B02327FC961294F1A16EFCE77E4
:10A1D800C584F27210AC2522BB85675808E7C43BDA
:10A1E800641A8642B7DA816379218E1811EF924E8C
:10A1F80029B6A29534F1D625CED823516ECC08794C
:10A208005CB4DB9EF5375A88A6FEA6EE65D1F5ED5F
:10A2180065485BFA23EF9BADA25DFB812EEDA06341
:10A22800C5E4BE4E05C736E3C95E47E6A4430A390E
:10A23800B6BC000D4080C1E62BE6D51B8CEE9F63B3
:10A24800EFC371C466598ED81299B458D4B9341C66
:10A258002407B1AE4ACFAE83398B68F2FA926CD339
:10A268004DA31EAE242668F67510A96CF3FE186E71
:10A27800AFA8A68BDD89D341B015F918881CF791D2
:10A2880092974D35E0CAA43137ABC2954218FC21EC
:10A29800CAE5814483781A28E33ED04BB229B7E156
:10A2A8009BAB4D92685B52752277174B6F94C2A394
:10A2B800FFD99F188C1B06F508A05D8D2B1553E35D
:10A2C80016837EA02C408450840B5B7B0B772D91EA
:10A2D800D8B2975201495D965B98DF6A94006DD3B6
:10A2E8001A113A5D8492B609698C52BFD509910654
:10A2F800C3F559B5719F0D7525B189A97979E01B09
:10A308004080F91B401D4A9CE443E2B871A3AC4766
:10A31800BBA7856B0F1E5397580FF44A93935B1096
:10A32800FAAE0786620A13B39AAB645AD85AF17E1A
:10A33800EBD48D0C721E04301A7CEEAF4AB9C8E714
:10A34800F405ACEE9163CE75450896466DC51429A3
:10A3580009676E9FF266B3201C6B6A39C38F327D22
:10A368000D105999B1D21A8BD15E4DDCEB182A82A7
:10A378002DE43D5D1B16FB9F935DF6FDA067D0FEA7
:10A3880068EFA90F383E2436EAF1E70905E3B6A9D4
:10A39800EA9FCF181BE2607A47687A2F50E533C6E8
:10A3A8001333C40F3CCD7197517955CC4DF54F0DF2
:10A3B8001E019F914C5621CCF9C278E868D83CBD63
:10A3C8004CD720AB123D4CC810C23846D6FFD244F9
:10A3D8000FAC15770C55BF530302B467C18F4A7091
:10A3E800C3E817B00F8B06C11D1452E7DB973F5423
:10A3F80043DDA915D55BF7F58B7F0EA28A59BEB947
:10A4080055A9EA0CDB6BAA6BFD56861F274C6FA279
:10A418003336012F657C2D2DF9274595160EEC4214
:10A4280065CF3BAA9DCA155D4B0567FD80F2466363
:10A438009EAA72BE7353A7CD7FE66E6C9EAFC5FC15
:10A4480016434DC2642180C01850BAB26038EF9BE1
:10A458006FA9F3D514EE00F5B9306CE2707E42E6D0
:10A46800C711FB1E52AD730E1BB6C13EFFF6D59148
:10A47800F078E2E69E13353FD71B6B6BE3FC0A616D
:10A48800B703379DB4936301B838046B2D4514099D
:10A498003B1432D7D2BD7E4683E7DFAE5F44140358
:10A4A8006FC04B7AF16A7BF60DB82EF62FEE0608D0
:10A4B800DF30DCFF2A9A223E7B4B4619A9A1166A97
:10A4C800017E0CD6A425BDB93B685394948CD55F06
:10A4D800EFC592D165E34D06A0A5C4856BF825218B
:10A4E8005EAC9510955AB25B17F47A9CAA9D7323BB
:10A4F800E58073178CB696E7E5FF92B0EA2AFE0F5F
:10A5080096832713CBD7DED188BA135A8385F64EA4
:10A51800D69A333DEA0EC5AA6237C13922F9EE8BC5
:10A528003AF60F6A6757F0C69FC22A5816C04FFB03
:10A53800E2E5C8488B95B5F72A01F6C07B56E5C019
:10A54800C728DBE5F11CE9A26DD2630EE1970FD7AE
:10A5580088D98E0AFD3393A065C1CB8ECFB2C201D4
:10A56800B76F1E1925B6503371B47529B04AF10B6F
:10A57800E2C054F49390646AB9CB89E7A9EEA76C5A
:10A58800CA079D3D56FC9EDAACB67A7EF20F4E5055
:10A598008B11144EF69FCFC012FBF9124751464B50
:10A5A800DE80FD08006B974BFA9B5F5E90758E61AD
:10A5B800ACB4F5C27D21834377961AF05202A67394
:10A5C800E2B11FA91D3F72692C27A57C2A0F766B63
:10A5D800499AB1BDFC763B16A0351EAF6AF0433AE6
:10A5E800B6E2868875D28B2CF323886481E76621CE
:10A5F800753C6275B998DCB40FBAB5C73B7A037D70
:10A6080053F864324874790648EBC582A603AA7ADF
:10A61800FF007063883F44D282A580D3404A7E8C75
:10A62800B55E13AC1386B4B588965562E9BD22B4FD
:10A6380098F5F2D7646781DF56462707A4D07031B2
:10A64800D2351EDFF71C05E2137D38752AF0FAF4BF
:10A6580001C19701C7893ECD1EF5E555D50C1DA54D
:10A66800BDFC047D38A8032A47B9E7BF71B2B472AC
:10A67800671B592728B45200F41661AD295FBC66E0
:10A68800389469CD177DB21E1660446F795C84CE0C
:10A69800A358A73515E1348C1E9BE2C6FB2037A9C9
:10A6A8009EF192794169DC6E1653D480CA03EBE3BC
:10A6B800A01EF3BAA20B315CA4AE0190E18AC56B6F
:10A6C800E7D9C46DB37C9B8DDA8491B1B9AD82278B
:10A6D8002E324DEB80858A8F94989DA2A6ABAFB39E
:10A6E800B8BCBFC3C7CACDD0D3D6D8DADCDEE0E168
:10A6F800E2E3E4E4E4E4E4E3E2E1E0DEDCDAD8D651
:10A70800D3D0CDCAC7C3BFBCB8B3AFABA6A29D98C0
:10A71800948F8A85807B76716C68635E5A55514D3B
:10A728004844413D393633302D2A28262422201F1B
:10A738001E1D1C1C1C1C1C1D1E1F20222426282A12
:10A748002D303336393D4144484D51555A5E636882
:10A758006C71767B80858A8F94989DA2A6ABAFB3E7
:10A76800B8BCBFC3C7CACDD0D3D6D8DADCDEE0E1E7
:10A77800E2E3E4E4E4E4E4E3E2E1E0DEDCDAD8D6D0
:10A78800D3D0CDCAC7C3BFBCB8B3AFABA6A29D9840
:10A79800948F8A85807B76716C68635E5A55514DBB
:10A7A8004844413D393633302D2A28262422201F9B
:10A7B8001E1D1C1C1C1C1C1D1E1F20222426282A92
:10A7C8002D303336393D4144484D51555A5E636802
:10A7D8006C71767B80858A8F94989DA2A6ABAFB367
:10A7E800B8BCBFC3C7CACDD0D3D6D8DADCDEE0E167
:10A7F800E2E3E4E4E4E4E4E3E2E1E0DEDCDAD8D650
:10A80800D3D0CDCAC7C3BFBCB8B3AFABA6A29D98BF
:10A81800948F8A85807B76716C68635E5A55514D3A
:10A828004844413D393633302D2A28262422201F1A
:10A838001E1D1C1C1C1C1C1D1E1F20222426282A11
:10A848002D303336393D4144484D51555A5E636881
:10A858006C71767B80858A8F94989DA2A6ABAFB3E6
:10A86800B8BCBFC3C7CACDD0D3D6D8DADCDEE0E1E6
:10A87800E2E3E4E4E4E4E4E3E2E1E0DEDCDAD8D6CF
:10A88800D3D0CDCAC7C3BFBCB8B3AFABA6A29D983F
:10A89800948F8A85807B76716C68635E5A55514DBA
:10A8A8004844413D393633302D2A28262422201F9A
:10A8B8001E1D1C1C1C1C1C1D1E1F20222426282A91
:10A8C8002D303336393D4144484D51555A5E636801
:10A8D8006C71767B80858A8F94989DA2A6ABAFB366
:10A8E800B8BCBFC3C7CACDD0D3D6D8DADCDEE0E166
:10A8F800E2E3E4E4E4E4E4E3E2E1E0DEDCDAD8D64F
:10A90800D3D0CDCAC7C3BFBCB8B3AFABA6A29D98BE
:10A91800948F8A85807B76716C68635E5A55514D39
:10A928004844413D393633302D2A28262422201F19
:10A938001E1D1C1C1C1C1C1D1E1F20222426282A10
:10A948002D303336393D4144484D51555A5E636880
:10A958006C71767B80858A8F94989DA2A6ABAFB3E5
:10A96800B8BCBFC3C7CACDD0D3D6D8DADCDEE0E1E5
:10A97800E2E3E4E4E4E4E4E3E2E1E0DEDCDAD8D6CE
:10A98800D3D0CDCAC7C3BFBCB8B3AFABA6A29D983E
:10A99800948F8A85807B76716C68635E5A55514DB9
:10A9A8004844413D393633302D2A28262422201F99
:10A9B8001E1D1C1C1C1C1C1D1E1F20222426282A90
:10A9C8002D303336393D4144484D51555A5E636800
:10A9D8006C71767B80858A8F94989DA2A6ABAFB365
:10A9E800B8BCBFC3C7CACDD0D3D6D8DADCDEE0E165
:10A9F800E2E3E4E4E4E4E4E3E2E1E0DEDCDAD8D64E
:10AA0800D3D0CDCAC7C3BFBCB8B3AFABA6A29D98BD
:10AA1800948F8A85807B76716C68635E5A55514D38
:10AA28004844413D393633302D2A28262422201F18
:10AA38001E1D1C1C1C1C1C1D1E1F20222426282A0F
:10AA48002D303336393D4144484D51555A5E63687F
:10AA58006C71767B80858A8F94989DA2A6ABAFB3E4
:10AA6800B8BCBFC3C7CACDD0D3D6D8DADCDEE0E1E4
:10AA7800E2E3E4E4E4E4E4E3E2E1E0DEDCDAD8D6CD
:10AA8800D3D0CDCAC7C3BFBCB8B3AFABA6A29D983D
:10AA9800948F8A85807B76716C68635E5A55514DB8
:10AAA8004844413D393633302D2A28262422201F98
:10AAB8001E1D1C1C1C1C1C1D1E1F20222426282A8F
:10AAC8002D303336393D4144484D51555A5E6368FF
:10AAD8006C71767B80858A8F94989DA2A6ABAFB364
:10AAE800B8BCBFC3C7CACDD0D3D6D8DADCDEE0E164
:10AAF800E2E3E4E4E4E4E4E3E2E1E0DEDCDAD8D64D
:10AB0800D3D0CDCAC7C3BFBCB8B3AFABA6A29D98BC
:10AB1800948F8A85807B76716C68635E5A55514D37
:10AB28004844413D393633302D2A28262422201F17
:10AB38001E1D1C1C1C1C1C1D1E1F20222426282A0E
:10AB48002D303336393D4144484D51555A5E63687E
:10AB58006C71767B80858A8F94989DA2A6ABAFB3E3
:10AB6800B8BCBFC3C7CACDD0D3D6D8DADCDEE0E1E3
:10AB7800E2E3E4E4E4E4E4E3E2E1E0DEDCDAD8D6CC
:10AB8800D3D0CDCAC7C3BFBCB8B3AFABA6A29D983C
:10AB9800948F8A85807B76716C68635E5A55514DB7
:10ABA8004844413D393633302D2A28262422201F97
:10ABB8001E1D1C1C1C1C1C1D1E1F20222426282A8E
:10ABC8002D303336393D4144484D51555A5E6368FE
:10ABD8006C71767B80858A8F94989DA2A6ABAFB363
:10ABE800B8BCBFC3C7CACDD0D3D6D8DADCDEE0E163
:10ABF800E2E3E4E4E4E4E4E3E2E1E0DEDCDAD8D64C
:10AC0800D3D0CDCAC7C3BFBCB8B3AFABA6A29D98BB
:10AC1800948F8A85807B76716C68635E5A55514D36
:10AC28004844413D393633302D2A28262422201F16
:10AC38001E1D1C1C1C1C1C1D1E1F20222426282A0D
:10AC48002D303336393D4144484D51555A5E63687D
:10AC58006C71767B80858A8F94989DA2A6ABAFB3E2
:10AC6800B8BCBFC3C7CACDD0D3D6D8DADCDEE0E1E2
:10AC7800E2E3E4E4E4E4E4E3E2E1E0DEDCDAD8D6CB
:10AC8800D3D0CDCAC7C3BFBCB8B3AFABA6A29D983B
:10AC9800948F8A85807B76716C68635E5A55514DB6
:10ACA8004844413D393633302D2A28262422201F96
:10ACB8001E1D1C1C1C1C1C1D1E1F20222426282A8D
:10ACC8002D303336393D4144484D51555A5E6368FD
:10ACD8006C71767B80858A8F94989DA2A6ABAFB362
:10ACE800B8BCBFC3C7CACDD0D3D6D8DADCDEE0E162
:10ACF800E2E3E4E4E4E4E4E3E2E1E0DEDCDAD8D64B
:10AD0800D3D0CDCAC7C3BFBCB8B3AFABA6A29D98BA
:10AD1800948F8A85807B76716C68635E5A55514D35
:10AD28004844413D393633302D2A28262422201F15
:10AD38001E1D1C1C1C1C1C1D1E1F20222426282A0C
:10AD48002D303336393D4144484D51555A5E63687C
:10AD58006C71767B80858A8F94989DA2A6ABAFB3E1
:10AD6800B8BCBFC3C7CACDD0D3D6D8DADCDEE0E1E1
:10AD7800E2E3E4E4E4E4E4E3E2E1E0DEDCDAD8D6CA
:10AD8800D3D0CDCAC7C3BFBCB8B3AFABA6A29D983A
:10AD9800948F8A85807B76716C68635E5A55514DB5
:10ADA8004844413D393633302D2A28262422201F95
:10ADB8001E1D1C1C1C1C1C1D1E1F20222426282A8C
:10ADC8002D303336393D4144484D51555A5E6368FC
:10ADD8006C71767B80858A8F94989DA2A6ABAFB361
:10ADE800B8BCBFC3C7CACDD0D3D6D8DADCDEE0E161
:10ADF800E2E3E4E4E4E4E4E3E2E1E0DEDCDAD8D64A
:10AE0800D3D0CDCAC7C3BFBCB8B3AFABA6A29D98B9
:10AE1800948F8A85807B76716C68635E5A55514D34
:10AE28004844413D393633302D2A28262422201F14
:10AE38001E1D1C1C1C1C1C1D1E1F20222426282A0B
:10AE48002D303336393D4144484D51555A5E63687B
:10AE58006C71767B80858A8F94989DA2A6ABAFB3E0
:10AE6800B8BCBFC3C7CACDD0D3D6D8DADCDEE0E1E0
:10AE7800E2E3E4E4E4E4E4E3E2E1E0DEDCDAD8D6C9
:10AE8800D3D0CDCAC7C3BFBCB8B3AFABA6A29D9839
:10AE9800948F8A85807B76716C68635E5A55514DB4
:10AEA8004844413D393633302D2A28262422201F94
:10AEB8001E1D1C1C1C1C1C1D1E1F20222426282A8B
:10AEC8002D303336393D4144484D51555A5E6368FB
:10AED8006C71767B67E6096A85AE67BB72F36E3C78
:10AEE8003AF54FA57F520E518C68059BABD9831F4D
:10AEF80019CDE05B982F8A4291443771CFFBC0B5DA
:10AF0800A5DBB5E95BC25639F111F159A4823F922C
:10AF1800D55E1CAB98AA07D8015B8312BE85312485
:10AF2800C37D0C55745DBE72FEB1DE80A706DC9B46
:10AF380074F19BC1C1699BE48647BEEFC69DC10FF2
:10AF4800CCA10C246F2CE92DAA84744ADCA9B05C2E
:10AF5800DA88F97652513E986DC631A8C82703B0F1
:10AF6800C77F59BFF30BE0C64791A7D55163CA06FF
:10AF780067292914850AB72738211B2EFC6D2C4D0B
:10AF8800130D385354730A65BB0A6A762EC9C281F9
:10AF9800852C7292A1E8BFA24B661AA8708B4BC28F
:10AFA800A3516CC719E892D1240699D685350EF4B9
:10AFB80070A06A1016C1A419086C371E4C77482770
:10AFC800B5BCB034B30C1C394AAAD84E4FCA9C5BE6
:10AFD800F36F2E68EE828F746F63A5781478C88437
:10AFE8000802C78CFAFFBE90EB6C50A4F7A3F9BE19
:10AFF800F27871C68D01020408102040801B3600CB
:10B00800637C777BF26B6FC53001672BFED7AB761D
:10B01800CA82C97DFA5947F0ADD4A2AF9CA472C0C8
:10B02800B7FD9326363FF7CC34A5E5F171D8311535
:10B0380004C723C31896059A071280E2EB27B27556
:10B0480009832C1A1B6E5AA0523BD6B329E32F84CE
:10B0580053D100ED20FCB15B6ACBBE394A4C58CFC6
:10B06800D0EFAAFB434D338545F9027F503C9FA89A
:10B0780051A3408F929D38F5BCB6DA2110FFF3D268
:10B08800CD0C13EC5F974417C4A77E3D645D19731C
:10B0980060814FDC222A908846EEB814DE5E0BDB16
:10B0A800E0323A0A4906245CC2D3AC629195E4794D
:10B0B800E7C8376D8DD54EA96C56F4EA657AAE08A7
:10B0C800BA78252E1CA6B4C6E8DD741F4BBD8B8A42
:10B0D800703EB5664803F60E613557B986C11D9EA8
:10B0E800E1F8981169D98E949B1E87E9CE5528DF1F
:10B0F8008CA1890DBFE6426841992D0FB054BB164B
:10B108000102010001010100010203020100000027
:10B1180054220010DE230010D0230010B6230010A4
:10B12800A8230010982300108A230010762300100B
:10B1380058230010442300101E230010E2220010A0
:10B148008C22001066240010982600106426001037
:10B15800E8250010E0250010B62500108E25001007
:10B16800FA26001068250010B0240010A62400104C
:10B178009C240010B0240010303132333435363777
:10B188003839616263646566303132333435363755
:10B198003839616263646566303132333435363745
:10B1A80038396162636465660000000000000000D1
:10B1B800000000003B7DD85D2526561DC10709B952
:10B1C80050718F4477805F094A4FB7DA57F4EF77A9
:10B1D800EF08B5904109FC85C77508C5692C8D73C2
:10B1E80031D995009CBA175E199F1963C2CE3FB634
:10B1F8006B00A4058981BFCEABD9787A96C9227D28
:10B20800DF2B8A9D7EEE93A1F2C20254B0893038BA
:10B218008CE3FC2999A1E02229B39E97E3246111CC
:10B2280052CEC4C19CA4D3B71B19F75BFA584B6F15
:10B23800C787A17D18639D4A21E433A32CDCC94F3D
:10B24800385F61DA5D11AFB3F3AB6F1FEF002CF914
:10B25800353BCA542FCADAA99EDBE33DF22A9896F9
:10B26800869FB87E75888DA4DA5FEB84C02270C98A
:10B27800FDC3D04B04D8B0F85F3FD32D9A1A440AC7
:10B288001520C71356129B2B118E4332ADC6A8C189
:10B2980055CF07E8FBA98BF2EC247A8CA7BF3CD1E9
:10B2A8008C05252CBA57FBF6BD5C9A0A0361462427
:10B2B800CF3206481B743E9E896E2AB27CF70C4A30
:10B2C800E2F5DB5D6756E93745A45CE4562F0D3E91
:10B2D800DAD61FC7D6ED7B0F981EF93CF7C23AB0F5
:10B2E8002974E03B30E119764BD46A75DDE830818A
:10B2F80063182E1A13F142530B93F1B534DDAF14D2
:10B30800C10177DEB3BEE3946274FDD1ED332A0048
:10B31800C9D239279587B745D0116772B2A794E586
:10B3280088CE1A81D815DFC43B0D803E1FAEF60EBD
:10B33800C165B89E2E9EC5FB5295DEDD08B306900A
:10B348008626581B93E42C94EB5C9FA8ACB0C46A87
:10B35800B787606CB7A7500508C686B02179D12792
:10B36800C7AF9EA0F93DCBC67DBB9E675CC5DCE23E
:10B378004F34D2E40EA5039E5B64B260057D78FD70
:10B3880066C714C87AC092C2A78C6FA235CE721451
:10B39800D27E3C198BFB5354B9D99836F32498B80C
:10B3A800FC5722AEDD93F868D05871C7646F9325B7
:10B3B80096DBD112B5F16F9FCB1641D91063EB48DC
:10B3C8005FF02C167E6EE951A6D33AF44A3E9C688B
:10B3D800F50A36FB63161411756752A9880AB84234
:10B3E800FAB857C914C194AD4A241828892A6A5D45
:10B3F8007ACBCEC2BD256EC97A6264DA0A113F5E85
:10B4080078993CAE1972AE44528ED58C917AF283FB
:10B418008467BC3AF190E9C38ECB47061AE43F47EC
:10B42800DF7DA00F9A864F4D6B460CF2942E99083B
:10B4380022B03252B245B665ABAFBDDE67835A2340
:10B448004B6F1F84315EAB063649537A9EB0CDA54B
:10B4580032CE4DA87DBBEA7C2425591BD888244DC3
:10B46800FE9D4690128A76EBC2CBF74B64367B8200
:10B47800F434207D8B5285F43652A997D53A813D14
:10B48800355D814E8DD2DECC6B423D4A9574DBBE74
:10B49800868621A73989DEBB7C97CC38E9C5B331CC
:10B4A800292C3A2416D593BBE3DF3A4E53C91DB372
:10B4B80074F38BA94441DF232DA04987FCC5FDF611
:10B4C80028960DB994C250FD32E62BFC55BBECC949
:10B4D8007E3C317C99DB43AF50B4633B6F95353785
:10B4E800D71CE359B973338645A8631DDD7610650B
:10B4F80046A9CCAD3CB087D4AC475B2EEF6EA869AB
:10B50800639B968FBB8A062C53B066ADA8E4F18A7C
:10B518000A7B1358D11FE860108D18C0671023915B
:10B5280039DD956E38D734DD135B6EECF6C1DD3648
:10B53800D2C0CF90F7017476451E3694C2F7BDBECF
:10B5480059FA5A8656C268CFE892863F55F52E05B5
:10B55800790E723ECAD623AB561746BAD6998736A5
:10B56800D79F6274A528D6D022A1FA451E9B94C9FC
:10B5780008E2A60A172B3E5CC53C01C2D3A9DC88A9
:10B58800A104ABAE3468A38AAA2E70CCCBE56EA614
:10B5980097D7D91D9D0A95AE9A88713AA20DE18870
:10B5A80096B937496D63CC258B299DE63871E6A697
:10B5B800C9F07AD8347E591F117A230AA6F0664951
:10B5C800E5C1566FAF5DC86E1DE83EFCBE6A608C73
:10B5D800AA1A3F9B92242228566825975E200C457C
:10B5E8003883ABE369BE8F9780C8F6C29968284252
:10B5F800D4C4A218AC6EF85808AEC6C57C63BC5754
:10B60800D1095B8C437C26E5288DE521F3DB200CF2
:10B61800B42CB13FA96C5EC5177022A6BAC9ADCFCC
:10B62800729ECC731587A41F00C9511C1522CB87A5
:10B638000C8D3E448C1D8342EFA4442B55554D9FE1
:10B64800115B4130295D55C6C55344DB7FEBD12DD5
:10B658000D055F683E8767BC600DD97C04F20FFF5B
:10B6680026C683D3AA56005FB1411A1227169176CF
:10B67800F41A9BE69930A08427052C5C4BC5EED6BE
:10B688000592992A80B3E8384C61AC68D72E59875F
:10B698009476A682349471E8075D34A5F0C33D57CB
:10B6A800BD8156262765670B2A031C44F13B10F41D
:10B6B800FEA925EBD7C50C2E354ABFBDBB38A97AE4
:10B6C800A2AF4A6A6E4395C1DC12BE37A469C68F21
:10B6D800592FC467A70C70D969177B20CCE32513B1
:10B6E80038F4DA7D7A6A56337BC07FE3AB2819BB1E
:10B6F8002767A361E4DA8E0F14897B4E91EC3A98A0
:10B708003EC9AD2EC4B9B4063008CF9586A10EE760
:10B71800A884C523CBD81FB6687829B9EBA187E5DB
:10B72800040714FAFBF68336150F087693FBE10439
:10B73800BEBEF87DD2898F73C970A199CC1E540BF7
:10B74800E40B0AB7A757A003A1CC303D6A3F99EB99
:10B75800BC6276C9960FFD620D5B4953135C798311
:10B768000A172C323484740A693738F27C600A3C30
:10B7780051405338C9437DAD812D269256B3D11817
:10B78800C4BF458509556311618558D67DB27BC014
:10B798001F8FCE734152219939A00B27864553AB91
:10B7A800B580620641020856135409945DCE40A242
:10B7B8007A239C0ED73938AFBD98ADF0E9ACF9952E
:10B7C8004F78A35A48AD54AF85BD84C8C4DEB9CA02
:10B7D80063551BAFA22566CBDF7F68F235767CD92F
:10B7E80087FC94DFF7BEC4DDA4992E635E0F157E37
:10B7F8008254A67DA8949D36BB3B99AF87A139D6C4
:10B80800AD8615B69671A5FD886F8630B2C1BF3971
:10B818000909372766819518F4CE134379FCA9578F
:10B82800A8ADEC2B85DC803919D154F9E10A98D3FD
:10B83800884A9DC6B37FCCAAAFCF4214410C3E289C
:10B848005E6F837442FAB7DDD06AA38B20E5167A5F
:10B85800913293CBB407A60AE6C898B9F03A6FC5F7
:10B8680010DC49FDDE9E8194205464771E78ACC2BA
:10B87800723BAA15B65199A65514015AAF755DE2E7
:10B888004A6FCA656A11EA4A6C2C981DEDB41ECF3E
:10B89800BD48804281A6593F847AE95AB04C4B7E14
:10B8A80098027FD2626C2B1E1348D8ED9B6402D499
:10B8B80094C4BDFCAA19616330A60263723B7BBFC6
:10B8C8006DE8149FC5C4662B9AA5699D5A174F0643
:10B8D80024D8A5A4F54C8A36FDD3DA9BE3DDA9C7A5
:10B8E8002D6DAE1696D24A8B121D005F45C113709E
:10B8F8001728BF19CF19F49FB212941818CA7731B4
:10B90800A80C7D88DD0A64B6084E525A1D5CB6C480
:10B91800951E0BC2CF1BA6A19C6D9F14B368C17066
:10B928003ABE23E649E44E22E5777FD9DBC515BF49
:10B93800663BFCE83BE4A7B983669B791151D6EFD7
:10B94800523ABC60E8528F3E6E72011F1EFB17B759
:10B95800BB6DD55C6CB252767C05671E2BF188DF17
:10B968006BD5CAE012F6B014378F69C1B585383087
:10B978003150AD27542C447072CF4A9148CC0EA751
:10B98800C5E9DA42B0D9EE341B6C4EE6B6A702EB35
:10B99800B392A404BEAA2415E19750D3EAA7ABD169
:10B9A800D45B2BB86A9C2D91EC7D1E7561DF5BFC26
:10B9B8000B0AEBC2377222E061A924C591CD9C27FE
:10B9C800EA163ED4C1318D81240FCDC6C3C5690E98
:10B9D8002C5A9C704DF1CD524928B974340EB69446
:10B9E8009775834F1271439EA463B37AE6B27FD4EE
:10B9F800AE523204488A8893CFB08D1E24A49A7917
:10BA08004FF335AB2C885BE175E0775657BA523760
:10BA1800F467CE565153D9110682B1AFD61143D32C
:10BA280072CA1165721D8C2F11C61B62056A6E1AC7
:10BA3800B93E6BD95CCEAEC7247A4337599E7B0A90
:10BA4800B68CFE38FC0BF9B3BB4DF9B52C28B1AB5D
:10BA5800A163E9ADE81458A48548C98A47BA002209
:10BA68002238325DECB2C273D4FB632D5BDEEE5339
:10BA7800BE286B9AAD97EA79CD2050F6F9E72EAB40
:10BA8800ABA424F66F168DE81E6893121457B14DB7
:10BA9800717E345587AEE6A7A63BAABC6EEC9E0520
:10BAA800E78E91412C7808B72538348AA75EB116FD
:10BAB80005A0ED1D18277EF3D010053DA190D8D61E
:10BAC800235D2F79557015E77828418FF9D4AF4950
:10BAD800CAF3594B62043B70131BC486B3157C5BD5
:10BAE8004062961A5C965E3D6140DDBEBB9EDF1DDE
:10BAF80029121EB9FB3B842996D48F2A99A6FBAE3E
:10BB0800BECEC8F5F2A447E264939E5E79FC36B8CF
:10BB1800D3F9FC11A3EAB0A79E0B3F6792289B9E1E
:10BB280067F5E793FC51CFDBFC3F5E4A1763C5AF6F
:10BB38009CCAE86D2252E5580777DBB525C90A9BF0
:10BB48006B43E6C0AA8AAB9875C092E027793D7C22
:10BB5800A722D93AA835808B9367BD05F75742B01D
:10BB680069FBCBB1301B1ADC126EE833916E2FECF7
:10BB7800D710121974C27EF55FD711339A3927D0BE
:10BB8800BB88062BB24C9F822E0BE08F790A57D5C3
:10BB9800B57A9970AEFD7C20BE02680D1F4EB80ABA
:10BBA800FB8AAB76ECA1E3FC552020CA400216E7DD
:10BBB800203CCDF89B4A022917B07F3FD82004C902
:10BBC8000415BF4C1765963436B0370832C3C1DE4A
:10BBD800C1D1CF20213C51B275470A62AE9182692A
:10BBE8002BF2E0B5E16B115D36776ECA47805C6772
:10BBF80023DAD25774A1543AFD5FB17C3A11DB6164
:10BC080076BD959E855CEB525F8C40D85E6B49C0D3
:10BC1800AB814812B20E9884F4995F8A1728238260
:10BC2800C6C45E70EC43DFD06FC1A0347FD44864D3
:10BC38009B0D9D8B73D7A71953926142BEFE28575F
:10BC480055305A64A44B8536ACCF5C39A36F3E7827
:10BC580091BC850FB7ED985E515975ED9ACA86600B
:10BC68007E724070D008919BED82F50EC3803C2017
:10BC78006F77199437F589018E2D2F010BFF904EA0
:10BC8800A57D0AE4507138B780C6FD822BFA2E993B
:10BC980082B32CAEDB118736C38FC318CFB991821C
:10BCA800F9C3F1412E6E6E1C07E25D97D2DA93E27A
:10BCB800FF3CA230CF318E08B4D69FA6036695FB11
:10BCC800B7DD54E5DA7F64552F3001AAD21191040B
:10BCD80095FCC581BD37206C3ACC9AF84F19E0E63F
:10BCE8003EE458471E0903EEA8C545436F7DC04C86
:10BCF8007D6A417AA41BB4AAE7DD7AE44C6992987C
:10BD0800F85AFC7C8AC00F463075DA0AA22C3F62CA
:10BD18001677BA34ABC474941095F8AA8D51FB5BAE
:10BD2800C5AA47E6DB420ABB66248FED03BCC851AF
:10BD3800E6E31B7E45CAB83357BB53DCB49D426863
:10BD4800817EB76BC032C91430B0EC0D371D3EBAD6
:10BD5800C2A6AB8CA5C9B92345CB0AB381782F25D8
:10BD6800C2BF3423A050A2714BBA4EE8AEDE2915EB
:10BD7800A6BB8B07D7DAD700D5E2525DA2D321053F
:10BD88008779AD348361D1D0F4CA2085D02B33B5FF
:10BD9800BF4A1AC5E09F4B5EB971B4C13491E8BB84
:10BDA80012C7C3B6B50E6255578056DAE9BB38B428
:10BDB800ACE4775574BF7F6971A1CC6FE7912FDB35
:10BDC800B8EFF3ABEF81132D05DB3485717A036689
:10BDD800F524A8CB04EBA2A26465CCF89D270673D2
:10BDE8002FFFD623F9234824D40A0354C8C6C663B0
:10BDF800B89F703495CF5FFCB36049A7E7C2F9815B
:10BE08006D14086A5B0AE99AEE8D2F3C5B6D5B75D1
:10BE18000FD36A1D28C4968BF81431767C8B7D5815
:10BE280075642E3CAB59B31BD18BA613EBBF9CECAE
:10BE380013E4B2101E7A746BD2B415E5CCBA5B1554
:10BE480000B8E46FF0E7A894092779DAB1D1715DF9
:10BE5800C7D4C050808B6B1E5966E7E9F5EB784E66
:10BE6800EA91D7C394DDBBE9671A6BEE1BD7B848D4
:10BE7800ADD3E5A8BD6EFEE88E3589F1CA841CD91C
:10BE8800F75CE58167CB8DD0028F29F71B6F1EA366
:10BE9800538B1F812EF0DEB665DF8EA10FDDC370D8
:10BEA8003DAA5784303BD5EE2F9EC087791F01B23B
:10BEB800EDA0D4FD6982ACC748E99FF4282332A9D4
:10BEC800027899FAC3C42221294BF666789D347CFE
:10BED800AF16C64F7DD8894F4ACF745D096C5EDFB7
:10BEE800067676EAD3A8A5591E23CA7096549FDA17
:10BEF80047CCAFE239FE8838FDDC2BDB3723313EF7
:10BF0800F863DDAE24816E09D3152D71D3B8CC51F9
:10BF180095FC86E213DA1FF7B138EFC4DC2054B37E
:10BF28000CF6CD9EDBB94F7BA002C3B0A9FE6B1304
:10BF38006BFC778C34469F2E453ACF907FD610768F
:10BF4800257C4DFEF22F55809B94E5B94D7C010E62
:10BF580012CBE5057056CE9D82CDFBE3E55E1CC88D
:10BF6800F76337140F29EC9F41925819A5A1C2D045
:10BF78005ABDC2ECD9E6E38F392CCB60FEF4D0EC85
:10BF8800D5B707883DB35579F0FD26E0074B95C72F
:10BF980023BDA75DCCE2DA4BFB534EE97046AF9860
:10BFA800BFF85B2A44E1A30C5EF82209F95F39095E
:10BFB80058589CC33C1C2EE7EDE880BDE93200A22E
:10BFC8006E0EF84E9F16BBE4A406DFFB34144DA595
:10BFD800C45A001FB93C5CB3CCA28B7A986633EE86
:10BFE800D673C959F8D38AE48F6FB274A5F91D794D
:10BFF800D0F052387C08647C1F930B673D000F8A91
:10C0080031D611E21D36A4734B14C8DB04F3798FC3
:10C018000D737791BDA0B6CDFA3F771A52ECC9B52A
:10C02800EC16AC49A81D9B6A3D097A18E7BEDE22CA
:10C0380007E1F3B108BEED7827C4F10FBBC90A3692
:10C048009235800F9A4488A576993719A22497E5E6
:10C058003BD0479126CC982B8264C4E443AFFDBD06
:10C068004E9AA6BDD4FB62DAB8E3BFF83EB5021F0C
:10C078004A9800A91B85A194BC30B77311CB7AB23A
:10C08800AC84831515330DE72D1301BBC6AA32FB0B
:10C098008EEAE5358A5F102D82FAFF4D7404A92CCB
:10C0A8007B88BA266DA4C78DEE2B0DE9E50A84F7C7
:10C0B800F3AA8D0ADA2DDB3ACE964972EA33FB5E93
:10C0C8007D1F25F3408CDE9A19A9E65201FC8C12DB
:10C0D80004438418A4C5E4DFF29DC8C4C1C954EA66
:10C0E800B9E2AE2F7DF486ECAD79D19C79EE56FBA2
:10C0F80071E465E0A9B94568214CA242587A22CA80
:10C1080039C54FF46843A8AF1786227F1EEC168105
:10C118006C71C6B5FDF66B8B2823B507CD7E3C94B4
:10C128006AE916F13C314ABF5EDB84F7CBA090097F
:10C138002CA380C5FB4D5254089D8C1819A02617B6
:10C14800A43BAB4B867E099FEAA9997388C7D4A8FC
:10C1580099CCD36659F5B84D9D3164B85F848F97F3
:10C16800588B79B56137A1290A2FF52B87346C775D
:10C17800C34DBFA57CFA37BE6E935BF139296C7B42
:10C1880063E2BB479DC7A819121B757E35BF4CE5F6
:10C19800560542DC8CC5D1FC3062B6779C0F07DAB5
:10C1A80073D9F80591E2767FF08417E62A07CF6BFA
:10C1B800A991CF945A2853B7FF97AD33DB4A52520F
:10C1C80087C02316F304B545B1DFFE42E0F1A5AA06
:10C1D800DD7000430039B2AA407F02434078BDAA0F
:10C1E80039B505438061A1AA453E0A430049C1AA61
:10C1F8004C5D104380AAC5AA4577184310D8B2AA47
:10C20800D9252343001028A953593143B0B694AA1D
:10C21800309A444380DECDAA89925F43F428A7ABC5
:10C2280078A78343A0DF1DABCB52A34330F4042B84
:10C2380040E4DC43E084BDAA3B083244D05A93ABC7
:10C24800404701459A069DC22F96FAC4C098102B04
:10C25800A10F22C4009EC3AAF8D2BCC3909C6DABA8
:10C26800EA1083C3C02F3FAAC84746C3D0F83EAAE6
:10C2780027E41DC3A8EBA0ABA41E02C3603914AB0E
:10C28800FACFDBC2404756AB8525BDC2A048B0AA4D
:10C29800AD24A5C2405BCF2AC0E291C2C8A601ABBB
:10C2A800042082C20029922991066AC2AC7719AB90
:10C2B800D0E753C2E0039FAB080741C280B982AB05
:10C2C800B4C030C2007E69AB309922C200F755A9CC
:10C2D8004B3116C24045942B963E0BC20004B12840
:10C2E8000C8601C23040322B9AB0F1C170690FAA96
:10C2F800D51DE2C1008934ABD114D4C100A4FCAA75
:10C308008F61C7C1905F85ABD2D8BBC1A474A9ABFC
:10C318008556B1C1A08EA82A93BCA7C100FB02A96B
:10C328004BF29EC130769FABB4E496C10026CBAAEF
:10C33800C0898FC100DC96AB19F388C1088FF32B35
:10C34800A54884C12E6E1D3D61FF71C12CC522AB6D
:10C358005B686AC1004E4D2AA0BC60C1849FA52CB1
:10C36800D15757C1F011292B6E6F4EC1A0820EAB69
:10C37800790846C1581BD4ABDB1D3EC1E0130A2B1C
:10C38800E6A736C180C37CAB739E2FC1E8C4CCAB93
:10C3980097F928C1D871102BD7B122C1C018F22A39
:10C3A80041C01CC180E96EAB671E17C1208C6F2A83
:10C3B80053C611C1804D31AB81B20CC194F46B2BC3
:10C3C800C9DD07C180428AAB574303C1A2D19FABE5
:10C3D8002BBDFDC0402E122A3356F5C040524EAB3D
:10C3E8001649EDC050C20A2C0C8DE5C0C023C1AA65
:10C3F800D518DEC020072DAB30E2D6C080C7352A5D
:10C40800F4DCCFC0C008B6AB7AF9C8C0F02D5FAB7A
:10C41800A221C2C0974DA6AC9532BBC0D88B41AB08
:10C4280045EEB3C000B6ADAA28D4ABC0A0A8AB2ACD
:10C43800A59BA1C0C0CB3B2A869890C088F6D02A7D
:10C44800B4A81DC04E3C0EBF47FB00C120AF7EAB59
:10C458002C8CC0C040D260ABF13CB0C03098052BEA
:10C468001813A7C0001AF2A86863A0C0C0EE50AAAB
:10C478009FE69AC0B0218FABE41D96C0A89BD3ABB2
:10C4880039CD91C000A39AAB3BD48DC0403C982BCA
:10C49800A51F8AC00040EBA71CA386C08C99D2AC0C
:10C4A800375683C07458E1ACF83280C0A0BE2A2B3E
:10C4B800D4697AC0E83DBA2B4EB174C0289340AB1A
:10C4C8000E376FC00084AE2AE5F669C03C32A0ABD7
:10C4D8008AED64C094AA84AC771860C0C0C18FAAE2
:10C4E800E5755BC0C0D0CB2ACE0457C0C0C67FAAB2
:10C4F80013C552C0B81BA52CC1B74EC0B87B83ABBF
:10C5080096DF4AC04044712BF94147C05012F62AC1
:10C51800DEE843C0A0FAC2AACAE640C0C8BCC02B25
:10C528002A603EC0007EB9A9C2A43CC0B0EC0CABE6
:10C538002D863CC04025C42A5D0841C0B0BF6DAB04
:10C54800455865C07AA4813EB864D6BF002739AC87
:10C5580017AF0FC0E086B7AB048B14C0767D412DB2
:10C5680045F314C0000C622915EC13C0C0BEAC2AF8
:10C578006C4712C0A0565DAB8A5510C00C1A7EAB32
:10C58800703B0EC04094F9AB520C0CC012CA052C7B
:10C59800F5D209C0B0D926ABAF9507C08850EAAA32
:10C5A800525805C0002078AB251D03C07406122C14
:10C5B80073E500C0E00FD72BA563FDBF00930FA95B
:10C5C800A904F9BF80D211AC2FADF4BF009EFDAA1B
:10C5D8009F5BF0BF80F28DAB7A0DECBF0C1A86AB77
:10C5E8002EBFE7BF00EC25ABC26BE3BF20519B29F0
:10C5F800460CDFBF20BA6AABDF96DABF44F44D2B96
:10C608001EFDD5BF801A16AB0429D1BF664EE3AD17
:10C618003CF7CBBF645CDA2CFD2AC6BF28F812AB06
:10C62800D451BFBF6026D4ABFC76B6BF575B1BACFA
:10C63800C11EA9BF80D6EC2B762F8EBFE05B3AAB2C
:10C64800462D1EBE98BCFCBED28A3BC098320DACAB
:10C65800F6C6FCBFE0DD8AABE40DE2BFE07112AACA
:10C66800F506D5BFC849672C6A98CCBF80C9C5A94B
:10C678007B46C6BF00D5A7A9421CC1BFA03572AA78
:10C6880024A7BCBFA0C3CBAB22AAB8BF804B3B2911
:10C698009D01B5BF80C8952A3597B1BF10FD22AB63
:10C6A800FD5BAEBF90FFBFAB7645ABBF74E5432BD8
:10C6B800D64BA8BF2EEA062C0669A5BFA0AB192B3E
:10C6C800FB97A2BF00BEAEAB43D49FBF0884372BF5
:10C6D800A7199DBF244BAE2BE0639ABF2011F32A04
:10C6E8003AAE97BF40F688AB31F394BF38F1D4AB7C
:10C6F800DA2B92BF006AC4A8024F8FBF0000D3286C
:10C70800B34F8CBF605605AB991A89BF7CB6842B92
:10C71800059185BFC0917FAB7F7E81BF80AAD32959
:10C72800010179BF4081002B26896BBF44CB1E2CA9
:10C73800AA5056BFD006B4AB4EB329BF18D69BAB90
:10C7480098381C3E59D505BF0A500FC0E0E7F62AB5
:10C75800834DB6BF18F699AC2A1BA0BF80729629E4
:10C7680077A995BF28A74DAC56268FBF8E9444ADA8
:10C77800796F8ABF623EA2AC7EB286BF50CD8BABCA
:10C78800FB8C83BF80A4F12A9CCA80BFD0A477AB5E
:10C79800AE997CBFF4C79DAC150178BFC09910ACA9
:10C7A800F2B173BF4020B6AA659A6FBF8C84AD2BD7
:10C7B80037AD6BBF484DE72B1DE067BF929799AB2C
:10C7C800982A64BF00ADB82C2C8560BFC08B68ABBD
:10C7D800C7E85CBF048189AC334E59BF30D633AB50
:10C7E80083AD55BF001D37295FFD51BFC0CCDAAA04
:10C7F80006324EBFC474B92BC23B4ABF9872362C5E
:10C80800680446BF60E8892BCF6A41BFF89F992B1F
:10C818003A3A3CBF3005C0AB641836BF646BACAC69
:10C82800AB5B2EBFF0A61C2D869923BF5CF60BAC24
:10C838009B2412BF5C028CAC4006D9BE489E15AC46
:10C84800C11B8D3E68A509BFBDE0E4BFA5377DAE1D
:10C85800EC5F8BBF586F87AB1D3D71BF48969A2B15
:10C868005CF65FBF80DD542AD87155BFC84EFEAB59
:10C8780046024EBF408E82AB343D48BFFFE6E82CEF
:10C88800197943BF8092CCABD05B3FBF006B1EAA27
:10C89800C1B03BBFB0D232ABF25638BFD6023CACC7
:10C8A800693835BF8089092CB04532BF60EDF72B58
:10C8B8004C732FBFE02F0F2D39B82CBF607F5F2B33
:10C8C800F30C2ABF00C80CABBB6A27BF58E5CBAB3B
:10C8D80013CB24BF702CAFAB362722BF0056ADA7B1
:10C8E8008D771FBF2097DCACF8B21CBFF02C21ABB2
:10C8F800CCCD19BFDCC6B62B47B816BF041B83AB1B
:10C90800F85B13BFE023222C1D970FBFDC67E0AB59
:10C91800CE330BBFB08466AB86D505BFFFE5CD2C03
:10C92800479CFDBE80BC27AB4852E9BE1C22F5AB34
:10C93800893DC7BE20AD9CAC684E77BE8034522A74
:10C9480008D9F23EBA4925BFB364D3BFA02E1E2B27
:10C95800CE976FBF10DDCA2AC3E949BFC60A97AB95
:10C96800440B39BFA0762BAB24212FBF4C349FAB8F
:10C97800F56328BF482100ABA45F23BF052A70AD2B
:10C988009A661FBF50E323AC011D1CBF54E2462C1E
:10C99800C74D19BFA0505BAC32D816BF9641872B44
:10C9A8000EA714BF54F8042C23AC12BF6505AFAC16
:10C9B800ABDD10BF50948FABDB340FBF43304FADAE
:10C9C80007AD0DBF00FB702C1B430CBFF6EBAEACE4
:10C9D80050F50ABF3A97502D08C309BF40C92DAB7F
:10C9E800D0AC08BF8012DF2988B407BFB04C3CAB7D
:10C9F800BFDD06BF88573AAB582E06BFF4FA43ACE2
:10CA0800BBAF05BFF01ABB2C007105BFB012292AB5
:10CA1800348B05BFBE0A312C3C2A06BFB475E0AB87
:10CA2800AAA107BFA044FCAB4CA50ABF4200882BB3
:10CA38007F0911BFE07ECDAAE48421BF072D88AD10
:10CA4800A58678BF431AB83E38F4873D80AC71AAF2
:10CA58000A158CBEB24555AD1229ADBE4884F82BD7
:10CA6800751DBABE803FBBABA25FC0BE2C1150ABD8
:10CA78008F98C3BE3C644FAC2730C5BE11F6D12C8D
:10CA8800EECDC5BEA0B3A12C2ACAC5BE96AEB62CA3
:10CA98008757C5BEF0AA74ABF194C4BE00C82CAACF
:10CAA8001696C3BE50DE1F2CCD67C2BE3C7179AB53
:10CAB8008312C1BE80B4DCAA9A9BBFBE48AFF42BD8
:10CAC8003306BEBE00582B2BA353BCBEEC2025ACAE
:10CAD8009D83BABE008C70AB3694B8BE1CA820AC3F
:10CAE800AC81B6BEA238C12DF245B4BEB49956ABDE
:10CAF800DDD7B1BE80A639ABB829AFBE0091FAA880
:10CB0800C426ACBE308C982BB5AEA8BE283FA22B4D
:10CB1800EF8CA4BE361C0AAC30669FBE804A622BDE
:10CB2800C38D98BEB4B486AC45918EBE54137D2D8A
:10CB3800E35A7BBEA41542AC432C30BE44B632AC9B
:10CB4800DFC33C3E74C6D6BEB6C05FBF9B8994ACFB
:10CB5800108304BF8051A7AA3968E3BE687F41AC3F
:10CB6800327AD2BEE0DCE22B7C6FC8BE98FF80AB85
:10CB78004984C1BEB09463AC7B45BCBE4839EBABBD
:10CB88007405B8BEC0D5092BD067B4BE383533ACF0
:10CB98008836B1BEC4B3932C954FAEBE20AA5A2C8A
:10CBA800179CABBEC0A7F1ABB70BA9BE55C18DACE6
:10CBB8000B92A6BE0035322AF724A4BED503622CF8
:10CBC800A3BBA1BE00DE502BAB4D9FBE202A852BF8
:10CBD80077D29CBE727E8D2C84409ABE787457ABF7
:10CBE800988C97BE1005822BA3A894BEC077BCAAC8
:10CBF800248291BE80829C2A99FF8DBE0034CBA8E6
:10CC080028FC89BEE09D8CABF03F85BE4022252BD9
:10CC180079E27EBE20C6B1AA42EB6FBE70DFC12B9F
:10CC2800EA535BBEF01C4B2CAF3D3CBE7FE5972D15
:10CC38002E0006BEB65DAE2CF33823BC97D136ACB9
:10CC4800D232163F5E3C4BBFD90E99BFD9430AADCD
:10CC5800AC6319BF00BF58AADBF7F4BEC65FB4AC1B
:10CC68008FFBD9BEC05C92ABCF9ECABE0024EDAB91
:10CC7800C98DC0BEB6913DAD9D59B9BEC7E7D2AC0E
:10CC8800C1DFB3BEB0968B2D9386AFBEB8F8E52B47
:10CC980056F5ABBE06EB81AC57F5A8BE53E584ACA0
:10CCA8003763A6BE2A19052E3C27A4BEFE05ACACE8
:10CCB8001E31A2BE98D20DAB9375A0BE31CB90ACFD
:10CCC800D8EC9EBE00FAC9ABD2919DBE1452022C7C
:10CCD8008C619CBE1A9628AD025B9BBEB636A62B0D
:10CCE800197F9ABE80DA1C2AE9D099BEA639882D08
:10CCF800475699BEF09B382CDD1899BE935BEFAC74
:10CD0800182899BEA0929B2BBB9C99BE80E9092B41
:10CD1800D59F9ABE88B98A2C58799CBEE00FF5A990
:10CD28003AB29FBE002F18AA2871A5BE10BC80AACF
:10CD3800B8B5B0BE68780FAD8E80CCBEE4926A2CD0
:10CD4800A8EE2DBFC884D73E19162D3E02CB87AC5E
:10CD5800025BE3BD60CA442C635729BE7706C62C24
:10CD6800E0FE3FBE96129DAD4CA54BBEB88C18ABED
:10CD7800E74952BE66610C2D213A56BE6C8F46AB10
:10CD8800078858BE78FC35ACA0C359BED1C7D9AC0A
:10CD9800363F5ABE28F7BD2B832C5ABEE89D112C6E
:10CDA800A1AA59BE607E662D2CCD58BE3AD60AACD3
:10CDB80029A057BE333CD32C2F2A56BE38B291AB8C
:10CDC8008F6D54BE00E7D4ACD86852BE68FD3D2CC8
:10CDD800E81650BE8EFB20AC7D6E4DBE942C942B75
:10CDE8004D614ABE40E076AB5FDA46BE3143CCAC1B
:10CDF80050BB42BEC8F464ACB0D73DBE7B57AC2C28
:10CE080014ED37BE50EA84AC9F9430BE22A90F2C93
:10CE18003C2727BEB893B1AC64831ABE8BFF6B2D39
:10CE2800438508BE0A530FADC92BD9BDCAF2D12B11
:10CE38005F146BBD4076562B45D4623D20CE16ABB1
:10CE480051F91D3F6E666EBF477288BFC4982DACFE
:10CE58000A1B01BFF052D5AB1C83C8BEA0EAB22B97
:10CE6800DEA9AFBE808DB2AB62C6A1BEE843582B27
:10CE78008CE098BE2829CCABDAAC92BEC850AE2B59
:10CE88005B198EBEE4B5882D41958ABE39D4942CA1
:10CE9800F1CC87BEB0735DACE98C85BE62A405ADEC
:10CEA800D5B383BE680F5C2C562B82BEAB88D22DBF
:10CEB80004E480BEADD203AD37A67FBE8061C62A2A
:10CEC80029E27DBEE00E332D92717CBEFD86862D53
:10CED800E14D7BBE8E437A2EAF737ABE6F9B2F2DAA
:10CEE8008FE279BE8060382B379D79BE402371A9C7
:10CEF8001DAA79BE6080DAABAB147ABE78188EAC06
:10CF080095EF7ABE1075392C1F597CBEB41CC3AC82
:10CF180084837EBEB0A8D62B52E380BEDEA0D82C78
:10CF2800AA6483BE00997BA9CD7887BE6040952A04
:10CF38002BF18EBE800BBD2ADB77A0BEA817CC2BA9
:10CF48005304F8BE6ECCA03E648AE23C241F75AC44
:10CF5800830E13BE6C68022C75AA36BED4CA19ACEF
:10CF68001B7346BE005166AC2DBF4FBEFC95F0AC9E
:10CF78000F3556BEC40FCE2C5F3F5BBE00B5A7AAC7
:10CF8800C18A5FBE606FD6AC577663BE3F38B62D98
:10CF98004D3D67BE0028E72AE4086BBE20A3B42AEB
:10CFA80049F96EBEE1DF30AE792A73BEFEBF37ACF9
:10CFB80060B777BE508505AC26BC7CBE145DEDAB72
:10CFC800202C81BE00A0C328565884BE5729FD2DA9
:10CFD80053F987BE8CF043ACA82B8CBE06002BAC53
:10CFE8006D1491BEF07C752C28E596BE4677562DBB
:10CFF800D5E19DBE2035292BBD6AA6BEAAD4EFACCB
:10D00800300DB1BE00F88CABA3A1BEBE90D601AB6B
:10D018008785D0BE44CA2CAC4914E9BEC01B32ABCC
:10D02800CB6006BFD072AFACBA8B22BF000D26A969
:10D03800927155BF0EBD89AC5245A6BFC10DFF2CDC
:10D04800824468C0F19E974098655740586EA4ACDA
:10D05800FB88843FE88E312CDCFE113F51817E2D08
:10D068002944BE3E006C16ABE406863E445733ADF9
:10D0780014F2443E4CE8A6AB1E22143E8CCDDC2CA8
:10D08800A56FE13D50018FACCDFBAB3D50BDB62B3C
:10D09800C476823DC4BE11ACEF06433DD0A333AA8B
:10D0A800E8E40D3D1493602CF526C53C6850BE2B72
:10D0B8009E117C3C787685ADF405073CA137BFAD61
:10D0C8008CD71B3B005C10AAC3931CBBF86316AB40
:10D0D8006FD6CABB14BFAA2CA34315BCE82636AB2F
:10D0E800C57037BC6ADCD2ACBD134CBCB28805AC89
:10D0F800CC9952BCC088EAA9178D49BC1926EEAC58
:10D1080085362EBC602FC6ABD8D2F7BB3439022C7B
:10D118007B7E2ABB9009D32B91EDA73B8B3304ADC3
:10D12800E0AA8D3CA848E3ABF5B6193DF01A86AAEB
:10D138002D2E9A3D7550AFAC653D293E20C730ABCA
:10D14800A5BA1E3F0DE182BFE98F3FBF48D315AC9A
:10D15800D32A96BED0308DAAFDB44FBED695562F91
:10D168003F5228BE1EEB9DAC219F12BE571F482D73
:10D17800F1E904BE605583AB3FF1F6BD10F88DAA06
:10D18800581CE9BDE41983AC177EDEBD61C8B72D14
:10D198009005D6BD0005AF295A09CFBD7907312CB6
:10D1A800441AC9BD709A35ACB4EBC3BD64CCCBABE3
:10D1B8007246BFBD18E42CACD600BBBD1C1008AF2E
:10D1C800D0F9B6BD008CF1AC9315B3BDE8ACED2B2E
:10D1D800193BAFBD20D9D42B1152ABBD7D9FCEAD2D
:10D1E800DD40A7BD50485CAC37EAA2BD0091CDAA8E
:10D1F800132A9EBD40E2502AF5D098BD241817ACDA
:10D20800469C92BDE0C336ACD4288BBD01A5492D00
:10D2180010D981BDE6AA8E2EC83E6BBD003A072AFA
:10D22800590249BDC062082A018714BDFC7D2D2C16
:10D23800AE505FBC80577CA9239C1D3D30BE13AB0C
:10D24800D00C983E167223BFBFF4F3BE0077FA2BBA
:10D25800CC365FBE56403DAC85DA29BEFECB4CAC21
:10D2680091AD12BEDAD899AC818E05BE927888ABA2
:10D2780090FEF9BD74052FAC24C5EDBDE8156DAB66
:10D288006C76E4BD601E35AC3A05DDBD52F8D92C8C
:10D2980085D4D6BDF155882DC381D1BD68B6D42DAE
:10D2A8002ECBCCBD00FF43295582C8BD205D81A986
:10D2B8007E84C4BD70ADABAC14B6C0BD30733C2D1C
:10D2C800A1FFBCBD003BA1ABA74BB9BD9CFE5A2C2E
:10D2D800D084B5BDC0C3FAAB3A94B1BD701A89AB5E
:10D2E800765FADBD4CE514ADFCC5A8BDDB4C2F2C5D
:10D2F800699DA3BD107F2DABA2AB9DBDFD2F8BAD4E
:10D30800079D96BD60890A2CEBF28DBDE2308FAD8A
:10D31800FDE182BD48AB2FAB6C1868BD7A263C2E68
:10D32800A9BA3DBDB01A9F2CEF3CF7BC52D341AC13
:10D338008865A1BAD63B96ACE0A7873D2CDFB0AB99
:10D34800D8A9CE3EFCFB6BBF2DE21BBFA7DC952CFA
:10D3580075128BBE9278D32C6E4651BE12CC352DE9
:10D36800CCF633BE109A2DACE4E223BEB0484C2C68
:10D37800F0DD19BE717A382DB42613BE00CA89288B
:10D388005E750EBE802E2CABCA1D0BBEB81F9B2B24
:10D39800DABD08BEB83AF72B901A07BEE690C9ACBA
:10D3A8006E0F06BE107A3E2DF38505BE4129292D44
:10D3B800FE7005BE48808D2C50CA05BEB08BEBAB05
:10D3C8003E9106BE806EB32B35CA07BE7CAE622B7B
:10D3D800E07E09BE023851ADF1BE0BBE344D89ABBB
:10D3E800A4A10EBE0032DF295E4812BE784AA92DDC
:10D3F800FAE216BE80EBDFAAF5B61CBE907F39AC08
:10D40800CF2B24BE74B2C7AD5FE12DBE46711D2D72
:10D41800EBDA3ABEC335FF2C42D94CBE40EC0FAB19
:10D428001A2D67BEC09C93AB087988BE14C8492CD6
:10D438001652AEBEE0786A2BDA8203BF20F513AC31
:10D4480047E6B0BFFCDF274040C69C3FEDDA3FAC63
:10D45800317DB63E38B70C2C4F713B3E66171AAD7E
:10D46800D717DF3DA018A32B2A038B3DDC1037AD5F
:10D4780083552B3D00697D2B3854C33CFB4984AC54
:10D4880069ED2E3C80CC772DC7A61F3AE0E923AA88
:10D498008A12F1BB9CA004ADFBC762BC1208D72B53
:10D4A80044B89DBCFC3D2AAD318FC3BCE2AC962C80
:10D4B8005991E4BC005618A9E5FE00BD4E439AAC4C
:10D4C800BE670EBD0053FAAA32EB1ABD785354ACAE
:10D4D800D2E426BDB8ADFEAC28AB32BD57869AACB7
:10D4E800AF963EBD209DA9AB8A094BBD2C54012C9B
:10D4F800977958BD185A7E2C357F67BDF0EFEF2A13
:10D5080044ED78BD48331A2DA7FD86BD98769E2B2D
:10D51800E34A94BD8C48D02D8702A6BD31E216ADF2
:10D528004839BFBD95A6BF2E1B84E6BDE985002DF1
:10D53800167D16BEA146AE2D1B9F68BE84A197AC72
:10D54800EFDE20BFB6DFAB3FF26B133F40D2372B85
:10D55800AAF2323ED09BA1AC0B20C23DE209702E4C
:10D56800DAD3783D48F89D2CEE442C3D41260D2D0C
:10D5780044D6F83C28D925AC2C49B83C6D4872AD46
:10D588001CA48A3C305F972B49DF523CB0CE0DABD0
:10D598003EE4213CD4B94CAC158BFB3BB888CFAAF0
:10D5A8001F2BC73B28251C2C30CCA23BEF4FA92CA6
:10D5B800C1DB8B3B9024DAABA6A9803B0031532911
:10D5C800F32B803B001CE4AB48DD893BC367352D5A
:10D5D80017AD9D3B4CD2232C33FEBB3BC13451AD20
:10D5E80061B3E53BB049F92B8B260E3C124CC9AC14
:10D5F800F50F313CC0B4A9ABAF595D3C588DD82B61
:10D608000BDA8A3C20841B2BD329AF3C32239C2C79
:10D61800F80ADF3C188137ACD939103D60864BAA2F
:10D628002E573F3DE0B142ACD17C843D5F9D3A2C02
:10D638004550C63D525F05ADE6722F3E882BDBACE8
:10D648006FBF0A3FA343B0BF9E5311BF7C3937ACAD
:10D65800339F49BEA03D08AB4D16FABD5A5000ACE9
:10D66800F964B7BD10ACF7AB116891BD644B7AACE7
:10D67800F9B870BD66AFC1AC535F4CBD59A2D22C8E
:10D68800A51230BDC04DAB2CAFC918BD1403B1AB4A
:10D69800A3BB04BDCE6972AD158CE5BCA42CDAAC75
:10D6A8005C45C4BC309B81AC1C81A4BC361776ACED
:10D6B800315B85BC0EF007AC0A234CBCA7A888AC2C
:10D6C800BEE10BBC001836AABC1691BBBC83C72CA4
:10D6D80051D61BB8E316282DCE599B3B80E797AB54
:10D6E8000A72243C00ACD8284C38833CFD80E7AC57
:10D6F800E6A8BB3CE40AA6AC6017FE3CB62EFBAD20
:10D70800B61B273D80CF582C9BD5583D000878295B
:10D718007A608C3D88917FACBD55B73D9062B52C41
:10D7280091A6F43D88ACC12C790A2A3E3073872A29
:10D73800A44A7F3E74643EAC1193E23E6316E22D28
:10D7480023E7B33F9B0F80C01A77BDBF3B57AFADF0
:10D75800556704BF08B4AF2B5DD8A5BEB90F38AD67
:10D76800A25676BE5C85EAAC6D7C46BE86FC69AC8A
:10D7780080A727BE041C4A2C53F611BEDE24C3AC76
:10D788003EBA01BEEBC9002EFBFDE9BD1A13B12C50
:10D798004943D5BD5852652C57D9C3BD06EEA1AD36
:10D7A80022D0B4BD903A50ADBE80A7BD60E71E2A16
:10D7B8005B719BBDD016BDAB8E4490BD3C9C89ACC3
:10D7C800B5AE85BD40290DAC53DD76BD8C4C0E2D14
:10D7D8006A9062BD8200A8AC7EFE4DBD665C9CACC2
:10D7E800C5A538BD9077FD2C04EF21BD988DBEAB43
:10D7F800511D09BDA21C31AEB06ADABC6EB5932CBE
:10D8080016A999BC58DB832C44A317BC74F136AD18
:10D818008B992D3BBCBD16AD3D30963CCF9E992CC7
:10D828001171253DF081B6AC6D4C983D80C9CAABED
:10D8380052E2093EE83FDEABA54D8C3E7889812D4A
:10D848004AA9773F547D4FC047088EBFA0223CAA03
:10D85800412AD5BEA8EFCD2B17EA8DBE83D0FB2D6C
:10D86800D96D5EBE60FED82BCA173CBE4D0D272D64
:10D87800ED1426BE1E1D782CEFB916BE5CC9102CFF
:10D888007F610BBE5A7E26AD14A502BE502B932D88
:10D89800696AF7BDDC6F89AC3923ECBDF2A86EADBF
:10D8A800BECDE2BDA841A02C20F9DABD24FD312D62
:10D8B800B856D4BDE03036AC87AECEBD0AD0882D80
:10D8C8003AD8C9BDE856502ECDB6C5BD4AAEA2ACB1
:10D8D800DB35C2BD9068E8ACFE47BFBDF6D9A1AC48
:10D8E8000BE6BCBD5069E3ACF70EBBBD9959072DDB
:10D8F800A0C8B9BD5E432BAC9C21B9BDA0E98D2B56
:10D90800E434B9BDF023B3ACCF30BABDB6864F2DE1
:10D91800D664BCBD804DFB29A35EC0BD3BE11C2D78
:10D92800332EC7BDF0E7FFACF41ED3BDE841C82BCA
:10D938007B2DEABDD4B21EAD3A2A11BE100B542C71
:10D948005A5D90BE5CBF3F3F4AD4103E00C4982A3F
:10D958004F41953ADC773D2CBFDED8BCD55F502CC3
:10D968004FC01BBD8BE9B22D664135BDBBA39AAD37
:10D9780059F044BDD246552DF0694FBDFEE0F82B55
:10D98800A4D556BDB4BFFAAD21585CBDF1DA4EAF8F
:10D99800D39B60BD8E037BAC7A0B64BDEE1107ADE3
:10D9A80042EE66BD6886162C7A7669BDC585A3AC3D
:10D9B800DFC96BBD689331ACA5066EBD3CB473ACD2
:10D9C800C84670BD00A94D2D76A272BD10E97A2B0C
:10D9D8001C3275BD16AA31AD5E1078BDC90E0D2D6D
:10D9E8006D5C7BBDE8A344AC183D7FBD0C51412C58
:10D9F800A2F281BD0010362A7CCD84BD800E932909
:10DA08009A6188BD304D202C86FB8CBDB9AF3FADE7
:10DA18000F1693BDB686552C8D849BBD2FD781AD2F
:10DA280066D5A7BD9A8768AE775DBBBDCE9EAE2C86
:10DA38002EC5DEBDD163462DF5E418BE960193AD23
:10DA48000784B4BED7069F3FDFF8833EF8283FAC73
:10DA5800412F5F3DCA38BE2C5E3C643CCEAE17AC4D
:10DA68001B255EBB088CB12CC67E54BC2C3DAD2C4E
:10DA780098F39BBC3FF3282D7F34BEBC0480962CC2
:10DA8800683BD7BC1454732D4C55EABC149F2D2CFD
:10DA9800E26CF9BC605D36AECED902BDD8AF3FAB03
:10DAA80044F907BD4057D72B3F5A0CBD050A9BAC1C
:10DAB800D32E10BD400A022BB89C13BD80C8832BFF
:10DAC800AFC116BDE4D88FAD6EB619BD449E262DE4
:10DAD800C4901CBD944434AD52651FBD7E54C92CFE
:10DAE8002C4922BDA06D992CA65325BD00FBEDAD98
:10DAF800ADA028BD107781AC34542CBDA8D444AB5C
:10DB0800C89F30BD8074C82A5CCC35BDE8A7F6AB89
:10DB1800E04C3CBD487386AC09E544BD80329E2B81
:10DB2800860351BDB0FCB5ABCDB663BD725A21AE0C
:10DB3800967682BD9885212C6ADAA8BDE4B5E72CD3
:10DB48000DDF33BE25F2293F7AD8D33D8A05BC2C98
:10DB5800E882273C176C062DD1E20BBC0CFC632C29
:10DB6800C39388BC58BEB42C6542AEBC3057D2AB08
:10DB78006ADAC6BCE8667CAC6A79D8BCC09903ADE1
:10DB8800A2FDE5BC0CE8742D85EFF0BCA02C06AB1B
:10DB98004736FABC25952C2EB13201BD29F5232D27
:10DBA800F3F004BD5BAE202D0F7B08BD28F22AAD33
:10DBB8006AEE0BBD3CCB23AE2B640FBDDAA110AED1
:10DBC800AFF312BDA0C0F4AC77B416BDAF13612D8E
:10DBD80001C01ABD70E66EABCC331FBDA3BBB42C1D
:10DBE800E73324BD63F506AF90EE29BD789DBE2CC2
:10DBF8009CA130BD788120AD29A338BD306C22AB03
:10DC08004E7042BD7812042D68C74EBDA0AAE32B02
:10DC18009BDA5EBDD1E4E3AC5EB974BD0EBF36AC31
:10DC28004D238ABD80D5462D5EEAA2BD7284E1AC43
:10DC38007982CFBD3AC234AEDBC81BBEB6A78A2CE8
:10DC4800B9FACFBEE7730A40824CB63E4E32812DF8
:10DC580019D9D03D4B3D0D2DBF94513DF9B4AB2C96
:10DC680020CCF03CF0EFCA2CFBB38D3C003709AA5E
:10DC78006E3D1D3CE09A7FAC1B9E8B3B807451AA85
:10DC88002B28B23980AC01ADC9E62EBBDCD9D42B28
:10DC980090B4A5BBF05E56ACAD93E5BB39E7042D57
:10DCA800967C0DBC4AFC98ADE74A24BCE0D831AC60
:10DCB800062C38BC589E1DACD4D849BCD8764D2B00
:10DCC8008CE159BC58FD28AD35BC68BCF6F8B8AC39
:10DCD800EFCE76BCA0F73E2B0B3C82BC3E0D83AD4D
:10DCE800DA0A89BCB86B14ACAF0690BCD874462C61
:10DCF800246B97BC804465AACC839FBC145FEF2B30
:10DD0800D2B7A8BC0066952C279EB3BC2E7343AC33
:10DD1800EF23C1BCB5C6022E54DCD2BC721DCDADFA
:10DD280074BAEBBCC03CB42BCE0409BD3122882C9C
:10DD3800A20F2BBD607633AC45EA79BD5F919A2D71
:10DD4800F9B520BEBBC0803F8DBC053ED032FEACCD
:10DD5800ED1E0E3D3C6E43AD2FE57D3C60E7FF2B8D
:10DD6800FEF5ED3B4863A02C313B303BEAD6D7ACFF
:10DD7800314361B9F83517ACD04011BB874712ACB5
:10DD880060C070BB2023062E38809CBB7BD9BDACFD
:10DD98000A9AB8BBBCC2612C4DE8CEBBE1E6202E86
:10DDA80004DFE0BBE0D05C2CA37AEFBB6F3B10AC88
:10DDB800F66BFBBB36CCE8ACE09802BCD032462B05
:10DDC800299406BC0030D2299FC909BC219921AEEB
:10DDD800C2510CBC1888EBABAC3D0EBC6182E42D83
:10DDE80014980FBC6C11D1AC9F6510BC141CCBAB44
:10DDF8006CA410BC1FDC94AD974A10BC3FEEBDACC0
:10DE080033430FBCC0229E2B51680DBC0870E8AB91
:10DE18002D770ABC282BABAC1AF705BC33117B2D28
:10DE280069FDFDBB0C83BF2CEE27E7BB10FE94AC4D
:10DE38005518BDBBDBDAEA2DCDAC33BB10FE2AACDE
:10DE480096464C3CEB9D53BE06F507BDD276E32DB6
:10DE5800203E93BC72CA83AED48E74BC79FBA22CCC
:10DE68007F135FBC607FC5AD1C0D53BCC4F7152B79
:10DE7800854F4BBCA062842CD6DE45BC3564A9AC6A
:10DE880052CF41BCB08CC62B63A53EBCDAEA2F2D1D
:10DE9800B21A3CBC40E9582CF5043ABC3C658CAD40
:10DEA800F04938BC7CE34F2D4AD936BC66F1922D37
:10DEB80034A935BC841D60AD8CB434BCD7DAC82C09
:10DEC800E7F933BC308BDFAC197B33BC8080922CF4
:10DED800373D33BC3EFBB62CF74833BCE0C7F4AA49
:10DEE80087AB33BC50344E2D0B7834BC758E22ACC6
:10DEF80014CA35BC540631AEC7C937BC009A4F2B7B
:10DF080006B33ABC87F0042F6AE23EBC96D59CACB7
:10DF180041EE44BCA083742DDEDA4DBCA69EE3AD71
:10DF2800C1945BBCECCC2FAC1B3C72BC364B202C98
:10DF380012468EBC88C6402DE6EFC0BC62DFC22CFC
:10DF4800A81B61BD41311A3F75D4223D8282952CB0
:10DF58000DD2083CBC2CDA2D8C720E3BAC19442D2A
:10DF68008FB8D0B900CAADAAD77DE7BA7C83502C48
:10DF7800F96F29BB60E6142A82A84BBB4207B5ACEF
:10DF8800551762BBC0E291ABDFC970BB000933AB68
:10DF98008F147ABB30C3E4ABF9637FBBBE06A6AD72
:10DFA8004CD080BB21E50D2E33B180BB26198D2DB9
:10DFB800240D7FBBC7E620AD75E07ABB8907CA2D63
:10DFC8000A0175BB4015B42CA17D6DBBC06D31AA8B
:10DFD800045164BB1CAE4CAC9F6159BB1C36952CDC
:10DFE8008C7E4CBB807AD92C6C593DBB90D5702B5C
:10DFF8008D7B2BBB6E1C752E393316BBC89D0E2C22
:10E008003FE6F8BAB0EBDCAC352EB9BAC913492DE6
:10E01800F4C64FBA4C455BAC9ED708382DB6152DC3
:10E028008EEE9C3AFC95042C3EF1433B392D122D83
:10E03800C6DFC93BBC83C5AC8F905C3C626A34AE1A
:10E048007B6F4B3D56B593BFED2A70BDA77AF2ADF5
:10E0580063B9B7BC0C1CD92CD6BA77BC2B41D42DCC
:10E068000FA443BC20C5982B0C1626BCA8F083AC83
:10E07800B5C412BC40A091298AF504BC8C17FBAB2F
:10E08800D5E7F4BBE89B122C4F2AE4BB648E0D2C19
:10E098002459D6BBD8D438ACFB9ECABB9023272DB5
:10E0A8002B71C0BB60C5A7AAEF71B7BBD6BD252D24
:10E0B800DB5FAFBBD0CAA92B350CA8BBBEC5192DD9
:10E0C8001855A1BB78BF002DC6219BBB3655202D06
:10E0D800506095BB34CA432D260490BBD940732C9D
:10E0E80041058BBB54E0E3ACD25F86BB00F0222B2A
:10E0F8007A1482BB0849982B4E527CBB259D802EF2
:10E10800F75575BBF7CBD6AE2B646FBBE8F351ACB4
:10E1180027D26ABBD7D534AD233A68BBF435F6AB02
:10E128005FC668BB70B964AC40FD6EBBE7118EACCE
:10E13800E8BB80BB87B9472D5D399CBB2769B1AE69
:10E148002F8B1BBCA4ABEE3E8194AA3B903466ACEB
:10E1580056E2F9391426332D1726C1B96033D8ACE5
:10E1680044E92CBA80EAEF2C090D49BA785A47AB32
:10E17800B46E4FBAF01EAA2BDA374ABA842B902C09
:10E18800C8253EBA00DA412DB8BA2DBA6C1D9A2CB2
:10E19800FA6A1ABA24A04EAD0C1E05BAAADBA9ACBD
:10E1A800F7D8DCB9007E76AB6880ADB9FD9AFCAED5
:10E1B800839A79B9F754A12E2E6E16B93814832E86
:10E1C800160249B880858A8F94989DA2A6ABAFB3F2
:10E1D800B8BCBFC3C7CACDD0D3D6D8DADCDEE0E13D
:10E1E800E2E3E4E4E4E4E4E3E2E1E0DEDCDAD8D626
:10E1F800D3D0CDCAC7C3BFBCB8B3AFABA6A29D9896
:10E20800948F8A85807B76716C68635E5A55514D10
:10E218004844413D393633302D2A28262422201FF0
:10E228001E1D1C1C1C1C1C1D1E1F20222426282AE7
:10E238002D303336393D4144484D51555A5E636857
:10E248006C71767B0000004396F347427D278F2848
:10E258007CC0053CE5011828863E913DA152132853
:10E26800FC93BD3CB6BEB3288030103D2F8F61288B
:10E27800ECE4FA3C253E8E287367DB3C12D4AB28CD
:10E2880035A2E53C75768928DC26633CB0EB1B2972
:10E298006DD86E3C32A9F127012ACE3C431CA32835
:10E2A800936B493C8B600F287403CF3CBEFA8B28D4
:10E2B8006BAE023CA09F59283921E83D4FD58628EE
:10E2C80066CEBD3C7ECFBC2839AD613CC5512928FE
:10E2D8003BD39B3C454CE02816F2543DEFF775299B
:10E2E800B138D23C1912C62603A2D03C0F8F082998
:10E2F8008A2E933DC1A5CA28F44A683D17580D2AAD
:10E30800C2BD513C470A1F2AAD72AA3C151BF12811
:10E31800B3FA323C859A992914A80F3DFCB4822996
:10E328008DF5833C069A932867C7563BB313CB28D1
:10E338005D5C1B3C7BA91C2A121C943C8975E12955
:10E348000DBEEE3B93832B280DBEEE3B6EA3372804
:10E35800121C943C63E24F295D5C1B3C44C71D2A98
:10E3680067C7563B3BC3AF298DF5833C212E1C2A3A
:10E3780014A80F3D22B9FC28B3FA323CCE58B42871
:10E38800AD72AA3C6BA1A728C2BD513CC182A52988
:10E39800F44A683D77E2CE298A2E933DBC3AD628C6
:10E3A80003A2D03C5B595529B138D23C1EA61B2A82
:10E3B80016F2543D4953B0293BD39B3C5F3E902A0B
:10E3C80039AD613CBCEAFE2966CEBD3CEFBDBC2937
:10E3D8003921E83D8274AC296BAE023C97539B29E6
:10E3E8007403CF3CBE3E3829936B493C3F36032922
:10E3F800012ACE3CE3CA192A6DD86E3CBD2B0829E8
:10E40800DC26633CE2220A2A35A2E53C1F96022A52
:10E418007367DB3C787EDB29ECE4FA3CFB4FD429BC
:10E428008030103DF5BDB92AFC93BD3CCA73792AEA
:10E43800863E913DE9AD8D2A7CC0053C5C563D2A5F
:10E4480096F34742B81C57D8F1F5C17F190E279E9D
:10E4580086F781DEE155B05A779FE741A12A6BFA2A
:10E46800CDE47B230100000002000000030000004F
:10E4780002000000010000000A2A2A2A2050414E0A
:10E488004943202A2A2A0A000A0000004E6F2073F6
:10E4980070696E6C6F636B73206172652061766161
:10E4A800696C61626C6500004E6F2075736572203F
:10E4B800495251732061726520617661696C6162AD
:10E4C8006C650000486172647761726520616C61F7
:10E4D800726D20256420616C726561647920636CBB
:10E4E80061696D656400000048617264206173733E
:10E4F8006572740052656C6561736500626F6F7454
:10E50800325F77323571303830000000322E322ECB
:10E51800300000007069636F00000000656E65726E
:10E5280067795F62656E63685F727032303430009D
:10E5380053657020203920323032360005005250A1
:10E54800DE65F46850F60010060052505422A29D71
:10E5580038E5001006005250861C030224E500101E
:10E5680006005250BBFF3CB61CE500100600525096
:10E57800ABB3605314E5001006005250E182887F67
:10E5880004E5001006005250D3F07542FCE4001078
:10E59800666E6900666E692B000000006E616E0091
:10E5A800666E692D00000000906500104665001039
:10E5B8004665001088650010466500104665001025
:10E5C8004665001046650010466500104665001057
:10E5D80046650010806500104665001078650010DB
:10E5E800466500104665001070650010046700104D
:10E5F800A8650010F8660010A8650010986500105E
:10E60800A8650010A8650010A8650010A86500108E
:10E61800A8650010A8650010A8650010BA6500106C
:10E62800A8650010A8650010A8650010A86500106E
:10E63800A8650010BA65001048670010CE65001084
:10E64800CE650010CE650010CE650010CE650010B6
:10E65800CE650010CE650010CE650010CE650010A6
:10E66800CE650010CE650010CE650010CE65001096
:10E67800CE650010CE650010CE650010CE65001086
:10E68800CE650010CE650010CE650010CE65001076
:10E69800CE650010CE650010CE650010CE65001066
:10E6A800CE650010CE650010CE650010CE65001056
:10E6B800CE650010CE650010F068001014670010D9
:10E6C800F0680010CE650010CE650010CE65001011
:10E6D800CE650010CE650010CE650010CE65001026
:10E6E800CE650010CE650010CE650010CE65001016
:10E6F800CE650010CE650010CE650010CE65001006
:10E70800CE6500107C660010CE650010CE65001046
:10E71800CE650010CE650010CE650010CE650010E5
:10E72800CE650010CE650010CE6500107C66001026
:10E73800526800107C660010F06800101467001022
:10E74800F0680010CE6500107C660010CE650010E1
:10E75800CE650010CE650010CE650010CE650010A5
:10E768007C66001024680010CE650010CE6500108D
:10E778005E670010CE6500107C660010CE65001044
:10E78800CE6500107C660010000000000000F03F1D
:10E798000000000000002440000000000000594074
:10E7A8000000000000408F40000000000088C340C7
:10E7B80000000000006AF8400000000080842E413C
:10E7C80000000000D01263410000000084D7974188
:10E7D8000000000065CDCD410D0A000000000000DA
:10E7E8003D6F001000000000416F00104D6F0010D9
:10E7F800796F0010756F001000000000050F2100F0
:10E80800011C100500DF60DDD88945C74C9CD26526
:10E818009D9E648A9F00000306A600010000000078
:10E828000A00000000000306A6000800020002001B
:10E838009C001400030057494E5553420000000045
:10E8480000000000000080000400010028004400CF
:10E858006500760069006300650049006E00740079
:10E86800650072006600610063006500470055009E
:10E878004900440000004E007B006200630037003E
:10E88800330039003800630031002D0037003300B1
:10E89800630064002D0034006300620037002D001F
:10E8A80039003800620038002D003900310033008B
:10E8B800610038006600630061003700620066008E
:10E8C80036007D00000000005553422073746469CF
:10E8D8006E202F207374646F757400000600525008
:10E8E80053B4F4A1D0E8001052617370626572727B
:10E8F80079205069000000005069636F0000000033
:10E90800426F61726420434443000000526573659E
:10E918007400000009025400030100807D080B0008
:10E92800020202000009040000010202000405249A
:10E938000020010524010001042402060524060024
:10E94800010705810308001009040100020A0000FC
:10E958000007050202400000070582024000000986
:10E9680004020000FF00010512011002EF0201403D
:10E978008A2E0A00000101020301000000000000C5
:10E98800F0E8001000E9001058B5002008E9001070
:10E9980014E90010556E68616E646C656420495214
:10E9A8005120307825780A006570202530325820AB
:10E9B80077617320616C7265616479206176616941
:10E9C8006C61626C6500000043616E277420636FA0
:10E9D8006E74696E75652078666572206F6E206941
:10E9E8006E61637469766520657020253032580041
:10E9F800707A0010C67B0010D87B00109E7B001038
:10EA0800B07B00108E7B00100C7B0010BC7A0010CD
:10EA1800B07A0010A87E0010947E00107C7B001055
:10EA2800C87E00107C7B00107C7E0010687E001081
:10EA38007C7B0010547E0010547D00107C7B0010FD
:10EA4800D0800010C2800010B68000107C7B0010BF
:10EA58007C7B0010A0800010C28000107C7B00101E
:10EA68007C7B00107C7B00107C7B00107C7B001082
:10EA78007C7B00107C7B001052800010F408002082
:10EA8800F40800204A0900206A090020E408002050
:10EA98007C0A00203E09002000000000E5850010E7
:10EAA800598600107D860010C986001071870010F5
:10EAB8005988001000000000000000005D89001067
:10EAC800B9890010D5890010FD890010E16F001088
:08EAD800258B00100000000076
:10EAE00044E5001050E500105CE5001068E50010FA
:10EAF00074E5001080E500108CE50010E4E80010DB
:10EB0000030010B50068EFF3108472B60268002AA3
:10EB1000FCD0BFF35F8F04229A56002A0BDB00293A
:10EB20000FD000200A601B68BFF35F8F00221A60BD
:10EB300084F3108810BDD0221206126801201A71C9
:10EB4000F1E70020EFE7C046F0B51D00D023C64630
:10EB50001B061B68040016009846002700B50BE052
:10EB60002268BFF35F8F176083F31088300029009D
:10EB700000F0DEFC002818D12068EFF3108372B695
:10EB800001680029FCD0BFF35F8F21797F29E7D985
:10EB9000424622712268BFF35F8F0021116083F328
:10EBA0001088012004BC9046F0BD0020FAE7C04662
:10EBB00070B582B001A9040016001D00FFF7A0FF88
:10EBC000002807D1D0221206019B12785BB252B204
:10EBD000934201D102B070BD32002B002000FFF73C
:10EBE000B3FFF7E7F8B50F00060000F0B1FCFA221A
:10EBF00004000D00002392003800002100F088FC82
:10EC000002000B0012196B41002B03DB3000FFF7F1
:10EC10009BFFF8BD0122014B5242F7E7FFFFFF7F48
:10EC20000268EFF3108172B61368002BFCD0BFF3BB
:10EC30005F8FFF2303710368BFF35F8F00221A60A9
:10EC400081F3108840BF704710B5084C2378002B23
:10EC50000AD18023064807495B051A68C25004336D
:10EC60008B42FAD10123237010BDC0466CB5002041
:10EC7000741200100001001010B5024B01339847C8
:10EC800010BDC04674120020002304499A00511898
:10EC9000096801338150062BF7D170470400024008
:10ECA000002210B5044C9300A446C15801326344BD
:10ECB0001960062AF6D110BD04000240431E984197
:10ECC000802340425B001840DB189C46044B6044A4
:10ECD0001B685840C0239B001840024B18607047C7
:10ECE0000C8001400C9001401423F0B5D6464F46ED
:10ECF00046469A46C0B581461888043386B0984681
:10ED00000E001B882B4914009847534607001888AB
:10ED1000434629491B8898475346050018884346AF
:10ED200026491B8898478046FFF78EFF6846FFF705
:10ED3000ABFFB847A8470020FFF7C0FF002C1BD04F
:10ED4000C02122000827022049053D008B6A1D4092
:10ED500018420BD0002C09D0131B0D2B24D84B4686
:10ED60001B78013C0B6601239C46E1442300002DE7
:10ED700011D11343002BE8D10120FFF79FFFC047BB
:10ED8000FFF77AFF6846FFF78BFF06B01CBC904682
:10ED90009946A246F0BD002AECD00B6E013A3370C2
:10EDA000130001362343E5E7002DCED0002ACCD056
:10EDB000F3E7C046494600004558000046430000BE
:10EDC0000022002110B50948D30084460132634473
:10EDD0009960D9600F2AF6D1F022002192000448F0
:10EDE00000F09EFB034B044A1A6010BD0000105057
:10EDF0003CA9002008B5002080011050F0B54F4616
:10EE0000D6464646C0B5204B84B09F6D002F23D018
:10EE10001E4B00249A46012399461D4B0126984615
:10EE200004E001347600E4B2202C15D03E42F8D044
:10EE300053469E654B4665086D00A343ED186D0172
:10EE40004544280000F040FA00280BD10134B743B4
:10EE5000E4B27600002FE7D104B01CBC904699467E
:10EE6000A246F0BDEB8AE0210393002301A8AA7813
:10EE7000C900018001210271437100F045FA2800A8
:10EE800000F0BEF9E2E7C04600001150003011501A
:10EE9000FCA800209823F0B5C6467A4A00B5D5589C
:10EEA00080232C009B0284B01C401D423AD0764B3C
:10EEB000764C9A6A764B00271A608023DB00E618AE
:10EEC0000023984602E04034B44212D06378022B0B
:10EED000F9D12378002BF6D0A2781F00002AF2D0B7
:10EEE00043462000A3701A38403400F0B7F9B4420A
:10EEF000ECD1002F08D1674B1B78002B04D1802167
:10EF0000654A90338902D150C0225E4B01A89B6CA8
:10EF100092005B055B0D012180240280436000F0BC
:10EF2000F3F9A40210232B4200D092E080235B026D
:10EF30001D4232D0594E1C43B37E002B15D000F039
:10EF400017FB012800D988E0C0220021300092017F
:10EF500000F05CF9300000F053F900F009FB0128E3
:10EF600003D902224C4B5A661A6601273A23F770DE
:10EF7000F35C002B23D123230122F254C02301A8E8
:10EF8000DB00474A038002AB42CA42C3012100F0C2
:10EF9000BBF98022404B92021A6580235B011D421F
:10EFA00024D18023DB011D4237D180231B021D4267
:10EFB00042D1AC4261D104B004BC9046F0BD00F037
:10EFC000D7FA012851D8C022364F002138009201CB
:10EFD00000F01CF9380000F013F900F0C9FA01281C
:10EFE000C9D901222C4B5A661A66C4E700261C4375
:10EFF000244B1E60FFF7E4FE80236A465B0093808B
:10F00000012101A8167200F07FF98022224B120321
:10F010001A658023DB011D42C7D01C43802301A851
:10F02000DB000380012100F06FF910221A4B1A65F2
:10F0300080231B021D42BCD01C43A02301A8DB007F
:10F040000380012100F060F98022134B12011A6540
:10F05000AFE71C43FFF7D2FE68E70222124B0949D3
:10F060001A664B6E1A42FCD06EE701220E4B054920
:10F070001F664B6E1A42FCD0A5E721000B48694081
:10F0800000F05EFA000011500040054036A9002053
:10F09000E83400206AB5002000301150FCA80020A0
:10F0A000000010501CA90020002011509CE9001005
:10F0B000F0B50200838A008B041C984200D91C1C06
:10F0C0008027A4B21B1BD5789BB2FF0093822743F5
:10F0D000002D02D09027BF01274301267540D5702F
:10F0E00055783800002D13D1D0688E0184461569FB
:10F0F0006644002C07D00023E85CF05401339C42A6
:10F10000FAD11569938A80202C19000214613843C2
:10F11000002B02D18023DB011843002900D000041A
:10F12000F0BDC046836830B505001868002900D0DE
:10F13000000C6B788005800D002B08D1EB8AC3187A
:10F14000EB822B8B834201D90023AB8230BDEB686D
:10F1500089019C462C696144002806D00023CA5CC2
:10F16000E25401339842FAD12C69EB8A2418C3186F
:10F17000EB822C61E5E7C04610B5040083680021EE
:10F180001B68FFF7CFFF63681B685B0002D5238B0A
:10F19000834200D010BD01212000FFF7C3FFF9E733
:10F1A000084A0300126C0020920703D41B78DB0985
:10F1B000012B00D070470878023843425841C0B252
:10F1C000F8E7C04600001150010010B51B310230B5
:10F1D000FFF7E6FF00280CD00649074B8C46074A8C
:10F1E0009B6A126863449B1A0020C6229A424041DF
:10F1F000C0B210BDE0FCFFFF00400540E834002035
:10F2000000238376036143617047C04610B583686D
:10F21000002901D01C682140002A12D08024E4007B
:10F22000114322420DD01A6822420CD1084A0A40EA
:10F230001A60084A126C920703D40C23033BFDD2D8
:10F240008368196010BD8178034800F079F9C046E1
:10F25000FFFBFFFF00001150B0E90010436870B5DC
:10F26000002180251E680400FFF722FF134B6D016B
:10F270001B6C05439B070FD5A3785B060FD0104B83
:10F280001E4080239B0533436268002113602000E9
:10F290002A00FFF7BBFF70BDA378DB09EFD0A38A7C
:10F2A000002BECD001212000FFF702FFA023054A2C
:10F2B000DB05324005431343E6E7C046000011502A
:10F2C000FFFFFFAFFFFFFFDF70B5857E0400002D5D
:10F2D00013D0FFF751FFA38A002B01D1280070BD86
:10F2E0002000FFF771FF051E03D0012300252377BF
:10F2F000F4E72000FFF7B2FFF0E78178014800F063
:10F300001FF9C046D0E90010F0B5CE46474680B59B
:10F31000437805000E0085B0062B0BD86F4A9B0082
:10F32000D3589F466E4B1A78D2071DD504211A7800
:10F330000A431A706B4B1C686269EFF3108172B656
:10F340001368002BFCD0BFF35F8FA1612000290060
:10F3500000F0D6F86269A369BFF35F8F00211160E6
:10F3600083F31088002804D105B00CBC9046994660
:10F37000F0BD32006978287800F0F2F8F4E75A4AD4
:10F3800013780133DBB21370D4E70121544B1A78A0
:10F390008A431A701A7801318A431A7000225A700F
:10F3A0001A7802318A431A70C4E75049504F89468F
:10F3B00050490024002388463A780DE042461268FE
:10F3C000630194466344002B0BD13A780134E4B2D4
:10F3D000511C2300A14211DB9442EFD39B1A5B0125
:10F3E0004B44DB69002BF0D06968287898473A785D
:10F3F0000134E4B2511C2300A142EDDA384F3B78CE
:10F400005B072AD504223B7801AC934300212000FE
:10F4100008323B7000F084F82B782370052363706A
:10F42000304B1B6898465A69EFF3108172B6136827
:10F43000002BFCD0BFF35F8F43464046996121000B
:10F4400000F05EF843465A699B69BFF35F8F002165
:10F45000116083F3108800283AD1FB78DB0700D4D1
:10F4600082E701AC0C220021200000F059F82B7833
:10F470002370032363706B6863601A4B1D686A69AD
:10F48000EFF3108172B61368002BFCD0BFF35F8FCF
:10F49000A9612800210000F033F86A69AB69BFF365
:10F4A0005F8F0021116083F31088002800D15BE793
:10F4B00032006178207800F053F855E7084B1A784D
:10F4C000D20700D450E704211A788A431A7031E732
:10F4D00032006178207800F043F8BEE784EA00103B
:10F4E000480F0020A00F00206BB50020A0EA0010FC
:10F4F00069B50020980D00207047C046000000004C
:10F5000001B40248844601BC604700BFB1910010BD
:10F5100001B40248844601BC604700BF615400103A
:10F5200001B40248844601BC604700BF4D5800103A
:10F5300001B40248844601BC604700BFD1350010C9
:10F5400001B40248844601BC604700BFDD290010B9
:10F5500001B40248844601BC604700BFDD3600109C
:10F5600001B40248844601BC604700BF197900100D
:10F5700001B40248844601BC604700BFD129001095
:10F58000100000000000000000000100000000006A
:10F590000000000000000200000000000000000069
:10F5A0000000030000000000000000000000FF0059
:10F5B0000000000001B5486801318E4600477046E2
:10F5C00009380149884701BDF12D001000000000F5
:10F5D000000000000000000000000000000000002B
:10F5E000100C0020000000000000000000000000DF
:10F5F000503300004C3300005433000052330000FD
:10F600004D5300004D4300005334000043340000CC
:10F61000B571001065710010D57000104D700010AC
:10F620000000000000010000E0B7002010000C0006
:10F6300000000000000000000000000000000000CA
:10F6400000000000FF0000000000000000000000BB
:04000005100001E9FD
:00000001FF
