:020000040800F2
:1000000000000220ED090008D1090008B10900082C
:10001000B9090008C1090008C9090008000000006A
:100020000000000000000000000000003D0A000881
:100030003D0A0008000000003D0A00083D0A0008D3
:100040003D0A00083D0A00083D0A00083D0A000874
:100050003D0A00083D0A00083D0A00083D0A000864
:100060003D0A00083D0A00083D0A00083D0A000854
:100070003D0A00083D0A00083D0A00083D0A000844
:100080003D0A00083D0A00083D0A00083D0A000834
:100090003D0A00083D0A00083D0A00083D0A000824
:1000A0003D0A00083D0A00083D0A00083D0A000814
:1000B0003D0A00083D0A00083D0A00083D0A000804
:1000C0003D0A00083D0A00083D0A00083D0A0008F4
:1000D0003D0A00083D0A00083D0A00083D0A0008E4
:1000E0003D0A00083D0A00083D0A00083D0A0008D4
:1000F0003D0A00083D0A00083D0A00083D0A0008C4
:100100003D0A00083D0A00083D0A00083D0A0008B3
:100110003D0A00083D0A00083D0A00083D0A0008A3
:100120003D0A00083D0A00083D0A00083D0A000893
:100130003D0A000800000000000000003D0A000821
:100140003D0A00083D0A00083D0A00083D0A000873
:100150003D0A00083D0A00083D0A00083D0A000863
:100160003D0A00083D0A00083D0A00083D0A000853
:100170003D0A00083D0A00083D0A00080000000092
:10018000000000003D0A0008000000000000000020
:100190003D0A000800000000000000003D0A0008C1
:1001A0000000000000000000000000003D0A000800
:1001B0003D0A00083D0A00083D0A00083D0A000803
:0401C0003D0A0008EC
:1001C80070B4154E85B001AC0021A6FB0023DB08F6
:1001D80003EB8302A0EB420205463032D2B2092D6E
:1001E800184604F8012B0B4601F10101EDD8013B3B
:1001F80001A80A4918440DF1030400E000BF0B6888
:100208001B06FBD5A0424A6002D010F80129F6E788
:1002180005B070BC704700BFCDCCCCCC00440040CA
:10022800044B054A4FF4803199619A61BFF35F8F9F
:1002380000BFFDE7000802404000BF0030B49DF851
:1002480008400D4DE40144EA8313400000F01E000D
:1002580043EA42120243D3431B0403F47F031A43C5
:100268004FF48033AB61AA61BFF35F8F09B10123FB
:10027800AB6130BC704700BF000802402DE9F04771
:100288009A4C24780CB9BDE8F08781468846174611
:100298001D4600F0DBFB9648964E83683168964C05
:1002A800964AC3F38223032B38BF0323033B21FA67
:1002B80003FA0AF56143A4FB03131B0C002442F262
:1002C8000801D4609360D16099F80030422B75D052
:1002D8008B4E8C49894B42221868040603D400BF10
:1002E8001C682006FBD55A6011F8012F002AF3D1AB
:1002F80099F800205AB1814B494600E000BF1868C0
:100308000406FBD55A6011F8012F002AF7D17E495F
:100318007A4B202200E000BF18680006FBD55A601F
:1003280011F8012F002AF7D14046FFF749FF774A15
:100338007248202300E000BF01680906FBD543602E
:1003480012F8013F002BF7D13846FFF739FF704804
:100358006A49202300E000BF0A681706FBD54B60F6
:1003680010F8013F002BF7D1644B1C211C6825FABB
:1003780001F202F00F022406B05C03D400BF1A6831
:100388001206FBD504390F1D5860EFD161485B4A4E
:100398000D2100E000BF13681C06FBD5516010F862
:1003A800011F0029F7D113685A063FF56CAF534A6D
:1003B80000BF13685B06FBD5BDE8F08799F80130EC
:1003C8004F2B85D184685448C4F34234432100E05C
:1003D80000BF13681B06FBD5516010F8011F0029E8
:1003E800F7D13068FFF7ECFE4C48444A202100E082
:1003F80000BF13681B06FBD5516010F8011F0029C8
:10040800F7D15046FFF7DCFE45483C4A202100E082
:1004180000BF13681B06FBD5516010F8011F0029A7
:10042800F7D1032C3068234638BF0323033BD84059
:10043800FFF7C6FE3B48314A202100E000BF1368A1
:100448001C06FBD5516010F8011F0029F7D1364B67
:100458002B4ED3F800C0294A1C212CFA01F303F0D3
:100468000F031468F05C230603D400BF13681C064E
:10047800FBD504395060081DEFD12C481F4A2021B4
:1004880000E000BF13681B06FBD5516010F8011F80
:100498000029F7D1264B188880B2FFF791FE25482E
:1004A800164A202100E000BF13681C06FBD55160E6
:1004B80010F8011F0029F7D10D4B104AD3F804C0DA
:1004C8001C212CFA01F303F00F031468F05C2306D7
:1004D80003D400BF13681C06FBD504390B1D5060FC
:1004E800EFD11548054A202129E000BF71000020FE
:1004F8000038024000000020C5B3A291004400402B
:10050800285B0008705A00080C5B0008145B0008A0
:100518001C5B0008085B0008805A0008BC5A0008E9
:10052800C85A0008D45A0008002004E0E05A00081D
:10053800227AFF1FEC5A0008F85A000800BF136817
:100548001C06FBD5516010F8011F0029F7D1224B7A
:10055800224AD3F808C01C212CFA01F303F00F0338
:100568001468F05C230603D400BF13681C06FBD58F
:1005780004390B1D5060EFD11948184A202100E0BA
:1005880000BF13681C06FBD5516010F8011F002935
:10059800F7D1144B114AD3F888C01C212CFA01F367
:1005A80003F00F031468F05C230603D400BF13683C
:1005B8001C06FBD504395060081DEFD10A48074ACC
:1005C8000D2100E000BF13681B06FBD5516010F831
:1005D800011F0029F7D17CE60038024000440040A2
:1005E800005B000800ED00E0085B00082F4B18785E
:1005F800002839D02E4B1B6840F22142C3F30B036D
:10060800934201D0002070472A4B1B889BB2B3F558
:10061800007FF7D1284A294B1068294903408B42AB
:10062800F0D1136803F0F803802BEBD15368254908
:1006380023F0802323F43C038B42E3D193684FF6E5
:10064800FC410B4049F208418B42DBD1D2F88C3097
:1006580013F08073D6D11C4AD2F8882002F47002B5
:10066800B2F5700F01D018467047184B1B6803F09D
:100678000F03032BC6D1164A136803F47033B3F57E
:10068800404FBFD1536813F48043ECD002F5E432F5
:10069800536B13F08003B5D1106B0E49014000294C
:1006A800E1D1106CC0F34040704700BF70000020DB
:1006B800002004E0227AFF1F0038024002000102F5
:1006C800020000021032002500ED00E0003C02406C
:1006D80000700040001060208B4A8C49106B8C4BD6
:1006E80040F0050070B510634FF47F00156B88610A
:1006F8000868884C884E204040F4AA4040F05500D5
:100708000860486820F0FF004860886820408860DA
:10071800C86820404FF40014C8609C6119687F487D
:100728007F4C21F44061002541F4806119603560F7
:10073800116C7C4E41F400311164116C196821F080
:10074800300141F020011960596821F00401596015
:10075800996821F0300141F010019960D96821F0C1
:100768003001D960196A21F4706141F4E0611962BD
:100778000123C560056145612370336840F221415A
:10078800C3F30B038B4284B040F0BB80664B1B88DD
:100798009BB2B3F5007F40F0B4801168634B21F041
:1007A800F90141F08101116002E0013B00F0A980EC
:1007B80011688C07F9D590685C4B5D4920F00300FF
:1007C800906002E0013B00F09C800A6812F00C0F78
:1007D800F8D14D49554B0A6822F0867222F48032CE
:1007E8000A6002E0013B00F08C800A689001F9D4AD
:1007F8000A6C5048504C514D4C4B42F080520A64A0
:100808000A6C026822F4703242F44042026040F2FC
:1008180003724D6022608A6822F47C4222F0F00262
:1008280042F414428A60D1F88C2022F08072C1F818
:100838008C200A6842F0807200F5E4300A6001E01A
:10084800013B5ED002689101FAD5384B3C4901E082
:10085800013B56D00A685204FAD52B48334A8368BC
:10086800334923F0030343F00203836001E0013AB4
:1008780047D00B6803F00C03082BF8D100F0E6F81A
:10088800304A314B12689A423BD1304AD2F888300C
:1008980043F47003C2F88830BFF34F8FBFF36F8FF4
:1008A8004FF07F524FF0804301920293DDED017AC1
:1008B8009DED027A67EE877AB5EE007A77EE877A51
:1008C800B0EE0A7ACDED037ADDED037AF4EE477ADD
:1008D800F1EE10FA15D10C4A1D48116C41F00101D6
:1008E80011644FF08043126C002141F287340122D9
:1008F8001960D9609C62027004B0BDE87040FFF7CF
:1009080075BE002004B070BD0038024000080240E7
:10091800000002400000FFFF10E000E0004400403B
:1009280071000020002004E0227AFF1F00093D002A
:100938000838024000700040003C02401032002598
:10094800047000400000002000E1F50500ED00E023
:100958007000002018B3F0B4DFF844C000252C461E
:100968004FF08043012709266045014628BF6146AC
:1009780001EB81025200013A1C60DA625C625F613D
:100988001C611E601A69D20703D400BF1A69D20716
:10099800FBD5401A1D601D61E6D1F0BC7047704759
:1009A800A086010030BFFDE708B5FFF739FC00BF9E
:1009B80008B5FFF735FC00BF08B5FFF731FC00BFED
:1009C80008B5FFF72DFC00BF08B5FFF729FC00BFED
:1009D80008B500F097F830BFFDE700BF704700BFCB
:1009E800704700BFDFF834D000F026F80C480D49F6
:1009F8000D4A002302E0D458C4500433C4188C4272
:100A0800F9D30A4A0A4C002301E013600432A242D7
:100A1800FBD304F0DDFAFFF7DBFF7047000002208C
:100A2800000000206C00002098AE00087000002034
:100A3800109E0020FEE70000034AD2F8883043F4F5
:100A48007003C2F88830704700ED00E0164A9368DA
:100A580003F00C03042B0CD0082B0CD0134B124AB8
:100A6800134892681349C2F30312825CD3400B60A7
:100A78007047114BF3E75068516852684302C2F35C
:100A880088124CBF0C4B094B01F03F01B3FBF1F34B
:100A980003FB02F3044A5268C2F3014201325200D6
:100AA800B3FBF2F3DBE700BF003802400024F40098
:100AB8003C5B00080000002040787D01F0B583B061
:100AC800DFF83CC00C4FCCF8000000231546044664
:100AD8000E4600931A46194601233D60FFF7AEFB08
:100AE80006482B4632462146FFF7C8FB03B0BDE84F
:100AF800F040FFF757BF00BFA49D00204C5B0008E3
:100B0800089E00202DE9F04F83B0FFF7E5FD00288F
:100B180000F0C48000231A46194618460093FFF7D0
:100B28008DFB00237048DFF8E0A1DFF8E0B11A463A
:100B38001946FFF7A3FB0126002300931A4619461E
:100B48001846FFF77BFBFFF751FD002800F0AF8048
:100B5800042E4FF4006240F28E8064493046082E1D
:100B680098BF594601F062FC0023002800F0A780D6
:100B78001846009301221946FFF760FB4FF47A707C
:100B88000025FFF7E7FE2B462A4629463046009502
:100B9800FFF754FB0120FFF7DDFEFFF727FD0446B2
:100BA800002800F088805AF8047B51483A462B46C2
:100BB8003146FFF763FB06F1FF39012100952B460B
:100BC8002A463046FFF73AFB1FB96EE00135AF42BF
:100BD8004ED0304601F0C6FC0028F7D104464FF04D
:100BE8000008CDF800804346424641463046FFF7AC
:100BF80025FB404B43F82950002C68D0BD426AD1F0
:100C0800FFF7F4FC00285ED0304601F0B3FD002861
:100C180065D0304601F082FF374A034642F8293052
:100C2800314652F8293035482A460136FFF726FB67
:100C38000D2E81D101242246434641464046009468
:100C4800FFF7FCFA4FF4FA60FFF784FE434642468A
:100C5800414640460094FFF7F1FA29484346424688
:100C68004146FFF70BFB03B0BDE8F04FFFF79ABE14
:100C780004463D46B3E72349304601F0D7FB00233D
:100C8800E8B11846009301221946FFF7D7FA012E5A
:100C980041F2883018BF4FF47A7071E7014601229B
:100CA80003B0BDE8F04FFFF709BF3D4697E701469F
:100CB80002223046F4E7014604223046F0E7304687
:100CC80003220021ECE7294630460722E8E72946B7
:100CD80030460522E4E7294630460622E0E7294661
:100CE80030460822DCE700BF545B0008A46B00080C
:100CF8005C5B0008D89D0020A89D0020645B00086C
:100D08006C5B0008A45B0008745B0008A46300081F
:100D18002DE9F04F85B0431E02934C1E00F10F0CD5
:100D280013F8012F14F8015F9C4582EA05021A7036
:100D3800F6D101F10F03019301F19F030393DFF84B
:100D480060A100F110030093029B13F8012F1AF819
:100D580002201A709C45F8D14578447B417A427943
:100D68008378877A867945734472857BC478417124
:100D78004270C179C27A8372C37B8770867385712A
:100D8800C471C172C273C370074697F800907C782B
:100D9800BE7897F803804FEAD915E1096B00F2098C
:100DA8001D444B00194453001A444FEAD8134FEA24
:100DB800430B5B4405EBC50501EBC10102EBC20225
:100DC80084EA060E81EA440182EA460285EA490578
:100DD80089EA040403EBC303EDB28EEA080BD2B22E
:100DE80089EA06068EEA090E88EA040483EA4803BB
:100DF800C9B25440DBB288EA060685EA0E0E4E40B8
:100E08005C4085EA0B0B83EA0E03FB7081EA0B0159
:100E1800009B397072407A70BC700437BB42B4D101
:100E2800DDE9011313F8012F11F8014F9C4582EAFF
:100E380004021A70F6D1019B039A10339A42019367
:100E480082D1029B13F8012F1AF802201A709C45D0
:100E5800F8D14278437A417B427342794371837A6D
:100E680041724270817882798370C3788172817B04
:100E78008273C279C371C37B8171C370C17A029BCB
:100E8800C272039AC17313F8011F12F8010F9C452F
:100E980081EA00011970F6D105B0BDE8F08F00BFF6
:100EA800D0740008F0B41F4CB4F800688446A6B3A8
:100EB8004FF0FF310D460023201D0EE0B1F1FF3F3A
:100EC80008D0AA4206D104EBC1023F5A9288974241
:100ED80038BF19460133B3420AD054F83320AA4226
:100EE8004FEAC307EAD219460133B3421546F4D193
:100EF800CB001A46013E04EBC601A51803C9AD880C
:100F0800A258ACF80450234483E80300A4F800680E
:100F18006046F0BCCCF8002070476FF0070213461B
:100F2800E8E700BF74000020002944DD2DE9F04FF8
:100F380083B0834600F1FF394FF00008531E404646
:100F48008944CBF1010A019308F10103994228DD94
:100F58000BEB0803012405E0FF2C0FD099455FFA3D
:100F68008EF415D093F800C00AEB03051E4613F85B
:100F7800017FBC4504F1010EA846EDD01454019C34
:100F880033780230A9422354DEDC03B0BDE8F08F89
:100F98001454431C1BF80510D154023003B0BDE8AB
:100FA800F08F0123135402301BF80830013A135410
:100FB80003B0BDE8F08F0020704700BFA1B1034621
:100FC8000129007810700FDD70B45E1E0E441D46B6
:100FD80001336C782D78B342A4EB050402F8014F75
:100FE800F5D1084670BC7047084670472DE9F04FA8
:100FF800002985B0CDE902025BDD4FF00008C64646
:10100800CDF80480C446934600F1FF3A029B13F8DA
:101018000E308BF80230019B8BF800800EF1010630
:101028000333B1428BF801C0009339DDFE2E0BF17A
:10103800030B3CDDAEF1FE07029B4FF00009CC46E6
:1010480003EB0E080AEB07004246002308E010F8FD
:10105800015F12F8014FA54205D10133FF2B02D0E1
:101068009C198C42F3DB9C45BCBF9C46A6EB070948
:10107800774507F1010301D01F46E3E70CEB060EA5
:101088008E455FFA89F85FFA8CFC0DDB039A0199AB
:101098000098531802F8008083F804C04B1D009391
:1010A800009805B0BDE8F08F009B0193AEE70027DC
:1010B800C2E700230093009805B0BDE8F08F00BF99
:1010C8002DE9F04FADF21C5DCDE90120002800F0BC
:1010D800EF80B1F5006F884600F2EA80019C002C91
:1010E80000F0E6804FF484720021204603F0B0FF40
:1010F80000254FEA182384F800806370A570E57016
:10110800B8F1000F00F0E680294641F20442BB48DE
:1011180003F09EFF2946029D46AC6B1E1E462046E4
:101128004FF48062039303F093FF31460B4611F8A6
:10113800010F023354F820205B1B0132984544F814
:101148002020F3DCAD4D002305F6023905F6021E1A
:101158001A4645A90DF214574FF0010C51F8040F27
:1011680005EBC3045E1C50B145F8330090B2B3B22E
:10117800A080A5F8003802F809C02EF812008F42A6
:1011880002F10102EAD19E4E012B06F5807444D982
:101198004FF4807906AF04A8FFF784FE3846FFF7BE
:1011A80081FEB5F800E83968049A954BBDF814003B
:1011B800B7F804C005EBCE0B0A440EF1010A45F856
:1011C8003E209049ABF804901FFA8AFA6FF4306217
:1011D800CE46A5F800A809F101099D181FFA89F95A
:1011E800491B03E062450BD0A34213D013F8012F2B
:1011F800002AF9D031F813208242A3F5407BF1D1BF
:1012080021F813E09BF80020A34202F101028BF8B9
:101218000020EBD1BAF1010FBDD8794B4FF000098E
:1012280006A913F8012F2AB15A1E921B01F80920AA
:1012380009F101099C42F4D1B9F1010F43D025DD30
:101248000DF1170303EB090709F1FF3E06AE4FF056
:10125800000C0CF1010CE145C8BF334603DC11E07A
:101268002CD09F420ED0327813F8011FAC186818A2
:1012780094F8024890F802088442F1D931701A7043
:101288009F42F0D1E64506F10106E2D1B9F1000F1F
:1012980055D006AF3C4607EB09013A4601E09142BA
:1012A8001ED012F8013B2B4493F80238202BF6D9B4
:1012B8004FF0FF300DF21C5DBDE8F08F8A42D0D9A7
:1012C80031701A70DCE79DF818302B4406AF83F8AC
:1012D8000298DFE74FF484700DF21C5DBDE8F08FD3
:1012E800019B49494FF4807203F1080003F0A2FE04
:1012F80017F801092B18291893F8023891F80218E1
:101308008B424FF00002B94417D20133DBB2994245
:101318004FEA4202F9D100F5C07305EBC303A145BA
:101328009A60197102F1010211D014F8010F0B46ED
:10133800291891F802188B42E7D31946EBE7019B6D
:1013480031494FF4807203F1080003F073FE0399EA
:10135800029800260B4611F8012F05EBC202023352
:1013680092F8042C1B1A98451644F3DC019C029F42
:1013780026714FEA166E002084F807E0330A310C14
:10138800DDF80CE084F80801C7F1010C6371A17164
:101398000246074604F58474A9461EF8013FDB009F
:1013A80003F6044309EB030119F803304D68591E8D
:1013B800BBB125FA01F314F800A0C2F1070B03F042
:1013C800010303FA0BF3013243EA0A03082A235400
:1013D80005D10130B6EBC00F88BF27540022013970
:1013E800E7D20CEB0E039845D7DC002AC8BF0130C2
:1013F80000F584700DF21C5DBDE8F08F74000020CC
:10140800750B0020FEF2FFFF760800202DE9F04F53
:10141800B3B08A460092013B06AA0AAC13F8011F32
:1014280002F8011BA242F9D1584EDFF864E10DF130
:1014380023014FF0010C102203AF02AB0C4614F845
:10144800015F03F8015BBB42F9D113075FD09DF838
:10145800083011F80B8C4D1D0DF1090483EA0803BF
:10146800BC4205F8013B09D014F8013B15F8108C73
:10147800BC4283EA080305F8013BF5D10432B02ADF
:1014880001F10401D9D1BAF1000F7DDD0AF1FF3372
:101498000193AAF1100923F00F03A9EB0309009B9C
:1014A80000EB0A08544603EB0A070DF1170613E090
:1014B80006A902A8FFF72CFC0DF1080CBCE80F00E8
:1014C800103C07EB050CA1457851CCF80410CCF87A
:1014D8000820CCF80C3036D0102CA346A8BF4FF00B
:1014E800100B5A46A8EB040102A803F0A3FD0F2C29
:1014F800C4F10005DCDCCBF110030BF1FF3202A9CB
:10150800DBB20A4402F8013FB242FBD1D0E79DF8B2
:1015180009301EF80C809DF808909DF80B509DF836
:101528000A40F35C16F80990755D345D8DF80B90F0
:1015380083EA08030CF1010C8DF808308DF80A5085
:101548008DF8094085E7019B23F00F0510351AF047
:101558000F0F15D10DF107030DF11701102203F834
:10156800012F9942FBD106A902A802ACFFF7D0FBD4
:101578000FCC009E741970516160A260E360103551
:10158800284633B0BDE8F08F0025E0E7D0740008A6
:10159800C47400082DE9F04FCDB00DF12C0C039068
:1015A80062461BAE4B780D78CC7888781B0443EAEA
:1015B8000563234343EA002342F8043F964201F1BE
:1015C8000401EFD13CAD0CAA966B134652F8040FF8
:1015D8005C6A1F684FEAF64383EA76434FEAB041F4
:1015E80083EA96233C4481EAF011234481EAD0013E
:1015F8000B449542D363E7D1039BDFF8E8B0D96881
:1016080058699A691D685F689E681C69DB6904935C
:10161800334B01934BAB0293DDF810900595069779
:101628000796089109940A900B928A468046964636
:101638005B460BE0B2463E462F461546019AF146F8
:10164800C646A0461C4652F8043F01924FEAF421D0
:101658002EEA040081EAB41104EA080281EA7461FE
:1016680042405CF8040F0A4487EA060B4FEA7531DA
:10167800024481EAB5010BEA050B07EA060081EA94
:10168800B5518BEA0000084402994A441A4461455E
:1016980002EB0A030244CDD1059911440A46069982
:1016A80029440D46079939440F46089931440E4696
:1016B800099919440A9B23441C460B9B434418462A
:1016C800049B73448C461946039BC3E90157C3E93D
:1016D800036CC3E905401A60D9614DB0BDE8F08FCD
:1016E800C4730008982F8A422DE9F0433D4E0F46F7
:1016F800804614460FCE99B06D460FC596E80F0088
:101708003F2F85E80F006BDDA7F1400626F03F0369
:1017180008F1400999444546294668464035FFF78F
:1017280039FFA945F8D126F03F054035A8447D1B6F
:101738002A46414608A803F07DFC18AB2B44013526
:101748008022382D03F8402C42DD08ABC5F1400259
:101758005819002103F07CFC08A96846FFF71AFF16
:101768003822002108A803F073FCFB17DE0046EAC4
:101778005776F90000230DF15F07C3F1200521FA20
:1017880003F2A3F1200006FA05F52A4326FA00F031
:1017980008330243402B07F80129EED108A968460F
:1017A800FFF7F8FE07AD2246ADF1040151F8043FFA
:1017B800D3701C0E180C8D424FEA1323147050700E
:1017C800937002F10402F1D1202019B0BDE8F08332
:1017D80008ABC5F138025819002103F039FCC4E7F9
:1017E8003D46A5E7A473000830B404680D682C448E
:1017F80004601D686C404FEA34441C6015682C4432
:1018080014600D686C404FEA34540C6005682C4431
:101818000460186860404FEA306018601368034439
:1018280013600A6853404FEA736330BC0B6070471B
:1018380070B50D1F90B004462A466B4610A852F8A2
:10184800041F43F8041B8342F9D10A260CAB08AAEB
:1018580004A96846FFF7C8FF0DAB09AA05A901A8A6
:10186800FFF7C2FF0EAB0AAA06A902A8FFF7BCFF42
:101878000FAB0BAA07A903A8FFF7B6FF0FAB0AAA7D
:1018880005A96846FFF7B0FF0CAB0BAA06A901A88B
:10189800FFF7AAFF0DAB08AA07A902A8FFF7A4FF44
:1018A8000EAB09AA04A903A8FFF79EFF013ECDD1FC
:1018B800201FADF104020FAC52F8043F55F8041F85
:1018C800A2420B4440F8043FF6D110B070BD00BFEF
:1018D8002DE9F047A0B01D6804955D6805959D68E1
:1018E8000695DD6807951D69289C08955D69099529
:1018F8009D69DB6926680A950B93A5686368264C81
:10190800009404F11A64254F0E9304F10F14244B2C
:10191800019304F56D440123B1F10008CDE9027487
:101928000D960F950C9332DD8246164600276946C0
:1019380010A8FFF77DFFA8EB070CBCF1400F06EBE2
:101948000704A8BF4FF0400C7A1E0CEB0400214698
:101958005244631A23F0030E20ADAE4403F0030390
:101968005EF8405C12F8019FDB0025FA03F383EA76
:10197800090304F8013BA042EBD10C9B67440133F7
:10198800B8450C93D3DC384620B0BDE8F087002773
:10199800384620B0BDE8F08765787061322D6279ED
:1019A8006E642033002917DD70B4441E0C48661895
:1019B8004FF0FF3314F8015F08216B40DD074CBF7F
:1019C80080EA53035B080139F8D1B442F2D1DB4312
:1019D800002070BC1360704700231360002070471C
:1019E8002083B8ED000000002DE9F04F2DED0C8BA1
:1019F80091B00A910F92002800F0BF81002A00F0F0
:101A0800BC8101F1FF3EBEF5006F0B4680F0B58149
:101A18001EEA01040E9440F0B081012900F0AB8168
:101A28005B10012B04F10104FAD1DFF88083DFF8A1
:101A380078938644471EC0F1010C4FF0000BC24654
:101A48000120661E0CEB0705002C00F09181002395
:101A5800194600FA03F22A4203D0F21A00FA02F2F7
:101A6800114301339C42F4D1CF4B03EB810308EBC4
:101A7800810117F8012FC1F800B007EE902AF8EE9F
:101A8800677ABE45C3ED007ADCD1002C00F02881CE
:101A980001239FEDBD7BBEA7D7E90067B0EE47DA0B
:101AA800F0EE67DA0C93E3180D930C9A012101FA12
:101AB80002F3079303EBD3730B4104939B000B933F
:101AC800042393400993B84B069307F10041B74BA1
:101AD80005930CEE106A00230CEE901A0893079BEE
:101AE800012B40F3C4809FEDAC7B0B9B069A059DB0
:101AF800991800245BEC17AB4FF000084FF0000971
:101B080000915F1916460394009C206803F00CFCB2
:101B180002460B46386843EC1A2B03F005FC524684
:101B280041EC180B5B4651EC1A0BB0EE489AF0EEFC
:101B3800689A03F051FC424641EC1B0B4B4651ECB2
:101B4800180B03F049FC02460B4651EC1B0B03F043
:101B58008BFA524641EC180B5B4651EC190B03F01B
:101B68003BFC41EC170B42464B4651EC1A0BB0EECE
:101B7800479AF0EE679A03F02FFC02460B4651ECA9
:101B8800190B03F073FA02460B46306843EC1A2B24
:101B980003F0CAFB02460B46286843EC1B2B03F0F4
:101BA800C3FB41EC170B53EC1B2BB0EE479AF0EE3E
:101BB800679A51EC180B03F059FA03F005FF53EC40
:101BC800192B46F8040B51EC1A0B03F04FFA03F0EB
:101BD800FBFE844653EC182B45F804CB51EC1B0B49
:101BE80003F042FA03F0F0FE844644F804CB53ECC9
:101BF8001A2B51EC190B009403F036FA03F0E4FEAB
:101C080053EC1D2B47F8040B5946504603F0E4FBF0
:101C180042464B4641EC1A0B51EC1C0B03F0DCFB23
:101C280002460B4651EC1A0B03F01EFA41EC170B57
:101C380053EC1D2B40464946D046D9465BEC17ABC2
:101C480003F0CAFB42464B468046894651EC1C0BC2
:101C580003F0C2FB42464B4603F008FA039A049B82
:101C680001329A42039280468946FFF64DAFDDE97C
:101C78000723069913440846099A059908931044BE
:101C880011440A9A06909A4205913FF728AF0C9B97
:101C98000D9901338B420C9322D0012202FA03F0F2
:101CA80003F030FB02460B463DA1D1E9000103F0E9
:101CB800BDFC41EC100B41EC180B00F0D9FFB0EE65
:101CC800407AF0EE607AB0EE480AF0EE680A57EC17
:101CD800176B00F079FFB0EE40DAF0EE60DAE4E678
:101CE8000A9B314EDFF8C4800F9F06EB8309CDF8BD
:101CF8000C90994656F8040B03F016FB02460B4667
:101D080058F8040BCDE9002303F00EFBDDE90023AE
:101D180082468B461046194603F05EFB524604463F
:101D28000D465B465046594603F056FB02460B46A5
:101D38002046294603F09AF941EC100B01F038F8D7
:101D4800484655EC104B03F0DDFA0B46024629468F
:101D5800204603F06BFC03F037FE039B47F8040BA7
:101D68009E42C7D10E9811B0BDEC0C8BBDE8F08F28
:101D780051464B467DE60E9C57E64FF0FF330E93D7
:101D8800F0E700BFAFF30080000000000000F0BFE4
:101D9800075C143326A6A13C000000000000F03FB9
:101DA800182D4454FB211940783400207814002061
:101DB8002DE9F047DDF82090D8B3D2B3CBB3002992
:101DC8002FDD09F1FF3C9C44C9F100079E464FF006
:101DD8000008B9F1000FD8BF002527DD44464FF0B1
:101DE800000A002CC4F1000504DB1EF80560055D3F
:101DF80006FB05AA013CBC42F3D15C1E002514F881
:101E0800016F64453544FAD175B1BAFBF5F502F8AE
:101E1800085008F10108414507F101070EF1010ECC
:101E2800D7D10020BDE8F0875FFA8AF502F808509C
:101E3800EFE74FF0FF30F5E72DE9F04F2DED048B7C
:101E480089B0CDE9060305910192002800F0DC80F5
:101E5800002A00F0D980002B00F0D680179A002ABB
:101E680000F0D280169A002A9FED697B40F3C78064
:101E7800551E57EC176B1D445C1E14F8010F03F038
:101E880041FA02460B463046394603F0EFF8AC42B9
:101E980006460F46F1D147EC196B059B002B40F322
:101EA8009980189B5B420393169BC3F1000B002398
:101EB8000293169B002B4FF000044FF000051BDD2A
:101EC800029A079BDDF8188016469F18002EC6F167
:101ED80000030EDBF85C18F8063000FB03F003F093
:101EE80011FA02460B462046294603F0BFF804467D
:101EF8000D46013E5E45E9D1189B012B4FF00006C7
:101F08004FF0000730DD029B179ACDF810B003F1AF
:101F1800FF3ADDF80CB0D31845EC184B1D46BAF162
:101F2800000FCAF1000317DBE85C03F0DBF9019B43
:101F3800804613F80A00894603F0E4F902460B4686
:101F48004046494603F048FA02460B4630463946B1
:101F580003F08CF806460F460AF1FF3ADA45DED15F
:101F680055EC184BDDF810B059EC198B0022002302
:101F780019EE100A494603F0BFFC22462B4688B3E7
:101F88003046394603F072F819EE102A4B4603F032
:101F98004DFB04460D4620A3D3E9002320462946DD
:101FA80003F0AAFC0646D8B9002200232046294699
:101FB80003F084FCE8B1019B039A19460132029BA5
:101FC8000392059ACE5401339A4202930BF1010B06
:101FD8007FF46FAF002009B0BDEC048BBDE8F08F33
:101FE800FF26E8E73046394603F040F804460D4638
:101FF800D1E72046294603F0C7FCC6B2DBE7B0EEBE
:10200800479AF0EE679A48E74FF0FF30E3E700BFE2
:1020180000000000000000000000000000E06F4029
:10202800002874D02DE9F04F2DED048B174683B0AE
:10203800002A69D00029884666DD07EE901AB8EEB6
:10204800E78A814678EE087A17EE900A03F06CF971
:1020580002460B4633A1D1E9000103F0E7FA03F089
:10206800B3FCF7EE007A87EE880A08EE900AB5EE20
:10207800400AF1EE10FAB1EEC09A4ED4F0EE007AB2
:1020880087EE880AB5EE400AF1EE10FAF1EEC09A32
:1020980040D409F1FF3308F1FF354D4401934FEA6D
:1020A80088090026DDF804B0B24674009FED1C8A4A
:1020B800BAFBF9F309FB13A300EE103AB8EE400A95
:1020C800A24420EE280A00F02BFE1BF8013F07EE81
:1020D800903AF8EE677A5D4527EE800A38EE008A76
:1020E800E6D1002E14BFF0EE697AF0EE497A27EEB9
:1020F800888A0136B045A7EC018AD3D1002003B005
:10210800BDEC048BBDE8F08F4FF0FF30F7E74FF0E0
:10211800FF30704700F0AAFEBBE700F0A7FEADE76E
:1021280000000000182D4454FB2109402DE9F04F10
:10213800834B1D68B5F5847FADF52F7D06D3814BA4
:10214800814ED3F800807368984504D000200DF5BF
:102158002F7DBDE8F08FB468E31DDB0803F58473B9
:102168009D42F3D1B4EB481FF0D80BAF8422002175
:10217800384602F06DFF842200212CA802F068FF87
:102188004DA88422002102F063FF06F10B0E704671
:1021980006F20B134FF0000C09E032B157F8221089
:1021A800013147F822100CF1010C984204D010F8C4
:1021B800012F202AF1D9C9E7B8F1000F00F0B48047
:1021C800BCF1000FC2D0002100208B46CDE90001F0
:1021D800CDE907582CA94FF0000C03914DA90291A5
:1021E8000122614606970DF5DC790994DC46009CCE
:1021F8000019019C4CEB04040494069C0018009000
:1022080054F8040F0694049C4FF0010C6441A2F1A9
:102218002008C2F120052CFA05F50CFA08FB0194F8
:102228004BEA050BDDE90045241845F100050CFAD9
:1022380002FAAB4508BFA2454FF0000C86D3039CB9
:102248002546009C45F8044F029C039544F8041F5A
:102258000294744614F8015F954205D1651EA5EBFA
:102268000E0509F8015001319C42F3D10132212AAF
:10227800BDD1099CDDE90758002C52D096F80C1105
:102288000023C9119C4601220BE099F80C01013288
:1022980040FA0EF000F00100212A40EA41013FF423
:1022A80055AF013357F822006FEA030E06EBD30946
:1022B8000EF0070E10B30DF1B00A5AF822A08A45A5
:1022C800A1EB0A0B1AD858450CF1010016D9E045C4
:1022D8007FF63CAF0DF59A7B5BF822B01B4A594458
:1022E800A1EB0A0A6EA912F80CC011F80A10614590
:1022F8004FF000027FF42AAF84461146A342C4D1AE
:1023080013F007030BD03544C3F10803E8784FF006
:10231800FF3101FA03F330EA03037FF417AFE04516
:1023280008D00022104612E75CEA04030CBF012023
:1023380000200CE7B2FA82F25209104607E700BF04
:10234800A09D0020989D00207C5400209895002096
:102358002DE9F84F2D4A2E4B12681B68934230D155
:1023680032B32C4E2C4DDFF8BCC031460024022776
:1023780050B30B78002C45D095F8008011F801EC8B
:102388004344012C17FB0E333CD011F802EC15F82E
:10239800018CC6447344B3F5806F39BFC3F3870318
:1023A80001310131FF230134A24205F8013FDFD199
:1023B8001A491B4802F030FEB0FA80F04009BDE827
:1023C800F88F0020BDE8F88F0131DFF85C808E4679
:1023D80008F1100B1EF8019D4FF0010A0346C34592
:1023E8000AFB093309D0B64507D058F804AB1EF8E4
:1023F800019DC3450AFB0933F5D1ACFB03E3C3F3E5
:102408004703D0E79B080131CDE700BF989D002026
:10241800A09D0020989500208B6D002080540020FE
:102428008C6D0020398EE338D0A800082DE9F041E2
:10243800DFF828C13F4DDFF828E13F4E471E002353
:102448000B2F2B608EF80030CCF80030336024D886
:10245800B2F5006F904620D8044600295DD00928BF
:1024680016D00C281CD0EAB93449354A354B0B60D4
:1024780042F2040641F60C108B5113501360324A95
:1024880000231370314A2C6013700120BDE8F081DD
:10249800002A47D0501E104204D01846BDE8F081EB
:1024A800002A3FD02A48424602F0C4FD42F20407FF
:1024B80022482349C6F8008041F60C16214BC35127
:1024C800B8F5006F8B5103600B60D8D12049214BC0
:1024D80001F500670A4601E0BA4229D083EA43338E
:1024E80083EA534312F8016B83EA4313D8B2864256
:1024F800F2D00022144B184E1A708020002303E0FB
:10250800B3F5006F12D0B05C11F8012B0133824291
:1025180003F07F02F4D00023B4E72AB9092801D0D8
:102528000C28A1D14046B9E70846B7E70123A9E737
:102538000122DFE778540020989D00208C75002048
:102548007C540020216DA783949500209595002048
:10255800989500204D3C2B1A2CA60008A09D002021
:102568009C9D00202DE9F043714B724E1A680023A0
:10257800824289B0337006D1044620B16E4F6F494C
:102588003A688A4203D0002009B0BDE8F08341F6DA
:102598000C1179589142F6D1DFF8D091D9F8002082
:1025A8008A42F0D142F2040159F801109142EAD16D
:1025B800DFF8BC81421EC8F8003013460B2BE2D866
:1025C800DFE803F0AFA89C958D867C6D64523206D7
:1025D8005B4D5C4A29685C48FFF722FD0028D2D190
:1025E800286880000028CEDB544A3B689342CAD151
:1025F80041F60C12BA589A42C5D1D9F80030934224
:10260800C1D142F2040259F802209A42BBD1092CE6
:10261800C8F8000005D00C2C03D041F608139842E6
:10262800B1DC01203070AFE7484B494A1B68444D84
:10263800ADF814301B0CD2F800C08DF81630032307
:1026480029680293009306AB01934FEA1C4E414A56
:102658003D48ADF818C005AB8DF81AE0FFF7ECFB64
:10266800002890D12868BDE73B4B354D394A93E89F
:1026780003000523009306908DF81C103248296842
:1026880006ABFFF795FB0028ECD07CE72C4D2D4AD4
:1026980029682D48FFF7A8F90028A1D073E7284B2F
:1026A80029481968002506AA0695FFF77BF900282E
:1026B8007FF469AF069B7B60042095E7204A274B8F
:1026C800116821480093234A254BFFF701F989E750
:1026D8001B4B204A19681C48FFF706F882E7184A7E
:1026E800204B116818481B4AFEF790FE7AE7144BF6
:1026F800184A19681448FEF7E3FC73E7104B1A4AA6
:10270800196811487960FEF771FC0028FFF63BAFA5
:10271800043069E70A4B0F4A19680B48FEF74EFC6C
:1027280060E7074B0B4A19680748FEF7FDFB59E7B6
:10273800785400209C9D00207C540020216DA783A4
:10274800989D00209075002098950020D07500086D
:10275800D475000880540020D87500081076000849
:10276800F0750008E0750008845400208C7500207E
:10277800A09D00202DE9F84FC34B1B68834207D169
:10278800C24B1A7822B1C24CC24923688B4203D08B
:1027980000221046BDE8F88F41F60C1161589942A5
:1027A800F6D1BD4D2B688B42F2D142F20401695833
:1027B8009942EDD1431E0B2BEAD8DFE813F0E40071
:1027C800C90090008C002A011801790068001600E1
:1027D80011000C001600BDE8F84F0120FFF7B8BD46
:1027E800BDE8F84F0020FFF7B3BDAC4B1A78002ABC
:1027F800CED0AB49AB4B0D681B68B3EB850FC7D187
:10280800002DC6D0A849DFEDA94ADFEDA93AA94EA7
:102818009FEDA95AA94F9FEDAA4ADFEDAA5A0023B6
:1028280026E01C0913F00F0F06EB840440F0268104
:10283800D4ED006AB0EEE67A27EE057A37EE247A10
:10284800D1ED007AB0EEE76AB4EE656AF1EE10FAFF
:1028580003F1010301F104019AD877EEE67AF0EE6C
:10286800E77AF4EEC77AF1EE10FA91DC9D4290D047
:102878000C28D6D107EB8304D4ED006AD1ED007A99
:10288800B0EEE67A27EE057A37EE047ADAE78E4B71
:102898001A78002A3FF47DAF824B1B68042B7FF423
:1028A80077AF6268894BD21AB2FA82F2520970E79E
:1028B800854B1A78002A3FF46CAF7A4B1A68B2F548
:1028C800006F7FF465AF8249824802F0A5FBB0FA39
:1028D80080F252095DE7BDE8F84FFFF727BC714B5E
:1028E800D3F800B0BBF1030F7FF652AF6C4A6368B0
:1028F800126893427FF44CAF4FF0040EABEB0E0915
:1029080029F00109DFF8E4A10026F14404EB0E0CDC
:10291800B24240F2ED80CE453FF43AAF9CF80570E4
:102928000EF10208002F40F08780C3457FF630AFD4
:102938000EF1030EA044ABEB0E0998F804300AF828
:10294800063029F001090136F14404EB0E0CDFE7EB
:10295800534B54491B680E689E427FF419AF002EF2
:102968003FF417AF5C485D4C0644002302E0B042D8
:102978003FF40FAF14F8015F10F8011B2B44DBB2D2
:102988009942F4D004E7474B1F6817F0010E7FF413
:10299800FFAEDFF80CA1002F00F0B580DFF8F0C023
:1029A800DAF80080DFF8309174469CF80450002D66
:1029B8003FF4EEAEA8EB04039D423FF6E9AE621E7B
:1029C8009CF805604A44234612F8011F0133B142BE
:1029D800A4EB03007FF4DCAEE842F5D10EF1020E61
:1029E80077450CF1020C40F28F801C46DDE7364B30
:1029F8001A78002A3FF4CDAE2A4B1A68202A7FF4B1
:102A0800C7AE3749334802F007FBB0FA80F25209E3
:102A1800BFE62D4B1A78002A3FF4BBAE214B1A684B
:102A2800B2F5016F7FF4B4AE2E492A4802F0F4FAE9
:102A3800B0FA80F25209ACE69CF80430002B3FF45F
:102A4800A7AEB3423FF6A4AE911B8F423FF6A0AEAD
:102A58002548F11A0139731E8519514453443D44E0
:102A680011F8010F03F8010F9D42F9D13E44B2421B
:102A78000CF1020C3FF659AFC64649E7B0EE647A4E
:102A8800F0EE636ADCE600BF785400209C9D0020CD
:102A98007C540020216DA7838C750020959500201B
:102AA800989D0020A09D00209075002017B7D13870
:102AB80000000000ACA60008ACC5A7372C860008AB
:102AC8000AD7233CFFFF7F7F94950020339A3E9DD1
:102AD8002C7E000880540020989500207F54002008
:102AE800ACA800081C7600088B6D00208C6D0020B7
:102AF800F3457FF44DAE0749074802F08DFAB0FA66
:102B080080F2520945E63B46DAF80020D31A5A42C9
:102B18005A413EE6989500208C6D0020224B1A6899
:102B2800824207D1214B187830B1214B21481968CE
:102B3800814202D000207047704741F60C101858A7
:102B48008842F7D130B41C4C2168814202D0002061
:102B580030BC704742F2040020588842F7D1092A55
:102B68001FD0043404330C2A18BF1C46134B1868B2
:102B78000028EDD0431E1248E518013C4FF0FF3302
:102B880014F8011F08224B405908DB074CBF81EAA3
:102B980000030B46013AF7D1AC42F1D1D84330BC1F
:102BA80070470434E2E700BF785400209C9D002061
:102BB8007C540020216DA7838C750020A09D0020E7
:102BC8002083B8ED0000000000B551EC100B264A38
:102BD80021F00043934285B01EDD244A934209DD6B
:102BE80010EE102A0B4602F03FFA41EC100B05B02C
:102BF8005DF804FB684600F093F900F00300012833
:102C080011D0022825D0E8B19DED021B9DED000BE7
:102C1800012001F035FBEAE79FED111B00F0C8FD2C
:102C280005B05DF804FB9DED021B9DED000B01F066
:102C380027FB53EC102B03F1004300EE903A05B04C
:102C48005DF804FB9DED021B9DED000B00F0B0FD4F
:102C5800CDE79DED021B9DED000B00F0A9FDE8E717
:102C68000000000000000000FB21E93FFFFFEF7FAC
:102C780000B551EC100B284A21F00043934285B06F
:102C880025DD264A934209DD10EE102A0B4602F094
:102C9800EBF941EC100B05B05DF804FB684600F059
:102CA8003FF900F00300012819D0022826D0E8B126
:102CB8009DED021B9DED000B00F07AFD53EC102BEF
:102CC80003F1004300EE903A05B05DF804FB9FED78
:102CD800101B002001F0D4FA05B05DF804FB9DED4F
:102CE800021B9DED000B00F063FDD4E79DED021B78
:102CF8009DED000B012001F0C3FACCE79DED021B0E
:102D08009DED000B012001F0BBFAD7E7AFF300807F
:102D18000000000000000000FB21E93FFFFFEF7FFB
:102D280000B510EE103A204A23F00043934283B0D6
:102D380019DDB3F1FF4F04DB30EE400A03B05DF854
:102D480004FB684600F0E6FB00F00300012811D000
:102D580002281FD0B8B1DDED010A9DED000A01205F
:102D680001F004FFEAE7DFED110A01F047FB03B0C9
:102D78005DF804FBDDED010A9DED000A01F0F6FEA9
:102D8800B1EE400ADAE7DDED010A9DED000A01F037
:102D980035FBD3E7DDED010A9DED000A01F02EFBBE
:102DA800B1EE400ACAE700BFD80F493F0000000053
:102DB8002DE9F0432DED028B8BB055EC104B00F054
:102DC800E5FA284BB0EE408AF0EE608A93F900707D
:102DD8007B1C12D022462B462046294602F096FD3F
:102DE800064650B94FF000084FF000092046294622
:102DF80042464B4602F062FD40B9B0EE480AF0EE9A
:102E0800680A0BB0BDEC028BBDE8F083164B089640
:102E18000122CDE90445CDE902450092019397B11D
:102E280042464B464046494602F000FC022FCDE997
:102E380006010AD102F0C6F821230360089B63B992
:102E48009DED068BD9E7CDE90689684601F064FF58
:102E58000028EFD0089B002BF2D002F0B3F8089BB3
:102E68000360EDE704000020E0A8000810B52DED90
:102E7800028B8AB0B0EE408A00F096FC254B93F99D
:102E88000040631C09D0B4EE488AF1EE10FA04D66B
:102E9800B5EEC08AF1EE10FA03D40AB0BDEC028B8D
:102EA80010BD01231C4A009318EE100A002301925A
:102EB800089302F039FA0022CDE90401CDE90201B4
:102EC8000023BCB11046194602F0B0FB022CCDE934
:102ED800060111D102F076F821230360089B9BB903
:102EE800DDE9060102F070FD00EE100A0AB0BDEC43
:102EF800028B10BDCDE90623684601F00DFF0028BE
:102F0800E8D0089B002BEBD002F05CF8089B03602C
:102F1800E6E700BF04000020E8A800080000000061
:102F28002DE9F04F53EC102B2DED048B924923F033
:102F380000458D4289B0044640F38F808F498D4209
:102F48009B462DDCBBF1000F194610EE100A80A33A
:102F5800D3E9002340F3C78102F086F8884B9D42ED
:102F680006460F4600F091807BA3D3E9002302F0C8
:102F78007BF802460B46C4E900233046394602F086
:102F880073F875A3D3E9002302F06EF8C4E90201CF
:102F98004FF0010A504609B0BDEC048BBDE8F08F34
:102FA80078498D4240F3948077498D4210EE100A9B
:102FB80061DC4FEA255AAAF2164AA5EB0A511646D1
:102FC8000F4602F0B9FC02F09DF98046894630466A
:102FD800394642464B46CDE9028902F045F86B4B2B
:102FE800002202F0F9F90F46064602F0A5FC054654
:102FF80002F088F902460B4630463946CDE90423EB
:1030080002F032F8614B002202F0E6F902460B4664
:10301800CDE906230022002302F046FC002800F038
:103028006081002D0CBF01230223594A019202211D
:103038005246009102A8214600F0FAFCBBF1000FAD
:103048008246A7DA6268E36802F1004203F10043AE
:10305800C0F1000A6260E3609CE7002000214FF0A5
:10306800000AC4E90201504684ED000B09B0BDEC2A
:10307800048BBDE8F08F194601F0F6FF4FF0000A07
:10308800C4E90201C4E9000184E735A3D3E90023B8
:1030980001F0EAFF34A3D3E9002306460F4601F006
:1030A800E3FF02460B46C4E900233046394601F0E7
:1030B800DBFF2DA3D3E9002301F0D6FF4FF0010A6F
:1030C800C4E90201504609B0BDEC048BBDE8F08F9D
:1030D80001F094FD57EC106B10EE100A24A3D3E90D
:1030E8000023394602F078F92A4B002201F0BEFF8E
:1030F80002F022FC824602F005F915A3D3E9002369
:103108008046894602F068F902460B463046394641
:1031180001F0AAFF10A3D3E9002306460F46404654
:10312800494602F059F9BAF11F0F49EC198B47ECDF
:10313800186B8046894631DC174B0AF1FF3253F889
:103148002230AB422AD002460B4630463946A4E02C
:1031580000004054FB21F93F3163621A61B4D03D4D
:103168000000601A61B4D03D7370032E8A19A33B26
:1031780083C8C96D305FE43FFB21E93F7BD902403A
:10318800FB21F93FFB213941FFFFEF7F0000704130
:1031980070A900080000E03FF0A8000842464B462E
:1031A80051EC180B01F060FF0A46C2F30A53C3EB57
:1031B8001553102B0146064617464FEA255573DD71
:1031C80069A3D3E9002351EC190B02F005F959EC76
:1031D800188B06460F4632463B4618EE100A4946FB
:1031E80001F042FF41EC180B404653EC182B4946BE
:1031F80001F03AFF32463B4601F036FF5CA3D3E9C3
:10320800002306460F4651EC190B02F0E5F832464A
:103218003B4601F029FF8046894642464B4651EC21
:10322800180B01F021FF0A46C2F30A53ED1A312D9B
:1032380001460646174637DD50A3D3E9002351EC73
:10324800190B02F0C9F856EC185B804689464246CD
:103258004B4618EE100A314601F006FF41EC180BF8
:10326800314653EC182B284601F0FEFE42464B46E9
:1032780001F0FAFE43A3D3E9002306460F4651ECBA
:10328800190B02F0A9F832463B4601F0EDFE8046E4
:10329800894651EC180B42464B4601F0E5FEC4E95D
:1032A800000106460F4601E0C4E9001232463B46DB
:1032B80051EC180B01F0D8FE42464B4601F0D4FE03
:1032C800BBF1000FC4E90201BFF664AE07F1004587
:1032D80001F10043C4E90065C4E90203CAF1000A28
:1032E80058E60323A1E601F0C1FE234B9D420646A2
:1032F8000F4616D01AA3D3E9002301F0B7FE024601
:103308000B46C4E900233046394601F0ADFE14A34C
:10331800D3E9002301F0AAFE4FF0FF3AC4E9020105
:1033280038E611A3D3E9002301F0A0FE10A3D3E9E6
:10333800002306460F4601F099FE02460B46C4E9F3
:1033480000233046394601F08FFE09A3D3E9002354
:1033580001F08CFE4FF0FF3AC4E902011AE600BF03
:103368003163621A61B4D03D0000601A61B4D03D87
:103378007370032E8A19A33BFB21F93F0000002E2E
:103388008A19A33BC14920259A837B392DE9F0414D
:103398005F4A57EC106BBA4300F09880002F10EE8C
:1033A800104A3B464EDD39155BD0C3F31303CA07F9
:1033B80043F48013A1F2FF3E03D45B0003EBD47304
:1033C8006400E20F4FF0000C02EB43034FEA6E0E6D
:1033D8006400664616254FF40012B118994202DCC3
:1033E8005B1A8E1894445B00013D03EBD4734FEADB
:1033F80052024FEA4404F0D12F4620204FF00042F9
:1034080009E03ED0E10F01384FEA520201EB4303D5
:103418004FEA44043ED0B34202EB0501F1DD002936
:1034280001EB020509DBB0469B1BA14288BF03F1F3
:10343800FF33641A17444646E4E7002DF3DB06F130
:103448000108F1E727F00042324336D0002F4DD172
:103458003946E20A153964051346002AF9D0D7021D
:1034680051D400205B00DE02054600F10100F9D5C9
:103478001A4623468440C0F12000C3401343491B29
:1034880093E7A142BED8002901EB0205D5DB984697
:103498000023CEE7234312D178084FEA6C0101F1EB
:1034A8007F511CF0010F01F5001118BF40F00040DA
:1034B80001EB0E53024643EC102BBDE8F0817B1C58
:1034C80016BF781C0CF1010C4008E6E710EE102A34
:1034D80010EE100A3B46394601F07EFF32463B4665
:1034E80001F0C4FD41EC100BBDE8F08110EE102A8C
:1034F8003046394601F0B8FD02460B4602F096F810
:1035080041EC100BD9E7234620204FF0FF35B4E7F4
:103518000000F07F70B510EE103A954A23F0004491
:10352800944286B0054668DD924A944210EE106ACD
:103538001ADC002BDFED907A904A24F00F0440F358
:10354800F180944270EE677A66D09FED8D7A77EEBF
:10355800C76A012077EEE67AC5ED006A77EEC77A8A
:10356800C5ED017A06B070BD864A944267DDB4F1B4
:10357800FF4F49DAE215863AA4EBC25307EE903AB8
:10358800BDEEE77ADFED806AB8EEC77A77EEC77AE4
:103598008DED037A67EEA67ABDEEE77AB8EEC77AC4
:1035A80077EEC77A8DED047A67EEA67AF5EE407A63
:1035B800F1EE10FACDED057A40F0A380B5EE407A31
:1035C800F1EE10FA14BF0223012370490191022180
:1035D800009103A8294600F093FF002EC2DA95ED6A
:1035E800007AD5ED017AB1EE477AF1EE677A40427A
:1035F80085ED007AC5ED017AB4E7002285ED000A71
:103608004260002006B070BD70EE407A0020C5ED23
:10361800017AC5ED007AA5E7DFED5D6A9FED5D7A79
:1036280077EEE67A012077EEC76A77EEE67AC5ED9F
:10363800006A77EEC77AC5ED017A06B070BD01F071
:1036480001FCDFED556A9FED4C6A9FED4D7AF6EE71
:10365800007AE0EE267AFDEEE77A17EE900AF8EEA9
:10366800E76A1F28A6EEC60A66EE877AB1EE666A92
:103678001EDC4A4A411E24F0FF0352F821209342DF
:1036880016D030EE677A85ED007A30EE470A002EC4
:1036980030EE670A85ED010ABFF664AFB1EE477AEE
:1036A800B1EE400A85ED007A85ED010A404259E7FE
:1036B80030EE677AE21517EE103AC3F3C753C3EB3F
:1036C800D454082CDFDDDFED327A9FED327AF0EE4C
:1036D800405AE6EE275A30EE650AA6EE270AF0EEC3
:1036E800407AD6EE877A35EEE77A17EE103AC3F3CA
:1036F800C753D21A192A06DC85ED007AB0EE650A9E
:10370800C3E7032361E79FED267A9FED265AB0EEC3
:10371800650AA6EE070A75EEC07AE6EE077AD6EED7
:10372800857AAEE7944270EE277A0ED09FED147A30
:1037380077EE876A4FF0FF3077EEE67AC5ED006ADC
:1037480077EE877AC5ED017A0CE7DFED116A9FED18
:10375800117A77EEA67A4FF0FF3077EE876A77EE28
:10376800E67AC5ED006A77EE877AC5ED017AF9E663
:10377800D80F493FE3CB1640800FC93FD00FC93F50
:1037880043443537800F494300008043F8AA0008B6
:103798000044353708A3852E84F9223F78AA00080B
:1037A80000A3852E32318D24B1EEC00A704700BFC8
:1037B8002DE9F84F57EC106B27F00049B9F1795F04
:1037C8002DED048B5BEC11AB71DA10EE100A394663
:1037D80002F0B2F8002800F0F68032463B46304648
:1037E800394601F0F9FD7CA3D3E9002304460D46D0
:1037F80001F0F2FD7AA3D3E9002301F037FC224659
:103808002B4601F0E9FD78A3D3E9002301F02CFC55
:1038180022462B4601F0E0FD75A3D3E9002301F011
:1038280025FC22462B4601F0D7FD73A3D3E90023DC
:1038380001F01AFC22462B4601F0CEFD70A3D3E915
:10384800002301F013FC22462B4601F0C5FD41EC94
:10385800180B714B00222046294601F0BDFD53ECA0
:10386800182B804689462046294601F0B5FD524668
:103878005B4604460D463046394601F0ADFD02462A
:103888000B462046294601F0EFFB02460B46404610
:10389800494601F0E9FB02460B4600205F4901F06A
:1038A800E3FBBDEC048B41EC100BBDE8F88F10EE88
:1038B800102A10EE100A3B46394601F08DFD46A34A
:1038C800D3E9002304460D4601F086FD44A3D3E95D
:1038D800002301F0CBFB22462B4601F07DFD42A3DD
:1038E800D3E9002301F0C0FB22462B4601F074FD0A
:1038F8003FA3D3E9002301F0B9FB22462B4601F090
:103908006BFD3DA3D3E9002301F0AEFB22462B4615
:1039180001F062FD3AA3D3E9002301F0A7FB2B468F
:10392800224601F059FD3E4B994541EC180B90DDBC
:103938003C4B99453CDC0022A9F50013374900208F
:103948009046994601F090FB41EC190B324B00224E
:103958002046294601F040FD42464B4601F084FBD3
:1039680053EC182B804689462046294601F034FD41
:1039780052465B4604460D463046394601F02CFD5A
:1039880002460B462046294601F06EFB02460B46CE
:103998004046494601F068FB02460B4651EC190BBC
:1039A80001F062FBBDEC048B41EC100BBDE8F88F15
:1039B8009FED157BDFF87090B0EE479AF0EE679AAE
:1039C8004FF00008C2E7BDEC048B9FED110BBDE87A
:1039D800F88F00BFAFF30080D43888BEE9FAA8BDDD
:1039E800C4B1B4BD9EEE213EAD529C804F7E923E46
:1039F8009015CB19A001FA3E7751C1166CC1563FFC
:103A08004C5555555555A53F000000000000E73FAF
:103A1800000000000000F03F0000E03F0000F03F21
:103A28003233D33F0000E93F0000D23F00000000DE
:103A38002DE9F04FADF5197DBB4CA29D089354F8C4
:103A480025400594013B12F1140F04900B91039348
:103A5800C0F22683B549D31E81FB0301DB17C3EBF4
:103A6800A10307930133A3EB8303DB00D318069369
:103A7800079A039BD41A059AD6181AD40136A39F1D
:103A88004FF000084FF00009264420AD08E057F831
:103A9800240001F037FC0134B442E5E8020108D003
:103AA800002CF4DA013440464946B442E5E8020104
:103AB800F6D1059B002BC0F2C883089BDDF80C905B
:103AC800DA000292059A1A440192049A20A901EB9D
:103AD800C30A0DF5E07B02EBC308039B002B4FF0F4
:103AE80000044FF0000511DB049E574677E90223D6
:103AF800F6E8020101F070FC02460B462046294612
:103B080001F0B4FA464504460D46EFD1019B09F190
:103B180001099945EBE802450AF1080ADDD1059A41
:103B280004980CA901EB820302990144083B8B46D7
:103B38000BA90993134601EB82020A920193019A99
:103B480098A901EBC203002A53E928452ADD0DF59F
:103B5800E07909EBC2080DF1300A754B00222046C6
:103B6800294601F039FC01F0E7FE01F0CBFB714B6F
:103B7800002206460F4601F02FFC02460B4620465F
:103B8800294601F071FA01F0D7FE044678E90223CC
:103B98004AF8044B3046394601F068FAC8450446ED
:103BA8000D46DAD1DDF8189045EC104B484601F087
:103BB800B7F855EC104B00224FF07F5310EE100A67
:103BC800294601F009FC41EC100B01F021F85A4B91
:103BD80051EC100B002201F0FFFB02460B46204679
:103BE800294601F041FA0D46044601F0A5FE80463B
:103BF80001F088FB0B4602462946204601F034FABC
:103C08004B46002B06460F4640F39880019A0CA9B4
:103C1800013AC9F1180351F8225045FA03F101FAA3
:103C280003F3EB1AC9F117050CA843FA05F5002DA3
:103C380040F82230884400F38B800022002330466D
:103C4800394601F031FE002800F05682019B059AA2
:103C580003F1FF3A524510DC03F180430CAA013B03
:103C68000A9802EB8303002253F80419834242EABC
:103C78000102F9D1002A40F0DC80059B0CAA013B27
:103C880052F82330002B40F0CF80099A012352F8D4
:103C9800041901330029FAD001994A1CCB18029360
:103CA8009146079B089902EB030A019B0B4498462F
:103CB80020AB0AF1804A03EBC808A39B0AF1FF3A3C
:103CC80003EB8A0A70AB03EBC20301935AF8040FA3
:103CD80001F018FB0B46039902460029C8E90023A6
:103CE80047464FF0000408F108084FF0000511DBC3
:103CF800049E01E077E90223F6E8020101F06CFB7B
:103D080002460B462046294601F0B0F95E450446B6
:103D18000D46EFD1019BE3E802450193029B09F1AF
:103D280001099945D2DD09E750AE0008ABAAAA2AD5
:103D38000000703E00007041000020406BD1019BE4
:103D48000CAA013B52F82350ED15002D7FF775AFF3
:103D5800019B002B08F1010840F3CC810C9C002C3E
:103D680051D1019B012B20D00CAB012253F8044FF9
:103D7800002C4BD0531C0CA9C4F1807441F822408C
:103D88000199994210DD0CAA0CA852F8232000EBE7
:103D9800830300EB81006FF07F4100E01A688A1A04
:103DA80043F8042B8342F9D10124069B002B0EDD36
:103DB800012B00F06A81022B09D1019B5A1E0CAB22
:103DC8000CA953F82230C3F3150341F82230022D11
:103DD8007FF433AF32463B46B949002001F044F93D
:103DE80006460F46002C3FF428AF06989FEDB00B0F
:103DF80000F096FF3046394653EC102B01F034F9A9
:103E080006460F4619E701230022B4E7019901325B
:103E18008A42ABD1C9E7AB4B002201F063FD002811
:103E280040F05681054608E7019B5A1C91460292CC
:103E380037E70CAB069A53F82A30CDF81C80183AAD
:103E48000395069273B9019B03F18043023B0CA9C9
:103E580001EB830353F804190AF1FF3A183A0029D1
:103E6800F8D006929FED920B069800F059FFBAF130
:103E7800000F55EC104BC0F2DE8170AB03EBCA0BA0
:103E88000CAA0AF10103069302EB83084FEACA035E
:103E98000BF10809049358F8040D01F033FA22468F
:103EA8002B4601F099FA06460F46874B20462946CD
:103EB80069E90267002201F08FFA0CAB98450446C5
:103EC8000D46E8D148ABCDE9013ADDF814A0BAF1C6
:103ED800000F4FF000092CDB77A3D3E90023DFF8AC
:103EE800EC815F4600240025002603E0B14510DB85
:103EF800F8E80223F7E8020101F06EFA02460B46E1
:103F08002046294601F0B2F80136B24504460D466E
:103F1800ECDA019B029A03EBC9034A45C3E9004561
:103F2800ABF1080B09F1010306D0BAF1000F99466D
:103F3800D2DA00240025ECE7A29BDDF808A0022BCA
:103F48001EDC002B00F30F8113D1049C019D083463
:103F5800002000212C4474E9022301F087F8A542CF
:103F6800F9D1039B13B101F1004319460B9BC3E937
:103F78000001079B03F007000DF5197DBDE8F08FE0
:103F8800A29B032BF5D1BAF1000F00F07081019AC2
:103F9800049BD318D3E9004502EBCA0B7BE90267FF
:103FA8002046294632463B4601F060F8A046A9461D
:103FB80004460D4622462B463046394601F054F851
:103FC8004B46424601F052F8019B5B45CBE9004560
:103FD800CBE90201E2D1BAF1010F40F34881019A1D
:103FE800049B0AF1005A0AF1FF3A13444FEACA0146
:103FF800D3E9004501F1080A029192440DF5947B3A
:104008007AE902672046294632463B4601F02EF8F7
:10401800A046A94604460D4622462B463046394658
:1040280001F022F842464B4601F020F8D345CAE990
:104038000045CAE90201E3D1029C019B0026002742
:1040480010341C4403F110053046394674E9022344
:1040580001F00CF8A542F9D106460F46039B002B48
:1040680040F0BF80019A0B99D2E90045D2E90223BA
:10407800C1E90223079B03F00700C1E90467C1E90E
:1040880000450DF5197DBDE8F08F019B5A1E0CAB5C
:104098000CA953F82230C3F3160341F8223096E6F0
:1040A80000216FF017030791E0E400BFAFF3008031
:1040B800000000000000F03F00000040FB21F93F35
:1040C8000000F03F0000E03F0000703E18AE00081E
:1040D800019B002B08F10108C8BF02253FF73EAE3F
:1040E80032463B466349002000F0BEFF02250646E3
:1040F8000F46A2E5002458E6069B0395584247EC74
:10410800106BCDF81C8000F00BFE55EC104B5A4B91
:1041180010EE100A0022294601F0E4FB002856D0D0
:10412800564B00222046294601F056F901F004FCBE
:10413800064601F0E7F8504B002201F04DF90B4616
:1041480002462946204600F08FFF01F0F5FB069B4A
:10415800019C183304F1010A06930CAB43F82400C0
:1041680043F82A607EE6019D069A002005EBC2040A
:10417800002174E9022300F079FFA542F9D1039BDD
:10418800002B48D10B9BC3E900010B46019902465D
:10419800D1E9000100F068FFBAF1000F0DDD4AAD6A
:1041A8000124F5E80223013400F060FFA245F8DAA3
:1041B800039B13B101F1004319460B9BC3E90201AC
:1041C800079B03F007000DF5197DBDE8F08F204629
:1041D800294601F0B1FB019B0CAA9A4642F823003C
:1041E80040E6019B19465A68DB680D688C680B9994
:1041F80003F10043CB60079B0D6002F100424A6067
:1042080003F0070007F100428C600E614A610DF56A
:10421800197DBDE8F08F0B9C01F10043C4E9000350
:104228000B4601990246D1E9000100F01DFFBAF1E1
:10423800000FB4DCBEE7A29B022B0ADC002B11DCCA
:104248007FF497AE002000218BE6089BDB000293E9
:1042580065E4A29B032B7FF48CAE48AB00260027B5
:104268000193FBE648AB00200021019387E7002675
:104278000027F3E60000F03F000070410000703EA8
:104288002DE9F04F55EC104B85B025F00043B3F104
:10429800795F8DED001B039007DA10EE100A2946AE
:1042A80001F04AFB002800F0898022462B46204670
:1042B800294601F091F806460F4632463B4620460D
:1042C800294601F089F843A3D3E9002382468B46A7
:1042D8003046394601F080F840A3D3E9002300F0C6
:1042E800C3FE32463B4601F077F83EA3D3E90023EC
:1042F80000F0BCFE32463B4601F06EF83BA3D3E922
:10430800002300F0B1FE32463B4601F065F839A3C0
:10431800D3E9002300F0AAFE039B80468946ABB38D
:10432800DDE900012A4B002201F056F842464B46CF
:10433800804689465046594601F04EF802460B46DB
:104348004046494600F090FE32463B4601F044F8AC
:10435800DDE9002300F088FE1BA3D3E9002306460D
:104368000F465046594601F037F802460B4630468C
:10437800394600F07BFE02460B462046294600F0EF
:1043880073FE41EC100B05B0BDE8F08F02460B46FA
:104398003046394601F020F80BA3D3E9002300F09A
:1043A80063FE52465B4601F017F822462B4600F0A2
:1043B8005DFE41EC100B05B0BDE8F08F45EC104BED
:1043C80005B0BDE8F08F00BF495555555555C53F57
:1043D8000000E03F7CD5CF5A3AD9E53DEB9C2B8ACB
:1043E800E6E55A3E7DFEB157E31DC73ED561C119CA
:1043F800A0012A3FA6F810111111813F10EE103AC2
:1044080023F00043B3F1485F2CDAFDEEC07A17EED3
:10441800903A002B60D020EE007ADFED314A9FED14
:10442800315ADFED315A9FED316ADFED317ADFED38
:10443800316AA7EE245AE7EE055AA7EE256AE7EE99
:10444800067AE7EE276A67EE266A60EEC00AF6EE9D
:10445800007AE7EE260AB7EE000AD7EE270A30EE12
:10446800600A704720EE007ADFED1D4A9FED1D5A65
:10447800DFED1D5A9FED1D6ADFED1D7ADFED1D6A28
:104488001D4AA7EE245A9342E5EE075AA5EE876A1D
:10449800E6EE077AE7EE876A66EE876AD5DD174AA1
:1044A800934214DC03F17F4307EE903AB7EE006ABB
:1044B80036EE676A60EEC00AF6EE005AE7EE260AA4
:1044C800D7EE257A77EEE00A36EE600A7047B6EE48
:1044D800076AF5EE027AEDE7B7EE000A704700BF0B
:1044E8004ED747ADF6740F317CF293B4010DD03737
:1044F800610BB6BAABAA2A3D9999993E0000483F8C
:104508002DE9F04F2DED048BDBB0D74C689D07915A
:10451800111D54F8256004930992834603F1FF396D
:10452800C0F29D82D31E44BF13460433DB100393AD
:104538000133DB000893DDE908239B1A0693039BEC
:1045480016EB0901A3EB090316D401319FEDC77AD5
:10455800699819441EAA002BA4BF50F8234007EEFF
:10456800904A03F10103ACBFF8EEE77AF0EE477A20
:104578008B42E2EC017AEED1002EC0F2E082049B7D
:104588001EA901EB830446AD4FEA830C4846F71891
:104598000BEB8301B9F1000FDFEDB47A09DB22469A
:1045A8005B46F3EC016A32ED017A8B42E6EE877ADC
:1045B800F7D10130B842E5EC017A04F10404E9D1FD
:1045C8000DF1280808EB8603083B05939FEDA99A8F
:1045D800DFEDA78A0698009609AB03EB860A0BEB7A
:1045E8000C0446AF5B465AAA02EB8602002E12ED77
:1045F800140A4FEA860B16DD07EB8602414660EE89
:10460800097AB0EE407AFDEEE77A72ED016AF8EECB
:10461800E77ABA42A7EEE87A37EEA60ABDEEC77A7D
:10462800A1EC017AEBD1CDE9010300F059FCB0EE21
:10463800408AB4EE000A28EE000A00F00BFCF2EE05
:10464800007AA0EE678A0198029BFDEEC89A0028BE
:10465800F8EEE97A38EE678A78DD06F1FF3CC0F1BA
:10466800080258F82C5045FA02F101FA02F2AA1A87
:1046780048F82C20C0F1070519EE90CA42FA05F552
:104688008C44002D09EE90CA68DCB5EE408AF1EE44
:1046980010FA40F0B680009A06F1FF3E724510DC31
:1046A80006F18042013A08EB820200219C4652F84A
:1046B8000439524541EA0301F9D16346002940F023
:1046C800F280009A013A58F82220002A40F0E68049
:1046D800059A4FF0010C52F804190CF1010C00294D
:1046E800F9D006F1010BB444DE460499039A8D19FA
:1046F8005A441EA902F1804201EB85056999013AE5
:1047080001EB820607EB8B0BD6ED017A9FED577A0A
:10471800F8EEE77AB9F1000F06F104062946C5ED6F
:10472800007A05F1040509DB1A4601E071ED017A0A
:10473800F2EC016AA242A6EEA77AF7D10EF1010EB9
:10474800E645ABEC017ADFDD66464CE740F09C803D
:10475800721E58F822502D12002D96DD19EE902A5F
:10476800002E02F1010209EE902A40F38E81D8F85A
:104778000010002974D1012E1CD042464FF0010CC4
:1047880052F8041F002979D00CF10102C1F580719B
:10479800964248F82C100CDD58F82210C34408EB58
:1047A800820200E01168C1F1FF0142F8041B5A457A
:1047B800F8D1012100280CDD012800F047810228EA
:1047C80007D106F1FF3C58F82C2002F03F0248F8C8
:1047D8002C20022D7FF459AFB7EE000A30EE488A3C
:1047E80000293FF452AFCDE9010300F079FB38EE20
:1047F800408ADDE90103B5EE408AF1EE10FA3FF494
:104808004AAFDDE90832B0EE480A981A02960195D7
:10481800009E00F065FB9FED167AB4EEC70AF1EE34
:1048280010FADDE90123C0F25781DFED127A06990B
:1048380060EE277A0831FDEEE77A0691F8EEE77A1E
:104848005D1CA7EEC70AFDEEE77ABDEEC00A10EEC2
:10485800101A48F8231017EE903A48F8253039E036
:1048680001224FF0000C91E78CAE00080000000018
:10487800000080430000803B0000C93F0CF1010CA0
:10488800B4457FF47DAF95E7F6EE007AB4EEE78A9B
:10489800F1EE10FA80F2E8800025F6E606F1010B49
:1048A800DE46DC4621E7069858F82E1008383346CD
:1048B8002A46009E0690754661B903F18043023B83
:1048C80008EB8303014653F80409013D0839002821
:1048D800F9D0069106980092B7EE000A00F000FBA6
:1048E800002D009AC0F21E814FEA850E46AB03EBFD
:1048F8000E070EF1040C1FED217A08EB0C03391D8D
:1049080073ED017AF8EEE77A434567EE807A20EE98
:10491800070A61ED017AF3D1002E1FED296A4FF0E5
:10492800000420DB8F48DFED907A3946B0EE467AF6
:10493800002303E09C4208DBB0EC017AF1EC016A49
:1049480001339E42E6EE877AF4DA5AAB03EB84032E
:10495800A54243ED287AA7F1040704F1010305D025
:10496800002E1C46DEDADFED807AEEE76899022930
:104978001CDC002900F38B800FD132ABDFED7A7A93
:104988009C443CED017A634577EE877AF9D10AB108
:10499800F1EE677A079BC3ED007A19EE903A03F0BF
:1049A80007005BB0BDEC048BBDE8F08F689B032B60
:1049B800F3D1002D00F0CB805AAB734432A913ED2C
:1049C800287A01EB850373ED017AF0EE476A37EE3A
:1049D800277A994277EEC77A83ED007A77EEA67A3E
:1049E800C3ED017AEFD1012D40F3B18005F1804587
:1049F8005AAB013D9E44AD002B1D1EED287A0B4499
:104A080033A873ED017AF0EE476A37EE277A9842B9
:104A180077EEC77A83ED007A77EEA67AC3ED017A4E
:104A2800EFD10835DFED507A4B19083133ED017AB3
:104A3800994277EE877AF9D1002A55D10799329AA7
:104A4800339BC1ED027A0A604B60A6E706F1FF3C92
:104A580058F82C2002F07F0248F82C20B9E60823E9
:104A680008930023039366E519EE902A002E02F1BD
:104A7800010209EE902AC8BF02253FF778AEF7EE8B
:104A8800007A37EEC88A0225FFE5002192E632A9AE
:104A9800DFED357A01EB830333ED017A994277EE46
:104AA800877AF9D192BB9DED327A079B002DC3ED31
:104AB800007A77EE677A0BDD33A90123B1EC017A2E
:104AC80001339D4277EE877AF8DA0AB1F1EE677A18
:104AD800079BC3ED017A60E7BDEEC00A1D4610EEE4
:104AE800101A48F82310F5E6DDED326A9DED337AA9
:104AF800079BF1EE677AF1EE666AB1EE477AC3ED8D
:104B0800027AC3ED006A83ED017A46E7DDED326A89
:104B1800079BB1EE677A002D76EEE77A83ED007A8F
:104B2800CADCD3E7689B022B0DDC002B14DC7FF476
:104B380034AFDFED0D7A002A3FF42CAF28E7049B51
:104B48004FEA830C3CE5689B032B7FF426AFDFED2F
:104B5800067A002AC8D171E7DFED037A002AA2D0CD
:104B6800D4E700BF64AE00080000000010EE103A61
:104B780023F00043B3F1485F04DAFDEEC07A17EE84
:104B8800903A5BB360EE007A9FED155ADFED155A47
:104B98009FED156ADFED156A9FED157AE7EE855AE8
:104BA80020EE275AA5EEA76AE6EE276AA6EEA77AB0
:104BB80030B9DFED106AE7EE876AA6EE850A70471E
:104BC80027EE457AF6EE006AA0EEA67ADFED0A6ACD
:104BD800D7EE270AE5EE260A30EE600A704700BFD6
:104BE800D3C92E2F342FD7B21BEF3836010D50B949
:104BF8008988083CABAA2ABEABAA2A3E51EC100B06
:104C080010EE102A21F0004343EC102B704700BF30
:104C180051EC100BF8B5C1F30A53A3F2FF35132D6D
:104C280010EE106A0C4620DC002D3DDB384F2F417A
:104C380001EA070303431DD033A3D3E9002300F09F
:104C480015FA0022002300F057FE48B1002C04DAC0
:104C58004FF4801343FA05F52C4424EA0704002690
:104C68002346324643EC102BF8BD332D05DDB5F550
:104C7800806F29D041EC100BF8BDA3F213434FF01D
:104C8800FF37DF400742F5D01FA3D3E9002300F028
:104C9800EDF90022002300F02FFE0028E0D0002CC0
:104CA80023DB26EA0706DBE717A3D3E9002300F096
:104CB800DDF90022002300F01FFE0028D0D0002CD0
:104CC8000ADB00263446CBE710EE102A0B4600F02C
:104CD800CDF941EC100BF8BD24F000430D4A1E43FA
:104CE800002E18BF14460026BAE7142D08D0012359
:104CF800C5F1340503FA05F5AE1928BFE418D0E765
:104D08000134CEE7AFF300809C7500883CE4377E21
:104D1800FFFF0F000000F0BF0020704700000000F8
:104D280038B553EC102BC3F30A511C46054681BB1A
:104D380010EE101A23F00044214329D0194600220E
:104D48003D4B3E4C10EE100A00F046FBA5420246D1
:104D58000B4616DB0C46C1F30A513639294440F29A
:104D6800FE70814221DC002947DC11F1350F34DA6D
:104D78004CF250318D4218DC002B27A1D1E90001FB
:104D880044DB25A3D3E9002300F026FB41EC100BFC
:104D980038BD40F2FF708142E0D110EE100A19468A
:104DA80000F064F941EC100B38BD002B1CA1D1E9CF
:104DB800000107DB1AA3D3E9002300F00DFB41EC47
:104DC800100B38BD18A1D1E9000115A3D3E90023C0
:104DD80000F002FB41EC100BF3E724F0FF4424F44D
:104DE800E004363144EA0153104619460022144BB8
:104DF80000F0F2FA41EC100B38BD24F0FF4424F423
:104E0800E00444EA015343EC102B38BD08A1D1E972
:104E18000001B6E7AFF3008059F3F8C21F6EA50191
:104E28009C7500883CE4377E9C7500883CE437FE1E
:104E380059F3F8C21F6EA58100005043B03CFFFF34
:104E48000000903C10EE103A23F0004300EE103AB8
:104E5800704700BF10EE102AC2F3C7537F3B162BD2
:104E680022F000411ADC002B1EDB1A4919410A42C4
:104E780027D0DFED197A70EE277AF5EEC07AF1EED9
:104E880010FA1EDD002A04DA4FF4000040FA03F39A
:104E98001A4422EA010300EE103A7047B1F1FF4FBD
:104EA8000FD330EE000A7047DFED0B7A70EE277AE9
:104EB800F5EEC07AF1EE10FA03DD002A02DB9FED71
:104EC800070A70470029FFEE007A18BFB0EE670A9C
:104ED800704700BFFFFF7F00CAF249710000000061
:104EE80082B08DED010A019B33F000422AD0B2F165
:104EF800FF4F23D213F0FF4F28D19DED017ADFED4C
:104F08002A7A2A4B67EE277A9842CDED017A37DB69
:104F1800019BC3F3C752193A0244FE2A1ADD9FEDDA
:104F2800240A9FED247A019B002BF0EE407AB8BF4B
:104F3800B0EE470A20EE270A02B0704730EE000AAA
:104F480002B070479DED010A02B07047D20D0244CD
:104F5800FE2AE4DC002A0BDC12F1160F17DA4CF2F9
:104F680050339842DBDC9FED140A9FED147ADAE7A0
:104F780023F0FF4343EAC25300EE103A02B07047F1
:104F88009FED0D0ADDED017A27EE800AD8E7193288
:104F980023F0FF4343EAC253DFED097A07EE103AE4
:104FA80027EE270ACCE700BF0000004CB03CFFFF0B
:104FB800CAF24971CAF249F16042A20D6042A28D5B
:104FC80000000033014B1868704700BF080000203C
:104FD80070B50D4D0D4C641BA4100026A64209D1D6
:104FE8000B4D0C4CFBF7FAFC641BA4100026A642E0
:104FF80005D170BD55F8043B98470136EEE755F8E2
:10500800043B98470136F2E798AE000898AE0008CE
:1050180098AE000898AE000830B501390024A242C5
:1050280001D1002005E0035D01340D5DAB42F6D0EF
:10503800581B30BD0A44914200F1FF3300D170473C
:1050480010B511F8014B03F8014F9142F9D110BD89
:1050580002440346934200D1704703F8011BF9E765
:1050680081F0004102E000BF83F0004330B54FEA11
:1050780041044FEA430594EA050F08BF90EA020F7E
:105088001FBF54EA000C55EA020C7FEA645C7FEA11
:10509800655C00F0E2804FEA5454D4EB5555B8BF34
:1050A8006D420CDD2C4480EA020281EA030382EAA5
:1050B800000083EA010180EA020281EA0303362D37
:1050C80088BF30BD11F0004F4FEA01314FF4801C0A
:1050D8004CEA113102D0404261EB410113F0004F1C
:1050E8004FEA03334CEA133302D0524263EB4303D3
:1050F80094EA050F00F0A780A4F10104D5F1200E71
:105108000DDB02FA0EFC22FA05F2801841F10001CB
:1051180003FA0EF2801843FA05F359410EE0A5F19F
:1051280020050EF1200E012A03FA0EFC28BF4CF0D0
:10513800020C43FA05F3C01851EBE37101F0004586
:1051480007D54FF0000EDCF1000C7EEB00006EEB93
:105158000101B1F5801F1BD3B1F5001F0CD349081D
:105168005FEA30004FEA3C0C04F101044FEA445274
:1051780012F5800F80F09A80BCF1004F08BF5FEAFB
:10518800500C50F1000041EB045141EA050130BDDB
:105198005FEA4C0C404141EB0101013C28BFB1F5ED
:1051A800801FE9D291F0000F04BF01460020B1FA38
:1051B80081F308BF2033A3F10B03B3F120020CDA0B
:1051C8000C3208DD02F1140CC2F10C0201FA0CF0E9
:1051D80021FA02F10CE002F11402D8BFC2F1200C4E
:1051E80001FA02F120FA0CFCDCBF41EA0C01904004
:1051F800E41AA2BF01EB0451294330BD6FEA04044D
:105208001F3C1CDA0C340EDC04F11404C4F1200237
:1052180020FA04F001FA02F340EA030021FA04F349
:1052280045EA030130BDC4F10C04C4F1200220FAA0
:1052380002F001FA04F340EA0300294630BD21FADE
:1052480004F0294630BD94F0000F83F4801306BFA4
:1052580081F480110134013D4EE77FEA645C18BF98
:105268007FEA655C29D094EA050F08BF90EA020F2F
:1052780005D054EA000C04BF1946104630BD91EA27
:10528800030F1EBF0021002030BD5FEA545C05D12A
:105298004000494128BF41F0004130BD14F5800469
:1052A8003CBF01F5801130BD01F0004545F0FE41DD
:1052B80041F470014FF0000030BD7FEA645C1ABF12
:1052C800194610467FEA655C1CBF0B46024650EA49
:1052D800013406BF52EA033591EA030F41F4002175
:1052E80030BD00BF90F0000F04BF0021704730B5FB
:1052F8004FF4806404F132044FF000054FF00001D0
:1053080050E700BF90F0000F04BF0021704730B590
:105318004FF4806404F1320410F0004548BF404265
:105328004FF000013EE700BF42004FEAE2014FEABA
:1053380031014FEA02701FBF12F07F4393F07F4F95
:1053480081F06051704732F07F4208BF704793F098
:105358007F4F04BF41F40021704730B54FF46074AB
:1053680001F0004521F000411CE700BF50EA0102AE
:1053780008BF704730B54FF000050AE050EA010257
:1053880008BF704730B511F0004502D5404261EBC7
:1053980041014FF4806404F132045FEA915C3FF408
:1053A800D8AE4FF003025FEADC0C18BF03325FEAA5
:1053B800DC0C18BF033202EBDC02C2F1200300FA56
:1053C80003FC20FA02F001FA03FE40EA0E0021FA7B
:1053D80002F11444BDE600BF70B54FF0FF0C4CF469
:1053E800E06C1CEA11541DBF1CEA135594EA0C0F1B
:1053F80095EA0C0F00F0DEF82C4481EA030621EA56
:105408004C5123EA4C5350EA013518BF52EA033590
:1054180041F4801143F4801338D0A0FB02CE4FF042
:105428000005E1FB02E506F00042E0FB03E54FF072
:105438000006E1FB03569CF0000F18BF4EF0010E6A
:10544800A4F1FF04B6F5007F64F5407404D25FEA66
:105458004E0E6D4146EB060642EAC62141EA555119
:105468004FEAC52040EA5E504FEACE2EB4F1FD0C5B
:1054780088BFBCF5E06F1ED8BEF1004F08BF5FEAD9
:10548800500E50F1000041EB045170BD06F000468B
:1054980046EA010140EA020081EA0301B4EB5C0438
:1054A800C2BFD4EB0C0541EA045170BD41F4801130
:1054B8004FF0000E013C00F3AB8014F1360FDEBF55
:1054C800002001F0004170BDC4F10004203C35DA31
:1054D8000C341BDC04F11404C4F1200500FA05F3B4
:1054E80020FA04F001FA05F240EA020001F0004255
:1054F80021F0004110EBD37021FA04F642EB0601CB
:105508005EEA430E08BF20EAD37070BDC4F10C04F4
:10551800C4F1200500FA04F320FA05F001FA04F2B8
:1055280040EA020001F0004110EBD37041F10001A4
:105538005EEA430E08BF20EAD37070BDC4F12005AF
:1055480000FA05F24EEA020E20FA04F301FA05F217
:1055580043EA020321FA04F001F0004121FA04F2BF
:1055680020EA020000EBD3705EEA430E08BF20EA8F
:10557800D37070BD94F0000F0FD101F000464000C9
:1055880041EB010111F4801F08BF013CF7D041EA4B
:10559800060195F0000F18BF704703F0004652004F
:1055A80043EB030313F4801F08BF013DF7D043EA20
:1055B8000603704794EA0C0F0CEA135518BF95EAD6
:1055C8000C0F0CD050EA410618BF52EA4306D1D15D
:1055D80081EA030101F000414FF0000070BD50EA7C
:1055E800410606BF1046194652EA430619D094EA06
:1055F8000C0F02D150EA013613D195EA0C0F05D1F0
:1056080052EA03361CBF104619460AD181EA030143
:1056180001F0004141F0FE4141F470014FF00000FB
:1056280070BD41F0FE4141F4780170BD70B54FF096
:10563800FF0C4CF4E06C1CEA11541DBF1CEA135516
:1056480094EA0C0F95EA0C0F00F0A7F8A4EB0504F8
:1056580081EA030E52EA03354FEA013100F08880EF
:105668004FEA03334FF0805545EA131343EA1263B8
:105678004FEA022245EA111545EA10654FEA00266D
:105688000EF000419D4208BF964244F1FD0404F526
:10569800407402D25B084FEA3202B61A65EB030582
:1056A8005B084FEA32024FF480104FF4002CB6EB3F
:1056B800020E75EB030E22BFB61A754640EA0C00BF
:1056C8005B084FEA3202B6EB020E75EB030E22BFFF
:1056D800B61A754640EA5C005B084FEA3202B6EB40
:1056E800020E75EB030E22BFB61A754640EA9C00FF
:1056F8005B084FEA3202B6EB020E75EB030E22BFCF
:10570800B61A754640EADC0055EA060E18D04FEA8C
:10571800051545EA16754FEA06164FEAC30343EA2C
:1057280052734FEAC2025FEA1C1CC0D111F4801FF9
:105738000BD141EA00014FF000004FF0004CB6E7F2
:1057480011F4801F04BF01430020B4F1FD0C88BF91
:10575800BCF5E06F3FF6AFAEB5EB030C04BFB6EB9C
:10576800020C5FEA500C50F1000041EB045170BD8F
:105778000EF0004E4EEA113114EB5C04C2BFD4EBBC
:105788000C0541EA045170BD41F480114FF0000E40
:10579800013C90E645EA060E8DE60CEA135594EABC
:1057A8000C0F08BF95EA0C0F3FF43BAF94EA0C0FBF
:1057B8000AD150EA01347FF434AF95EA0C0F7FF434
:1057C80025AF104619462CE795EA0C0F06D152EA88
:1057D80003353FF4FDAE1046194622E750EA41066C
:1057E80018BF52EA43067FF4C5AE50EA41047FF47D
:1057F8000DAF52EA43057FF4EBAE12E74FF0FF3CE2
:1058080006E000BF4FF0010C02E000BF4FF0010CB2
:105818004DF804CD4FEA410C7FEA6C5C4FEA430C2B
:1058280018BF7FEA6C5C1BD001B050EA410C0CBF7A
:1058380052EA430C91EA030F02BF90EA020F0020DC
:10584800704710F1000F91EA030F58BF994208BF43
:1058580090422CBFD8176FEAE37040F00100704700
:105868004FEA410C7FEA6C5C02D150EA013C07D157
:105878004FEA430C7FEA6C5CD6D152EA033CD3D0A2
:105888005DF8040B704700BF8446104662468C469C
:105898001946634600E000BF01B5FFF7B7FF0028CF
:1058A80048BF10F1000F01BD4DF808EDFFF7F4FFF8
:1058B8000CBF012000205DF808FB00BF4DF808ED83
:1058C800FFF7EAFF34BF012000205DF808FB00BFA6
:1058D8004DF808EDFFF7E0FF94BF012000205DF8C8
:1058E80008FB00BF4DF808EDFFF7CEFF94BF01207D
:1058F80000205DF808FB00BF4DF808EDFFF7C4FF76
:1059080034BF012000205DF808FB00BF4FEA410CBE
:105918007FEA6C5C02D150EA013C0AD14FEA430CA1
:105928007FEA6C5C02D152EA033C02D14FF00000DE
:1059380070474FF0010070474FEA410212F500121C
:1059480015D211D56FF47873B3EB625212D94FEABE
:10595800C12343F0004343EA505311F0004F23FAA8
:1059680002F018BF404270474FF00000704750EAFD
:10597800013005D111F0004008BF6FF000407047BA
:105988004FF00000704700BF4A0011D212F5001214
:1059980011D20DD56FF47873B3EB62520ED44FEA7F
:1059A800C12343F0004343EA505323FA02F07047FF
:1059B8004FF00000704750EA013002D14FF0FF303D
:1059C80070474FF0000070474FEA4102B2F1E043E0
:1059D80024BFB3F5001CDCF1FE5C0DD901F0004CCE
:1059E8004FEAC0024CEA5070B2F1004F40EB83001E
:1059F80008BF20F00100704711F0804F21D113F14A
:105A08003872BCBF01F00040704741F480114FEA82
:105A18005252C2F11802C2F1200C10FA0CF320FA0B
:105A280002F018BF40F001004FEAC1234FEAD32328
:105A380003FA0CFC40EA0C0023FA02F34FEA430392
:105A4800CCE77FEA625307D150EA01331EBF4FF01B
:105A5800FE4040F44000704701F0004040F0FE4036
:105A680040F40000704700BF42454E434820657629
:105A7800656E743D00000000434F4E464947206262
:105A88006F6172643D4E55434C454F2D4634343654
:105A9800524520646961676E6F73746963733D3141
:105AA80020636C6F636B3D485349206370755F6872
:105AB8007A3D00002070636C6B315F687A3D0000AE
:105AC8002070636C6B325F687A3D00002069646304
:105AD8006F64653D0000000020666C6173685F6B51
:105AE80069623D0020706C6C636667723D0000005F
:105AF80020636667723D00002063706163723D0039
:105B08000D0A00002069643D000000002063616CFC
:105B18006C733D00206469676573743D0000000084
:105B2800303132333435363738396162636465660B
:105B38000000000000000000000000000102030453
:105B4800060708094552524F52000000424F4F5471
:105B58000000000053544152540000005041535378
:105B680000000000444F4E4500000000B80B000044
:105B7800B80B0000C80000006400000064000000CA
:105B8800F4010000B80B0000B80B0000140000007E
:105B98002C0100003200000001000000000000009D
:105BA80000000000000000000000000000000000ED
:105BB800000000000000000000000000FFFFFFFFE1
:105BC800FFFFFFFFFFFFFFFFFFFFFFFFFFFFFFFFDD
:105BD800FFFFFFFFFFFFFFFFFFFFFFFF00010203C3
:105BE8000405060708090A0B0C0D0E0F10111213F5
:105BF8001415161718191A1B1C1D1E1F20212223E5
:105C08002425262728292A2B2C2D2E2F30313233D4
:105C18003435363738393A3B3C3D3E3F00000101C8
:105C28000202030310203040AA55AA5500000101C2
:105C38000202030310203040AA55AA5500000101B2
:105C48000202030310203040AA55AA5500000101A2
:105C58000202030310203040AA55AA550000010192
:105C68000202030310203040AA55AA550000010182
:105C78000202030310203040AA55AA550000010172
:105C88000202030310203040AA55AA550000010162
:105C98000202030310203040AA55AA550000000054
:105CA80000000000000000000000000000000000EC
:105CB800000000000000000000000000FFFFFFFFE0
:105CC800FFFFFFFFFFFFFFFFFFFFFFFFFFFFFFFFDC
:105CD800FFFFFFFFFFFFFFFFFFFFFFFF00010203C2
:105CE8000405060708090A0B0C0D0E0F10111213F4
:105CF8001415161718191A1B1C1D1E1F20212223E4
:105D08002425262728292A2B2C2D2E2F30313233D3
:105D18003435363738393A3B3C3D3E3F00000101C7
:105D28000202030310203040AA55AA5500000101C1
:105D38000202030310203040AA55AA5500000101B1
:105D48000202030310203040AA55AA5500000101A1
:105D58000202030310203040AA55AA550000010191
:105D68000202030310203040AA55AA550000010181
:105D78000202030310203040AA55AA550000010171
:105D88000202030310203040AA55AA550000010161
:105D98000202030310203040AA55AA550000000053
:105DA80000000000000000000000000000000000EB
:105DB800000000000000000000000000FFFFFFFFDF
:105DC800FFFFFFFFFFFFFFFFFFFFFFFFFFFFFFFFDB
:105DD800FFFFFFFFFFFFFFFFFFFFFFFF00010203C1
:105DE8000405060708090A0B0C0D0E0F10111213F3
:105DF8001415161718191A1B1C1D1E1F20212223E3
:105E08002425262728292A2B2C2D2E2F30313233D2
:105E18003435363738393A3B3C3D3E3F00000101C6
:105E28000202030310203040AA55AA5500000101C0
:105E38000202030310203040AA55AA5500000101B0
:105E48000202030310203040AA55AA5500000101A0
:105E58000202030310203040AA55AA550000010190
:105E68000202030310203040AA55AA550000010180
:105E78000202030310203040AA55AA550000010170
:105E88000202030310203040AA55AA550000010160
:105E98000202030310203040AA55AA550000000052
:105EA80000000000000000000000000000000000EA
:105EB800000000000000000000000000FFFFFFFFDE
:105EC800FFFFFFFFFFFFFFFFFFFFFFFFFFFFFFFFDA
:105ED800FFFFFFFFFFFFFFFFFFFFFFFF00010203C0
:105EE8000405060708090A0B0C0D0E0F10111213F2
:105EF8001415161718191A1B1C1D1E1F20212223E2
:105F08002425262728292A2B2C2D2E2F30313233D1
:105F18003435363738393A3B3C3D3E3F00000101C5
:105F28000202030310203040AA55AA5500000101BF
:105F38000202030310203040AA55AA5500000101AF
:105F48000202030310203040AA55AA55000001019F
:105F58000202030310203040AA55AA55000001018F
:105F68000202030310203040AA55AA55000001017F
:105F78000202030310203040AA55AA55000001016F
:105F88000202030310203040AA55AA55000001015F
:105F98000202030310203040AA55AA550000000051
:105FA80000000000000000000000000000000000E9
:105FB800000000000000000000000000FFFFFFFFDD
:105FC800FFFFFFFFFFFFFFFFFFFFFFFFFFFFFFFFD9
:105FD800FFFFFFFFFFFFFFFFFFFFFFFF00010203BF
:105FE8000405060708090A0B0C0D0E0F10111213F1
:105FF8001415161718191A1B1C1D1E1F20212223E1
:106008002425262728292A2B2C2D2E2F30313233D0
:106018003435363738393A3B3C3D3E3F00000101C4
:106028000202030310203040AA55AA5500000101BE
:106038000202030310203040AA55AA5500000101AE
:106048000202030310203040AA55AA55000001019E
:106058000202030310203040AA55AA55000001018E
:106068000202030310203040AA55AA55000001017E
:106078000202030310203040AA55AA55000001016E
:106088000202030310203040AA55AA55000001015E
:106098000202030310203040AA55AA550000000050
:1060A80000000000000000000000000000000000E8
:1060B800000000000000000000000000FFFFFFFFDC
:1060C800FFFFFFFFFFFFFFFFFFFFFFFFFFFFFFFFD8
:1060D800FFFFFFFFFFFFFFFFFFFFFFFF00010203BE
:1060E8000405060708090A0B0C0D0E0F10111213F0
:1060F8001415161718191A1B1C1D1E1F20212223E0
:106108002425262728292A2B2C2D2E2F30313233CF
:106118003435363738393A3B3C3D3E3F00000101C3
:106128000202030310203040AA55AA5500000101BD
:106138000202030310203040AA55AA5500000101AD
:106148000202030310203040AA55AA55000001019D
:106158000202030310203040AA55AA55000001018D
:106168000202030310203040AA55AA55000001017D
:106178000202030310203040AA55AA55000001016D
:106188000202030310203040AA55AA55000001015D
:106198000202030310203040AA55AA55000000004F
:1061A80000000000000000000000000000000000E7
:1061B800000000000000000000000000FFFFFFFFDB
:1061C800FFFFFFFFFFFFFFFFFFFFFFFFFFFFFFFFD7
:1061D800FFFFFFFFFFFFFFFFFFFFFFFF00010203BD
:1061E8000405060708090A0B0C0D0E0F10111213EF
:1061F8001415161718191A1B1C1D1E1F20212223DF
:106208002425262728292A2B2C2D2E2F30313233CE
:106218003435363738393A3B3C3D3E3F00000101C2
:106228000202030310203040AA55AA5500000101BC
:106238000202030310203040AA55AA5500000101AC
:106248000202030310203040AA55AA55000001019C
:106258000202030310203040AA55AA55000001018C
:106268000202030310203040AA55AA55000001017C
:106278000202030310203040AA55AA55000001016C
:106288000202030310203040AA55AA55000001015C
:106298000202030310203040AA55AA55000000004E
:1062A80000000000000000000000000000000000E6
:1062B800000000000000000000000000FFFFFFFFDA
:1062C800FFFFFFFFFFFFFFFFFFFFFFFFFFFFFFFFD6
:1062D800FFFFFFFFFFFFFFFFFFFFFFFF00010203BC
:1062E8000405060708090A0B0C0D0E0F10111213EE
:1062F8001415161718191A1B1C1D1E1F20212223DE
:106308002425262728292A2B2C2D2E2F30313233CD
:106318003435363738393A3B3C3D3E3F00000101C1
:106328000202030310203040AA55AA5500000101BB
:106338000202030310203040AA55AA5500000101AB
:106348000202030310203040AA55AA55000001019B
:106358000202030310203040AA55AA55000001018B
:106368000202030310203040AA55AA55000001017B
:106378000202030310203040AA55AA55000001016B
:106388000202030310203040AA55AA55000001015B
:106398000202030310203040AA55AA551C36C841F2
:1063A80090A1EDB4A79DD47EF3AA3907677CA4C356
:1063B80071BA8E78AE7C94B222C84ED58214F46439
:1063C80017E45E9BA46A61680E8E098479FA7CEFF3
:1063D800525FD641D2E2D9CEBBE6D6505F5BCECE75
:1063E8009346BF79689DD27F5E8E13AE4507B95834
:1063F80018FBC9077903AF61EFF0E158C5D0EEE7A4
:1064080061711FDB60C472AF8ED35740FF34873E83
:106418005FEFCCABC8D9CCD3A27234E0340303010C
:10642800E052C478729B75E168B0A6F48DF3A43984
:10643800E4C9396E94DA7BD9FBB663D17AFEAD4BE9
:1064480068AAF7A245BDA9D22709D276069EB199B6
:10645800C854F05BB4C6EAD7B272419DBEC10C7D88
:106468006DC82EF499298F0A2EAA12C6F9F6AFC65E
:106478008337BB6AC629C3748271FC9146E33380B3
:10648800286840F1C154B54DB8DA8F84163BC98DE0
:10649800CE8674A0A6AEB421DDABAACA6E4D83A485
:1064A8005981098FEC5611DA8A1F59F81E7D978297
:1064B8004BDD4516CF832A58C90367DC6EF39198E4
:1064C80080FEC5E1A03FE85A97FE869AE7415F50F3
:1064D8002EA9E2FA9BD26C6E50765C7D41ED022AC1
:1064E8006161FEA889E37FCD98FD8D67333D7AE22F
:1064F8004193BF1248D62FC298690132C19BD5215A
:10650800DB9EB2A15EB9304B9C46B3A143F0DDEAF5
:10651800996E6D96D9DCAB804F51841AE84595FC8D
:106528000A40C0C60F3B9C3D66A87C0D0ADC99EA70
:106538007832215C4A8909DD34082E5C8700AC99E1
:10654800C124AA54B37F2CD0E4D38A2000280B534B
:106558005A87C8892EDF96D21186DCB8551528933C
:1065680051518F6C5CFCAF4D8E878D79DDEEC71F66
:10657800E3A74F48131940E5CA597AB7A0A156981E
:106588000B20DBBB1755DCE7DE62CD2A02CFE367C1
:106598003655DBED7A1E869FCFEA1550E1D25910A9
:1065A800368FDCE701222207EDA119B6A039A7BE74
:1065B80084C31C5ECD81B038AB5DBE62D7437D8994
:1065C80061155A569C60627614A5375A22B8374E20
:1065D800783F1F67F9C6B8E6852C81E2062E7CB4A1
:1065E800A79D55155AE51D0425A083764424CE7F22
:1065F80046A9F1066F08C1A348B7119139BB25E92F
:106608009272EAE49FB89DE995E2E3CAAA8D87D021
:10661800A7D47FD67027815B8741AAAAEBF97E644D
:1066280090709D0D63E52D484FFDF61DF1FCAAE421
:106638001BEA5C3D81BC9952F7F3DBEA3BD62C8917
:10664800B8F4F5B67BFA6284EB1076AE1F9512218A
:10665800E2F2DC7828DC0D988BA039585A4CCC83B0
:106668005B98B97D5E917A324945C6EFBED730AFA7
:1066780093FA366D4CE90CFF92910A787ADA54C293
:10668800FFA24D8E0D9540983337750B02327FC9A6
:1066980061294F1A16EFCE77C584F27210AC252205
:1066A800BB85675808E7C43B641A8642B7DA81633A
:1066B80079218E1811EF924E29B6A29534F1D6257C
:1066C800CED823516ECC08795CB4DB9EF5375A8856
:1066D800A6FEA6EE65D1F5ED65485BFA23EF9BAD06
:1066E800A25DFB812EEDA063C5E4BE4E05C736E36F
:1066F800C95E47E6A4430A39B6BC000D4080C1E62E
:106708002BE6D51B8CEE9F63EFC371C466598ED8F8
:106718001299B458D4B9341C2407B1AE4ACFAE8309
:10672800398B68F2FA926CD34DA31EAE242668F614
:106738007510A96CF3FE186EAFA8A68BDD89D3413E
:10674800B015F918881CF79192974D35E0CAA43115
:1067580037ABC2954218FC21CAE5814483781A28D0
:10676800E33ED04BB229B7E19BAB4D92685B5275C3
:106778002277174B6F94C2A3FFD99F188C1B06F57D
:1067880008A05D8D2B1553E316837EA02C40845002
:10679800840B5B7B0B772D91D8B2975201495D969C
:1067A8005B98DF6A94006DD31A113A5D8492B6093A
:1067B800698C52BFD5099106C3F559B5719F0D75FE
:1067C80025B189A97979E01B4080F91B401D4A9CB5
:1067D800E443E2B871A3AC47BBA7856B0F1E539780
:1067E800580FF44A93935B10FAAE0786620A13B304
:1067F8009AAB645AD85AF17EEBD48D0C721E0430D1
:106808001A7CEEAF4AB9C8E7F405ACEE9163CE75D1
:10681800450896466DC5142909676E9FF266B32030
:106828001C6B6A39C38F327D0D105999B1D21A8BFE
:10683800D15E4DDCEB182A822DE43D5D1B16FB9FD3
:10684800935DF6FDA067D0FE68EFA90F383E2436A9
:10685800EAF1E70905E3B6A9EA9FCF181BE2607AD7
:1068680047687A2F50E533C61333C40F3CCD719770
:10687800517955CC4DF54F0D1E019F914C5621CCA9
:10688800F9C278E868D83CBD4CD720AB123D4CC85B
:1068980010C23846D6FFD2440FAC15770C55BF53FB
:1068A8000302B467C18F4A70C3E817B00F8B06C1E3
:1068B8001D1452E7DB973F5443DDA915D55BF7F567
:1068C8008B7F0EA28A59BEB955A9EA0CDB6BAA6B5D
:1068D800FD56861F274C6FA23336012F657C2D2D60
:1068E800F9274595160EEC4265CF3BAA9DCA155D62
:1068F8004B0567FD80F246639EAA72BE7353A7CD0F
:106908007FE66E6C9EAFC5FC16434DC2642180C005
:106918001850BAB26038EF9B6FA9F3D514EE00F5A2
:10692800B9306CE2707E42E6C711FB1E52AD730EA1
:106938001BB6C13EFFF6D591F078E2E69E13353FCF
:10694800D71B6B6BE3FC0A61B703379DB4936301F4
:10695800B838046B2D4514093B1432D7D2BD7E4696
:1069680083E7DFAE5F4414036FC04B7AF16A7BF6AE
:106978000DB82EF62FEE0608DF30DCFF2A9A223EED
:106988007B4B4619A9A1166A017E0CD6A425BDB970
:106998003B685394948CD55FEFC592D165E34D065F
:1069A800A0A5C4856BF825215EAC9510955AB25BFD
:1069B80017F47A9CAA9D7323E58073178CB696E723
:1069C800E5FF92B0EA2AFE0F96832713CBD7DED1D4
:1069D80088BA135A8385F64ED69A333DEA0EC5AA6D
:1069E8006237C13922F9EE8B3AF60F6A6757F0C65B
:1069F8009FC22A5816C04FFBE2E5C8488B95B5F7E9
:106A08002A01F6C07B56E5C0C728DBE5F11CE9A2E0
:106A18006DD2630EE1970FD788D98E0AFD3393A004
:106A280065C1CB8ECFB2C201B76F1E1925B65033E0
:106A380071B47529B04AF10BE2C054F49390646ABA
:106A4800B9CB89E7A9EEA76CCA079D3D56FC9EDA2B
:106A5800ACB67A7EF20F4E508B11144EF69FCFC013
:106A680012FBF9124751464BDE80FD08006B974B2D
:106A7800FA9B5F5E90758E61ACB4F5C27D2183434D
:106A880077961AF05202A673E2B11FA91D3F7269E8
:106A98002C27A57C2A0F766B499AB1BDFC763B164C
:106AA800A0351EAF6AF0433AB6E2868875D28B2CC1
:106AB800F323886481E76621753C6275B998DCB474
:106AC8000FBAB5C73B7A037D53F864324874790628
:106AD80048EBC582A603AA7AFF007063883F44D2B8
:106AE80082A580D3404A7E8CB55E13AC1386B4B5BC
:106AF80088965562E9BD22B498F5F2D7646781DFBC
:106B080056462707A4D07031D2351EDFF71C05E2A0
:106B1800137D38752AF0FAF401C19701C7893ECD73
:106B28001EF5E555D50C1DA5BDFC047D38A8032A26
:106B380047B9E7BF71B2B472671B592728B452002E
:106B4800F41661AD295FBC66389469CD177DB21E15
:106B58001660446F795C84CEA358A73515E1348C50
:106B68001E9BE2C6FB2037A99EF192794169DC6E33
:106B78001653D480CA03EBE3A01EF3BAA20B315C10
:106B8800A4AE0190E18AC56BE7D9C46DB37C9B8D37
:106B9800DA8491B1B9AD82272E324DEB80858A8F88
:106BA80094989DA2A6ABAFB3B8BCBFC3C7CACDD09B
:106BB800D3D6D8DADCDEE0E1E2E3E4E4E4E4E4E3DB
:106BC800E2E1E0DEDCDAD8D6D3D0CDCAC7C3BFBC99
:106BD800B8B3AFABA6A29D98948F8A85807B767157
:106BE8006C68635E5A55514D4844413D39363330DF
:106BF8002D2A28262422201F1E1D1C1C1C1C1C1D7F
:106C08001E1F20222426282A2D303336393D4144A0
:106C1800484D51555A5E63686C71767B80858A8FC2
:106C280094989DA2A6ABAFB3B8BCBFC3C7CACDD01A
:106C3800D3D6D8DADCDEE0E1E2E3E4E4E4E4E4E35A
:106C4800E2E1E0DEDCDAD8D6D3D0CDCAC7C3BFBC18
:106C5800B8B3AFABA6A29D98948F8A85807B7671D6
:106C68006C68635E5A55514D4844413D393633305E
:106C78002D2A28262422201F1E1D1C1C1C1C1C1DFE
:106C88001E1F20222426282A2D303336393D414420
:106C9800484D51555A5E63686C71767B80858A8F42
:106CA80094989DA2A6ABAFB3B8BCBFC3C7CACDD09A
:106CB800D3D6D8DADCDEE0E1E2E3E4E4E4E4E4E3DA
:106CC800E2E1E0DEDCDAD8D6D3D0CDCAC7C3BFBC98
:106CD800B8B3AFABA6A29D98948F8A85807B767156
:106CE8006C68635E5A55514D4844413D39363330DE
:106CF8002D2A28262422201F1E1D1C1C1C1C1C1D7E
:106D08001E1F20222426282A2D303336393D41449F
:106D1800484D51555A5E63686C71767B80858A8FC1
:106D280094989DA2A6ABAFB3B8BCBFC3C7CACDD019
:106D3800D3D6D8DADCDEE0E1E2E3E4E4E4E4E4E359
:106D4800E2E1E0DEDCDAD8D6D3D0CDCAC7C3BFBC17
:106D5800B8B3AFABA6A29D98948F8A85807B7671D5
:106D68006C68635E5A55514D4844413D393633305D
:106D78002D2A28262422201F1E1D1C1C1C1C1C1DFD
:106D88001E1F20222426282A2D303336393D41441F
:106D9800484D51555A5E63686C71767B80858A8F41
:106DA80094989DA2A6ABAFB3B8BCBFC3C7CACDD099
:106DB800D3D6D8DADCDEE0E1E2E3E4E4E4E4E4E3D9
:106DC800E2E1E0DEDCDAD8D6D3D0CDCAC7C3BFBC97
:106DD800B8B3AFABA6A29D98948F8A85807B767155
:106DE8006C68635E5A55514D4844413D39363330DD
:106DF8002D2A28262422201F1E1D1C1C1C1C1C1D7D
:106E08001E1F20222426282A2D303336393D41449E
:106E1800484D51555A5E63686C71767B80858A8FC0
:106E280094989DA2A6ABAFB3B8BCBFC3C7CACDD018
:106E3800D3D6D8DADCDEE0E1E2E3E4E4E4E4E4E358
:106E4800E2E1E0DEDCDAD8D6D3D0CDCAC7C3BFBC16
:106E5800B8B3AFABA6A29D98948F8A85807B7671D4
:106E68006C68635E5A55514D4844413D393633305C
:106E78002D2A28262422201F1E1D1C1C1C1C1C1DFC
:106E88001E1F20222426282A2D303336393D41441E
:106E9800484D51555A5E63686C71767B80858A8F40
:106EA80094989DA2A6ABAFB3B8BCBFC3C7CACDD098
:106EB800D3D6D8DADCDEE0E1E2E3E4E4E4E4E4E3D8
:106EC800E2E1E0DEDCDAD8D6D3D0CDCAC7C3BFBC96
:106ED800B8B3AFABA6A29D98948F8A85807B767154
:106EE8006C68635E5A55514D4844413D39363330DC
:106EF8002D2A28262422201F1E1D1C1C1C1C1C1D7C
:106F08001E1F20222426282A2D303336393D41449D
:106F1800484D51555A5E63686C71767B80858A8FBF
:106F280094989DA2A6ABAFB3B8BCBFC3C7CACDD017
:106F3800D3D6D8DADCDEE0E1E2E3E4E4E4E4E4E357
:106F4800E2E1E0DEDCDAD8D6D3D0CDCAC7C3BFBC15
:106F5800B8B3AFABA6A29D98948F8A85807B7671D3
:106F68006C68635E5A55514D4844413D393633305B
:106F78002D2A28262422201F1E1D1C1C1C1C1C1DFB
:106F88001E1F20222426282A2D303336393D41441D
:106F9800484D51555A5E63686C71767B80858A8F3F
:106FA80094989DA2A6ABAFB3B8BCBFC3C7CACDD097
:106FB800D3D6D8DADCDEE0E1E2E3E4E4E4E4E4E3D7
:106FC800E2E1E0DEDCDAD8D6D3D0CDCAC7C3BFBC95
:106FD800B8B3AFABA6A29D98948F8A85807B767153
:106FE8006C68635E5A55514D4844413D39363330DB
:106FF8002D2A28262422201F1E1D1C1C1C1C1C1D7B
:107008001E1F20222426282A2D303336393D41449C
:10701800484D51555A5E63686C71767B80858A8FBE
:1070280094989DA2A6ABAFB3B8BCBFC3C7CACDD016
:10703800D3D6D8DADCDEE0E1E2E3E4E4E4E4E4E356
:10704800E2E1E0DEDCDAD8D6D3D0CDCAC7C3BFBC14
:10705800B8B3AFABA6A29D98948F8A85807B7671D2
:107068006C68635E5A55514D4844413D393633305A
:107078002D2A28262422201F1E1D1C1C1C1C1C1DFA
:107088001E1F20222426282A2D303336393D41441C
:10709800484D51555A5E63686C71767B80858A8F3E
:1070A80094989DA2A6ABAFB3B8BCBFC3C7CACDD096
:1070B800D3D6D8DADCDEE0E1E2E3E4E4E4E4E4E3D6
:1070C800E2E1E0DEDCDAD8D6D3D0CDCAC7C3BFBC94
:1070D800B8B3AFABA6A29D98948F8A85807B767152
:1070E8006C68635E5A55514D4844413D39363330DA
:1070F8002D2A28262422201F1E1D1C1C1C1C1C1D7A
:107108001E1F20222426282A2D303336393D41449B
:10711800484D51555A5E63686C71767B80858A8FBD
:1071280094989DA2A6ABAFB3B8BCBFC3C7CACDD015
:10713800D3D6D8DADCDEE0E1E2E3E4E4E4E4E4E355
:10714800E2E1E0DEDCDAD8D6D3D0CDCAC7C3BFBC13
:10715800B8B3AFABA6A29D98948F8A85807B7671D1
:107168006C68635E5A55514D4844413D3936333059
:107178002D2A28262422201F1E1D1C1C1C1C1C1DF9
:107188001E1F20222426282A2D303336393D41441B
:10719800484D51555A5E63686C71767B80858A8F3D
:1071A80094989DA2A6ABAFB3B8BCBFC3C7CACDD095
:1071B800D3D6D8DADCDEE0E1E2E3E4E4E4E4E4E3D5
:1071C800E2E1E0DEDCDAD8D6D3D0CDCAC7C3BFBC93
:1071D800B8B3AFABA6A29D98948F8A85807B767151
:1071E8006C68635E5A55514D4844413D39363330D9
:1071F8002D2A28262422201F1E1D1C1C1C1C1C1D79
:107208001E1F20222426282A2D303336393D41449A
:10721800484D51555A5E63686C71767B80858A8FBC
:1072280094989DA2A6ABAFB3B8BCBFC3C7CACDD014
:10723800D3D6D8DADCDEE0E1E2E3E4E4E4E4E4E354
:10724800E2E1E0DEDCDAD8D6D3D0CDCAC7C3BFBC12
:10725800B8B3AFABA6A29D98948F8A85807B7671D0
:107268006C68635E5A55514D4844413D3936333058
:107278002D2A28262422201F1E1D1C1C1C1C1C1DF8
:107288001E1F20222426282A2D303336393D41441A
:10729800484D51555A5E63686C71767B80858A8F3C
:1072A80094989DA2A6ABAFB3B8BCBFC3C7CACDD094
:1072B800D3D6D8DADCDEE0E1E2E3E4E4E4E4E4E3D4
:1072C800E2E1E0DEDCDAD8D6D3D0CDCAC7C3BFBC92
:1072D800B8B3AFABA6A29D98948F8A85807B767150
:1072E8006C68635E5A55514D4844413D39363330D8
:1072F8002D2A28262422201F1E1D1C1C1C1C1C1D78
:107308001E1F20222426282A2D303336393D414499
:10731800484D51555A5E63686C71767B80858A8FBB
:1073280094989DA2A6ABAFB3B8BCBFC3C7CACDD013
:10733800D3D6D8DADCDEE0E1E2E3E4E4E4E4E4E353
:10734800E2E1E0DEDCDAD8D6D3D0CDCAC7C3BFBC11
:10735800B8B3AFABA6A29D98948F8A85807B7671CF
:107368006C68635E5A55514D4844413D3936333057
:107378002D2A28262422201F1E1D1C1C1C1C1C1DF7
:107388001E1F20222426282A2D303336393D414419
:10739800484D51555A5E63686C71767B67E6096A99
:1073A80085AE67BB72F36E3C3AF54FA57F520E511E
:1073B8008C68059BABD9831F19CDE05B982F8A4257
:1073C80091443771CFFBC0B5A5DBB5E95BC256392F
:1073D800F111F159A4823F92D55E1CAB98AA07D847
:1073E800015B8312BE853124C37D0C55745DBE726A
:1073F800FEB1DE80A706DC9B74F19BC1C1699BE4EA
:107408008647BEEFC69DC10FCCA10C246F2CE92D79
:10741800AA84744ADCA9B05CDA88F97652513E989D
:107428006DC631A8C82703B0C77F59BFF30BE0C6A4
:107438004791A7D55163CA0667292914850AB72732
:1074480038211B2EFC6D2C4D130D385354730A65CF
:10745800BB0A6A762EC9C281852C7292A1E8BFA2A6
:107468004B661AA8708B4BC2A3516CC719E892D10E
:10747800240699D685350EF470A06A1016C1A41991
:10748800086C371E4C774827B5BCB034B30C1C3990
:107498004AAAD84E4FCA9C5BF36F2E68EE828F744F
:1074A8006F63A5781478C8840802C78CFAFFBE9069
:1074B800EB6C50A4F7A3F9BEF27871C68D010204F3
:1074C80008102040801B3600637C777BF26B6FC509
:1074D8003001672BFED7AB76CA82C97DFA5947F0CF
:1074E800ADD4A2AF9CA472C0B7FD9326363FF7CCAB
:1074F80034A5E5F171D8311504C723C31896059A48
:10750800071280E2EB27B27509832C1A1B6E5AA06A
:10751800523BD6B329E32F8453D100ED20FCB15B55
:107528006ACBBE394A4C58CFD0EFAAFB434D3385BE
:1075380045F9027F503C9FA851A3408F929D38F592
:10754800BCB6DA2110FFF3D2CD0C13EC5F974417C9
:10755800C4A77E3D645D197360814FDC222A908840
:1075680046EEB814DE5E0BDBE0323A0A4906245CCC
:10757800C2D3AC629195E479E7C8376D8DD54EA931
:107588006C56F4EA657AAE08BA78252E1CA6B4C6FD
:10759800E8DD741F4BBD8B8A703EB5664803F60E56
:1075A800613557B986C11D9EE1F8981169D98E9445
:1075B8009B1E87E9CE5528DF8CA1890DBFE642685E
:1075C80041992D0FB054BB160102010001010100C1
:1075D80001020302010000003031323334353637FE
:1075E8003839616263646566303132333435363731
:1075F8003839616263646566303132333435363721
:1076080038396162636465660000000000000000AC
:10761800000000003B7DD85D2526561DC10709B92D
:1076280050718F4477805F094A4FB7DA57F4EF7784
:10763800EF08B5904109FC85C77508C5692C8D739D
:1076480031D995009CBA175E199F1963C2CE3FB60F
:107658006B00A4058981BFCEABD9787A96C9227D03
:10766800DF2B8A9D7EEE93A1F2C20254B089303896
:107678008CE3FC2999A1E02229B39E97E3246111A8
:1076880052CEC4C19CA4D3B71B19F75BFA584B6FF1
:10769800C787A17D18639D4A21E433A32CDCC94F19
:1076A800385F61DA5D11AFB3F3AB6F1FEF002CF9F0
:1076B800353BCA542FCADAA99EDBE33DF22A9896D5
:1076C800869FB87E75888DA4DA5FEB84C02270C966
:1076D800FDC3D04B04D8B0F85F3FD32D9A1A440AA3
:1076E8001520C71356129B2B118E4332ADC6A8C165
:1076F80055CF07E8FBA98BF2EC247A8CA7BF3CD1C5
:107708008C05252CBA57FBF6BD5C9A0A0361462402
:10771800CF3206481B743E9E896E2AB27CF70C4A0B
:10772800E2F5DB5D6756E93745A45CE4562F0D3E6C
:10773800DAD61FC7D6ED7B0F981EF93CF7C23AB0D0
:107748002974E03B30E119764BD46A75DDE8308165
:1077580063182E1A13F142530B93F1B534DDAF14AD
:10776800C10177DEB3BEE3946274FDD1ED332A0024
:10777800C9D239279587B745D0116772B2A794E562
:1077880088CE1A81D815DFC43B0D803E1FAEF60E99
:10779800C165B89E2E9EC5FB5295DEDD08B30690E6
:1077A8008626581B93E42C94EB5C9FA8ACB0C46A63
:1077B800B787606CB7A7500508C686B02179D1276E
:1077C800C7AF9EA0F93DCBC67DBB9E675CC5DCE21A
:1077D8004F34D2E40EA5039E5B64B260057D78FD4C
:1077E80066C714C87AC092C2A78C6FA235CE72142D
:1077F800D27E3C198BFB5354B9D99836F32498B8E8
:10780800FC5722AEDD93F868D05871C7646F932592
:1078180096DBD112B5F16F9FCB1641D91063EB48B7
:107828005FF02C167E6EE951A6D33AF44A3E9C6866
:10783800F50A36FB63161411756752A9880AB8420F
:10784800FAB857C914C194AD4A241828892A6A5D20
:107858007ACBCEC2BD256EC97A6264DA0A113F5E60
:1078680078993CAE1972AE44528ED58C917AF283D7
:107878008467BC3AF190E9C38ECB47061AE43F47C8
:10788800DF7DA00F9A864F4D6B460CF2942E990817
:1078980022B03252B245B665ABAFBDDE67835A231C
:1078A8004B6F1F84315EAB063649537A9EB0CDA527
:1078B80032CE4DA87DBBEA7C2425591BD888244D9F
:1078C800FE9D4690128A76EBC2CBF74B64367B82DC
:1078D800F434207D8B5285F43652A997D53A813DF0
:1078E800355D814E8DD2DECC6B423D4A9574DBBE50
:1078F800868621A73989DEBB7C97CC38E9C5B331A8
:10790800292C3A2416D593BBE3DF3A4E53C91DB34D
:1079180074F38BA94441DF232DA04987FCC5FDF6EC
:1079280028960DB994C250FD32E62BFC55BBECC924
:107938007E3C317C99DB43AF50B4633B6F95353760
:10794800D71CE359B973338645A8631DDD761065E6
:1079580046A9CCAD3CB087D4AC475B2EEF6EA86986
:10796800639B968FBB8A062C53B066ADA8E4F18A58
:107978000A7B1358D11FE860108D18C06710239137
:1079880039DD956E38D734DD135B6EECF6C1DD3624
:10799800D2C0CF90F7017476451E3694C2F7BDBEAB
:1079A80059FA5A8656C268CFE892863F55F52E0591
:1079B800790E723ECAD623AB561746BAD699873681
:1079C800D79F6274A528D6D022A1FA451E9B94C9D8
:1079D80008E2A60A172B3E5CC53C01C2D3A9DC8885
:1079E800A104ABAE3468A38AAA2E70CCCBE56EA6F0
:1079F80097D7D91D9D0A95AE9A88713AA20DE1884C
:107A080096B937496D63CC258B299DE63871E6A672
:107A1800C9F07AD8347E591F117A230AA6F066492C
:107A2800E5C1566FAF5DC86E1DE83EFCBE6A608C4E
:107A3800AA1A3F9B92242228566825975E200C4557
:107A48003883ABE369BE8F9780C8F6C2996828422D
:107A5800D4C4A218AC6EF85808AEC6C57C63BC572F
:107A6800D1095B8C437C26E5288DE521F3DB200CCE
:107A7800B42CB13FA96C5EC5177022A6BAC9ADCFA8
:107A8800729ECC731587A41F00C9511C1522CB8781
:107A98000C8D3E448C1D8342EFA4442B55554D9FBD
:107AA800115B4130295D55C6C55344DB7FEBD12DB1
:107AB8000D055F683E8767BC600DD97C04F20FFF37
:107AC80026C683D3AA56005FB1411A1227169176AB
:107AD800F41A9BE69930A08427052C5C4BC5EED69A
:107AE8000592992A80B3E8384C61AC68D72E59873B
:107AF8009476A682349471E8075D34A5F0C33D57A7
:107B0800BD8156262765670B2A031C44F13B10F4F8
:107B1800FEA925EBD7C50C2E354ABFBDBB38A97ABF
:107B2800A2AF4A6A6E4395C1DC12BE37A469C68FFC
:107B3800592FC467A70C70D969177B20CCE325138C
:107B480038F4DA7D7A6A56337BC07FE3AB2819BBF9
:107B58002767A361E4DA8E0F14897B4E91EC3A987B
:107B68003EC9AD2EC4B9B4063008CF9586A10EE73C
:107B7800A884C523CBD81FB6687829B9EBA187E5B7
:107B8800040714FAFBF68336150F087693FBE10415
:107B9800BEBEF87DD2898F73C970A199CC1E540BD3
:107BA800E40B0AB7A757A003A1CC303D6A3F99EB75
:107BB800BC6276C9960FFD620D5B4953135C7983ED
:107BC8000A172C323484740A693738F27C600A3C0C
:107BD80051405338C9437DAD812D269256B3D118F3
:107BE800C4BF458509556311618558D67DB27BC0F0
:107BF8001F8FCE734152219939A00B27864553AB6D
:107C0800B580620641020856135409945DCE40A21D
:107C18007A239C0ED73938AFBD98ADF0E9ACF99509
:107C28004F78A35A48AD54AF85BD84C8C4DEB9CADD
:107C380063551BAFA22566CBDF7F68F235767CD90A
:107C480087FC94DFF7BEC4DDA4992E635E0F157E12
:107C58008254A67DA8949D36BB3B99AF87A139D69F
:107C6800AD8615B69671A5FD886F8630B2C1BF394D
:107C78000909372766819518F4CE134379FCA9576B
:107C8800A8ADEC2B85DC803919D154F9E10A98D3D9
:107C9800884A9DC6B37FCCAAAFCF4214410C3E2878
:107CA8005E6F837442FAB7DDD06AA38B20E5167A3B
:107CB800913293CBB407A60AE6C898B9F03A6FC5D3
:107CC80010DC49FDDE9E8194205464771E78ACC296
:107CD800723BAA15B65199A65514015AAF755DE2C3
:107CE8004A6FCA656A11EA4A6C2C981DEDB41ECF1A
:107CF800BD48804281A6593F847AE95AB04C4B7EF0
:107D080098027FD2626C2B1E1348D8ED9B6402D474
:107D180094C4BDFCAA19616330A60263723B7BBFA1
:107D28006DE8149FC5C4662B9AA5699D5A174F061E
:107D380024D8A5A4F54C8A36FDD3DA9BE3DDA9C780
:107D48002D6DAE1696D24A8B121D005F45C1137079
:107D58001728BF19CF19F49FB212941818CA77318F
:107D6800A80C7D88DD0A64B6084E525A1D5CB6C45C
:107D7800951E0BC2CF1BA6A19C6D9F14B368C17042
:107D88003ABE23E649E44E22E5777FD9DBC515BF25
:107D9800663BFCE83BE4A7B983669B791151D6EFB3
:107DA800523ABC60E8528F3E6E72011F1EFB17B735
:107DB800BB6DD55C6CB252767C05671E2BF188DFF3
:107DC8006BD5CAE012F6B014378F69C1B585383063
:107DD8003150AD27542C447072CF4A9148CC0EA72D
:107DE800C5E9DA42B0D9EE341B6C4EE6B6A702EB11
:107DF800B392A404BEAA2415E19750D3EAA7ABD145
:107E0800D45B2BB86A9C2D91EC7D1E7561DF5BFC01
:107E18000B0AEBC2377222E061A924C591CD9C27D9
:107E2800EA163ED4C1318D81240FCDC6C3C5690E73
:107E38002C5A9C704DF1CD524928B974340EB69421
:107E48009775834F1271439EA463B37AE6B27FD4C9
:107E5800AE523204488A8893CFB08D1E24A49A79F2
:107E68004FF335AB2C885BE175E0775657BA52373C
:107E7800F467CE565153D9110682B1AFD61143D308
:107E880072CA1165721D8C2F11C61B62056A6E1AA3
:107E9800B93E6BD95CCEAEC7247A4337599E7B0A6C
:107EA800B68CFE38FC0BF9B3BB4DF9B52C28B1AB39
:107EB800A163E9ADE81458A48548C98A47BA0022E5
:107EC8002238325DECB2C273D4FB632D5BDEEE5315
:107ED800BE286B9AAD97EA79CD2050F6F9E72EAB1C
:107EE800ABA424F66F168DE81E6893121457B14D93
:107EF800717E345587AEE6A7A63BAABC6EEC9E05FC
:107F0800E78E91412C7808B72538348AA75EB116D8
:107F180005A0ED1D18277EF3D010053DA190D8D6F9
:107F2800235D2F79557015E77828418FF9D4AF492B
:107F3800CAF3594B62043B70131BC486B3157C5BB0
:107F48004062961A5C965E3D6140DDBEBB9EDF1DB9
:107F580029121EB9FB3B842996D48F2A99A6FBAE19
:107F6800BECEC8F5F2A447E264939E5E79FC36B8AB
:107F7800D3F9FC11A3EAB0A79E0B3F6792289B9EFA
:107F880067F5E793FC51CFDBFC3F5E4A1763C5AF4B
:107F98009CCAE86D2252E5580777DBB525C90A9BCC
:107FA8006B43E6C0AA8AAB9875C092E027793D7CFE
:107FB800A722D93AA835808B9367BD05F75742B0F9
:107FC80069FBCBB1301B1ADC126EE833916E2FECD3
:107FD800D710121974C27EF55FD711339A3927D09A
:107FE800BB88062BB24C9F822E0BE08F790A57D59F
:107FF800B57A9970AEFD7C20BE02680D1F4EB80A96
:10800800FB8AAB76ECA1E3FC552020CA400216E7B8
:10801800203CCDF89B4A022917B07F3FD82004C9DD
:108028000415BF4C1765963436B0370832C3C1DE25
:10803800C1D1CF20213C51B275470A62AE91826905
:108048002BF2E0B5E16B115D36776ECA47805C674D
:1080580023DAD25774A1543AFD5FB17C3A11DB613F
:1080680076BD959E855CEB525F8C40D85E6B49C0AF
:10807800AB814812B20E9884F4995F8A172823823C
:10808800C6C45E70EC43DFD06FC1A0347FD44864AF
:108098009B0D9D8B73D7A71953926142BEFE28573B
:1080A80055305A64A44B8536ACCF5C39A36F3E7803
:1080B80091BC850FB7ED985E515975ED9ACA8660E7
:1080C8007E724070D008919BED82F50EC3803C20F3
:1080D8006F77199437F589018E2D2F010BFF904E7C
:1080E800A57D0AE4507138B780C6FD822BFA2E9917
:1080F80082B32CAEDB118736C38FC318CFB99182F8
:10810800F9C3F1412E6E6E1C07E25D97D2DA93E255
:10811800FF3CA230CF318E08B4D69FA6036695FBEC
:10812800B7DD54E5DA7F64552F3001AAD2119104E6
:1081380095FCC581BD37206C3ACC9AF84F19E0E61A
:108148003EE458471E0903EEA8C545436F7DC04C61
:108158007D6A417AA41BB4AAE7DD7AE44C69929857
:10816800F85AFC7C8AC00F463075DA0AA22C3F62A6
:108178001677BA34ABC474941095F8AA8D51FB5B8A
:10818800C5AA47E6DB420ABB66248FED03BCC8518B
:10819800E6E31B7E45CAB83357BB53DCB49D42683F
:1081A800817EB76BC032C91430B0EC0D371D3EBAB2
:1081B800C2A6AB8CA5C9B92345CB0AB381782F25B4
:1081C800C2BF3423A050A2714BBA4EE8AEDE2915C7
:1081D800A6BB8B07D7DAD700D5E2525DA2D321051B
:1081E8008779AD348361D1D0F4CA2085D02B33B5DB
:1081F800BF4A1AC5E09F4B5EB971B4C13491E8BB60
:1082080012C7C3B6B50E6255578056DAE9BB38B403
:10821800ACE4775574BF7F6971A1CC6FE7912FDB10
:10822800B8EFF3ABEF81132D05DB3485717A036664
:10823800F524A8CB04EBA2A26465CCF89D270673AD
:108248002FFFD623F9234824D40A0354C8C6C6638B
:10825800B89F703495CF5FFCB36049A7E7C2F98136
:108268006D14086A5B0AE99AEE8D2F3C5B6D5B75AD
:108278000FD36A1D28C4968BF81431767C8B7D58F1
:1082880075642E3CAB59B31BD18BA613EBBF9CEC8A
:1082980013E4B2101E7A746BD2B415E5CCBA5B1530
:1082A80000B8E46FF0E7A894092779DAB1D1715DD5
:1082B800C7D4C050808B6B1E5966E7E9F5EB784E42
:1082C800EA91D7C394DDBBE9671A6BEE1BD7B848B0
:1082D800ADD3E5A8BD6EFEE88E3589F1CA841CD9F8
:1082E800F75CE58167CB8DD0028F29F71B6F1EA342
:1082F800538B1F812EF0DEB665DF8EA10FDDC370B4
:108308003DAA5784303BD5EE2F9EC087791F01B216
:10831800EDA0D4FD6982ACC748E99FF4282332A9AF
:10832800027899FAC3C42221294BF666789D347CD9
:10833800AF16C64F7DD8894F4ACF745D096C5EDF92
:10834800067676EAD3A8A5591E23CA7096549FDAF2
:1083580047CCAFE239FE8838FDDC2BDB3723313ED2
:10836800F863DDAE24816E09D3152D71D3B8CC51D5
:1083780095FC86E213DA1FF7B138EFC4DC2054B35A
:108388000CF6CD9EDBB94F7BA002C3B0A9FE6B13E0
:108398006BFC778C34469F2E453ACF907FD610766B
:1083A800257C4DFEF22F55809B94E5B94D7C010E3E
:1083B80012CBE5057056CE9D82CDFBE3E55E1CC869
:1083C800F76337140F29EC9F41925819A5A1C2D021
:1083D8005ABDC2ECD9E6E38F392CCB60FEF4D0EC61
:1083E800D5B707883DB35579F0FD26E0074B95C70B
:1083F80023BDA75DCCE2DA4BFB534EE97046AF983C
:10840800BFF85B2A44E1A30C5EF82209F95F390939
:1084180058589CC33C1C2EE7EDE880BDE93200A209
:108428006E0EF84E9F16BBE4A406DFFB34144DA570
:10843800C45A001FB93C5CB3CCA28B7A986633EE61
:10844800D673C959F8D38AE48F6FB274A5F91D7928
:10845800D0F052387C08647C1F930B673D000F8A6C
:1084680031D611E21D36A4734B14C8DB04F3798F9F
:108478000D737791BDA0B6CDFA3F771A52ECC9B506
:10848800EC16AC49A81D9B6A3D097A18E7BEDE22A6
:1084980007E1F3B108BEED7827C4F10FBBC90A366E
:1084A8009235800F9A4488A576993719A22497E5C2
:1084B8003BD0479126CC982B8264C4E443AFFDBDE2
:1084C8004E9AA6BDD4FB62DAB8E3BFF83EB5021FE8
:1084D8004A9800A91B85A194BC30B77311CB7AB216
:1084E800AC84831515330DE72D1301BBC6AA32FBE7
:1084F8008EEAE5358A5F102D82FAFF4D7404A92CA7
:108508007B88BA266DA4C78DEE2B0DE9E50A84F7A2
:10851800F3AA8D0ADA2DDB3ACE964972EA33FB5E6E
:108528007D1F25F3408CDE9A19A9E65201FC8C12B6
:1085380004438418A4C5E4DFF29DC8C4C1C954EA41
:10854800B9E2AE2F7DF486ECAD79D19C79EE56FB7D
:1085580071E465E0A9B94568214CA242587A22CA5B
:1085680039C54FF46843A8AF1786227F1EEC1681E1
:108578006C71C6B5FDF66B8B2823B507CD7E3C9490
:108588006AE916F13C314ABF5EDB84F7CBA090095B
:108598002CA380C5FB4D5254089D8C1819A0261792
:1085A800A43BAB4B867E099FEAA9997388C7D4A8D8
:1085B80099CCD36659F5B84D9D3164B85F848F97CF
:1085C800588B79B56137A1290A2FF52B87346C7739
:1085D800C34DBFA57CFA37BE6E935BF139296C7B1E
:1085E80063E2BB479DC7A819121B757E35BF4CE5D2
:1085F800560542DC8CC5D1FC3062B6779C0F07DA91
:1086080073D9F80591E2767FF08417E62A07CF6BD5
:10861800A991CF945A2853B7FF97AD33DB4A5252EA
:1086280087C02316F304B545B1DFFE42E0F1A5AAE1
:10863800DD7000430039B2AA407F02434078BDAAEA
:1086480039B505438061A1AA453E0A430049C1AA3C
:108658004C5D104380AAC5AA4577184310D8B2AA22
:10866800D9252343001028A953593143B0B694AAF9
:10867800309A444380DECDAA89925F43F428A7ABA1
:1086880078A78343A0DF1DABCB52A34330F4042B60
:1086980040E4DC43E084BDAA3B083244D05A93ABA3
:1086A800404701459A069DC22F96FAC4C098102BE0
:1086B800A10F22C4009EC3AAF8D2BCC3909C6DAB84
:1086C800EA1083C3C02F3FAAC84746C3D0F83EAAC2
:1086D80027E41DC3A8EBA0ABA41E02C3603914ABEA
:1086E800FACFDBC2404756AB8525BDC2A048B0AA29
:1086F800AD24A5C2405BCF2AC0E291C2C8A601AB97
:10870800042082C20029922991066AC2AC7719AB6B
:10871800D0E753C2E0039FAB080741C280B982ABE0
:10872800B4C030C2007E69AB309922C200F755A9A7
:108738004B3116C24045942B963E0BC20004B1281B
:108748000C8601C23040322B9AB0F1C170690FAA71
:10875800D51DE2C1008934ABD114D4C100A4FCAA50
:108768008F61C7C1905F85ABD2D8BBC1A474A9ABD8
:108778008556B1C1A08EA82A93BCA7C100FB02A947
:108788004BF29EC130769FABB4E496C10026CBAACB
:10879800C0898FC100DC96AB19F388C1088FF32B11
:1087A800A54884C12E6E1D3D61FF71C12CC522AB49
:1087B8005B686AC1004E4D2AA0BC60C1849FA52C8D
:1087C800D15757C1F011292B6E6F4EC1A0820EAB45
:1087D800790846C1581BD4ABDB1D3EC1E0130A2BF8
:1087E800E6A736C180C37CAB739E2FC1E8C4CCAB6F
:1087F80097F928C1D871102BD7B122C1C018F22A15
:1088080041C01CC180E96EAB671E17C1208C6F2A5E
:1088180053C611C1804D31AB81B20CC194F46B2B9E
:10882800C9DD07C180428AAB574303C1A2D19FABC0
:108838002BBDFDC0402E122A3356F5C040524EAB18
:108848001649EDC050C20A2C0C8DE5C0C023C1AA40
:10885800D518DEC020072DAB30E2D6C080C7352A38
:10886800F4DCCFC0C008B6AB7AF9C8C0F02D5FAB56
:10887800A221C2C0974DA6AC9532BBC0D88B41ABE4
:1088880045EEB3C000B6ADAA28D4ABC0A0A8AB2AA9
:10889800A59BA1C0C0CB3B2A869890C088F6D02A59
:1088A800B4A81DC04E3C0EBF47FB00C120AF7EAB35
:1088B8002C8CC0C040D260ABF13CB0C03098052BC6
:1088C8001813A7C0001AF2A86863A0C0C0EE50AA87
:1088D8009FE69AC0B0218FABE41D96C0A89BD3AB8E
:1088E80039CD91C000A39AAB3BD48DC0403C982BA6
:1088F800A51F8AC00040EBA71CA386C08C99D2ACE8
:10890800375683C07458E1ACF83280C0A0BE2A2B19
:10891800D4697AC0E83DBA2B4EB174C0289340ABF5
:108928000E376FC00084AE2AE5F669C03C32A0ABB2
:108938008AED64C094AA84AC771860C0C0C18FAABD
:10894800E5755BC0C0D0CB2ACE0457C0C0C67FAA8D
:1089580013C552C0B81BA52CC1B74EC0B87B83AB9A
:1089680096DF4AC04044712BF94147C05012F62A9D
:10897800DEE843C0A0FAC2AACAE640C0C8BCC02B01
:108988002A603EC0007EB9A9C2A43CC0B0EC0CABC2
:108998002D863CC04025C42A5D0841C0B0BF6DABE0
:1089A800455865C07AA4813EB864D6BF002739AC63
:1089B80017AF0FC0E086B7AB048B14C0767D412D8E
:1089C80045F314C0000C622915EC13C0C0BEAC2AD4
:1089D8006C4712C0A0565DAB8A5510C00C1A7EAB0E
:1089E800703B0EC04094F9AB520C0CC012CA052C57
:1089F800F5D209C0B0D926ABAF9507C08850EAAA0E
:108A0800525805C0002078AB251D03C07406122CEF
:108A180073E500C0E00FD72BA563FDBF00930FA936
:108A2800A904F9BF80D211AC2FADF4BF009EFDAAF6
:108A38009F5BF0BF80F28DAB7A0DECBF0C1A86AB52
:108A48002EBFE7BF00EC25ABC26BE3BF20519B29CB
:108A5800460CDFBF20BA6AABDF96DABF44F44D2B71
:108A68001EFDD5BF801A16AB0429D1BF664EE3ADF3
:108A78003CF7CBBF645CDA2CFD2AC6BF28F812ABE2
:108A8800D451BFBF6026D4ABFC76B6BF575B1BACD6
:108A9800C11EA9BF80D6EC2B762F8EBFE05B3AAB08
:108AA800462D1EBE98BCFCBED28A3BC098320DAC87
:108AB800F6C6FCBFE0DD8AABE40DE2BFE07112AAA6
:108AC800F506D5BFC849672C6A98CCBF80C9C5A927
:108AD8007B46C6BF00D5A7A9421CC1BFA03572AA54
:108AE80024A7BCBFA0C3CBAB22AAB8BF804B3B29ED
:108AF8009D01B5BF80C8952A3597B1BF10FD22AB3F
:108B0800FD5BAEBF90FFBFAB7645ABBF74E5432BB3
:108B1800D64BA8BF2EEA062C0669A5BFA0AB192B19
:108B2800FB97A2BF00BEAEAB43D49FBF0884372BD0
:108B3800A7199DBF244BAE2BE0639ABF2011F32ADF
:108B48003AAE97BF40F688AB31F394BF38F1D4AB57
:108B5800DA2B92BF006AC4A8024F8FBF0000D32847
:108B6800B34F8CBF605605AB991A89BF7CB6842B6E
:108B7800059185BFC0917FAB7F7E81BF80AAD32935
:108B8800010179BF4081002B26896BBF44CB1E2C85
:108B9800AA5056BFD006B4AB4EB329BF18D69BAB6C
:108BA80098381C3E59D505BF0A500FC0E0E7F62A91
:108BB800834DB6BF18F699AC2A1BA0BF80729629C0
:108BC80077A995BF28A74DAC56268FBF8E9444AD84
:108BD800796F8ABF623EA2AC7EB286BF50CD8BABA6
:108BE800FB8C83BF80A4F12A9CCA80BFD0A477AB3A
:108BF800AE997CBFF4C79DAC150178BFC09910AC85
:108C0800F2B173BF4020B6AA659A6FBF8C84AD2BB2
:108C180037AD6BBF484DE72B1DE067BF929799AB07
:108C2800982A64BF00ADB82C2C8560BFC08B68AB98
:108C3800C7E85CBF048189AC334E59BF30D633AB2B
:108C480083AD55BF001D37295FFD51BFC0CCDAAADF
:108C580006324EBFC474B92BC23B4ABF9872362C39
:108C6800680446BF60E8892BCF6A41BFF89F992BFB
:108C78003A3A3CBF3005C0AB641836BF646BACAC45
:108C8800AB5B2EBFF0A61C2D869923BF5CF60BAC00
:108C98009B2412BF5C028CAC4006D9BE489E15AC22
:108CA800C11B8D3E68A509BFBDE0E4BFA5377DAEF9
:108CB800EC5F8BBF586F87AB1D3D71BF48969A2BF1
:108CC8005CF65FBF80DD542AD87155BFC84EFEAB35
:108CD80046024EBF408E82AB343D48BFFFE6E82CCB
:108CE800197943BF8092CCABD05B3FBF006B1EAA03
:108CF800C1B03BBFB0D232ABF25638BFD6023CACA3
:108D0800693835BF8089092CB04532BF60EDF72B33
:108D18004C732FBFE02F0F2D39B82CBF607F5F2B0E
:108D2800F30C2ABF00C80CABBB6A27BF58E5CBAB16
:108D380013CB24BF702CAFAB362722BF0056ADA78C
:108D48008D771FBF2097DCACF8B21CBFF02C21AB8D
:108D5800CCCD19BFDCC6B62B47B816BF041B83ABF6
:108D6800F85B13BFE023222C1D970FBFDC67E0AB35
:108D7800CE330BBFB08466AB86D505BFFFE5CD2CDF
:108D8800479CFDBE80BC27AB4852E9BE1C22F5AB10
:108D9800893DC7BE20AD9CAC684E77BE8034522A50
:108DA80008D9F23EBA4925BFB364D3BFA02E1E2B03
:108DB800CE976FBF10DDCA2AC3E949BFC60A97AB71
:108DC800440B39BFA0762BAB24212FBF4C349FAB6B
:108DD800F56328BF482100ABA45F23BF052A70AD07
:108DE8009A661FBF50E323AC011D1CBF54E2462CFA
:108DF800C74D19BFA0505BAC32D816BF9641872B20
:108E08000EA714BF54F8042C23AC12BF6505AFACF1
:108E1800ABDD10BF50948FABDB340FBF43304FAD89
:108E280007AD0DBF00FB702C1B430CBFF6EBAEACBF
:108E380050F50ABF3A97502D08C309BF40C92DAB5A
:108E4800D0AC08BF8012DF2988B407BFB04C3CAB58
:108E5800BFDD06BF88573AAB582E06BFF4FA43ACBD
:108E6800BBAF05BFF01ABB2C007105BFB012292A91
:108E7800348B05BFBE0A312C3C2A06BFB475E0AB63
:108E8800AAA107BFA044FCAB4CA50ABF4200882B8F
:108E98007F0911BFE07ECDAAE48421BF072D88ADEC
:108EA800A58678BF431AB83E38F4873D80AC71AACE
:108EB8000A158CBEB24555AD1229ADBE4884F82BB3
:108EC800751DBABE803FBBABA25FC0BE2C1150ABB4
:108ED8008F98C3BE3C644FAC2730C5BE11F6D12C69
:108EE800EECDC5BEA0B3A12C2ACAC5BE96AEB62C7F
:108EF8008757C5BEF0AA74ABF194C4BE00C82CAAAB
:108F08001696C3BE50DE1F2CCD67C2BE3C7179AB2E
:108F18008312C1BE80B4DCAA9A9BBFBE48AFF42BB3
:108F28003306BEBE00582B2BA353BCBEEC2025AC89
:108F38009D83BABE008C70AB3694B8BE1CA820AC1A
:108F4800AC81B6BEA238C12DF245B4BEB49956ABB9
:108F5800DDD7B1BE80A639ABB829AFBE0091FAA85B
:108F6800C426ACBE308C982BB5AEA8BE283FA22B29
:108F7800EF8CA4BE361C0AAC30669FBE804A622BBA
:108F8800C38D98BEB4B486AC45918EBE54137D2D66
:108F9800E35A7BBEA41542AC432C30BE44B632AC77
:108FA800DFC33C3E74C6D6BEB6C05FBF9B8994ACD7
:108FB800108304BF8051A7AA3968E3BE687F41AC1B
:108FC800327AD2BEE0DCE22B7C6FC8BE98FF80AB61
:108FD8004984C1BEB09463AC7B45BCBE4839EBAB99
:108FE8007405B8BEC0D5092BD067B4BE383533ACCC
:108FF8008836B1BEC4B3932C954FAEBE20AA5A2C66
:10900800179CABBEC0A7F1ABB70BA9BE55C18DACC1
:109018000B92A6BE0035322AF724A4BED503622CD3
:10902800A3BBA1BE00DE502BAB4D9FBE202A852BD3
:1090380077D29CBE727E8D2C84409ABE787457ABD2
:10904800988C97BE1005822BA3A894BEC077BCAAA3
:10905800248291BE80829C2A99FF8DBE0034CBA8C1
:1090680028FC89BEE09D8CABF03F85BE4022252BB5
:1090780079E27EBE20C6B1AA42EB6FBE70DFC12B7B
:10908800EA535BBEF01C4B2CAF3D3CBE7FE5972DF1
:109098002E0006BEB65DAE2CF33823BC97D136AC95
:1090A800D232163F5E3C4BBFD90E99BFD9430AADA9
:1090B800AC6319BF00BF58AADBF7F4BEC65FB4ACF7
:1090C8008FFBD9BEC05C92ABCF9ECABE0024EDAB6D
:1090D800C98DC0BEB6913DAD9D59B9BEC7E7D2ACEA
:1090E800C1DFB3BEB0968B2D9386AFBEB8F8E52B23
:1090F80056F5ABBE06EB81AC57F5A8BE53E584AC7C
:109108003763A6BE2A19052E3C27A4BEFE05ACACC3
:109118001E31A2BE98D20DAB9375A0BE31CB90ACD8
:10912800D8EC9EBE00FAC9ABD2919DBE1452022C57
:109138008C619CBE1A9628AD025B9BBEB636A62BE8
:10914800197F9ABE80DA1C2AE9D099BEA639882DE3
:10915800475699BEF09B382CDD1899BE935BEFAC4F
:10916800182899BEA0929B2BBB9C99BE80E9092B1D
:10917800D59F9ABE88B98A2C58799CBEE00FF5A96C
:109188003AB29FBE002F18AA2871A5BE10BC80AAAB
:10919800B8B5B0BE68780FAD8E80CCBEE4926A2CAC
:1091A800A8EE2DBFC884D73E19162D3E02CB87AC3A
:1091B800025BE3BD60CA442C635729BE7706C62C00
:1091C800E0FE3FBE96129DAD4CA54BBEB88C18ABC9
:1091D800E74952BE66610C2D213A56BE6C8F46ABEC
:1091E800078858BE78FC35ACA0C359BED1C7D9ACE6
:1091F800363F5ABE28F7BD2B832C5ABEE89D112C4A
:10920800A1AA59BE607E662D2CCD58BE3AD60AACAE
:1092180029A057BE333CD32C2F2A56BE38B291AB67
:109228008F6D54BE00E7D4ACD86852BE68FD3D2CA3
:10923800E81650BE8EFB20AC7D6E4DBE942C942B50
:109248004D614ABE40E076AB5FDA46BE3143CCACF6
:1092580050BB42BEC8F464ACB0D73DBE7B57AC2C03
:1092680014ED37BE50EA84AC9F9430BE22A90F2C6F
:109278003C2727BEB893B1AC64831ABE8BFF6B2D15
:10928800438508BE0A530FADC92BD9BDCAF2D12BED
:109298005F146BBD4076562B45D4623D20CE16AB8D
:1092A80051F91D3F6E666EBF477288BFC4982DACDA
:1092B8000A1B01BFF052D5AB1C83C8BEA0EAB22B73
:1092C800DEA9AFBE808DB2AB62C6A1BEE843582B03
:1092D8008CE098BE2829CCABDAAC92BEC850AE2B35
:1092E8005B198EBEE4B5882D41958ABE39D4942C7D
:1092F800F1CC87BEB0735DACE98C85BE62A405ADC8
:10930800D5B383BE680F5C2C562B82BEAB88D22D9A
:1093180004E480BEADD203AD37A67FBE8061C62A05
:1093280029E27DBEE00E332D92717CBEFD86862D2E
:10933800E14D7BBE8E437A2EAF737ABE6F9B2F2D85
:109348008FE279BE8060382B379D79BE402371A9A2
:109358001DAA79BE6080DAABAB147ABE78188EACE1
:1093680095EF7ABE1075392C1F597CBEB41CC3AC5E
:1093780084837EBEB0A8D62B52E380BEDEA0D82C54
:10938800AA6483BE00997BA9CD7887BE6040952AE0
:109398002BF18EBE800BBD2ADB77A0BEA817CC2B85
:1093A8005304F8BE6ECCA03E648AE23C241F75AC20
:1093B800830E13BE6C68022C75AA36BED4CA19ACCB
:1093C8001B7346BE005166AC2DBF4FBEFC95F0AC7A
:1093D8000F3556BEC40FCE2C5F3F5BBE00B5A7AAA3
:1093E800C18A5FBE606FD6AC577663BE3F38B62D74
:1093F8004D3D67BE0028E72AE4086BBE20A3B42AC7
:1094080049F96EBEE1DF30AE792A73BEFEBF37ACD4
:1094180060B777BE508505AC26BC7CBE145DEDAB4D
:10942800202C81BE00A0C328565884BE5729FD2D84
:1094380053F987BE8CF043ACA82B8CBE06002BAC2E
:109448006D1491BEF07C752C28E596BE4677562D96
:10945800D5E19DBE2035292BBD6AA6BEAAD4EFACA6
:10946800300DB1BE00F88CABA3A1BEBE90D601AB47
:109478008785D0BE44CA2CAC4914E9BEC01B32ABA8
:10948800CB6006BFD072AFACBA8B22BF000D26A945
:10949800927155BF0EBD89AC5245A6BFC10DFF2CB8
:1094A800824468C0F19E974098655740586EA4ACB6
:1094B800FB88843FE88E312CDCFE113F51817E2DE4
:1094C8002944BE3E006C16ABE406863E445733ADD5
:1094D80014F2443E4CE8A6AB1E22143E8CCDDC2C84
:1094E800A56FE13D50018FACCDFBAB3D50BDB62B18
:1094F800C476823DC4BE11ACEF06433DD0A333AA67
:10950800E8E40D3D1493602CF526C53C6850BE2B4D
:109518009E117C3C787685ADF405073CA137BFAD3C
:109528008CD71B3B005C10AAC3931CBBF86316AB1B
:109538006FD6CABB14BFAA2CA34315BCE82636AB0A
:10954800C57037BC6ADCD2ACBD134CBCB28805AC64
:10955800CC9952BCC088EAA9178D49BC1926EEAC33
:1095680085362EBC602FC6ABD8D2F7BB3439022C57
:109578007B7E2ABB9009D32B91EDA73B8B3304AD9F
:10958800E0AA8D3CA848E3ABF5B6193DF01A86AAC7
:109598002D2E9A3D7550AFAC653D293E20C730ABA6
:1095A800A5BA1E3F0DE182BFE98F3FBF48D315AC76
:1095B800D32A96BED0308DAAFDB44FBED695562F6D
:1095C8003F5228BE1EEB9DAC219F12BE571F482D4F
:1095D800F1E904BE605583AB3FF1F6BD10F88DAAE2
:1095E800581CE9BDE41983AC177EDEBD61C8B72DF0
:1095F8009005D6BD0005AF295A09CFBD7907312C92
:10960800441AC9BD709A35ACB4EBC3BD64CCCBABBE
:109618007246BFBD18E42CACD600BBBD1C1008AF09
:10962800D0F9B6BD008CF1AC9315B3BDE8ACED2B09
:10963800193BAFBD20D9D42B1152ABBD7D9FCEAD08
:10964800DD40A7BD50485CAC37EAA2BD0091CDAA69
:10965800132A9EBD40E2502AF5D098BD241817ACB5
:10966800469C92BDE0C336ACD4288BBD01A5492DDC
:1096780010D981BDE6AA8E2EC83E6BBD003A072AD6
:10968800590249BDC062082A018714BDFC7D2D2CF2
:10969800AE505FBC80577CA9239C1D3D30BE13ABE8
:1096A800D00C983E167223BFBFF4F3BE0077FA2B96
:1096B800CC365FBE56403DAC85DA29BEFECB4CACFD
:1096C80091AD12BEDAD899AC818E05BE927888AB7E
:1096D80090FEF9BD74052FAC24C5EDBDE8156DAB42
:1096E8006C76E4BD601E35AC3A05DDBD52F8D92C68
:1096F80085D4D6BDF155882DC381D1BD68B6D42D8A
:109708002ECBCCBD00FF43295582C8BD205D81A961
:109718007E84C4BD70ADABAC14B6C0BD30733C2DF7
:10972800A1FFBCBD003BA1ABA74BB9BD9CFE5A2C09
:10973800D084B5BDC0C3FAAB3A94B1BD701A89AB39
:10974800765FADBD4CE514ADFCC5A8BDDB4C2F2C38
:10975800699DA3BD107F2DABA2AB9DBDFD2F8BAD29
:10976800079D96BD60890A2CEBF28DBDE2308FAD66
:10977800FDE182BD48AB2FAB6C1868BD7A263C2E44
:10978800A9BA3DBDB01A9F2CEF3CF7BC52D341ACEF
:109798008865A1BAD63B96ACE0A7873D2CDFB0AB75
:1097A800D8A9CE3EFCFB6BBF2DE21BBFA7DC952CD6
:1097B80075128BBE9278D32C6E4651BE12CC352DC5
:1097C800CCF633BE109A2DACE4E223BEB0484C2C44
:1097D800F0DD19BE717A382DB42613BE00CA892867
:1097E8005E750EBE802E2CABCA1D0BBEB81F9B2B00
:1097F800DABD08BEB83AF72B901A07BEE690C9AC96
:109808006E0F06BE107A3E2DF38505BE4129292D1F
:10981800FE7005BE48808D2C50CA05BEB08BEBABE0
:109828003E9106BE806EB32B35CA07BE7CAE622B56
:10983800E07E09BE023851ADF1BE0BBE344D89AB96
:10984800A4A10EBE0032DF295E4812BE784AA92DB7
:10985800FAE216BE80EBDFAAF5B61CBE907F39ACE3
:10986800CF2B24BE74B2C7AD5FE12DBE46711D2D4E
:10987800EBDA3ABEC335FF2C42D94CBE40EC0FABF5
:109888001A2D67BEC09C93AB087988BE14C8492CB2
:109898001652AEBEE0786A2BDA8203BF20F513AC0D
:1098A80047E6B0BFFCDF274040C69C3FEDDA3FAC3F
:1098B800317DB63E38B70C2C4F713B3E66171AAD5A
:1098C800D717DF3DA018A32B2A038B3DDC1037AD3B
:1098D80083552B3D00697D2B3854C33CFB4984AC30
:1098E80069ED2E3C80CC772DC7A61F3AE0E923AA64
:1098F8008A12F1BB9CA004ADFBC762BC1208D72B2F
:1099080044B89DBCFC3D2AAD318FC3BCE2AC962C5B
:109918005991E4BC005618A9E5FE00BD4E439AAC27
:10992800BE670EBD0053FAAA32EB1ABD785354AC89
:10993800D2E426BDB8ADFEAC28AB32BD57869AAC92
:10994800AF963EBD209DA9AB8A094BBD2C54012C76
:10995800977958BD185A7E2C357F67BDF0EFEF2AEE
:1099680044ED78BD48331A2DA7FD86BD98769E2B09
:10997800E34A94BD8C48D02D8702A6BD31E216ADCE
:109988004839BFBD95A6BF2E1B84E6BDE985002DCD
:10999800167D16BEA146AE2D1B9F68BE84A197AC4E
:1099A800EFDE20BFB6DFAB3FF26B133F40D2372B61
:1099B800AAF2323ED09BA1AC0B20C23DE209702E28
:1099C800DAD3783D48F89D2CEE442C3D41260D2DE8
:1099D80044D6F83C28D925AC2C49B83C6D4872AD22
:1099E8001CA48A3C305F972B49DF523CB0CE0DABAC
:1099F8003EE4213CD4B94CAC158BFB3BB888CFAACC
:109A08001F2BC73B28251C2C30CCA23BEF4FA92C81
:109A1800C1DB8B3B9024DAABA6A9803B00315329EC
:109A2800F32B803B001CE4AB48DD893BC367352D35
:109A380017AD9D3B4CD2232C33FEBB3BC13451ADFB
:109A480061B3E53BB049F92B8B260E3C124CC9ACEF
:109A5800F50F313CC0B4A9ABAF595D3C588DD82B3C
:109A68000BDA8A3C20841B2BD329AF3C32239C2C55
:109A7800F80ADF3C188137ACD939103D60864BAA0B
:109A88002E573F3DE0B142ACD17C843D5F9D3A2CDE
:109A98004550C63D525F05ADE6722F3E882BDBACC4
:109AA8006FBF0A3FA343B0BF9E5311BF7C3937AC89
:109AB800339F49BEA03D08AB4D16FABD5A5000ACC5
:109AC800F964B7BD10ACF7AB116891BD644B7AACC3
:109AD800F9B870BD66AFC1AC535F4CBD59A2D22C6A
:109AE800A51230BDC04DAB2CAFC918BD1403B1AB26
:109AF800A3BB04BDCE6972AD158CE5BCA42CDAAC51
:109B08005C45C4BC309B81AC1C81A4BC361776ACC8
:109B1800315B85BC0EF007AC0A234CBCA7A888AC07
:109B2800BEE10BBC001836AABC1691BBBC83C72C7F
:109B380051D61BB8E316282DCE599B3B80E797AB2F
:109B48000A72243C00ACD8284C38833CFD80E7AC32
:109B5800E6A8BB3CE40AA6AC6017FE3CB62EFBADFB
:109B6800B61B273D80CF582C9BD5583D0008782937
:109B78007A608C3D88917FACBD55B73D9062B52C1D
:109B880091A6F43D88ACC12C790A2A3E3073872A05
:109B9800A44A7F3E74643EAC1193E23E6316E22D04
:109BA80023E7B33F9B0F80C01A77BDBF3B57AFADCC
:109BB800556704BF08B4AF2B5DD8A5BEB90F38AD43
:109BC800A25676BE5C85EAAC6D7C46BE86FC69AC66
:109BD80080A727BE041C4A2C53F611BEDE24C3AC52
:109BE8003EBA01BEEBC9002EFBFDE9BD1A13B12C2C
:109BF8004943D5BD5852652C57D9C3BD06EEA1AD12
:109C080022D0B4BD903A50ADBE80A7BD60E71E2AF1
:109C18005B719BBDD016BDAB8E4490BD3C9C89AC9E
:109C2800B5AE85BD40290DAC53DD76BD8C4C0E2DEF
:109C38006A9062BD8200A8AC7EFE4DBD665C9CAC9D
:109C4800C5A538BD9077FD2C04EF21BD988DBEAB1E
:109C5800511D09BDA21C31AEB06ADABC6EB5932C99
:109C680016A999BC58DB832C44A317BC74F136ADF4
:109C78008B992D3BBCBD16AD3D30963CCF9E992CA3
:109C88001171253DF081B6AC6D4C983D80C9CAABC9
:109C980052E2093EE83FDEABA54D8C3E7889812D26
:109CA8004AA9773F547D4FC047088EBFA0223CAADF
:109CB800412AD5BEA8EFCD2B17EA8DBE83D0FB2D48
:109CC800D96D5EBE60FED82BCA173CBE4D0D272D40
:109CD800ED1426BE1E1D782CEFB916BE5CC9102CDB
:109CE8007F610BBE5A7E26AD14A502BE502B932D64
:109CF800696AF7BDDC6F89AC3923ECBDF2A86EAD9B
:109D0800BECDE2BDA841A02C20F9DABD24FD312D3D
:109D1800B856D4BDE03036AC87AECEBD0AD0882D5B
:109D28003AD8C9BDE856502ECDB6C5BD4AAEA2AC8C
:109D3800DB35C2BD9068E8ACFE47BFBDF6D9A1AC23
:109D48000BE6BCBD5069E3ACF70EBBBD9959072DB6
:109D5800A0C8B9BD5E432BAC9C21B9BDA0E98D2B31
:109D6800E434B9BDF023B3ACCF30BABDB6864F2DBD
:109D7800D664BCBD804DFB29A35EC0BD3BE11C2D54
:109D8800332EC7BDF0E7FFACF41ED3BDE841C82BA6
:109D98007B2DEABDD4B21EAD3A2A11BE100B542C4D
:109DA8005A5D90BE5CBF3F3F4AD4103E00C4982A1B
:109DB8004F41953ADC773D2CBFDED8BCD55F502C9F
:109DC8004FC01BBD8BE9B22D664135BDBBA39AAD13
:109DD80059F044BDD246552DF0694FBDFEE0F82B31
:109DE800A4D556BDB4BFFAAD21585CBDF1DA4EAF6B
:109DF800D39B60BD8E037BAC7A0B64BDEE1107ADBF
:109E080042EE66BD6886162C7A7669BDC585A3AC18
:109E1800DFC96BBD689331ACA5066EBD3CB473ACAD
:109E2800C84670BD00A94D2D76A272BD10E97A2BE7
:109E38001C3275BD16AA31AD5E1078BDC90E0D2D48
:109E48006D5C7BBDE8A344AC183D7FBD0C51412C33
:109E5800A2F281BD0010362A7CCD84BD800E9329E4
:109E68009A6188BD304D202C86FB8CBDB9AF3FADC3
:109E78000F1693BDB686552C8D849BBD2FD781AD0B
:109E880066D5A7BD9A8768AE775DBBBDCE9EAE2C62
:109E98002EC5DEBDD163462DF5E418BE960193ADFF
:109EA8000784B4BED7069F3FDFF8833EF8283FAC4F
:109EB800412F5F3DCA38BE2C5E3C643CCEAE17AC29
:109EC8001B255EBB088CB12CC67E54BC2C3DAD2C2A
:109ED80098F39BBC3FF3282D7F34BEBC0480962C9E
:109EE800683BD7BC1454732D4C55EABC149F2D2CD9
:109EF800E26CF9BC605D36AECED902BDD8AF3FABDF
:109F080044F907BD4057D72B3F5A0CBD050A9BACF7
:109F1800D32E10BD400A022BB89C13BD80C8832BDA
:109F2800AFC116BDE4D88FAD6EB619BD449E262DBF
:109F3800C4901CBD944434AD52651FBD7E54C92CD9
:109F48002C4922BDA06D992CA65325BD00FBEDAD73
:109F5800ADA028BD107781AC34542CBDA8D444AB37
:109F6800C89F30BD8074C82A5CCC35BDE8A7F6AB65
:109F7800E04C3CBD487386AC09E544BD80329E2B5D
:109F8800860351BDB0FCB5ABCDB663BD725A21AEE8
:109F9800967682BD9885212C6ADAA8BDE4B5E72CAF
:109FA8000DDF33BE25F2293F7AD8D33D8A05BC2C74
:109FB800E882273C176C062DD1E20BBC0CFC632C05
:109FC800C39388BC58BEB42C6542AEBC3057D2ABE4
:109FD8006ADAC6BCE8667CAC6A79D8BCC09903ADBD
:109FE800A2FDE5BC0CE8742D85EFF0BCA02C06ABF7
:109FF8004736FABC25952C2EB13201BD29F5232D03
:10A00800F3F004BD5BAE202D0F7B08BD28F22AAD0E
:10A018006AEE0BBD3CCB23AE2B640FBDDAA110AEAC
:10A02800AFF312BDA0C0F4AC77B416BDAF13612D69
:10A0380001C01ABD70E66EABCC331FBDA3BBB42CF8
:10A04800E73324BD63F506AF90EE29BD789DBE2C9D
:10A058009CA130BD788120AD29A338BD306C22ABDE
:10A068004E7042BD7812042D68C74EBDA0AAE32BDE
:10A078009BDA5EBDD1E4E3AC5EB974BD0EBF36AC0D
:10A088004D238ABD80D5462D5EEAA2BD7284E1AC1F
:10A098007982CFBD3AC234AEDBC81BBEB6A78A2CC4
:10A0A800B9FACFBEE7730A40824CB63E4E32812DD4
:10A0B80019D9D03D4B3D0D2DBF94513DF9B4AB2C72
:10A0C80020CCF03CF0EFCA2CFBB38D3C003709AA3A
:10A0D8006E3D1D3CE09A7FAC1B9E8B3B807451AA61
:10A0E8002B28B23980AC01ADC9E62EBBDCD9D42B04
:10A0F80090B4A5BBF05E56ACAD93E5BB39E7042D33
:10A10800967C0DBC4AFC98ADE74A24BCE0D831AC3B
:10A11800062C38BC589E1DACD4D849BCD8764D2BDB
:10A128008CE159BC58FD28AD35BC68BCF6F8B8AC14
:10A13800EFCE76BCA0F73E2B0B3C82BC3E0D83AD28
:10A14800DA0A89BCB86B14ACAF0690BCD874462C3C
:10A15800246B97BC804465AACC839FBC145FEF2B0B
:10A16800D2B7A8BC0066952C279EB3BC2E7343AC0F
:10A17800EF23C1BCB5C6022E54DCD2BC721DCDADD6
:10A1880074BAEBBCC03CB42BCE0409BD3122882C78
:10A19800A20F2BBD607633AC45EA79BD5F919A2D4D
:10A1A800F9B520BEBBC0803F8DBC053ED032FEACA9
:10A1B800ED1E0E3D3C6E43AD2FE57D3C60E7FF2B69
:10A1C800FEF5ED3B4863A02C313B303BEAD6D7ACDB
:10A1D800314361B9F83517ACD04011BB874712AC91
:10A1E80060C070BB2023062E38809CBB7BD9BDACD9
:10A1F8000A9AB8BBBCC2612C4DE8CEBBE1E6202E62
:10A2080004DFE0BBE0D05C2CA37AEFBB6F3B10AC63
:10A21800F66BFBBB36CCE8ACE09802BCD032462BE0
:10A22800299406BC0030D2299FC909BC219921AEC6
:10A23800C2510CBC1888EBABAC3D0EBC6182E42D5E
:10A2480014980FBC6C11D1AC9F6510BC141CCBAB1F
:10A258006CA410BC1FDC94AD974A10BC3FEEBDAC9B
:10A2680033430FBCC0229E2B51680DBC0870E8AB6D
:10A278002D770ABC282BABAC1AF705BC33117B2D04
:10A2880069FDFDBB0C83BF2CEE27E7BB10FE94AC29
:10A298005518BDBBDBDAEA2DCDAC33BB10FE2AACBA
:10A2A80096464C3CEB9D53BE06F507BDD276E32D92
:10A2B800203E93BC72CA83AED48E74BC79FBA22CA8
:10A2C8007F135FBC607FC5AD1C0D53BCC4F7152B55
:10A2D800854F4BBCA062842CD6DE45BC3564A9AC46
:10A2E80052CF41BCB08CC62B63A53EBCDAEA2F2DF9
:10A2F800B21A3CBC40E9582CF5043ABC3C658CAD1C
:10A30800F04938BC7CE34F2D4AD936BC66F1922D12
:10A3180034A935BC841D60AD8CB434BCD7DAC82CE4
:10A32800E7F933BC308BDFAC197B33BC8080922CCF
:10A33800373D33BC3EFBB62CF74833BCE0C7F4AA24
:10A3480087AB33BC50344E2D0B7834BC758E22ACA1
:10A3580014CA35BC540631AEC7C937BC009A4F2B56
:10A3680006B33ABC87F0042F6AE23EBC96D59CAC93
:10A3780041EE44BCA083742DDEDA4DBCA69EE3AD4D
:10A38800C1945BBCECCC2FAC1B3C72BC364B202C74
:10A3980012468EBC88C6402DE6EFC0BC62DFC22CD8
:10A3A800A81B61BD41311A3F75D4223D8282952C8C
:10A3B8000DD2083CBC2CDA2D8C720E3BAC19442D06
:10A3C8008FB8D0B900CAADAAD77DE7BA7C83502C24
:10A3D800F96F29BB60E6142A82A84BBB4207B5ACCB
:10A3E800551762BBC0E291ABDFC970BB000933AB44
:10A3F8008F147ABB30C3E4ABF9637FBBBE06A6AD4E
:10A408004CD080BB21E50D2E33B180BB26198D2D94
:10A41800240D7FBBC7E620AD75E07ABB8907CA2D3E
:10A428000A0175BB4015B42CA17D6DBBC06D31AA66
:10A43800045164BB1CAE4CAC9F6159BB1C36952CB7
:10A448008C7E4CBB807AD92C6C593DBB90D5702B37
:10A458008D7B2BBB6E1C752E393316BBC89D0E2CFD
:10A468003FE6F8BAB0EBDCAC352EB9BAC913492DC2
:10A47800F4C64FBA4C455BAC9ED708382DB6152D9F
:10A488008EEE9C3AFC95042C3EF1433B392D122D5F
:10A49800C6DFC93BBC83C5AC8F905C3C626A34AEF6
:10A4A8007B6F4B3D56B593BFED2A70BDA77AF2ADD1
:10A4B80063B9B7BC0C1CD92CD6BA77BC2B41D42DA8
:10A4C8000FA443BC20C5982B0C1626BCA8F083AC5F
:10A4D800B5C412BC40A091298AF504BC8C17FBAB0B
:10A4E800D5E7F4BBE89B122C4F2AE4BB648E0D2CF5
:10A4F8002459D6BBD8D438ACFB9ECABB9023272D91
:10A508002B71C0BB60C5A7AAEF71B7BBD6BD252DFF
:10A51800DB5FAFBBD0CAA92B350CA8BBBEC5192DB4
:10A528001855A1BB78BF002DC6219BBB3655202DE1
:10A53800506095BB34CA432D260490BBD940732C78
:10A5480041058BBB54E0E3ACD25F86BB00F0222B05
:10A558007A1482BB0849982B4E527CBB259D802ECD
:10A56800F75575BBF7CBD6AE2B646FBBE8F351AC90
:10A5780027D26ABBD7D534AD233A68BBF435F6ABDE
:10A588005FC668BB70B964AC40FD6EBBE7118EACAA
:10A59800E8BB80BB87B9472D5D399CBB2769B1AE45
:10A5A8002F8B1BBCA4ABEE3E8194AA3B903466ACC7
:10A5B80056E2F9391426332D1726C1B96033D8ACC1
:10A5C80044E92CBA80EAEF2C090D49BA785A47AB0E
:10A5D800B46E4FBAF01EAA2BDA374ABA842B902CE5
:10A5E800C8253EBA00DA412DB8BA2DBA6C1D9A2C8E
:10A5F800FA6A1ABA24A04EAD0C1E05BAAADBA9AC99
:10A60800F7D8DCB9007E76AB6880ADB9FD9AFCAEB0
:10A61800839A79B9F754A12E2E6E16B93814832E61
:10A62800160249B880858A8F94989DA2A6ABAFB3CD
:10A63800B8BCBFC3C7CACDD0D3D6D8DADCDEE0E118
:10A64800E2E3E4E4E4E4E4E3E2E1E0DEDCDAD8D601
:10A65800D3D0CDCAC7C3BFBCB8B3AFABA6A29D9871
:10A66800948F8A85807B76716C68635E5A55514DEC
:10A678004844413D393633302D2A28262422201FCC
:10A688001E1D1C1C1C1C1C1D1E1F20222426282AC3
:10A698002D303336393D4144484D51555A5E636833
:10A6A8006C71767B0000004396F347427D278F2824
:10A6B8007CC0053CE5011828863E913DA15213282F
:10A6C800FC93BD3CB6BEB3288030103D2F8F612867
:10A6D800ECE4FA3C253E8E287367DB3C12D4AB28A9
:10A6E80035A2E53C75768928DC26633CB0EB1B294E
:10A6F8006DD86E3C32A9F127012ACE3C431CA32811
:10A70800936B493C8B600F287403CF3CBEFA8B28AF
:10A718006BAE023CA09F59283921E83D4FD58628C9
:10A7280066CEBD3C7ECFBC2839AD613CC5512928D9
:10A738003BD39B3C454CE02816F2543DEFF7752976
:10A74800B138D23C1912C62603A2D03C0F8F082973
:10A758008A2E933DC1A5CA28F44A683D17580D2A88
:10A76800C2BD513C470A1F2AAD72AA3C151BF128ED
:10A77800B3FA323C859A992914A80F3DFCB4822972
:10A788008DF5833C069A932867C7563BB313CB28AD
:10A798005D5C1B3C7BA91C2A121C943C8975E12931
:10A7A8000DBEEE3B93832B280DBEEE3B6EA33728E0
:10A7B800121C943C63E24F295D5C1B3C44C71D2A74
:10A7C80067C7563B3BC3AF298DF5833C212E1C2A16
:10A7D80014A80F3D22B9FC28B3FA323CCE58B4284D
:10A7E800AD72AA3C6BA1A728C2BD513CC182A52964
:10A7F800F44A683D77E2CE298A2E933DBC3AD628A2
:10A8080003A2D03C5B595529B138D23C1EA61B2A5D
:10A8180016F2543D4953B0293BD39B3C5F3E902AE6
:10A8280039AD613CBCEAFE2966CEBD3CEFBDBC2912
:10A838003921E83D8274AC296BAE023C97539B29C1
:10A848007403CF3CBE3E3829936B493C3F360329FD
:10A85800012ACE3CE3CA192A6DD86E3CBD2B0829C3
:10A86800DC26633CE2220A2A35A2E53C1F96022A2E
:10A878007367DB3C787EDB29ECE4FA3CFB4FD42998
:10A888008030103DF5BDB92AFC93BD3CCA73792AC6
:10A89800863E913DE9AD8D2A7CC0053C5C563D2A3B
:10A8A80096F34742B81C57D8F1F5C17F190E279E79
:10A8B80086F781DEE155B05A779FE741A12A6BFA06
:10A8C800CDE47B230100000002000000030000002B
:10A8D80002000000010000007371727400000000A3
:10A8E8007371727466000000FB21F93FFB21094077
:10A8F8007CD91240FB2119407A6A1F407CD922403A
:10A90800BBFD2540FB2129403A462C407A6A2F405E
:10A918005C4731407CD932409C6B3440BBFD3540AC
:10A92800DB8F3740FB2139401BB43A403A463C4064
:10A938005AD83D407A6A3F404C7E40405C4741408F
:10A948006C1042407CD942408CA243409C6B4440EE
:10A95800AC344540BBFD4540CBC64640DB8F474045
:10A96800EB584840FB21494083F9A200444E6E0051
:10A97800FC291500D1572700DD34F50062DBC00043
:10A988003C999500419043006351FE00BBDEAB004B
:10A99800B761C5003A6E2400D24D42004906E00076
:10A9A80009EA2E001C92D100EB1DFE0029B11C0003
:10A9B800E83EA700F535820044BB2E009CE98400E0
:10A9C800B4267000417E5F00D69139005383390068
:10A9D8009CF439008B5F840028F9BD00F81F3B0008
:10A9E800DEFF97000F980500112FEF000A5A8B0021
:10A9F8006D1F6D00CF7E360009CB2700464FB7008C
:10AA08009E663F002DEA5F00BA277500E5EBC70098
:10AA18003D7BF100F739070092528A00FB6BEA0090
:10AA28001FB15F00085D8D00300356007BFC4600B7
:10AA3800F0AB6B0020BCCF0036F49A00E3A91D00F0
:10AA48005E619100081BE60085996500A0145F000F
:10AA58008D40680080D8FF0027734D00060631003E
:10AA6800CA561500C9A873007BE260006B8CC00051
:10AA7800000FC93F000F494000CB9640000FC94066
:10AA88000053FB4000CB164100ED2F41000F494118
:10AA98000031624100537B41003A8A4100CB964124
:10AAA800005CA34100EDAF41007EBC41000FC941ED
:10AAB80000A0D5410031E24100C2EE410053FB4104
:10AAC80000F20342003A0A420083104200CB1642C9
:10AAD80000141D42005C234200A5294200ED2F42CC
:10AAE80000363642007E3C4200C74242000F4942CF
:10AAF800A2000000F9000000830000006E000000C2
:10AB08004E0000004400000015000000290000006D
:10AB1800FC0000002700000057000000D1000000E2
:10AB2800F500000034000000DD000000C000000057
:10AB3800DB000000620000009500000099000000A2
:10AB48003C000000430000009000000041000000AD
:10AB5800FE0000005100000063000000AB00000090
:10AB6800DE000000BB000000C5000000610000001E
:10AB7800B7000000240000006E0000003A0000004A
:10AB8800420000004D000000D2000000E00000007C
:10AB980006000000490000002E000000EA00000046
:10ABA80009000000D1000000920000001C00000015
:10ABB800FE0000001D000000EB0000001C0000006B
:10ABC800B100000029000000A70000003E000000BE
:10ABD800E80000008200000035000000F5000000D9
:10ABE8002E000000BB0000004400000084000000AC
:10ABF800E90000009C000000700000002600000032
:10AC0800B40000005F0000007E000000410000006A
:10AC18003900000091000000D60000003900000053
:10AC2800830000005300000039000000F400000019
:10AC38009C000000840000005F0000008B00000002
:10AC4800BD000000F9000000280000003B000000E3
:10AC58001F000000F800000097000000FF0000003F
:10AC6800DE00000005000000980000000F00000052
:10AC7800EF0000002F000000110000008B00000012
:10AC88005A0000000A0000006D0000001F000000CC
:10AC98006D000000360000007E000000CF000000BC
:10ACA80027000000CB00000009000000B7000000EA
:10ACB8004F000000460000003F0000006600000052
:10ACC8009E0000005F000000EA0000002D00000068
:10ACD8007500000027000000BA000000C70000004F
:10ACE800EB000000E5000000F10000007B00000020
:10ACF8003D0000000700000039000000F7000000D8
:10AD08008A0000005200000092000000EA000000E3
:10AD18006B000000FB0000005F000000B1000000B5
:10AD28001F0000008D0000005D000000080000000A
:10AD3800560000000300000030000000460000003C
:10AD4800FC0000007B0000006B000000AB0000006E
:10AD5800F0000000CF000000BC0000002000000050
:10AD68009A000000F4000000360000001D000000FA
:10AD7800A9000000E300000091000000610000004D
:10AD88005E000000E60000001B0000000800000054
:10AD98006500000099000000850000005F000000C9
:10ADA80014000000A000000068000000400000003F
:10ADB8008D000000FF000000D800000080000000A7
:10ADC8004D00000073000000270000003100000063
:10ADD80006000000060000001500000056000000F4
:10ADE800CA00000073000000A8000000C9000000AD
:10ADF80060000000E20000007B000000C0000000CE
:10AE08008C0000006B00000000000040FB21F93FAF
:10AE1800000000002D44743E000000809846F83C75
:10AE28000000006051CC783B00000080831BF039A3
:10AE38000000004020257A38000000802282E33696
:10AE4800000000001DF36935020000000300000047
:10AE580004000000060000000000C93F0000F039AF
:10AE68000000DA370000A2330000842E0000502BC7
:10AE78000000C2270000D0220000C41F0000C61B2B
:10AE8800000044170400000007000000090000004B
:10AE98000024F400010000000C0000200000000065
:10AEA800000000000000000000000000000000009A
:10AEB800000000000000000000000000000000008A
:10AEC800000000000000000000000000000000007A
:10AED800000000000000000000000000000000006A
:10AEE800000000000000000000000000000000005A
:0CAEF8000000000000000000000000004E
:04000005080009EDF9
:00000001FF
