:020000041000EA
:1000000000B5324B212058609868022188439860DF
:10001000D860186158612E4B002199600221596106
:100020000121F02299502B49196001219960352056
:1000300000F044F80222904214D00621196600F024
:1000400034F8196E01211966002018661A6600F04E
:100050002CF8196E196E196E052000F02FF8012189
:100060000842F9D1002199601B49196000215960AB
:100070001A491B48016001219960EB211966A021F2
:10008000196600F012F800219960164914480160C1
:100090000121996001BC002800D000471248134993
:1000A000086003C880F30888084703B5996A0420EC
:1000B0000142FBD001200142F8D103BD02B5186610
:1000C0001866FFF7F2FF186E186E02BD00000240BE
:1000D000000000180000070000035F00212200005C
:1000E000F4000018222000A00001001008ED00E03C
:1000F00000000000000000000000000074B24E7A12
:1001000000200420F7010010CB010010CD010010E9
:10011000C9010010C9010010C9010010C901001077
:10012000C9010010C9010010C9010010CF01001061
:10013000C9010010C9010010D1010010D301001045
:10014000C1010010C1010010C1010010C101001067
:10015000C1010010C1010010C1010010C101001057
:10016000C1010010C1010010C1010010C101001047
:10017000C1010010C1010010C1010010C101001037
:10018000C1010010C1010010C1010010C101001027
:10019000C1010010C1010010C1010010C101001017
:1001A000C1010010C1010010C1010010C101001007
:1001B000C1010010C1010010C1010010C1010010F7
:1001C000EFF30580103800BE00BE00BE00BE00BECA
:1001D00000BE00BEF2EB887124BD001040BD0010CF
:1001E0003802001090A31AE71E481F49086006C88D
:1001F00081F3088810471D480068002801D019487D
:10020000F3E70DA40ECC002902D000F012F8F9E7B4
:100210001749184A002000E001C19142FCD116495B
:100220008847164988471649884700BEFDE701C937
:1002300001C29A42FBD3704740BD0010C0000020AD
:1002400028020020A8BE00100000042000000420A6
:10025000A8BE0010001004200010042000000000C0
:10026000704700000000000008ED00E0000000D032
:1002700028020020ACA300201968001061050010BE
:1002800011680010F8B5C046044B10B5002B03D020
:100290000349044800E000BF10BDC0460000000054
:1002A00004A10020406B0010017870B5002917D020
:1002B000144B202400255D5F0D260023124A002BDD
:1002C00014D18D4219D093691C42FCD1116003787E
:1002D00001300D3B59424B410178DBB20029EED190
:1002E000082209498B691A42FCD170BD93691C42EE
:1002F000ECD093691C42F9D1E8E793691C42FCD128
:100300001660E0E7A8A100200040034000B5ADB0B2
:100310000293019203000091064AA02104A806F06E
:1003200049FA054B1B78002B02D004A8FFF7BCFF4D
:100330002DB000BD406B001039A10020F0B505AC18
:1003400027781B027F023B43D2011343C20078206F
:10035000D02404251040FF222406A561266903430A
:10036000734092001340E361BFF35F8F002901D017
:100370006561F0BDA561FCE7174B10B51B78002B3C
:1003800001D1002010BD052003F0E8F8134B98427E
:10039000F7D1D0231B061B68002BF2D1104B114A5A
:1003A0001B6813409342ECD180230F4A1B01116E4E
:1003B0001942E6D1526D14001C401A42E1D10920C5
:1003C00003F0D2F8094B9C46852360445B008342CE
:1003D0006441E0B2D6E7C04638A10020406BED078B
:1003E00000C000400100800100800040FDF8FDFFDA
:1003F00070B5FF24D025A400BEB02D06200002F069
:10040000CDFA2B6919202340EB616C6202F0A6FA49
:1004100080239B04AB6134486B6205AA06AB04A938
:1004200003F004F9041E02D120003EB070BD05990E
:10043000069A049803F0BCF82C4B2D4A07201A604A
:10044000802252041A6003F059F8082003F056F88D
:100450001F21002002F050FA00220021002002F0AB
:1004600065FA1F21012002F047FA00220021012035
:1004700002F05CFAE1211F4E4902300002F06AFFEF
:1004800000240028D0D0C022336B120213401A4A35
:100490003000136008210023012202F09FFF022197
:1004A000002002F029FA0221012002F025FA01239E
:1004B000124A134E13703370FFF75EFF04000520DD
:1004C00003F04CF80F4A029401922A68030000924C
:1004D000E0210D4A06A806F06DF93378002BA3D071
:1004E00006A8FFF7E1FE9FE78807020000E0004052
:1004F0000100C000004003403050034038A10020FC
:1005000039A10020E06B0010706B0010F0B5C646FA
:10051000844600B5104B5A6A986A596A8A42FAD1E1
:100520001700FA220023060000216046920004F022
:10053000B5FD80468C46084B5A6A986A596A8A42C9
:10054000FAD11100801BB9418C45F5D801D1804505
:10055000F2D804BC9046F0BD0040054030BFFDE736
:1005600010B500F023F830BFFDE7C0460C4B70B566
:1005700018600C4B04001A6000230E00150082B0B6
:100580000093002200210133FFF7D8FE2B00320038
:1005900021000548FFF7BAFEFFF7E0FF02B070BD8B
:1005A000A4A1002040A10020F86B0010F0B5DE46A9
:1005B00057464E464546E0B583B0FFF719FF002881
:1005C00000D1DDE000230022002100200093FFF78E
:1005D000B5FE0023002200218148FFF797FE814BE2
:1005E00001269A46002399467F4B9B464B460022A4
:1005F0000021002000930023FFF7A0FEFFF7BCFEC0
:10060000002800D1C1E0042E00D89BE0082E00D8BD
:10061000B4E0764980223000120101F081FD00280B
:1006200000D1B8E04B4600200093012200230021B6
:10063000FFF784FEFA208000FFF768FF4B46002298
:100640000021300000930023FFF778FE0120FFF720
:100650005DFFFFF791FE041E00D1A2E0731E9846D5
:1006600053461F68310000233A006148FFF74EFEF1
:100670004B4600220093012100233000FFF75EFE6D
:100680000025002F03D107E00135AF4258D03000DC
:1006900001F0E4FD041EF7D14B4600220093002137
:1006A00000233000FFF74AFE43469B00984642462F
:1006B000504BD550002C00D179E0BD4200D07CE0F9
:1006C000FFF75AFE002800D17DE0300001F0CEFE99
:1006D000002800D17DE0300002F0BEF84246464BD3
:1006E0003100D050D35845482A00FFF70FFE0423AD
:1006F0009C460136E2440D2E00D077E7012400230A
:100700000122002100200094FFF718FEFA20C0000B
:10071000FFF7FCFE00230022002100200094FFF7D9
:100720000DFE0023002200213548FFF7EFFDFFF703
:1007300015FF03B03CBC90469946A246AB46F0BDBF
:100740003D00A9E7802259463000120101F0E8FC83
:10075000002820D04B4600200093012200230021D6
:10076000FFF7ECFD701E43425841FA2340421B0143
:100770001840FA239B009C4660445DE7214949E705
:1007800001220021FFF7F2FED3E702220021300010
:10079000FFF7ECFECDE7032200213000FFF7E6FE75
:1007A000C7E7042200213000FFF7E0FEC1E7052281
:1007B00029003000FFF7DAFEBBE7062229003000EF
:1007C000FFF7D4FEB5E7072229003000FFF7CEFE81
:1007D000AFE7082229003000FFF7C8FEA9E7C046AE
:1007E000006C0010206C0010506C0010507C001049
:1007F000086C001074A1002044A10020106C0010AF
:10080000186C001050740010F0B5DE4657464E4686
:1008100045460023E0B585B0C25CCC5C6240C25462
:100820000133102BF8D19B469A468B44A03102919C
:1008300082440300514603901A78564CA25C1A7009
:1008400001339942F8D1427943784270427A8A461C
:100850004271427B43734272827A83788270827BD8
:10086000837283798271C27B8373C378C270C27AC8
:100870000400C273C279C3715B468346C27201939E
:10088000237860789C46D9094B00C918CB00C91859
:100890006346C2095B0059405300D218D300D218F6
:1008A00043005A400300A678E77873409946F3095D
:1008B0005D005B19DD005B1975006B40DBB20093D6
:1008C000FB0998465D00A8444346DD0045447B0093
:1008D0005D404B46C9B27B40D2B24B40534023707F
:1008E00063465E407E407240009E58407240627097
:1008F0004B46624647405340EDB2774059406F4007
:100900004D40A770E5700434A245B9D1019B58460B
:100910009B4600235C46C25CE15C4A40C254013302
:10092000102BF8D19C46A346029BE3445B4580D143
:100930005146039B1A78174CA25C1A7001339942F6
:10094000F8D1427943784270427A029C4271427BEC
:1009500043734272827A83788270827B8372837956
:100960008271C27B8373C378C270C27AC273C27948
:10097000C3710023C272E25CC15C4A40C2540133BD
:10098000102BF8D105B03CBC90469946A246AB4628
:10099000F0BDC0467C850010F0B5C646802300B58A
:1009A0001E4F1B01FE5A8046002E33D001246442A4
:1009B0003A002500002307E0601C01D0A94221D0A5
:1009C00001330832B34208DA1168A942F4D21C009C
:1009D00001330D000832B342F6DBE4002300FB18BC
:1009E000013E19689A88F3003C19FB1821CB21C4F9
:1009F00080231B01FE524346404619609A8004BC86
:100A00009046F0BDE1007918908889888842D7D255
:100A10001C00D5E708235B421C00E0E7EC24002023
:100A2000F0B5DE464E46454657460023E0B58046C3
:100A30008C46914600209B4683B0002928DD434622
:100A40000122591ED21A01235B424B446144019397
:100A5000431C9C4531DD03000124434406E0FF2C88
:100A60000AD001340133E4B2994219D01E785D787E
:100A7000D7183800AE42F2D04D465E46AC5502243F
:100A8000A246D3445D461B78019C6355BC45DFDC20
:100A9000584603B03CBC90469946A246AB46F0BDD2
:100AA00059464A46545442465B464946D25D013354
:100AB000CA5402239C46E344EAE7594601234A46C6
:100AC000535401339C464346E34459461B5C013A68
:100AD0005354DDE770B50500081E0CD02B786E1E50
:100AE00013700123012906DDEC5CF15C641AD45417
:100AF00001339842F8D170BDF0B54E46DE465746F8
:100B00004546E0B585B08146039200295ADD0023B1
:100B10009346984600221F0002934B464046185CBD
:100B20005B461A705F70029B033301935B469870BB
:100B300043465C1CA14235DDFE2C3EDD03234646C8
:100B40009C46FE3EE3444B46981900239C469A4639
:100B50004B461D19002306E0C75CEA5C974205D1AD
:100B60000133FF2B02D01A198A42F5DB9A4502DACB
:100B7000A21B94469A46731C0130464501D01E00C4
:100B8000E8E76346DAB253465444A046DFB28C42EB
:100B900010DB019803990A5402988446421D61446F
:100BA00001920F71019805B03CBC90469946A2464F
:100BB000AB46F0BD019B0293AFE703239C460026A2
:100BC000E344C0E700230193ECE7C046F0B5DE46FE
:100BD00057464E464546E0B5AF4CA54402900191BC
:100BE0000392002800D1FDE08023019C1B019C4260
:100BF00000D9F7E0039D002D00D1F3E0842200210D
:100C00002800520004F040FC2900230A4B70002306
:100C1000251E0C708B70CB7000D1FDE000219F4A27
:100C20009F4804F031FC802246ACD2000021200015
:100C300004F02AFC00220298835C01329B001959BF
:100C4000013119519542F7DC802109018A46954905
:100C500080268946924923008C4601218846924984
:100C6000E1448C468E4900228B460025DC44760008
:100C70001C68002C10D08A4FD000BB46A9B2584443
:100C8000046081805046013292B23A52444648464E
:100C9000445564466800215201350433B542E7D11A
:100CA000012A00D871E1A94606AB98467F4C804BDB
:100CB000E61804A8FFF770FE4046FFF76DFE4B46AE
:100CC00080205D1CABB2764945468C46CA469946A3
:100CD000734B00011B5A2D68DA006244AC4604993C
:100CE0000133009161441160514691806C4A9BB27E
:100CF00013529B4604AB9B8880209C4643469D88AC
:100D0000694B2900D218654600238C46400005E057
:100D1000614509D00133023283420ED0E15C0029E3
:100D2000F8D01188A942F3D151461180F15C02320A
:100D30000131F15401338342F0D15B46012BB8D825
:100D400080200023002506A94000E25C002A01D093
:100D50004B55013501338342F7D1012D51D02CDDA4
:100D60006B1E9A460023984606AE7319C1461C00B6
:100D7000A84601239C46731CE1449C46C84505DCFB
:100D800017E0954238D001339C4212D0494D31785A
:100D9000AB46434A187852185A441578404A1218FC
:100DA0005A4412789542ECD93070197001339C4244
:100DB000ECD16646D145DCD1454606AB9846002DC0
:100DC00000D17BE04246454402E00132954226D004
:100DD000334913788C46374963448C4663441B7807
:100DE000202BF2D901204042334B9D443CBC90461D
:100DF0009946A246AB46F0BD8142C4D93070197005
:100E0000D4E7274A06AB944698462A4A1B7863449F
:100E1000944663441D70D5E784204000E4E7254BE9
:100E20001F4A0398D11880220830520004F032FB88
:100E30004346204A18789446194B04AA1B18634469
:100E4000092494461B4E6444B44615491B7809187E
:100E50006144097800228B421BD20133DBB252007D
:100E60009942FAD103000E4881338446FF33DB00F8
:100E700063449A6019710132AC4228D00D4E20783B
:100E8000B4460B00064901340918614409788B42C5
:100E9000E3D31900E6E7C046E4FAFFFF04140000BC
:100EA000EC240020020B000002090000EE2F0020BD
:100EB00000FDFFFF020800001C050000344A354B0E
:100EC0000398D11880220830520004F0E3FA00237E
:100ED00000221C00029901982D4D8B5CAC46813399
:100EE000FF33DB0063441B790132E4189042F3DCEA
:100EF0000399230A0A004B71230C8B710932230ECC
:100F0000CB71FF3284230C71A046140000225B00D9
:100F1000CA540023994601339C4600230021002037
:100F200007269A464A46029B9B5C1B4ADB00934677
:100F3000174A5B4493465B441A785D68013A02D2D3
:100F400016E0013A14D32B006746D3403B40771A92
:100F5000BB40275C01313B4323540829F1D10130C8
:100F60000021C3004345ECD253462354013AEAD250
:100F700001239B46019BD9444B45D3DCCB17591A1F
:100F8000C90F08180930FF302EE7044CD8E6C046D8
:100F9000EC24002002080000040C0000EE2F0020CA
:100FA000F0B5DE4657464E464546E0B5B5B08B46F1
:100FB00004A98C4603900F20029201226044013B59
:100FC000995C81540132112AFAD101239C4604AB69
:100FD000013B019305AB99460F2398464F4B1021D7
:100FE0009A4664464E4F08AE04A80B22844601235D
:100FF00062445218D05C019DE8540133052BF9D1AD
:1010000043460B4250D004AB1B7804A884460A0028
:101010006244157801306B4013740132484507D0A3
:101020000378157801306B40137401324845F7D1CD
:101030000431B029D8D15B46002B6DDD013B1A008D
:1010400000930F239A435B46103B9B1A9846039BE1
:101050005D465B4499461023029F9A460CE031009E
:1010600004A8FFF7D1FB103D3800102204A904F0BA
:1010700011FA1037A8452FD02C00102D00DD1024B8
:101080004B462200591B04A804F004FA0F2DE6DC9D
:10109000534604A922008C461B1BDBB2624413702A
:1010A00001329642FBD1DAE704ABD8781A785B7844
:1010B00004ADFB5CBA5C0093AD78385C7D5DAC46FA
:1010C000634604AD6B705346EA701A5D009BA870CE
:1010D00053402B70013498E7009B1C090134240114
:1010E0005B461B0710D1102204AB1A7001339E42DD
:1010F000FBD1310004A8FFF787FB029B10221819CF
:1011000004A904F0C7F91034200035B03CBC904667
:101110009946A246AB46F0BD0024E1E77085001079
:101120007C850010F0B55746DE464E464546E0B594
:10113000CFB00EAF079038001EAC0B784A781B0674
:1011400012041343CA7813438A78043112021343FA
:1011500008C08442F1D1C02398463A00AF3B9C4678
:101160000A3BB8449B460B33474613269A469046A3
:10117000936B64461800E0411C00F4416040146821
:101180009B0AA1465840536A51684B445C46C018BC
:101190000B005546E3410C00EC41C90863404B404D
:1011A000C318136404329742E2D14746079B019764
:1011B000DA68596905929A691C680692434A5E6822
:1011C00093467A1CFF320492069A9D689446059ACB
:1011D00018690392DB693E4A9A469146089409963B
:1011E0000A950B900C910D9302910CE05F4608CF8D
:1011F000E2469946029B039502903500BB462600C5
:101200009C4610000C000B2102000627CA41010079
:10121000F941514002001337FA415140029A162316
:10122000024090466246474682437A40019F8918B1
:1012300004CF019789180D272200FA4151444944EF
:10124000914622000B3FFA414F467A402700DF418A
:101250007A4037006F402740B9462F003740BA46E2
:101260004F4653465F40B946039B9144019FCA18BD
:10127000049B4944BB42B9D1029B9846089B9946BE
:10128000079B49441960099989460A994C44894643
:1012900005994E4489460B994D4489464A441A6142
:1012A0000C9A5C6091461A0048449E60DD6058616B
:1012B000069B434493610D9B6344D3614FB03CBC98
:1012C00090469946A246AB46F0BDC04674840010D5
:1012D000982F8A42F0B546464F46D646C0B598B0DC
:1012E0006E4690463200414B81460C0023CB23C210
:1012F00023CB23C203CB03C23F2C00DC74E040238A
:101300005B429A46A24457467F339F434B464D4625
:101310004033DF19290030004035FFF703FFAF42AB
:10132000F8D153469809013080018144251A08AF4D
:101330002A004946380004F0ADF88023681C7B552C
:1013400038284ADD40220021121A381804F09CF88F
:1013500039003000FFF7E6FE38220021380004F0A3
:1013600093F85F222020E517630FED001D438146AF
:101370000023E1006A4407E02C00C4402000083349
:101380001070013A402B0FD0202040421818F3D59E
:1013900048462C00C01A84400800D8400833204337
:1013A0001070013A402BEFD1390030004446FFF76E
:1013B000B9FE4246203408CE190E1170190C517036
:1013C000190A9170D37004329442F4D1202018B0DD
:1013D0001CBC90469946A246F0BD38220021121A44
:1013E000381804F051F8BCE72500A0E7508400103D
:1013F00030B50D681C00AC46036863440360256883
:101400006B401025EB4123601568AC4663441360C4
:101410000D686B401425EB410B600568AC466344D6
:101420000360206843401820C3412360106884464D
:10143000634413600A6853401922D3410B6030BDE6
:10144000F0B591B00E000A006D466B46070010A87B
:1014500002CA02C38342FBD10A2468460CAB08AA25
:1014600004A9FFF7C5FF0DAB09AA05A901A8FFF75D
:10147000BFFF0EAB0AAA06A902A8FFF7B9FF0FAB80
:101480000BAA07A903A8FFF7B3FF68460FAB0AAA88
:1014900005A9FFF7ADFF0CAB0BAA06A901A8FFF742
:1014A000A7FF0DAB08AA07A902A8FFF7A1FF013CFF
:1014B0000EAB09AA04A903A8FFF79AFF002CCCD110
:1014C000325908CD944663443B510434402CF7D143
:1014D00011B0F0BDF0B557464E464546DE46E0B584
:1014E00088466049A3B002915F49814603915F49F4
:1014F000587804915E490002059119789246084394
:1015000099782C9A09040843D97809060143587937
:101510000691197900020843997909040843D97999
:1015200009060143587A0791197A00020843997A0B
:1015300009040843D97A09060143587B0891197BAD
:1015400000020843997B09040843D97B090601433B
:10155000587C0991197C00020843997C09040843CE
:10156000D97C090601430A91197D587D0002084380
:10157000997D09040843D97D09060143587E0B91E2
:10158000197E00020843997E09040843D97E0906A2
:1015900001430C91597F187F09020843997FDB7F33
:1015A000090401431B060B430D93012351780E934D
:1015B00013780902194393781B041943D3781B0647
:1015C0000B4351790F9313790902194393791B0443
:1015D0001943D3791B060B43517A1093137A0902EE
:1015E0001943937A1B041943D37A1B060B431193B7
:1015F0004346002B32DD00230326009312AD280062
:1016000002A9FFF71DFF4346009A9A1A402A00DDFF
:1016100040220099002308004944504437009C10A0
:10162000A4001F402C59FF00FC40CF5C7C40C454F8
:1016300001339A42F2D1009B9C46944462460E9B31
:101640000092019301330E93E045D8DC009823B05B
:101650003CBC90469946A246AB46F0BD00230093A1
:10166000F4E7C046657870616E642033322D62798C
:101670007465206B70B500291BDD0123040046183A
:1016800001200D4D5B4221784B40082104E05B08AE
:1016900001396B40002905D01842F8D101395B08A7
:1016A0000029F9D10134B442EDD1DB4300201360AD
:1016B00070BD0023FAE7C0462083B8EDF0B5574669
:1016C0004E46DE464546E0B599B0824689461792B9
:1016D000002800D1A5E1002A00D1A2E10B00802260
:1016E000013B1201934200D39BE10A001A4016927B
:1016F000194200D095E10B000026012903D00136E4
:101700005B10012BFBD100220023771E934652462B
:10171000B846012537001E000092002F00D17CE161
:101720000023002441462A009A40164203D0280094
:10173000CA1A9040044301339F42F4D1BB4B884600
:101740009A46BB4BA4009C46A2446444009B985D0F
:1017500003F01BFD534618605B4601362360B1451C
:10176000DBD11296002F00D10FE17B1C15930023D3
:10177000B04CB14E08930994B04B0C9301231493D1
:101780008020012314990006844632008B40624475
:101790000B921A009446042210938A40DB0F634494
:1017A0005B100D939B009A46002313929F4A11935E
:1017B0000F929F4A0E92109B012B00DCB6E00E9B0D
:1017C000002499460F9B984600239B4600230093D4
:1017D000019400239A4C029303944346524698582E
:1017E00003F000FD4B465246040098580D0003F0EC
:1017F000F9FC029A039B06000F00200029000694C2
:10180000079502F09CFB009A019B04000D0030003C
:10181000390002F094FB02000B002000290002F0C6
:101820005EFB029A039B049005913000390002F0A0
:1018300086FB009A019B04000D000698079902F0B0
:101840007EFB02000B002000290002F051FB434602
:1018500006900791186803F0C5FC4B460400186811
:101860000D0003F0BFFC220006000F00049805994C
:101870002B0002F03DFB02F025FC434632001860CD
:101880003B000698079902F033FB02F01BFC4B4625
:1018900029001860049A059B200002F020FB02F04A
:1018A00011FC434651465850069A079B30003900B8
:1018B00002F015FB02F006FC4B4652469850029E81
:1018C000039F089A099B3000390002F038FB009A08
:1018D000019B04000D000C980B9902F030FB0200F4
:1018E0000B002000290002F0FAFA089A099B0290E6
:1018F00003910098019902F022FB04000D003200D0
:101900003B000C980B9902F01AFB2B00220002F00E
:10191000EFFA01239C460333E3449C460D9B009061
:101920000191E044E1449B4500DA56E7109A0F9993
:101930009446119B139A0800634494460E99129A98
:101940006044614411930F900E91934200DA32E7A4
:10195000149B1599013314938B4216D001209840A3
:1019600002F05CFB02000B003648374902F0C9FA6E
:1019700004000D0002F0DEFB0C900E002000290098
:1019800002F0C2FB08900991FAE6284B9846284BD2
:101990009946179B9A46129B9B0043449B4643469D
:1019A00001CB984603F01EFC4B46040001CB0D0012
:1019B000994603F017FC220006000F002B002000C0
:1019C000290002F0BCFA320004000D003B00300098
:1019D000390002F0B4FA02000B002000290002F0E6
:1019E00087FA02F07BFB040012980D0002F016FB50
:1019F0000B0002002900200002F083FA02F062FBD3
:101A0000534601C39A46D845C9D1169819B03CBC73
:101A100090469946A246AB46F0BD044B044C9A460C
:101A200094E601235B421693EFE7C046F05800208E
:101A3000F03800200000F0BF26A6A13C075C14335C
:101A40000000F03F182D4454FB211940F8B55746CB
:101A5000DE464E4645468A46E0B59346071E994601
:101A60003ED0002A3CD04B46002B39D000292BDD3C
:101A70000A9B4E465C42002398460A9B4B441D003D
:101A80000A9A43460020002A26DD002B04DB5A4236
:101A9000B15CFA5C4A438018013BA342F5D14B4646
:101AA00000211A7801338918AB42FAD1002912D0EB
:101AB00001F0CEFF5B464246985401239C46E04429
:101AC00001340136C245DBD100203CBC904699462A
:101AD000A246AB46F8BDC0B25B4642469854ECE71E
:101AE00001204042F1E7C046F0B54546DE46574684
:101AF0004E46E0B58BB01D0003900791029200287E
:101B000000D1E0E0002A00D1DDE0002D00D1DAE0D4
:101B1000159B002B00D1D6E0149B002B00DCCDE000
:101B20005E19002200232F00A84614001D003878FB
:101B300002F074FA02000B002000290002F0D8F92C
:101B4000013704000D00B742F1D1089409954546CC
:101B5000079B002B00DC91E0169B01955B429A46A7
:101B6000159B9B46149B5B42994600230693149B4E
:101B7000002B00DC91E00022002316001F004D46E0
:101B8000069C002C0FDB019A6342D35C039A105D24
:101B9000584302F043FA02000B003000390002F013
:101BA000A7F906000F00013CAC42EAD1169BA946FA
:101BB00004960597012B00DC77E0069B0026013B8D
:101BC000984600274346002B19DB5A465B42D05CFF
:101BD00002F020FA4246029B0400985C0D0002F0DD
:101BE0001DFA02000B002000290002F0A8F90200F3
:101BF0000B003000390002F07BF906000F000123D2
:101C00005B429C46E044D045DCD1089C099D002203
:101C100000232000290002F0EBF9049A059B00281C
:101C200034D03000390002F063F922002B0002F0BA
:101C300068F904000D00254B00222000290002F065
:101C4000D7F9FF23002808D1002300222000290013
:101C500002F0B8F9002300282AD0069A02998B5482
:101C6000531C01229446019A069301320192079A6D
:101C7000E244E344E1449A4200D078E700200BB00C
:101C80003CBC90469946A246AB46F0BD30003900B8
:101C900002F02EF904000D00CDE700230024049388
:101CA0000594169B012B00DD87E700260027ACE793
:101CB0002000290002F0EEF9C3B2CEE70023002491
:101CC0000893099444E701204042D8E700E06F40C0
:101CD000F0B54E464546DE465746E0B587B00500AE
:101CE0000E00019002910392002869D0002A67D06B
:101CF000002965DD080003F04DFA011C041C03F007
:101D0000EDF903F06FFA02000B002F482F4902F0A3
:101D1000F8F802F0D7F98146FE20211C800503F077
:101D2000E0F903F069FA05908020211CC00503F05A
:101D3000D8F903F061FAB446B20093466544002234
:101D4000AA4604900092009F00247B0098465E46BD
:101D5000019D3800310001F07BFE080003F015FA08
:101D6000494603F0D2F903F057FA8346287803F086
:101D70000CFA594603F0C9F9011C201C03F0AEF916
:101D80000135041C4744AA45E3D1009BB346002B10
:101D900014D00498211C03F0B8F9009E039BB500F1
:101DA000029A5851731C00939A42CCD1002007B07C
:101DB0003CBC90469946A246AB46F0BD0598E9E783
:101DC00001204042F3E7C046182D4454FB2109404E
:101DD000F0B55746DE464E464546924BE0B51B6889
:101DE000914C9A468423A5445B009A4506D38F4BB9
:101DF0001B689B468E4B5B689B4509D00020B12336
:101E00009B009D443CBC90469946A246AB46F0BD23
:101E1000874B9A68D31DDB080933FF3301929A453B
:101E2000ECD15B465B019342E8D30DAC84220021E8
:101E3000200003F029FB842200212EA803F024FBBC
:101E4000842200214FA803F01FFB7948784A0D3007
:101E500000210C32FF3009E0002B04D09B00E55834
:101E600001310135E5500132824203D01378202B35
:101E7000F2D9C3E75B46002B62D00029BED0002315
:101E8000002299469C46002300258020029203935D
:101E900053460127674940000B930A956346049314
:101EA00000230593049D059E029A039B52197341DA
:101EB0004D4692185B41089209930292039363196D
:101EC0005D68002306950793AC46029A039B069D26
:101ED000079EAD185E412A003D003300203DA84614
:101EE00026D446460125B540A8460125BD404345B8
:101EF00000D983E72AD0089A2EAB4B445A600A9D3A
:101F00004FAB4B445D600023CA5CBA4205D1C82682
:101F10000CAA760092195355013501338342F3D14F
:101F200001370A95212F14D004239846C144B5E700
:101F30002025ED1BA84601254646F540A846D4E7D6
:101F4000019B194348424841C0B258E7AA42D2D93E
:101F500054E70B9B9A46019B002B00D14EE786234A
:101F60000020334A5B00D35C029001300121002243
:101F70008146DB1111E02E4DD008AC4607256044A8
:101F80000D30FF300078954328414D465B002840D6
:101F900001310343212900D130E788002558002D65
:101FA00023D088270CAEF6193658B4469E421CD86A
:101FB0009E1BB54219D902990D008B4500D81DE72B
:101FC0000CAE8437F6193058C8261B1860467600C8
:101FD0001B1A0CA88019C05C174B01315B5D98423D
:101FE00000D00BE7029100230021019801328242C8
:101FF000C1D107200400144010420AD00823012256
:102000001B1B52429A400A4B5344DB78934300D047
:10201000F4E6029B00209B4500D0F0E64842484190
:10202000EDE6C0461CA100203CFDFFFFFCA0002007
:10203000AC030020B8030020FC980020F0B5574600
:102040004546DE464E462F4BE0B51F682E4B804678
:102050001B68002083B0BB4242D1002F38D08023C0
:10206000DB0000249946294D294E16E0B378002C58
:1020700043D06878C31870784000C318012C3CD056
:1020800030782A788018C018FF23484537D30134A8
:10209000AB7001360135A7421AD04346002BE5D17B
:1020A00000200190B01C8446E04301228246194979
:1020B0006046C05C42430198834693445A4601926D
:1020C0001A1D14D0013B0431534510D00A68EFE7C4
:1020D0003A001149114804F09FFC43425841C0B2F4
:1020E00003B03CBC90469946A246AB46F0BD0921E0
:1020F000019801F0ADFCC3B2C9E79B08C7E78008AF
:10210000C3B2C4E7FCA000201CA10020E61C0020F4
:10211000FA980020E0B90010B0030020E81C00206D
:10212000F0B50023C64617003E4A00B513703E4A7C
:102130003E4E13603E4A33601360431E04009046D7
:102140000B2B23D880231B019F421FD8002917D0B7
:1021500009285DD00C281DD0002F1DD1354B364AE3
:10216000364913605350364A3649136053500022A3
:10217000354B1A700023354A01201370346006E095
:10218000002F03D1092801D00C28E7D1002004BC7E
:102190009046F0BD002FF9D02D4D3A00280003F0F5
:1021A00079F94346244A25491F60224B5350136056
:1021B0002449234A5350136080231B019F42D6D1E8
:1021C0002900244AEF1802E00131B94226D0530316
:1021D00053405A0C53405A015A400878D3B298429F
:1021E000F2D000228020184B80211A701A4A002356
:1021F00094467F27000106E00133834210D03A0065
:1022000061461A40895CEA5C8A42F5D00023B2E755
:10221000002FBBD07B1E1F42BED0B7E70122E1E7F3
:102220000123A8E73CA100201CA10020A803002056
:10223000FCA00020216DA783F4780020042000007A
:10224000AC0300200C1900003AA100203BA10020A3
:10225000FC9800204D3C2B1A40B70010F0B5CE463C
:102260004746002380B56D4A6D4D1268040089B061
:102270002B70824206D1002804D06A4E6A49326827
:102280008A4205D0002009B00CBC90469946F0BDAA
:10229000664971589142F5D1654A904612688A4262
:1022A000F0D14046634941589142EBD1624F3B60C7
:1022B0000C2CE7D8614AA300D3589F46604B614A73
:1022C000196861489946FFF703FD0028DAD14B46AB
:1022D000186880000028D5DB534A33689342D1D177
:1022E000524AB2589A42CDD143461B689342C9D153
:1022F0004146504A8A589A42C4D13860092C04D0C9
:102300000C2C02D0514B9842BCDC012301202B70D5
:10231000B9E769464E4B4C481A888A829B784D4AE9
:102320008B75118806AB198092789A70444A019394
:10233000914603224946029200920968464A05AB3B
:10234000FFF7D2FB00289DD14B461868C2E7434AED
:1023500006AB11683C48069112791A71384A9146C9
:1023600005224946009209683B4AFFF76FFB0028A7
:10237000EAD087E7324B334A196833489946FFF76A
:102380009DF90028A3D07DE7002306932C4B2E480F
:10239000196806AAFFF76EF9002800D072E7069BBD
:1023A0000420736098E7264B2B4A19682C4B26486B
:1023B00000932C4BFFF78EF88CE7214B264A1968C7
:1023C0002148FEF787FF85E71D4B234A19681E4801
:1023D000254BFEF7E5FD7DE7194B1F4A19681A48A2
:1023E000FEF7F4FB76E73200154B17481968083200
:1023F0007160FEF781FB002800DA43E704306BE7E9
:102400000F4B154A19681048FEF764FB62E70C4B46
:10241000114A19680C48FEF703FB5BE7A80300208C
:102420003CA10020AC030020216DA7830C19000003
:10243000F4780020042000001CA100208C860010ED
:10244000FCA00020F8780020FC980020081900006B
:102450007C86001080860010B00300208486001067
:102460002487001004870010F4860010F0B5DE46C3
:1024700057464E464546E0B5CA4B04001B6883B03C
:10248000834208D1C84B1D78002D04D0C74EC84ADE
:102490003368934208D00025280003B03CBC904626
:1024A0009946A246AB46F0BDC24AB2589A42F2D112
:1024B000C1490B689342EED1C04A8A589A42EAD188
:1024C0000C28E8D8BE4A8300D3589F460120FFF766
:1024D000B5FD0500E0E70020FFF7B0FD0500DBE7F4
:1024E000B84B1D78002DD6D0B74B1968B74B8A0072
:1024F0001B689A42CFD10029CED0B54A0027924618
:102500008B46A146019533E00F233B4200D042E1C8
:10251000B04A3B099B009B58AF4958004008984679
:1025200002F0F3FDAD4902F0D9FD061C53461C68CC
:1025300065006D08AA49281C02F01BFE0028AAD1DC
:10254000A749281C02F010FE0028A4D14146201CF7
:1025500002F0C1FD40004008311C02F005FE0028D9
:1025600099D104239C460137E244BB4500D116E1D2
:102570004B460C2BC8D19B4ABB00D3589649984672
:1025800053461C6843465800400802F0BEFD964979
:1025900002F0A4FD061CCBE7944B1D78002D00D162
:1025A0007AE78A4B00251B68042B00D074E7904B18
:1025B00075689C4665446B425D41EDB26CE78B4BA0
:1025C0001D78002D00D167E7804B00251B68202B6C
:1025D00000D061E720228749874804F01DFA454270
:1025E0006841C5B258E7814B1D78002D00D153E7F3
:1025F0008123764A002512681B019A4200D04BE7DE
:102600007E497D4804F008FA45426841C5B243E777
:10261000FFF7DEFB05003FE76C4B1B680193032BC4
:1026200000D838E7684B1B6898467368434500D06C
:1026300031E704239C46E1464A46714B00279A46FF
:10264000704B4D469B46019B9B1A5B085B004B44BD
:102650009C46B84500D8DFE0654500D11BE75346EE
:10266000AC1C195D002975D1019BA946A34200D875
:1026700011E703239C4634192379624AE144D35578
:102680004A46019B4D469B1A5B085B004B449C46A7
:102690000137DEE74C4B18684C4B1B68834200D077
:1026A000F9E6002800D1F7E600210023524E564CEF
:1026B00003E00131884200D1EEE6725C9B18625C57
:1026C000DBB29A42F5D0E6E6404B1B689C460123FC
:1026D000614662461940134200D0DCE6002A00D170
:1026E000A9E0394B444F99461B68484D984604234E
:1026F0005B429E1B3878002800D1CCE643465B1A2B
:10270000984200D9C7E60B007C780133EA5CA2420C
:1027100000D0C0E6CA1A1218002AF6D10237F21900
:10272000944500D88AE01900E4E7304B1D78002D6D
:1027300000D1B1E68023254A002512681B019A4288
:1027400000D0A9E632492C4804F066F945426841B8
:10275000C5B2A1E62F4B185D002800D19BE6B84218
:1027600000D998E64346DB1B994200D993E6B94667
:10277000D9444A460023A1461400381A5844C25C82
:10278000E25401339942FAD87F184C46B84500D933
:102790006AE74D465DE70023104E9846C6E6019D68
:1027A0007AE6C046A80300203CA10020AC0300202C
:1027B000216DA7830C190000F4780020042000008C
:1027C000C08600103BA10020FCA000201CA100201E
:1027D000F8780020C0B70010ACC5A73717B7D138BC
:1027E000FFFF7F7F409700100AD7233C3AA10020CB
:1027F000CD65C162C0B90010B00300203087001061
:10280000AF030020E81C0020FC980020FB9800206B
:10281000408F0010AE030020AC46019B00256345AD
:1028200000D039E642460949094804F0F5F8454226
:102830006841C5B230E6074A002391464A4615680A
:10284000ED1A6B425D41EDB226E6C046FC980020D1
:10285000E81C0020FCA000201E4B70B51A68002365
:10286000824208D11C490978002904D01B491C4C1C
:102870000868A04201D0180070BD1A4C0C5984425F
:10288000F9D1194D2868A042F5D1184C2C59844231
:10289000F1D1092A1CD00C2A1AD00D1D144B1B682B
:1028A000002BE8D0E81801230124124E5B422A785D
:1028B00053400822210019405B08002900D07340D2
:1028C000013A002AF6D10135A842F0D1DB43D2E724
:1028D0000435E3E7A80300203CA10020AC0300205E
:1028E000216DA7830C190000F4780020042000005B
:1028F0001CA100202083B8ED10B54024084A8300B5
:102900009A181268C0005440C0222240054CA446C8
:1029100063441A60044B9C466044416010BDC0464D
:1029200004C0014004D00140004001400A4B800037
:102930009C464B1E99416044C900002A01D00423E3
:10294000194303684B400C21194080235B019C46CE
:10295000604401607047C04604C001400123D0229A
:1029600083404021120693629361094A83009A18BA
:102970001268C0005140C0220A4006498C46634498
:102980001A60054B9C460523604443607047C0466F
:1029900004C0014004D00140004001404022F0B595
:1029A000CE464746D02594463B3A80B500230124C5
:1029B000C02791462D06044214D022009A40664654
:1029C000AA62AA610B4A99008A18126872400A4EDC
:1029D0003A40B04641440A600849DA008846494610
:1029E00042441160013340081E2BE4D10CBC9046D8
:1029F0009946F0BD04C0014004D0014004400140AC
:102A00000FB400B5084883B003F0ECFF049B002B23
:102A100007D005A91800019103F0E0FE034803F078
:102A2000E1FF012003F0F2FEF4B9001004BA001037
:102A3000F8B5EFF3108772B60E4E3368002BFCD05A
:102A4000BFF35F8FCB08C4180725A446C45C0123DD
:102A50000D40AB4018002040234208D1624623437A
:102A60001370BFF35F8F306087F31088F8BD1000DC
:102A7000FFF7C6FF2C0100D0044A1078431CDBB2DC
:102A8000172B00D9102313707047C046E0010020B7
:102A90000021044B044ABFF35F8F02C39342FAD173
:102AA0007047C046000100D0800100D0054B064AA7
:102AB0001360064A136053609360D36013615361DF
:102AC000936170478080808000E400E004E400E0CF
:102AD0001F2318401E3B8340002905D0C021044A13
:102AE0004900535013607047802201498B50FAE728
:102AF00000E100E070B50D00EFF3108672B60F4AEA
:102B00001368002BFCD0BFF35F8F0D4B10309B6818
:102B100084001B590B4A934203D09D4201D000F020
:102B20007BFE074B9B681D51BFF35F8FBFF35F8F29
:102B30000022024B1A6086F3108870BD240100D079
:102B400000ED00E0C1010010024B9C466144890089
:102B5000016070474000003410B50400FFF78CFF9F
:102B600001002000FFF7F0FFFF232371BFF35F8F09
:102B700010BDC04610B50400FFF77EFF0100200025
:102B8000FFF7E2FFFF23A380BFF35F8F10BDC046B6
:102B900070B5094C094DAC4208D223682000002BC7
:102BA00005D00834FFF7E6FFAC42F6D370BDFFF75F
:102BB000D3FF0834EFE7C04620020020280200209F
:102BC0000A4B1968EFF3108072B60A68002AFCD02D
:102BD000BFF35F8F1B68BFF35F8F00221A6080F323
:102BE000108840BF002000217047C04634A100205B
:102BF000F0B5DE4657464E464546E0B585B0EFF3A4
:102C00000582032313409A0011000392B64A5258DA
:102C1000904601229A409146B44B1A604B46B44804
:102C20004363434608229B5E9A46002B3EDA4346A6
:102C30009B881BB2002B00DBA2E043469B79002B54
:102C400000D0F4E0434608241C5F002C24DB4246FD
:102C50005269630094461B19DB0063449C68DD687D
:102C6000631C00D110E1A248039B84466344826A3E
:102C700019001B69A61A9B1A9E4215D34A46036A7D
:102C80001A4211D09A4800F0CDFA241A8D41002D35
:102C900002DCC3D1002CC1D040BF05B03CBC904683
:102CA0009946A246AB46F0BD0C61EBE7424652693D
:102CB0005B0093465344DB009B445B469E68DF68A1
:102CC00000F0B0FA801BB9410029B0DB002F00DA18
:102CD000E5E05B46874A1B69934200D1D8E0414654
:102CE0005A460820085E5288000410435A4651692B
:102CF000984704000D0023002B4300D1CFE0002DA6
:102D000000DBE8E0361BAF4134003D005B469C60D1
:102D1000DD600021595E002900DA88E743465B69DF
:102D200022009C462B0048004018C0006044866882
:102D3000C768921BBB41002B00DA78E74346664622
:102D400002000094019519810CE07B00DB19DB0087
:102D5000F318009801999C68DD68001BA9410029BF
:102D600004DB1A000023D75E002FEEDA5B461F80DB
:102D70005346138043469B881BB2002B00DA5CE766
:102D800043461A69EFF3108172B61368002BFCD02A
:102D9000BFF35F8F43469B8842461BB29A4601238E
:102DA0005B4293801369BFF35F8F00221A6081F347
:102DB00010885346002B00DA3FE743465B699C4688
:102DC000082343449B4653465F0043465744FF0055
:102DD00008229A5E67445E46BC68FD68002A19DBDB
:102DE0003B000094019567469C4604E01E000023CA
:102DF000F25E002A0BDB0098019953009B18DB0060
:102E0000FB189C68DD68001BA9410029EEDA6346C7
:102E1000BC461F005346338000217B5E3A809A46B1
:102E2000002BD0DA43469B79002B00D10AE7002320
:102E300042469371434646460821595E08364B1C6C
:102E400000D129E747468C46556902E006004B1C35
:102E500017D04B005B18DB00E8180A00E95E4388D6
:102E60001BB2002BF2DA01235B42DC178360C460E3
:102E70009445ECD031803B89944603803A814B1CC9
:102E8000E7D1B8466446E0E66B1C00D0EBE6F9E615
:102E90005B465C69200023699847002821D15B4686
:102EA00042461B8813811269EFF3108372B61168D2
:102EB0000029FCD0BFF35F8F4246594652880A80F2
:102EC0004246514651801269BFF35F8F0021116065
:102ED00083F31088ABE6064800F0A4F924184D41AE
:102EE00014E76568246806E720A100203C700540CF
:102EF00000400540F12B0010F0B5C646904600B5E5
:102F0000C16006001D000F00FFF7B6FD1B4BD0226D
:102F10009C464346120633701268ABB272700122AF
:102F200060445242800073819B1830613281B280CC
:102F30007380002D0BD06B005D197469ED00104B90
:102F40002D192380013318349BB2AC42F9D143468A
:102F50009A000C4B0124D65043469C4040463C62AC
:102F60000949FFF7C7FD40460121FFF7B1FD074BB7
:102F70009C4667443C6004BC9046F0BD4000003471
:102F8000FFFF000020A10020F12B001038200000DE
:102F900010B50A4C2369002B04D00A210848FFF71A
:102FA000D3FD10BD0321074800F032F9102303229E
:102FB00020000449FFF7A0FFEFE7C046E40100202E
:102FC00034A1002000400540F0B501000469EFF392
:102FD000108772B620680028FCD0BFF35F8F0220F4
:102FE0000D5E48696C0084466419E4006444002D59
:102FF00001DB208848800869BFF35F8F00260660E8
:1030000087F31088002D2EDBE36063880598013379
:1030100020615B0406985B0CA26060611A1C002BA7
:103020001FD090B22B04628018430A69EFF3108618
:1030300072B61368002BFCD0BFF35F8F8B882380A0
:103040008D800B69BFF35F8F00221A6086F31088B2
:103050000B7801329A40CB6804498C4663441A606D
:10306000F0BD0122DDE701204042F9E73C200000ED
:1030700070B582B01D0008AB1B7806001400002B51
:1030800007D100F0D7F822002B00121A8B41002B39
:103090000ADB079B22000193069B300000932B0064
:1030A000FFF792FF02B070BD0020FBE730B5438907
:1030B0000A14934233DD53009B184269DB009446A7
:1030C00004696344EFF3108572B62268002AFCD0CD
:1030D000BFF35F8F5A88090494B2090C8A4208D062
:1030E0000369BFF35F8F00221A6085F31088002008
:1030F00030BD8022120214435C8001230269837177
:10310000BFF35F8F0021116085F3108805490278B5
:103110008C469340C268012062441360E8E70020B7
:10312000E6E7C0463C200000F0B5CE46474680B5F5
:1031300004000D0085B0EFF30587002F0DD0314A54
:103140000020536A8B4203D3926A0130A24249D3D2
:1031500005B00CBC90469946F0BD2B4B9846DB68F9
:103160009946434648461E7800F05CF80B004946F5
:1031700002000436B600715820008E1A2900801A09
:1031800099418F4211DC0ED020BF1E4A0020536AA5
:10319000AB42DDD3926A0130A242D9D2EB1A581E5B
:1031A0008341D8B2D4E78642EED90023029301933B
:1031B000164B2200009340462B00FFF759FF011EDB
:1031C00015DD104B2E005A6A954218D89B6AA3420F
:1031D00013D34046FFF76AFF0A4A0020536A9E4213
:1031E000B6D8D7E75B1A581E8341D8B2B0E7054A74
:1031F0000020536AAB42ABD3CCE79542E9D120BF64
:10320000E7E7C04600400540E4010020C12B001064
:1032100010B5024A0248FFF70BFC10BD08BA0010B7
:10322000BC1C00200300416A0A00986A596A8A425D
:10323000FAD17047034B596A0A00986A596A914259
:10324000FAD170470040054070B504000D00124AE5
:10325000536A1900966A536A8B42FAD130001900FA
:1032600024184D41AB4211D80ED02B000A494A6AAE
:103270009A42FCD307D1084A02E0516A994202D12E
:10328000916AA142F9D370BDA642EED9012301246F
:103290006442E5175B42E9E70040054070B5046B06
:1032A000E30701D4200070BD0B4B0C4AC3181A6011
:1032B000456A836AAD010620ED1800F04FF9084910
:1032C00000F0C6FBAD020100280000F0C1FB0021A8
:1032D000FFF7BAFFE6E7C046303000000103000008
:1032E0004E0E000070B5040006200D0000F036F907
:1032F0002900C00000F0ACFB0130C30906D0114A20
:10330000934218D90023104D104A01E040250122B4
:1033100062622000A362FFF7C1FF0022E36A0C4B48
:10332000E3181A602063062000F018F929008000D5
:1033300000F08EFB70BD4006800E9D011A002D1816
:103340000300E5E7FEFF0000C0FF3F00FFFF0000B5
:103350002C10000070B5040006200D0000F0FEF8EF
:1033600000282BD0164B1749E3185A4253418022AC
:10337000D20394465B421340134A63441360134ADA
:10338000136018000A689043FBD10D4B8021E318AD
:103390005A4253410E4A5B004900995220002900CD
:1033A000FFF7A0FF7022E36A5A407E231340094AC8
:1033B000A2181360084B23630323A36470BDC046A7
:1033C0000080FCBF08C0004000E0004000F000406A
:1033D000A8A100202C1000000103000070B5013AE4
:1033E0004C1F6401D20005001443002B05D00222BB
:1033F0002243012B0DD105331C432800FFF74EFF5C
:10340000E96A054B4C406E21EB180C401C602863A8
:1034100070BD1400F1E7C0462C100000F0B54F4617
:103420009946344BDE4646469C4644002418A40088
:10343000C0B5644416006368089A8B46934200D274
:103440006260031FDBB29846012B2ED9C023802275
:10345000294F85009B0179591201E3181A60002950
:103460001AD1226876017240E02680231640424637
:103470005B01E3181E60012A2ED9802380229B0164
:10348000E31812011A60089B63604B467B511CBC19
:1034900090469946A346F0BD786900F0D9FA431CDE
:1034A0005800C0180338FDD2DBE75B46012BCDD1B5
:1034B000C02303229B01E3181A60023AA3681A4250
:1034C000FCD0E0232268760156401E4080235B0139
:1034D000E318094F1E6085005A46216851400322B7
:1034E0000A401A6001235A469340A2681342FCD056
:1034F000C3E7C04600800040C01C0020064A4300CD
:10350000944680221B189B00634412011A6000221B
:10351000024B8000C250704700B00040C01C002029
:10352000F0B583B005000E0018000899170000F0F0
:103530008FFA089A0300140231003A002800009420
:10354000FFF76CFF03B0F0BD10B5802482B06400BB
:103550000094FFF763FF02B010BDC046014B80002E
:10356000C0587047C01C0020802270B506000E4C69
:103570005200A3691D0015401342FAD1FA210B4BEA
:103580008900186900F064FA0A2310212060064AB5
:1035900023610B3B6560A360666193691942FCD0AF
:1035A000D069400970BDC04680800040C01C00202A
:1035B000F0B5C646802506000F00140000B56D006A
:1035C00082B0174B01220121052000959846FFF794
:1035D00025FF3B00320000940121124800F080F8E2
:1035E00021003000794300F033FA04000022022168
:1035F00004200D4B0095FFF711FF2300002201214D
:1036000005200095FFF70AFF43460222002106200D
:103610000095FFF703FF02B004BC9046F0BDC04622
:10362000006CDC0200800240001BB700F0B5DE46F3
:103630009B46264B57469A46A0234E4645465B007E
:1036400099468046E0B583B00091019201235B4228
:103650009C46E1444B460F2B35D01D4F1D4B072692
:1036600057449A452BD8340043463500B04674433E
:103670001E0004E04346013DE41A002D19D021004C
:10368000380000F0E5F9B042F4D10029F2D14A4601
:103690004646114B01205343009A1360019B1E6064
:1036A0005B461D6003B03CBC90469946A246AB46C3
:1036B000F0BD33004646013E9846002ED3D1074B5D
:1036C0009C46E244C2E70020ECE7C04670F72E00BB
:1036D000B0710B0050F80C00001BB70020D1FFFFA9
:1036E000F8B50400204817001D000E0000F0B0F9E6
:1036F0000100380000F0ACF9069A2B0412031343C2
:103700002268002A1FDB194AA21851424A4180212F
:1037100049018C4652420A40154962440A601549E3
:103720000A60154917000D68AF43FBD1134A2660A4
:10373000A1182122A0600A602268002AFCDAE36056
:1037400008230B60F8BD3F2221680A40B242DAD15B
:10375000A2681205120D8242D5D1EE21E268C9029B
:103760000A409A42CFD1EDE7001BB7000040FDBFF1
:1037700000E0004000F0004008C0004004300000BD
:103780008023024A9B000B43D362704700800540B0
:10379000142310B50100188804331B88984710BD06
:1037A000162310B50100188802331B88984710BDF6
:1037B000F0B5C64600B5002916D014230400012533
:1037C00098461827890046184346216818883B8880
:1037D000984701C4431E984140420540A642F3D198
:1037E000280004BC9046F0BD0125F9E7AA23064A4B
:1037F0001B0113608D235B00D3600449044B1960E7
:103800005368002BFCDA70470040024000B0FA0019
:10381000006002407047C04610B50148FFF7F0F85D
:103820002CBA001070B5074B074C9C4209D2013BE3
:103830001D1BAD080135AD002D1908CC9847AC42D1
:10384000FBD170BD3C6B0010006B0010054B064AAD
:1038500006491A60064A074B1A6010000B68984325
:10386000FBD1704700E00040BFCDFBFE08C0004028
:10387000FE7F3C0000F00040044BDB6C002B03D1CA
:103880008022034BD2021A607047C04600001150DC
:103890004C201150044A054B1A60054A1368DB019D
:1038A0008033FBD17047C046FFFFFF0100F00040AE
:1038B00008C000404022034B9A675A671A67DA66CD
:1038C0007047C04600F0014010B5FFF7E1F810BDA9
:1038D00070B50C490C4C0D4D641AA6103200302EF8
:1038E00000D930222800920001F0D4FD2F2E06D8F6
:1038F0002A0007492C19C03202C49442FCD1054B5E
:103900009D6070BD00010010C0010010000000208B
:10391000C101001000ED00E0002310B5294C82B079
:10392000A367FFF763FF0122274B1A60636C012B2B
:10393000FCD10322254B1A60224A936B012BFCD148
:10394000013300930121224A22480433FFF7C8FEC5
:10395000052301210093204A2048FFF7C1FE0022E1
:10396000022104201E4BFFF7EFFD0022012105205C
:103970001C4BFFF7E9FD0022002107201A4BFFF73F
:10398000E3FD002200210820174BFFF7DDFD802317
:10399000DB000093002200210920134BFFF7C0FD3C
:1039A0000022104B00210620FFF7CEFD0420FFF778
:1039B000D5FD0E4900F04CF801000020FFF7E0FEB5
:1039C00002B010BD008000403CB0004030B000406C
:1039D000002F685900800240008C864700C00240DA
:1039E000001BB70040597307006CDC0240420F0017
:1039F00001480421014B184700020020B137001094
:103A0000124A936F9B0815D29066D166002905D0A3
:103A1000FFE7FFE7FFE7516F106F704704B58021A4
:103A20000906C2175140002800D0C84303F058F8D7
:103A3000002104BDF0B5146E556E576F166FFFF779
:103A4000E3FF1466556657671667F0BD000000D0A7
:103A5000114A936F9B0813D210665166002905D056
:103A6000FFE7FFE7FFE7516F106F704704B50028CD
:103A700001D00020C04303F033F8002104BDC0464C
:103A8000F0B5146E556E576F166FFFF7E5FF1466AD
:103A9000556657671667F0BD000000D094464A4A45
:103AA000926F9208624601D228E0C046F0B5464EB9
:103AB000346E756E776F366F00F020F89446424A88
:103AC00014665566576716676246F0BD94463E4ACF
:103AD000926F9208624601D254E0C046F0B53A4E69
:103AE000346E756E776F366F00F04CF89446364A38
:103AF00014665566576716676246F0BD002B24DBD7
:103B000011D000293EDA00B5C943404200D101314D
:103B100000F038F8C943404200D10131DB43524242
:103B200000D1013300BD002AEBD1002801D10029CA
:103B300005D00020C90FC90701D1C043410800B515
:103B400002F0C6FF0022002300BD00B500290ADBF9
:103B5000DB43524200D1013300F014F8C943404224
:103B600000D1013100BDC943404200D10131DB43E6
:103B7000524200D1013300F005F8DB43524200D13C
:103B8000013300BD002923D1002B18D1002A0CD00D
:103B9000BC460D4F38667A6600210023FFE7FFE739
:103BA000FFE77A6F386F67467047002801D00748F3
:103BB000010000B502F08CFF0022002300BD0200CE
:103BC0000B00002000217047000000D0FFFFFFFF26
:103BD000002B00D0BFE0130C28D1002AE7D080B41E
:103BE000114F39667A66FFE7FFE730B4040C7B6F4C
:103BF000396F1B0423433B667A66FFE7FFE7FFE765
:103C0000C04684B27B6F3D6F1B0423433B667A66DC
:103C1000FFE7FFE7C04600232C042D0C7A6F386FB6
:103C200000196941B0BC7047000000D0F0B594465F
:103C30000025140E01D112020835140F01D1120112
:103C40000435940F01D192000235D40F01D15200F6
:103C50000135D40B0134254F7C66254C3C660E0C97
:103C600093B2FFE7FFE7FFE73C6F6643360C77034D
:103C7000BE467343DF0B5B04C01AB941130C734398
:103C8000DB18C91ACE086643360CB64493B27343A8
:103C90001F0F1B01C01AB941130C73431F0B1B05E7
:103CA000C01AB941860D8F023E436643360C092D7A
:103CB00024DB520A7243801A7703460A6643360CA5
:103CC00016235B1BDE40DF40BF1964466643821B40
:103CD0007046043506330100D940A840C01900D30E
:103CE0000131A24206D20023F0BD0000000000D046
:103CF000FFFFFFFF121B0130F3D3F1E709277F1B02
:103D0000FE406446A2B27243801A00D20139220CEE
:103D10007243130C1204821A99410B007046043549
:103D200013370100F940A840801900D30131002B5E
:103D300002D1A2420AD2F0BD013000D30131121BE0
:103D4000FAD2013BF8D1A24200D2F0BD013000D33B
:103D50000131121BF7E7F0B51C0C00D080E00CB469
:103D600000251C0A04D11B02160E3343120208352B
:103D70001C0B04D11B01160F3343120104359C0B9D
:103D800004D19B00960F334392000235DC0B02D125
:103D900092185B4101351C00971864410134464F6D
:103DA0007C66464C3C660E0CFFE7FFE7FFE7C0462B
:103DB0003C6F6643360C7703BE4697B27743C01B11
:103DC00000D20139C01B00D201399FB27743C91B11
:103DD000C91B170C77437E04FF0B801BB941CE082B
:103DE0006643360C0C2D33DBB644120B1F053A43E9
:103DF0001B0B97B27743C01B00D201399FB27743A8
:103E0000C91B170C77433E043F0C801BB941860D3C
:103E10008F023E43664329277F1BFE400C3D7746B9
:103E2000AF40BF1930BCA2B2ABB272437343801A29
:103E30009941220C7243130C1204801A994102001A
:103E40000B000137001BA941F9D2781E0021F0BDFB
:103E50000C277F1BFE4077467F0BAF40FF19E0E742
:103E600000245D1C07D0144F7D663966FFE7FFE72D
:103E7000FFE7FFE73C6F95B29EB265436643401B88
:103E8000B141150C1E0C6543664336042F0C3E43AE
:103E90002D04401BB141994204D202000B002000C6
:103EA0000021F0BD01D19042F7D3801A994101342D
:103EB0009942F2D3F6E70000000000D0FFFFFFFFB9
:103EC00044464D4656465F46F0B47047F0BCA046A7
:103ED000A946B246BB46704748404140484018B4E6
:103EE0001B4B5B68FC46019308BD04DFAB4400102C
:103EF00018B4174B1B68FC46019308BD00DFB5449E
:103F000000109446134A926F920809D2624618B480
:103F10000F4BDB68FC46019308BD0CDF6D470010BA
:103F20000C4AF0B5146E556E576F166F6246FFF768
:103F3000EEFF084A1466556657671667F0BD18B459
:103F4000034B9B68FC46019308BD08DF1146001037
:103F5000ACA10020000000D0FFB5504042405040CE
:103F600059404B40594000E0FFB5154F4C00640DDF
:103F700003D0BC4204D10C0314D80020090D09055C
:103F80005C00640D03D0BC4204D11C030AD800229B
:103F90001B0D1B0501264B4009D44B4003D58B421A
:103FA00000D18242FFBD9942FCD19042FFBD0B433C
:103FB000DB1803431343F5D0C9434918FFBD000084
:103FC000FF07000000B5FFF7CFFF804100BDC046EE
:103FD00000B5FFF7C9FF01D9002000BD012000BDD9
:103FE00000B5FFF7B9FF01D9002000BD012000BDD9
:103FF00000B5FFF7B1FF804100BD012040054A0038
:10400000121804D85A00121801D800207047012055
:10401000704700000021002805D17047C1174840B3
:10402000401AFAD0C90713B5064B1B6898470CBC59
:10403000441CA2401005120B0349091B0905194332
:10404000114310BD30A100201F04000010B54C002A
:10405000620D8023D218DB00D21A5B057E2A10DDA8
:104060009E3A13DACC170903490819435242D1404A
:10407000640001341532202A05DAD0400843604339
:1040800010BD002010BD0846604310BDC80FC01809
:10409000013810BD18B4044B5B6AFC46019308BD9F
:1040A00024DF494B00100000ACA1002018B4044BE1
:1040B0001B6EFC46019308BD60DF574C00100000EA
:1040C000ACA1002018B4044BDB6FFC46019308BD83
:1040D0007CDFE14B00100000ACA1002018B4044BC1
:1040E0009B69FC46019308BD18DF394900100000A8
:1040F000ACA10020024A034B00B500F0B9F900BDA5
:10410000182D4454FB2119408A0002D3920D092A2C
:1041100008DA18B4064BDB6BFC46019308BD3CDFA4
:104120008B4D001000B5FFF7E5FF04BC9646F0E7A5
:10413000ACA100208A0002D3920D092A08DA18B433
:10414000064B1B6CFC46019308BD40DF9B4D0010E5
:1041500000B5FFF7CFFF04BC9646F0E7ACA1002006
:10416000132370B51C78012C19D014DD1148FFF70A
:1041700017FB06001048FFF713FB104D802231009B
:10418000280001F087F9022C06D00D48FFF700FB4C
:104190000C4B186070BD094D0B4AAA64F5E7074D3A
:1041A000094A29002B00803104C38B42FCD1AA6448
:1041B000EBE7C0465344000053460000ACA100208A
:1041C0004C33000030A1002079440010F0B5574670
:1041D0004E464546DE46E0B585B01F000E9B040006
:1041E0000D0016009A46002B5DDD0120391140427A
:1041F000FFF72EFC002303909B461BE022009A4011
:10420000019223004A469340009343463200D91757
:1042100040463B0000F042FF009C019D5B464A4641
:10422000934043449B4653469B1A241A8D419A4619
:10423000002B1DDD5346D1460C2B01DD0C23994686
:10424000039AAB11534349461D22521A13412022AF
:1042500001335B10524298468B18CFD520232200A1
:104260005B1ADA4013002A008A401A430192C8E719
:10427000AF421CDC29D020002900801BB9418F42AD
:1042800038DC35D002239C46801BB941E3440F9BA8
:10429000002B01D05A461A6005B03CBC90469946A6
:1042A000A246AB46F0BD8F4217DD00239B4620009F
:1042B000291EECDA80197941002909DA02235B42D0
:1042C0009C4680197941E344E1E7A642D3D9EEE761
:1042D00001235B429C46E344D9E78F4201D18242ED
:1042E000E3D8200029000023801BB9419B4601E050
:1042F0008642C7D901239C46E344C8E7F0B5464649
:10430000D6464F461C008046C0B588B01000109AB3
:104310004B006500C4465B0D6D0D002A02D00022E3
:10432000109E32604B4A934252D0002D50D0002B49
:1043300057D0954262D06A1E9A425FDCCE0F0F03BF
:10434000B1463E0BB2466646049680267603B446D6
:104350005746029060463E43270305963E0B304386
:1043600003909A4240D04A46002A06D0049E059FF8
:1043700000227142BA41049105920498059907AA56
:104380005B1B01920093029A039BFFF71FFF06003D
:104390000F0002000B000298039992197B4194468A
:1043A0008B422FDC2CD0029A944544D0002C02DAA8
:1043B000079B5B420793109B002B01D0079A1A6062
:1043C000254A30003900521BFFF770FE060001E05D
:1043D00000262249300008B01CBC90469946A246EF
:1043E000F0BD00260021F5E7059B834212DC029D0B
:1043F000039EB34202D1049BAB420BD84646E9E789
:104400008242D0D9079B01330299039A0793761A07
:104410009741CBE74B46029E039F04980599B61936
:104420007F41002B0ED1801BB941013306000F00E4
:1044300015000793BAE7039A9342B7D1079BDA07AF
:10444000B4D5E0E701235B42361A8F41150007938C
:10445000ACE7C046FF070000330400000000F07F17
:1044600010B5002482B00094FFF748FF02B010BDE1
:1044700010B5FFF7F5FF10BD07B5604601880A0AC1
:104480000230DF2AFAD1C9B2820804D302884088F8
:104490000004104300E00068014A5050039007BD3B
:1044A000ACA100200FB403BC0CBCF0B50124E407A0
:1044B000634000E0F0B50C0DCF0F661E3605891B7A
:1044C000640503D3C943404200D30131640D03D0D6
:1044D000661CF60A07D0E41B00207F00791C8907C0
:1044E0008912803C24031D0DDF0F6E1E36059B1BB9
:1044F0006D0503D3DB43524200D301336D0D03D06E
:104500006E1CF60A07D0ED1B00227F007B1C9B0768
:104510009B12803D2D032F1B661B58D4A446202ED2
:1045200046DA20371400BC401D00BD40F240334144
:104530002A4380185941CB0F05D0C943C0430022FC
:1045400064425041514162464D0D28D10D0D07D1B5
:1045500000281FD0241940414941013A0D0DF9D0DE
:10456000640006D3013000D30131002C01D1400892
:104570004000013A0BD4941CE40A04D11205114402
:10458000DB071944F0BDD907204B194300E0D907D8
:104590000020F0BD0029DDD1002CDBD1F0BD0132BF
:1045A000C6074008CD0728434908002EE1D0D9E7C7
:1045B0003C2E29DA203E40371400BC4000D00124B4
:1045C000F24014431A00BB401C43D317ACE7AC467F
:1045D000202F08DA20360400B4400D00B540F84022
:1045E00039412843A5E73C2F0CDA203F4036040030
:1045F000B44000D00124F84004430800B1400C430B
:10460000C117EAE710001900002494E70000F07FCA
:10461000F0B50C0D661E3605891BE60A6405640DAF
:1046200002D0651CED0A04D0002001210905803C60
:104630002403A4461C0D671E3F05DB1BE70A640527
:10464000640D02D0651CED0A04D0002201231B0575
:10465000803C24037740644497B484B296B2744398
:10466000070C7E43150C6F4380B26843361802D3A3
:10467000012000043F183004350C00197D418446A8
:1046800088B29AB250430C0C62431F0C7C438EB22A
:104690007E43921902D301263604A4191604170C7E
:1046A0003618674101BC81B29AB25143040C62438F
:1046B0001B0C5C4380B25843121802D30120000443
:1046C00024181004130C401863412D185E4100207B
:1046D000474106BC88B293B258430C0C6343120C9A
:1046E000544389B251435B1802D301210904641871
:1046F00019041A0C091862416D18564100204741EF
:1047000018BCF902720D1143F0026A0D1043ED025C
:104710000A0D03D16D1940414941013B124E9B1BCB
:104720007600B3420ED26D0007D3013000267141EE
:104730006646354301D1400840001B05C918E4070F
:104740002144F0BD0BDA013306D1013004D101312F
:104750004F0D01D04908F2E7E1070020F0BD013616
:1047600031050020EBE70000FF030000F0B51C0D51
:10477000671E3F05DB1BE70A6405640D02D0661C5B
:10478000F60A04D0002201231B05803C2403D02517
:104790002D060026F6432E661E096E66CE0FF6190C
:1047A000B44649004F0D02D07E1CF60A03D000200B
:1047B0000021403F3F033E1BB600B444013F7F054C
:1047C000C91B49082E6F013676089C02950D2543BA
:1047D0007543ED137543AD1301356D10F603761B6C
:1047E0000CB4CC02450D2C43A2B2B3B25A43270CF1
:1047F0007B43350C6F43A4B26C431B1902D30124D5
:1048000024043F191C041D0CA4187D4124196D417A
:10481000009A91B2ACB26143170C7C432B0C5F43FE
:1048200092B25A43A41802D301221204BF182204E0
:10483000230C52187B41019C6C431B19520ED90169
:104840000A434401A01A81B2B2B2514303145A433D
:10485000360C734387B27743D617D21900277E41AF
:1048600036049B191704160C7F185E417316ED1859
:10487000F301002680337541A90F06D16400690A4F
:10488000E8055B0A184309D22FE0042294448033E0
:104890007541A90AA8059B0A184326D340414941FE
:1048A0002404009A019B0D005543641B4343E41A02
:1048B00095B286B27543170C7E43030C5F4392B2E8
:1048C0005A43B61802D301221204BF183204330C23
:1048D00052197B4152429C41002C02D400220130EB
:1048E00051414008CA071043490802B06246D70741
:1048F0009210084BD218084B9A4203D2120589181D
:10490000C919F0BD0020002A01DC3900F0BD0133D7
:104910001905F5E7FD030000FE07000007DA002196
:1049200007E0C90FC907520D03D0C91201E04C4975
:10493000090500207047C0464A00F2D2520D013AE4
:10494000484B9A42EAD2F0B51405091B520801D32C
:10495000001849419B08D2181205944640A44A0CFD
:10496000A25C0B09534353431B1353435B131202C3
:10497000D21A13005B435B0B4C086343DB135343B6
:10498000DB1501335B10D21A130CD21A13005B43F0
:104990008902840D21438DB29EB275430F0C7E4374
:1049A0001B0C5F438CB25C43361902D301242404F0
:1049B0003F193404330C64197B419D01A40E2C4330
:1049C0002034A5B25543241454432D0C6419A4116A
:1049D000D203121B95B28EB27543170C7E430C0C9A
:1049E000674393B26343F61802D301231B04FF18F5
:1049F0003304340C5B197C41DB186441DB18002361
:104A000063419EB276439DB21F0C7D437F436C048D
:104A1000ED0BA4197D4106028F08361BAF417D07BF
:104A2000F6086E41B4B295B26C4337147D43120C54
:104A30005743B6B25643EA17AD1900267241120425
:104A4000BF182E042A0C36197A410832521117D297
:104A50009D0A9C05D117101969416144F0BD000001
:104A6000FF070000FE070000F8EBDFD6CDC5BEB89B
:104A7000B2ADA8A4A09C9995928F8D8A88858381D8
:104A800052415D0ADC05D11714194D412B006343D7
:104A9000A6B27643A2B2270C7A437F435104D20BCD
:104AA00089197A41D218D21880054942904102D41E
:104AB000002301345D4160086908ED072843614423
:104AC000F0BDC046624618CA94465A46002A20DB0A
:104AD00004E0624618CA944600291ADAC0186141F7
:104AE0005B463B415C46B4405246FA402243444652
:104AF0004D4662416B41904699462B46B3403D413D
:104B0000FC401C4352465B46A241AB4192469B4649
:104B10007047C01AA1414B463B414C46B440424607
:104B2000FA40224354465D4662416B4192469B46A1
:104B30002B46B3403D41FC401C4342464B46A241FC
:104B4000AB41904699467047002200B5203200F0F4
:104B500010F8080000BD002200B500F00CF8CA17DC
:104B60009A4200D100BDD8430121C907414000BD90
:104B700000220B150AD410B5944600F0A7F81414BF
:104B8000013400DA0021CB17144C2047002000210B
:104B900070476244343A0CD40C2A07DA040091407E
:104BA000904052422032D440214310BDD843D943D3
:104BB00010BD203207D40C4694405242203211419D
:104BC000D040204310BD0800C917203203D4524200
:104BD0002032104110BD1800190010BD934B001079
:104BE0004A00520D144BD21A13DDFF2A1EDAD205E9
:104BF000CB0FDB071A43C300400F0903490A0843E0
:104C000010435B0001D301D0013070474308FBD251
:104C1000704702D0C80FC00770470A031213013251
:104C2000F8D1420F072AF5D1012200E0FF22C80F78
:104C300000028018C00570478003000000210A00B0
:104C4000002104E000210A00C11704E00022002333
:104C500006E0C0460022CB1758405940C01A99417F
:104C600030B5184CA21A002903D1010010D0002041
:104C7000203A4C1512D104D2013A001849414C0D8A
:104C8000FAD3114CA24204D212058918DB07C918C5
:104C900030BDD243520D00200021F5E703D4013A84
:104CA00000184941FBD50B324405C00A4D05284385
:104CB000C90A640003D0002460416141E1E7E0D308
:104CC0004408F8E732040000FE0700000A0DCC0F8C
:104CD000531E1B05C91A520503D3C943404200D3D2
:104CE0000131520D03D0531CDB0A07D0121B0020E8
:104CF0006400611C89078912803A1203014BD21AA1
:104D000070470000FF030000023225D40C2A1CDA91
:104D10001125AD1A0B002B41083207350600EE4075
:104D2000904091403143F0CC63431A1500235A411F
:104D3000554356435743BF02F4127605761967412F
:104D4000ED177F19801BB94170470C220020C9174D
:104D5000490001310905DBE70902030E194300028E
:104D60005342203208D40C0019419440D8402043CB
:104D700000225041514170470800C917203B2032A2
:104D8000F1D50020002100227047F0B5FFF798F818
:104D900000F00EF800F030F806E0F0B5FFF790F8FC
:104DA00000F006F800F046F8FFF790F8F0BD0000BC
:104DB00000B5FFF78BFF30A4FFF7A6FF00242C4DB2
:104DC0002C4ED20702D3F6436D426641520004D204
:104DD000A246A346A846B14603E0A046A146AA467D
:104DE000B3466EA4A44601271F26FFF772FE0137C3
:104DF000013E212FF9D100BD594684B28DB26C43DA
:104E0000061475430B145E4382B25A43AD18EA1779
:104E100000D7D2431204B6182A042B0C121973417E
:104E2000404649469D009B17920F2A439041994165
:104E30003E2210E7494684B28DB26C430614754396
:104E40000B145E4382B25A43AD18EA1700D7D2431F
:104E50001204B6182A042B0C1219734150465946F5
:104E60009D009B17920F2A43504159413E22F2E682
:104E7000BB4DF09DC556F6367D5100001A611400F9
:104E800085880A00FB211900F0B5FFF719F8404D9D
:104E90000C002C4001D0AC4202D1090D09050020C4
:104EA0001C002C4001D0AC4202D11B0D1B0500227E
:104EB0000026ED02002B04D502266B40694000D489
:104EC00076424F1904D599420CDD0136694003E062
:104ED000BB4207DA013E6B40070010003A000F00AA
:104EE00019003B0040B4002A0FD1002B0AD05C000F
:104EF0006415013409D14C006415013402D1013923
:104F0000013B02E0002000212EE0FFF72FFC3E22B3
:104F1000FFF722FE82468B460020002180460122B8
:104F2000920791461DA4A44601271F26FFF7CAFD3C
:104F30000137013E212FF9D14A4653460C3A01244C
:104F40006407002752081B0005D4934100197941DA
:104F50006408F7D104E05341001BB9416408F1D162
:104F6000CE0749104008304340BC002E0AD0094CFF
:104F7000094D01D5E443ED43F60701D1001969411C
:104F8000001969413D22FFF766FEFEF79FFFF0BD65
:104F90000000F07F8D305A88A8F64332694FBB611C
:104FA0000567AC1DB16E4096FCBAAD0F72DB0BAB62
:104FB000A66EF50739BD9FE576ABFE034B6297BA47
:104FC0005BD5FF01D694DBDDAAFAFF005DEAEE5661
:104FD00055FF7F006E77B7AAEAFF3F00BCBB55556F
:104FE000FDFF1F00DEADAAAAFFFF0F006F5555F5AC
:104FF000FFFF0700ABAAAAFEFFFF03005555D5FF30
:10500000FFFF0100ABAAFAFFFFFF00005555FFFFAD
:10501000FF7F0000ABEAFFFFFF3F000055FDFFFFF1
:10502000FF1F0000ABFFFFFFFF0F0000F5FFFFFFBA
:10503000FF070000FFFFFFFFFF030000000000006C
:10504000000200000000000000010000000000005D
:105050008000000000000000400000000000000090
:105060002000000000000000100000000000000010
:105070000800000000000000040000000000000024
:10508000020000000000000001000000000000809D
:1050900000000000000000400000000051434343B6
:1050A000C9188C46110C83B24B4310B4040C6143F5
:1050B00092B280B2504362431C041B0C001910BC16
:1050C00059411304120CC01851416144704700004B
:1050D0004840414048400E4B5B6818470C4B1B68EA
:1050E00018470C4A936F9B0802D2094BDB6818479C
:1050F000F0B5146E556E576F166FFFF7F6FF054A41
:105100001466556657671667F0BD014B9B681847D4
:10511000ACA20020000000D007B548404140484004
:1051200001E0C04607B54200120E03D0FF2A03D1AA
:10513000420218D8C00DC0054A00120E03D0FF2A43
:1051400003D14A020FD8C90DC9050122414005D437
:10515000414001D5814207BD884207BD014349183E
:1051600001D0C043001807BD00B5FFF7D5FF80414F
:1051700000BD01231B064200D21804D84A00D218F1
:1051800001D80020704701207047491A002807D134
:1051900008467047C10FC90700D54042002817D004
:1051A000F44603B40B4B1B68984706BC81409E38FD
:1051B0004042803107D20B0607D04900490AC0059A
:1051C0001043084360470130F8E7490A8902F5E7D0
:1051D0007047000030A10020014B1B6B18470000F6
:1051E000ACA20020034BDB6FFC4618477CDF495420
:1051F00000100000ACA20020C11502D4054B9B6931
:105200001847C843FF2801D1C0077047C817C00519
:1052100070470000ACA200204100090E862902DA86
:10522000044BDB6B1847044900B500F0F3F802BCEF
:105230008E46F5E7ACA20020DB0FC940132310B562
:1052400010481C78FEF7ACFA0100012C0AD003DDEF
:1052500080220D4800F01EF90C48FEF799FA0C4B1D
:10526000186010BD084C5422200000F013F92300F0
:105270002100084A5433803104C38B42FCD122629E
:10528000E261E9E753460000ACA200204C33000085
:1052900030A100201D540010F8B54746CE46050049
:1052A00080B516000F009846002A2CDD0120C91198
:1052B0004042FEF7CDFB002281461D2033000C2E1C
:1052C00000DD0C2349466C129D404C43C11A0C4131
:1052D000AC4601346410250061469A407D431219A2
:1052E0004D1BF61A002EE9DCAF420FDCE81B8742AB
:1052F00017DCC01B02324346002B00D01A600CBCE6
:1053000090469946F8BD884209DA0022281EF2DA52
:10531000781902D5C019023AEDE7013AEBE700220D
:10532000E81B0132E7E7C046F0B54746CE46FF240A
:1053300080B5C30DCD0D160083B00F1C2340254052
:10534000002A01D000223260FF2B3ED0002D3CD03D
:10535000002B3DD0FF2D33D06A1E9A4230DC8024D2
:105360002404A046C10F89464102490A0C43A446C1
:1053700044467902490A0C43A0469A422AD04A463A
:10538000002A02D06246524294465A1B414601AB63
:105390006046FFF781FF4300434527DD019B4246FE
:1053A0000133801A0193002F02DA019B5B420193C3
:1053B000002E01D0019B33609621491BFFF70CFFA3
:1053C00003B00CBC90469946F0BDFF20C005F7E73E
:1053D0000020F5E7A445F3DD4A46002A0CD16246D9
:1053E0006000101A01221D000192DCE74345DAD16A
:1053F000019BDA07D7D5D2E762466000801A012206
:1054000052421D000192CEE710B50022FFF78CFF3B
:1054100010BDC04610B5FFF7F7FF10BD07B56046D9
:1054200001880A0A0230DF2AFAD1C9B2820804D3FD
:10543000028840880004104300E00068014A505090
:10544000039007BDACA20020C30FDB0741000A0E8A
:1054500007D0FF2A08D00909054A891819434007CF
:1054600070471900002070470249C918FAE7000088
:10547000000000380000F07F01480421014B18476C
:1054800010020020B1370010014B1B6818470000C4
:1054900010020020014B5B6818470000100200203A
:1054A0009A4200D2885470477047C046F8B55746B4
:1054B0004E46DE464546E0B51F000A9B05009B466A
:1054C0000D9B0E00914692469B0718D10B9B0C9AA0
:1054D000934214D213000B9AB8469B1A4B444C4685
:1054E0000F0006001D002200434601343900202031
:1054F000B047AC42F7D1AA4635003E0047460B9B69
:10550000002B38D09A441C00D04653461A1B5B46E9
:10551000013C185D31003B00A847002CF5D10D9BE4
:105520009B0721D543464A469C1A0C9BA3421BD994
:105530003A009A464F469146E2194B4631002020E8
:105540000134A8475445F7D343460C99DB1B01337C
:10555000B94600228B4203D843464A1E4A44D21A17
:10556000434601339846904440463CBC9046994699
:10557000A246AB46F8BDD046D1E7C046F0B54F468F
:105580004646D646C0B584B098460EAB1B78129FEF
:10559000994694460D9C109B119EBA0725D4002E67
:1055A00069D19C4200D3C4E001223A4092461F2CAC
:1055B00000D9BDE00C9A551E302201E0202C03D00A
:1055C00001342A55A342F9D85246002A0DD0B442DC
:1055D0000BD21F2C62D80C9A551E302201E0202CD1
:1055E0005CD001342A55B442F9D1FA0635D57A0592
:1055F0005DD4002C57D10F9B102B00D17EE00F9B68
:10560000022B00D18FE030230C9A012413704B46FB
:10561000002B27D02D230C9A135501340C9B624686
:1056200000930397434602960194FFF73FFF04B0AF
:105630001CBC90469946A246F0BDBB0665D4202C02
:10564000ECD00C9B1A19013478231370202CE5D070
:1056500030220C9B1B191A700134202CDED04B46D3
:10566000002BD7D17B0736D43B07D7D520230C9A04
:1056700013550134D2E7012215003D40AA463A42B3
:1056800021D04A46002A2BD10C323A4228D19C42E2
:105690009DD21F2C00D88DE7202E1AD92024FA067F
:1056A000BCD57A0503D4A3421CD0A6421AD00F9BC6
:1056B000102BC2D00F9B022BC8D1202CAED00C9B3C
:1056C0001B19013441E09C4200D38EE71F2C00D807
:1056D00070E7202489E72B230C9A135501349DE7AA
:1056E000013ED4E7631E012C00D184E70F9A102AF3
:1056F00021D00F9A022A25D01C00A9E7BB060DD4A1
:1057000078230C9A01241370A2E7202C00D185E79E
:1057100058220C9B1B191A70013497E758230C9AD6
:105720000124137094E70C9A6033012413708FE7FF
:105730002024002659E7023CBA06E9D40C9A121933
:105740001C0081E70C9A9246534462221A707DE74E
:10575000F0B54E46DE4657464546E0B593B09B460B
:105760001CAB20CB89461B7892461E9E089009935D
:10577000002D08D11023219A00249A431300219A66
:105780002193520524D4219A6123920639D402AA86
:1057900094460A2252421F279046DBB200246744F7
:1057A000984408E03033DBB201343B55B5420FD3A7
:1057B000202C0DD0050031002800FEF749F9CBB2AE
:1057C0000929EFD94344DBB201343B55B542EFD24E
:1057D000219B52460693209B494605931F9B0898A0
:1057E0000493099B039602930AAB009301945B46D2
:1057F000FFF7C4FE13B03CBC90469946A246AB46A8
:10580000F0BD4123C3E7C046F0B54E464546DE46EF
:105810005746E0B595B09B4620AB1B781E9F0B9377
:10582000229B1F9D99463B008046239E09910A9228
:105830002B4308D1269A10339A431300269A00244A
:10584000269352052CD4269A6123920642D40A222A
:1058500052429246DBB200249A440EE01F213032BD
:1058600004ABD2B201345B181A55AE4218D8AE421E
:1058700032D0202C14D0070065464A463300380049
:105880002900FEF723F9D2B28C46092AE6D91F2156
:10589000524404ABD2B201345B181A55AE42E6D979
:1058A000269B40460693259B0A9A0593249B0999BB
:1058B00004934B4603930B9B019402930CAB009310
:1058C0005B46FFF75BFE15B03CBC90469946A2468E
:1058D000AB46F0BD4123BAE7B945CAD9E0E7C046B7
:1058E00010B5002800D110BD01F06EF8FBE7C046EE
:1058F000F0B5DE4657464E464546E0B591B09A466D
:105900001A9B8B4699461B9B0890984607924346E4
:105910004A4648464146FEF770FB002800D0B1E0F9
:10592000012248464146DA4B5242FEF761FB00280D
:1059300000D0A7E0012248464146D64B5242FEF72E
:1059400041FB002800D09DE000220023484641464C
:10595000FEF738FB002800D0CEE14E4647468023B4
:105960001E9ADB001A400D921E9A1A4201D106239C
:105970001C9333000A960B973B4300D09BE01E9B81
:105980001B0500D571E10023042409931D9B00250C
:10599000A34200D91D1B02231E9A1A400C921E9A84
:1059A000134203D0634263415B421D40099B002BBD
:1059B00007D00A9A0B9B30003900FEF7A2FA0600C6
:1059C0000F000022002348464146FEF7FBFA00285C
:1059D00003D0802109067B181F001E9AAE4B00964B
:1059E00001971340089E04931C9B079A039502930A
:1059F000594653463000904600F08EF90500002CC1
:105A000051D01E9B2A0098061F23C0179843594661
:105A100053466530B0470523059300230999013C9F
:105A20000494CC17039308190A336F1C0293604047
:105A3000CB0F0193009053463A0059463000FFF7D0
:105A400087FE0C9B0500002B2DD043461D9AC41ADF
:105A5000A24228D981465D461700434629001A19FB
:105A6000202053460134B047A742F6D84D46079947
:105A70001D986B1A01330022984200D345E101358D
:105A8000AD1810E01E9B4A4604931D9B5946039394
:105A90001C9B089802934346009201935346079A31
:105AA00000F03AF90500280011B03CBC9046994638
:105AB000A246AB46F0BD794B78009C46400D604451
:105AC000FEF7ACFA764A774BFEF739FA764A774B0F
:105AD000FEF70EFA764A3B031B0B1A4304000D0037
:105AE0000A981100734B0022FEF7F9F9724A734BC2
:105AF000FEF725FA02000B0020002900FEF7F8F956
:105B0000FEF7A4FA0990FEF789FA6D4A6D4B04007E
:105B10000D00FEF714FA00226B4BFEF7E9F9FEF7D1
:105B200095FA6A4A6A4B29000C902000FEF707FAA2
:105B300004000C980D00FEF771FA664A664BFEF7FA
:105B4000FEF902000B0020002900FEF7C8F9020050
:105B50000B0004000D00FEF7F2F922002B000A9062
:105B60000B9120002900FEF7C3F900220E900F913F
:105B70000A980B99594BFEF7C4F90022584BFEF7CF
:105B8000B7F902000B000A980B99FEF7BAF9002248
:105B9000544BFEF7ADF902000B000A980B99FEF783
:105BA000B0F90A900B91802122002B000020C9053A
:105BB000FEF795F902000B000A980B99FEF798F989
:105BC00002000B000E980F99FEF79BF90022384B4C
:105BD000FEF78EF9444A0C9B9446634400221B0551
:105BE000FEF7ADF904000D0002000B003000390093
:105BF000FEF7E8F900282CD10A940B95C624099BDE
:105C000063339C42A4411E9B644204341B0500D4B0
:105C1000BCE60A9A0B9B1100194328D030003900CA
:105C2000324A334BFEF7DCF9002807D0002230005F
:105C30003900304BFEF7C6F9002818D11C9B002B09
:105C400000D1A3E60D9B5A1E93411C9AD31A1C93B4
:105C50009CE6099B0022013B099320002900204B70
:105C6000FEF74FF90A900B91C8E7002309931C9B9C
:105C70001900099B994245DDC81A431E1C938023D5
:105C80001E9ADB001A43002300241E9209937DE62E
:105C9000FFFFEF7FFFFFEFFFFFF7FFFF01FCFFFFBD
:105CA000FB799F501344D33FB3C8608B288AC63F0B
:105CB0000000F03F0000F83F61436F63A787D23FC9
:105CC00071A379094F930A400000E03F1655B5BB18
:105CD000B16B0240EF39FAFE422EE63F00002C4045
:105CE0000000244000001840FF0300002D431CEB7F
:105CF000E2361A3F80842E4180231B0643444E46E1
:105D00001F002CE600231C93B9E70A008446013AE1
:105D10006244521BB3E6C046F0B54E46DE465746D7
:105D20004546E0B597B09946209E219F229B834629
:105D3000984607910C923B00320030003900FEF784
:105D40005CF9002800D0C1E1012230003900CA4BC3
:105D50005242FEF737F9002800D0E0E0012230007F
:105D60003900C64B5242FEF743F9002800D0B6E096
:105D7000002230003900C24BFEF73AF9002800D06B
:105D800098E0002230003900BE4BFEF71BF90028D6
:105D900000D08FE00022002330003900FEF712F916
:105DA000002800D0B0E000230D93249B5B0501D4B4
:105DB0000623984608AB9C46172200243023414610
:105DC000624404E0013413550139202C01D0092923
:105DD000F8D8884630003900FEF738F94346DA0033
:105DE000A94B05009B181A685B6808920993FEF797
:105DF00015F902000B0030003900FEF770F8089A20
:105E0000099BFEF79CF80A900B91FEF743F9824636
:105E1000FEF700F902000B000A980B99FEF75FF8F5
:105E200000229A4B0A900B91FEF7E2F8002800D16D
:105E3000C0E001239C46E2445046FEF7EBF8020026
:105E40000B0008980999FEF7C3F8002802D0002338
:105E50009A4601354346002B69D008AB17269C466D
:105E600008956644554614E001235B4243440A21E9
:105E700028009A46FDF7ECFD0134303137193970AE
:105E800028000A21FDF7E4FD092D00D8D5E0D04611
:105E90000500202CE8D10323249A1340012B00D1C4
:105EA00000E10EAB9846249B01940393239B02933D
:105EB00043461EE0249B58460493239B009601977B
:105EC000039343460C9A029307994B46FFF710FD44
:105ED00017B03CBC90469946A246AB46F0BD249B09
:105EE0005B070ED403226A4B2499019203912399F4
:105EF0000291009358464B460C9A0799FFF7D6FA41
:105F0000E6E70422634BEFE73B003200002000216C
:105F1000FDF7E5FF012306000F000D9345E7249BE5
:105F20000393239B0293042301935B4BE1E7280037
:105F3000FEF774F802000B0030003900FDF7CFFFC8
:105F4000524B002206000F00FEF73CF80EAB9846BD
:105F500000280AD10022300039004C4BFEF748F8E7
:105F6000002802D1EB0700D50135202C32D008AA39
:105F700094461723280063440A2101341E19FDF7B3
:105F80003FFD3031280031700A21FDF739FD051E33
:105F9000EBD10323249A1340012B00D191E0202C54
:105FA00000D180E70D9B002B3BD02D23424613559B
:105FB000013478E700220A980B99344BFEF702F877
:105FC000002800D046E75346002B67D101239C46AA
:105FD000E2443FE70323249A1340012B00D062E7F9
:105FE000239B002B00D15EE70D9B002B03D1249A4D
:105FF0000C33134202D0239B013B2393239BA342E8
:10600000CDD908AB9C46172230236244202C06D001
:106010002399013413558C42C1D0202CF8D120246F
:1060200041E7249B5B0721D4249B1B0700D43AE75C
:10603000202342461355013435E75746089D202C4E
:1060400037D0220030214046002F08D00132B15411
:10605000202A43D0D3431B191B18002BF6D10EABBB
:1060600098462E234146541C8B547EE72B234246F0
:106070001355013417E7C046FFFFEFFFFFFFEF7F27
:1060800065CDCD4165CDCDC1D0BC00100000E03F55
:10609000D4BA0010D8BA0010E4BA0010DB0700D45C
:1060A000D8E693E7239B002B00D1FAE60EAB984687
:1060B0009AE70323249A1340012B00D0F1E60EAB9C
:1060C0009846239B002B00D169E78DE7249B03931F
:1060D000239B029303230193064B0AE70323249A8D
:1060E00020241340012B00D0DBE6239B2024002B2F
:1060F000DCD1D6E6E0BA0010F0B5DE4657464E4693
:106100004546E0B595B01C001E9B92469B46CB4A87
:10611000CB4B89460B901A60002900D1D6E10023B1
:1061200020789846002800D1D8E14F461E00D94675
:106130000AE03200751C53460B9E3900B0472E0012
:1061400001342078002864D02528F2D110239B4602
:106150000C3B9846023B00219C46013420782500E8
:106160000300203BDBB2102B03D8B64A9B00D35868
:106170009F460300303B092B62D9002398462A280A
:1061800000D17FE000242E286DD00300683BDBB2F5
:10619000122B1FD8AC4A9B00D3589F4601230134D1
:1061A0001943DBE7634601341943D7E7434601341B
:1061B0001943D3E75B4601341943CFE70823013481
:1061C0001943CBE768786C2800D105E280235B0097
:1061D000194301350300253BDBB2532B0DD89B4AF5
:1061E0009B00D3589F46802368785B0019430300C7
:1061F000253BDBB20135532BF1D9731C98460B9C20
:10620000320053463900A04768786C1C4646002887
:106210009AD1B046B9463400C24503D801235B4247
:106220005344984653464246494600200B9DA84792
:10623000200015B03CBC90469946A246AB46F0BD46
:10624000002302009800C0180135400080182A7809
:10625000030010003038303B0928F3D9984610006D
:1062600000242E2891D1687880230200DB00303A88
:1062700019436B1C092A00D832E12A2800D13FE1DA
:106280001D0082E74B4604CB9046002A03DB99466B
:106290006078651C76E702221143424652429046DE
:1062A00099466078651C6DE7782800D15EE1582832
:1062B00000D197E16F2800D150E2622800D15FE160
:1062C00010230A009A4313000A229346692800D03B
:1062D00059E1490500D45CE101218B43692800D1D3
:1062E00057E1642800D154E180211800890008405A
:1062F0000B4200D022E2D90500D542E248465A06B8
:1063000000D516E202C881461A0601D50904090C17
:106310000593434604935B46029300230394019341
:106320000091A3E080239B0068781943013551E771
:106330006878682800D14AE180230135194349E78C
:10634000462800D10FE14B46072207339343994675
:10635000434604914946029403930CC90B9800925A
:1063600001938946320053463900FFF7D5FC6C1C77
:106370000600E6E6731C984632000B9C5346390033
:106380002520A04746466C1CDBE64B4604CB0F930A
:10639000137893469C46002C00D0BAE0002B00D125
:1063A00000E202235B4201330D935B4418005B461D
:1063B00001E0984206D05A780133002AF9D15A46B2
:1063C0009B1A0D9380230A00DB001A409146194264
:1063D00003D00D9BA34200D90D9402231A000A405A
:1063E0000E920B4200D123E16046002800D108E163
:1063F0005B4632009E1B4B46AB46B1460C932600D3
:1064000000E022000C9B002B04D0731E002E00D154
:10641000F3E01E00534639000B9D541CA8474B4621
:10642000185D0028EDD15D46A3460E9B002B00D0E1
:10643000E6E00F9B5E4699466C1C82E6F960001010
:1064400000A10020ECBA001030BB00107CBB001093
:1064500021231943193B04930833029300234A462E
:1064600005910394019308CA914600933200534664
:1064700039000B98FFF76CF96C1C060061E68B077E
:1064800000D402E1731C9B464B4601CB3200994677
:10649000390053460B9CC0B2A04743464644012BEB
:1064A00011D953465C46AA461D00B0460B9E2200F9
:1064B0002B00013439002020B0474445F7D12B0090
:1064C000A34655469A465E466C1C3AE6B84B207881
:1064D0000B9300239846002800D026E600249BE674
:1064E0000200A00000190133400080181A783038EB
:1064F0000400100030380928F3D910001D0044E6CC
:106500004B4610CBA878E243D21799461440023587
:106510003BE6002B00D144E1631E44E72023020048
:106520009A43472A04D180231B011943022398432D
:10653000452801D1202319434B46072207339343B3
:106540009946434604914946029403930CC90B981B
:10655000009201938946320053463900FFF7C8F98B
:106560006C1C0600EDE520231943ECE610239B4646
:106570000C230A009A4313004A0500D4AEE6ABE6AA
:1065800002239B460B0019006428F1D1590500D560
:10659000A2E6990500D598E04A46D90500D5E1E084
:1065A000590600D5BFE002CA91461A0600D4F4E0AD
:1065B00009B2CA178818504080B205934346049325
:1065C0005B46C90F03940293019100904EE7C023EC
:1065D000A87819430235FDE5C0239B00A87819432C
:1065E0000235F7E50C230A009A43143313431022B3
:1065F00093464A0500D477E66EE65D46934614E777
:106600005E460D9B98453ED942469019C31A1C0020
:106610000B9BA8469946554632002B00013639009F
:106620002020C847A642F7D1AA46A346454600E720
:106630000D9A531C904500D8B8E043469B199B1A0D
:106640004246A0461C000B9B0C924A46A946554662
:106650009A460D9232002B00013639002020D04797
:10666000A642F7D10C9B444698460D9BAA464D4640
:106670009946434601330D935B461B789C46604622
:10668000002800D0B4E6B346D3E64346012B00D839
:106690008AE00B9B741E4444A84655469A46320035
:1066A0002B00013639002020D047A642F7D1AA4658
:1066B00045464B4601CB2200994639005346661C9D
:1066C000C0B20B9CA0476C1C3BE549460720073134
:1066D000814301308146894403C9089343460793A7
:1066E0005B46049300230593CB0F0293CB171093C3
:1066F00011930694109B119C1A00424012922200A2
:106700004A4013921299139AC91AA24113000A001F
:10671000009201933900320053460B98FFF774F84A
:106720006C1C06000DE5FF2101CA014091460800DE
:1067300043E7FF2104C881461140E9E50893434639
:1067400007935B46494604930720002307318143A2
:106750000694059302930CC98946D9E708239B4602
:106760000B0010E702CA0593434604935B4602936D
:10677000CB0F0193CB17C918594091460394009150
:1067800074E60593434604935B464A46039402939A
:10679000019008CA9146009368E6CA1788185040CD
:1067A0000BE700230D930DE6340082E70D9366E7B7
:1067B000A95400100CB410B584B006AC08CC0A0083
:1067C0000094010004480394FFF796FC04B010BC49
:1067D00008BC02B01847C046A154001010B5094AC1
:1067E0000300146884B0002C08D0012200910648F0
:1067F000524203A9A047012004B010BD00F0F2F8F6
:106800000020F9E700A10020E158001000BEFDE7DC
:1068100010B5FFF7FBFFC04670B5FDF703F8074C56
:10682000074B9C4209D2013B1D1BAD080135AD0051
:106830002D1908CC9847AC42FBD170BD3C6B0010C1
:10684000406B0010030010B508001B68110098474A
:1068500010BDC046F8B54746CE4680B5437D07001B
:106860000D001600002B37D000240020002A1EDD6A
:106870004B1E98461B4B9946002C2BD043461B5D64
:106880000D3B5A425341DBB22A5D0A2A13D0013430
:10689000A642F1DC864203DD311A3B68281898478E
:1068A000AD19013D2B780D3B5A4253413B750CBC51
:1068B00090469946F8BD002BE9D1A04203DA211A8F
:1068C0003B6828189847484602213B68013498479E
:1068D0002000DDE73B7DD7E70368110028009847DB
:1068E000E5E7C04620BD001010B5FCF7A3FC00236F
:1068F000064A12184B41002B03DB054800F0F8F85C
:1069000010BD0122034B5242F7E7C04640420F0040
:1069100020020020FFFFFF7FF0B55746DE464E46BF
:106920004546E0B583B007000D0091461C00FFF717
:10693000DBFF82466B1C03D1380000F091F80500A4
:10694000002C30D11B4B98461B4B1C68002C1FD0D1
:106950000A231A4E9B4602E02469002C18D02368B3
:10696000002BF9D03368002B01D0A342F4D12A00C8
:1069700039002000C0474B46002BEDD06B465A46ED
:106980002000DA71D91D0122C0472469002CE6D10C
:106990005346002B0AD1280003B03CBC90469946D0
:1069A000A246AB46F0BD064B9846CDE7054800F041
:1069B00087F8F0E745680010E8240020F078002010
:1069C000556800102002002010B582B06B4604000C
:1069D0000022D81D012101230470FFF79DFF200034
:1069E00002B010BD70B5040000F03AF801230100B8
:1069F000050001222000FFF78FFF064B1C68002CCA
:106A000006D06368002B00D098472469002CF8D189
:106A1000280070BDE824002030B5032A0CD90300FB
:106A20000B439B0719D103680C68A34215D1043AA4
:106A300004300431032AF6D8551E002A0BD0002357
:106A400003E05A1C9D4206D01300C25CCC5CA242FB
:106A5000F7D0101B00E0002030BD551EEFE7C04608
:106A600010B583070AD00300032102E001330B4273
:106A700005D01A78002AF9D1181A10BD0300196838
:106A80000C4A0D4C8A188A4322420FD15968094A90
:106A900004338A188A43224208D15968054A0433CC
:106AA0008A188A432242F1D000E001331A78002A82
:106AB000FBD1E1E7FFFEFEFE80808080F8B5C04696
:106AC00001B40248844601BC604700BFA501002014
:106AD00001B40248844601BC604700BFCD010020DC
:106AE00001B40248844601BC604700BFCD010020CC
:106AF00001B40248844601BC604700BF7101002018
:106B00004D38001079380010F13900107954001018
:106B1000614100103D5200101939001095380010E5
:106B2000B5380010C9380010912B0010D138001072
:106B3000912F001015380010AD2A001089020010A6
:106B400042454E4348206576656E743D2573206945
:106B5000643D25752063616C6C733D257520646907
:106B6000676573743D2530386C780D0A00000000AD
:106B700042454E434820434F4E46494720626F618D
:106B800072643D72703230343020646961676E6FB8
:106B900073746963733D31206370755F687A3D2556
:106BA0006C75206670753D736F66747761726520D1
:106BB000726164696F3D616273656E7420636F72A8
:106BC000653D2575207472616E73706F72743D251A
:106BD0007320636865636B3D25750D0A0000000036
:106BE00055415254305F5458305F5258315F313103
:106BF00035323030000000004552524F5200000044
:106C0000424F4F54000000005354415254000000C2
:106C10005041535300000000444F4E450000000017
:106C2000B80B0000B80B0000C8000000F401000021
:106C300064000000F4010000B80B0000B80B000075
:106C4000140000002C0100003200000001000000D0
:106C50000000000000000000000000000000000034
:106C60000000000000000000000000000000000024
:106C7000FFFFFFFFFFFFFFFFFFFFFFFFFFFFFFFF24
:106C8000FFFFFFFFFFFFFFFFFFFFFFFFFFFFFFFF14
:106C9000000102030405060708090A0B0C0D0E0F7C
:106CA000101112131415161718191A1B1C1D1E1F6C
:106CB000202122232425262728292A2B2C2D2E2F5C
:106CC000303132333435363738393A3B3C3D3E3F4C
:106CD000000001010202030310203040AA55AA550A
:106CE000000001010202030310203040AA55AA55FA
:106CF000000001010202030310203040AA55AA55EA
:106D0000000001010202030310203040AA55AA55D9
:106D1000000001010202030310203040AA55AA55C9
:106D2000000001010202030310203040AA55AA55B9
:106D3000000001010202030310203040AA55AA55A9
:106D4000000001010202030310203040AA55AA5599
:106D50000000000000000000000000000000000033
:106D60000000000000000000000000000000000023
:106D7000FFFFFFFFFFFFFFFFFFFFFFFFFFFFFFFF23
:106D8000FFFFFFFFFFFFFFFFFFFFFFFFFFFFFFFF13
:106D9000000102030405060708090A0B0C0D0E0F7B
:106DA000101112131415161718191A1B1C1D1E1F6B
:106DB000202122232425262728292A2B2C2D2E2F5B
:106DC000303132333435363738393A3B3C3D3E3F4B
:106DD000000001010202030310203040AA55AA5509
:106DE000000001010202030310203040AA55AA55F9
:106DF000000001010202030310203040AA55AA55E9
:106E0000000001010202030310203040AA55AA55D8
:106E1000000001010202030310203040AA55AA55C8
:106E2000000001010202030310203040AA55AA55B8
:106E3000000001010202030310203040AA55AA55A8
:106E4000000001010202030310203040AA55AA5598
:106E50000000000000000000000000000000000032
:106E60000000000000000000000000000000000022
:106E7000FFFFFFFFFFFFFFFFFFFFFFFFFFFFFFFF22
:106E8000FFFFFFFFFFFFFFFFFFFFFFFFFFFFFFFF12
:106E9000000102030405060708090A0B0C0D0E0F7A
:106EA000101112131415161718191A1B1C1D1E1F6A
:106EB000202122232425262728292A2B2C2D2E2F5A
:106EC000303132333435363738393A3B3C3D3E3F4A
:106ED000000001010202030310203040AA55AA5508
:106EE000000001010202030310203040AA55AA55F8
:106EF000000001010202030310203040AA55AA55E8
:106F0000000001010202030310203040AA55AA55D7
:106F1000000001010202030310203040AA55AA55C7
:106F2000000001010202030310203040AA55AA55B7
:106F3000000001010202030310203040AA55AA55A7
:106F4000000001010202030310203040AA55AA5597
:106F50000000000000000000000000000000000031
:106F60000000000000000000000000000000000021
:106F7000FFFFFFFFFFFFFFFFFFFFFFFFFFFFFFFF21
:106F8000FFFFFFFFFFFFFFFFFFFFFFFFFFFFFFFF11
:106F9000000102030405060708090A0B0C0D0E0F79
:106FA000101112131415161718191A1B1C1D1E1F69
:106FB000202122232425262728292A2B2C2D2E2F59
:106FC000303132333435363738393A3B3C3D3E3F49
:106FD000000001010202030310203040AA55AA5507
:106FE000000001010202030310203040AA55AA55F7
:106FF000000001010202030310203040AA55AA55E7
:10700000000001010202030310203040AA55AA55D6
:10701000000001010202030310203040AA55AA55C6
:10702000000001010202030310203040AA55AA55B6
:10703000000001010202030310203040AA55AA55A6
:10704000000001010202030310203040AA55AA5596
:107050000000000000000000000000000000000030
:107060000000000000000000000000000000000020
:10707000FFFFFFFFFFFFFFFFFFFFFFFFFFFFFFFF20
:10708000FFFFFFFFFFFFFFFFFFFFFFFFFFFFFFFF10
:10709000000102030405060708090A0B0C0D0E0F78
:1070A000101112131415161718191A1B1C1D1E1F68
:1070B000202122232425262728292A2B2C2D2E2F58
:1070C000303132333435363738393A3B3C3D3E3F48
:1070D000000001010202030310203040AA55AA5506
:1070E000000001010202030310203040AA55AA55F6
:1070F000000001010202030310203040AA55AA55E6
:10710000000001010202030310203040AA55AA55D5
:10711000000001010202030310203040AA55AA55C5
:10712000000001010202030310203040AA55AA55B5
:10713000000001010202030310203040AA55AA55A5
:10714000000001010202030310203040AA55AA5595
:10715000000000000000000000000000000000002F
:10716000000000000000000000000000000000001F
:10717000FFFFFFFFFFFFFFFFFFFFFFFFFFFFFFFF1F
:10718000FFFFFFFFFFFFFFFFFFFFFFFFFFFFFFFF0F
:10719000000102030405060708090A0B0C0D0E0F77
:1071A000101112131415161718191A1B1C1D1E1F67
:1071B000202122232425262728292A2B2C2D2E2F57
:1071C000303132333435363738393A3B3C3D3E3F47
:1071D000000001010202030310203040AA55AA5505
:1071E000000001010202030310203040AA55AA55F5
:1071F000000001010202030310203040AA55AA55E5
:10720000000001010202030310203040AA55AA55D4
:10721000000001010202030310203040AA55AA55C4
:10722000000001010202030310203040AA55AA55B4
:10723000000001010202030310203040AA55AA55A4
:10724000000001010202030310203040AA55AA5594
:10725000000000000000000000000000000000002E
:10726000000000000000000000000000000000001E
:10727000FFFFFFFFFFFFFFFFFFFFFFFFFFFFFFFF1E
:10728000FFFFFFFFFFFFFFFFFFFFFFFFFFFFFFFF0E
:10729000000102030405060708090A0B0C0D0E0F76
:1072A000101112131415161718191A1B1C1D1E1F66
:1072B000202122232425262728292A2B2C2D2E2F56
:1072C000303132333435363738393A3B3C3D3E3F46
:1072D000000001010202030310203040AA55AA5504
:1072E000000001010202030310203040AA55AA55F4
:1072F000000001010202030310203040AA55AA55E4
:10730000000001010202030310203040AA55AA55D3
:10731000000001010202030310203040AA55AA55C3
:10732000000001010202030310203040AA55AA55B3
:10733000000001010202030310203040AA55AA55A3
:10734000000001010202030310203040AA55AA5593
:10735000000000000000000000000000000000002D
:10736000000000000000000000000000000000001D
:10737000FFFFFFFFFFFFFFFFFFFFFFFFFFFFFFFF1D
:10738000FFFFFFFFFFFFFFFFFFFFFFFFFFFFFFFF0D
:10739000000102030405060708090A0B0C0D0E0F75
:1073A000101112131415161718191A1B1C1D1E1F65
:1073B000202122232425262728292A2B2C2D2E2F55
:1073C000303132333435363738393A3B3C3D3E3F45
:1073D000000001010202030310203040AA55AA5503
:1073E000000001010202030310203040AA55AA55F3
:1073F000000001010202030310203040AA55AA55E3
:10740000000001010202030310203040AA55AA55D2
:10741000000001010202030310203040AA55AA55C2
:10742000000001010202030310203040AA55AA55B2
:10743000000001010202030310203040AA55AA55A2
:10744000000001010202030310203040AA55AA5592
:107450001C36C84190A1EDB4A79DD47EF3AA39078C
:10746000677CA4C371BA8E78AE7C94B222C84ED524
:107470008214F46417E45E9BA46A61680E8E09842A
:1074800079FA7CEF525FD641D2E2D9CEBBE6D65034
:107490005F5BCECE9346BF79689DD27F5E8E13AE82
:1074A0004507B95818FBC9077903AF61EFF0E158F8
:1074B000C5D0EEE761711FDB60C472AF8ED3574059
:1074C000FF34873E5FEFCCABC8D9CCD3A27234E097
:1074D00034030301E052C478729B75E168B0A6F4EE
:1074E0008DF3A439E4C9396E94DA7BD9FBB663D144
:1074F0007AFEAD4B68AAF7A245BDA9D22709D2767C
:10750000069EB199C854F05BB4C6EAD7B272419DE9
:10751000BEC10C7D6DC82EF499298F0A2EAA12C601
:10752000F9F6AFC68337BB6AC629C3748271FC9172
:1075300046E33380286840F1C154B54DB8DA8F84F2
:10754000163BC98DCE8674A0A6AEB421DDABAACA07
:107550006E4D83A45981098FEC5611DA8A1F59F8B0
:107560001E7D97824BDD4516CF832A58C90367DC01
:107570006EF3919880FEC5E1A03FE85A97FE869A87
:10758000E7415F502EA9E2FA9BD26C6E50765C7D8B
:1075900041ED022A6161FEA889E37FCD98FD8D67E8
:1075A000333D7AE24193BF1248D62FC29869013227
:1075B000C19BD521DB9EB2A15EB9304B9C46B3A1E5
:1075C00043F0DDEA996E6D96D9DCAB804F51841A99
:1075D000E84595FC0A40C0C60F3B9C3D66A87C0D63
:1075E0000ADC99EA7832215C4A8909DD34082E5C8C
:1075F0008700AC99C124AA54B37F2CD0E4D38A204D
:1076000000280B535A87C8892EDF96D21186DCB822
:107610005515289351518F6C5CFCAF4D8E878D7939
:10762000DDEEC71FE3A74F48131940E5CA597AB7E3
:10763000A0A156980B20DBBB1755DCE7DE62CD2AF4
:1076400002CFE3673655DBED7A1E869FCFEA1550F1
:10765000E1D25910368FDCE701222207EDA119B6DD
:10766000A039A7BE84C31C5ECD81B038AB5DBE62BD
:10767000D7437D8961155A569C60627614A5375AA6
:1076800022B8374E783F1F67F9C6B8E6852C81E2ED
:10769000062E7CB4A79D55155AE51D0425A08376BA
:1076A0004424CE7F46A9F1066F08C1A348B71191C3
:1076B00039BB25E99272EAE49FB89DE995E2E3CAF5
:1076C000AA8D87D0A7D47FD67027815B8741AAAACD
:1076D000EBF97E6490709D0D63E52D484FFDF61D1E
:1076E000F1FCAAE41BEA5C3D81BC9952F7F3DBEAAA
:1076F0003BD62C89B8F4F5B67BFA6284EB1076AEF3
:107700001F951221E2F2DC7828DC0D988BA0395805
:107710005A4CCC835B98B97D5E917A324945C6EF6D
:10772000BED730AF93FA366D4CE90CFF92910A78D0
:107730007ADA54C2FFA24D8E0D9540983337750BFF
:1077400002327FC961294F1A16EFCE77C584F272D3
:1077500010AC2522BB85675808E7C43B641A8642F3
:10776000B7DA816379218E1811EF924E29B6A2956E
:1077700034F1D625CED823516ECC08795CB4DB9E8B
:10778000F5375A88A6FEA6EE65D1F5ED65485BFA99
:1077900023EF9BADA25DFB812EEDA063C5E4BE4E41
:1077A00005C736E3C95E47E6A4430A39B6BC000DF7
:1077B0004080C1E62BE6D51B8CEE9F63EFC371C4FE
:1077C00066598ED81299B458D4B9341C2407B1AE76
:1077D0004ACFAE83398B68F2FA926CD34DA31EAEBA
:1077E000242668F67510A96CF3FE186EAFA8A68B58
:1077F000DD89D341B015F918881CF79192974D3562
:10780000E0CAA43137ABC2954218FC21CAE58144D5
:1078100083781A28E33ED04BB229B7E19BAB4D9257
:10782000685B52752277174B6F94C2A3FFD99F18DC
:107830008C1B06F508A05D8D2B1553E316837EA0E7
:107840002C408450840B5B7B0B772D91D8B29752E0
:1078500001495D965B98DF6A94006DD31A113A5D19
:107860008492B609698C52BFD5099106C3F559B502
:10787000719F0D7525B189A97979E01B4080F91BAD
:10788000401D4A9CE443E2B871A3AC47BBA7856B9B
:107890000F1E5397580FF44A93935B10FAAE078666
:1078A000620A13B39AAB645AD85AF17EEBD48D0CAA
:1078B000721E04301A7CEEAF4AB9C8E7F405ACEE8C
:1078C0009163CE75450896466DC5142909676E9F6C
:1078D000F266B3201C6B6A39C38F327D0D10599943
:1078E000B1D21A8BD15E4DDCEB182A822DE43D5DBE
:1078F0001B16FB9F935DF6FDA067D0FE68EFA90FF6
:10790000383E2436EAF1E70905E3B6A9EA9FCF1825
:107910001BE2607A47687A2F50E533C61333C40FF1
:107920003CCD7197517955CC4DF54F0D1E019F916E
:107930004C5621CCF9C278E868D83CBD4CD720AB76
:10794000123D4CC810C23846D6FFD2440FAC157752
:107950000C55BF530302B467C18F4A70C3E817B018
:107960000F8B06C11D1452E7DB973F5443DDA91569
:10797000D55BF7F58B7F0EA28A59BEB955A9EA0CE3
:10798000DB6BAA6BFD56861F274C6FA23336012F87
:10799000657C2D2DF9274595160EEC4265CF3BAA47
:1079A0009DCA155D4B0567FD80F246639EAA72BEB7
:1079B0007353A7CD7FE66E6C9EAFC5FC16434DC2D8
:1079C000642180C01850BAB26038EF9B6FA9F3D51C
:1079D00014EE00F5B9306CE2707E42E6C711FB1E72
:1079E00052AD730E1BB6C13EFFF6D591F078E2E6BC
:1079F0009E13353FD71B6B6BE3FC0A61B703379DC2
:107A0000B4936301B838046B2D4514093B1432D785
:107A1000D2BD7E4683E7DFAE5F4414036FC04B7A6E
:107A2000F16A7BF60DB82EF62FEE0608DF30DCFF8C
:107A30002A9A223E7B4B4619A9A1166A017E0CD6D2
:107A4000A425BDB93B685394948CD55FEFC592D102
:107A500065E34D06A0A5C4856BF825215EAC9510A5
:107A6000955AB25B17F47A9CAA9D7323E58073172D
:107A70008CB696E7E5FF92B0EA2AFE0F96832713AD
:107A8000CBD7DED188BA135A8385F64ED69A333DCA
:107A9000EA0EC5AA6237C13922F9EE8B3AF60F6AAF
:107AA0006757F0C69FC22A5816C04FFBE2E5C84888
:107AB0008B95B5F72A01F6C07B56E5C0C728DBE5F4
:107AC000F11CE9A26DD2630EE1970FD788D98E0A17
:107AD000FD3393A065C1CB8ECFB2C201B76F1E1923
:107AE00025B6503371B47529B04AF10BE2C054F495
:107AF0009390646AB9CB89E7A9EEA76CCA079D3D4C
:107B000056FC9EDAACB67A7EF20F4E508B11144EB4
:107B1000F69FCFC012FBF9124751464BDE80FD089D
:107B2000006B974BFA9B5F5E90758E61ACB4F5C2AB
:107B30007D21834377961AF05202A673E2B11FA902
:107B40001D3F72692C27A57C2A0F766B499AB1BD1F
:107B5000FC763B16A0351EAF6AF0433AB6E2868843
:107B600075D28B2CF323886481E76621753C62759E
:107B7000B998DCB40FBAB5C73B7A037D53F86432C9
:107B80004874790648EBC582A603AA7AFF007063A1
:107B9000883F44D282A580D3404A7E8CB55E13AC28
:107BA0001386B4B588965562E9BD22B498F5F2D72C
:107BB000646781DF56462707A4D07031D2351EDFB7
:107BC000F71C05E2137D38752AF0FAF401C197011C
:107BD000C7893ECD1EF5E555D50C1DA5BDFC047D20
:107BE00038A8032A47B9E7BF71B2B472671B592797
:107BF00028B45200F41661AD295FBC66389469CD93
:107C0000177DB21E1660446F795C84CEA358A735E9
:107C100015E1348C1E9BE2C6FB2037A99EF19279B8
:107C20004169DC6E1653D480CA03EBE3A01EF3BA9D
:107C3000A20B315CA4AE0190E18AC56BE7D9C46D9B
:107C4000B37C9B8DDA8491B1B9AD82272E324DEB96
:107C500080858A8F94989DA2A6ABAFB3B8BCBFC3F2
:107C6000C7CACDD0D3D6D8DADCDEE0E1E2E3E4E483
:107C7000E4E4E4E3E2E1E0DEDCDAD8D6D3D0CDCA56
:107C8000C7C3BFBCB8B3AFABA6A29D98948F8A857B
:107C9000807B76716C68635E5A55514D4844413D16
:107CA000393633302D2A28262422201F1E1D1C1C65
:107CB0001C1C1C1D1E1F20222426282A2D30333672
:107CC000393D4144484D51555A5E63686C71767B2D
:107CD00080858A8F94989DA2A6ABAFB3B8BCBFC372
:107CE000C7CACDD0D3D6D8DADCDEE0E1E2E3E4E403
:107CF000E4E4E4E3E2E1E0DEDCDAD8D6D3D0CDCAD6
:107D0000C7C3BFBCB8B3AFABA6A29D98948F8A85FA
:107D1000807B76716C68635E5A55514D4844413D95
:107D2000393633302D2A28262422201F1E1D1C1CE4
:107D30001C1C1C1D1E1F20222426282A2D303336F1
:107D4000393D4144484D51555A5E63686C71767BAC
:107D500080858A8F94989DA2A6ABAFB3B8BCBFC3F1
:107D6000C7CACDD0D3D6D8DADCDEE0E1E2E3E4E482
:107D7000E4E4E4E3E2E1E0DEDCDAD8D6D3D0CDCA55
:107D8000C7C3BFBCB8B3AFABA6A29D98948F8A857A
:107D9000807B76716C68635E5A55514D4844413D15
:107DA000393633302D2A28262422201F1E1D1C1C64
:107DB0001C1C1C1D1E1F20222426282A2D30333671
:107DC000393D4144484D51555A5E63686C71767B2C
:107DD00080858A8F94989DA2A6ABAFB3B8BCBFC371
:107DE000C7CACDD0D3D6D8DADCDEE0E1E2E3E4E402
:107DF000E4E4E4E3E2E1E0DEDCDAD8D6D3D0CDCAD5
:107E0000C7C3BFBCB8B3AFABA6A29D98948F8A85F9
:107E1000807B76716C68635E5A55514D4844413D94
:107E2000393633302D2A28262422201F1E1D1C1CE3
:107E30001C1C1C1D1E1F20222426282A2D303336F0
:107E4000393D4144484D51555A5E63686C71767BAB
:107E500080858A8F94989DA2A6ABAFB3B8BCBFC3F0
:107E6000C7CACDD0D3D6D8DADCDEE0E1E2E3E4E481
:107E7000E4E4E4E3E2E1E0DEDCDAD8D6D3D0CDCA54
:107E8000C7C3BFBCB8B3AFABA6A29D98948F8A8579
:107E9000807B76716C68635E5A55514D4844413D14
:107EA000393633302D2A28262422201F1E1D1C1C63
:107EB0001C1C1C1D1E1F20222426282A2D30333670
:107EC000393D4144484D51555A5E63686C71767B2B
:107ED00080858A8F94989DA2A6ABAFB3B8BCBFC370
:107EE000C7CACDD0D3D6D8DADCDEE0E1E2E3E4E401
:107EF000E4E4E4E3E2E1E0DEDCDAD8D6D3D0CDCAD4
:107F0000C7C3BFBCB8B3AFABA6A29D98948F8A85F8
:107F1000807B76716C68635E5A55514D4844413D93
:107F2000393633302D2A28262422201F1E1D1C1CE2
:107F30001C1C1C1D1E1F20222426282A2D303336EF
:107F4000393D4144484D51555A5E63686C71767BAA
:107F500080858A8F94989DA2A6ABAFB3B8BCBFC3EF
:107F6000C7CACDD0D3D6D8DADCDEE0E1E2E3E4E480
:107F7000E4E4E4E3E2E1E0DEDCDAD8D6D3D0CDCA53
:107F8000C7C3BFBCB8B3AFABA6A29D98948F8A8578
:107F9000807B76716C68635E5A55514D4844413D13
:107FA000393633302D2A28262422201F1E1D1C1C62
:107FB0001C1C1C1D1E1F20222426282A2D3033366F
:107FC000393D4144484D51555A5E63686C71767B2A
:107FD00080858A8F94989DA2A6ABAFB3B8BCBFC36F
:107FE000C7CACDD0D3D6D8DADCDEE0E1E2E3E4E400
:107FF000E4E4E4E3E2E1E0DEDCDAD8D6D3D0CDCAD3
:10800000C7C3BFBCB8B3AFABA6A29D98948F8A85F7
:10801000807B76716C68635E5A55514D4844413D92
:10802000393633302D2A28262422201F1E1D1C1CE1
:108030001C1C1C1D1E1F20222426282A2D303336EE
:10804000393D4144484D51555A5E63686C71767BA9
:1080500080858A8F94989DA2A6ABAFB3B8BCBFC3EE
:10806000C7CACDD0D3D6D8DADCDEE0E1E2E3E4E47F
:10807000E4E4E4E3E2E1E0DEDCDAD8D6D3D0CDCA52
:10808000C7C3BFBCB8B3AFABA6A29D98948F8A8577
:10809000807B76716C68635E5A55514D4844413D12
:1080A000393633302D2A28262422201F1E1D1C1C61
:1080B0001C1C1C1D1E1F20222426282A2D3033366E
:1080C000393D4144484D51555A5E63686C71767B29
:1080D00080858A8F94989DA2A6ABAFB3B8BCBFC36E
:1080E000C7CACDD0D3D6D8DADCDEE0E1E2E3E4E4FF
:1080F000E4E4E4E3E2E1E0DEDCDAD8D6D3D0CDCAD2
:10810000C7C3BFBCB8B3AFABA6A29D98948F8A85F6
:10811000807B76716C68635E5A55514D4844413D91
:10812000393633302D2A28262422201F1E1D1C1CE0
:108130001C1C1C1D1E1F20222426282A2D303336ED
:10814000393D4144484D51555A5E63686C71767BA8
:1081500080858A8F94989DA2A6ABAFB3B8BCBFC3ED
:10816000C7CACDD0D3D6D8DADCDEE0E1E2E3E4E47E
:10817000E4E4E4E3E2E1E0DEDCDAD8D6D3D0CDCA51
:10818000C7C3BFBCB8B3AFABA6A29D98948F8A8576
:10819000807B76716C68635E5A55514D4844413D11
:1081A000393633302D2A28262422201F1E1D1C1C60
:1081B0001C1C1C1D1E1F20222426282A2D3033366D
:1081C000393D4144484D51555A5E63686C71767B28
:1081D00080858A8F94989DA2A6ABAFB3B8BCBFC36D
:1081E000C7CACDD0D3D6D8DADCDEE0E1E2E3E4E4FE
:1081F000E4E4E4E3E2E1E0DEDCDAD8D6D3D0CDCAD1
:10820000C7C3BFBCB8B3AFABA6A29D98948F8A85F5
:10821000807B76716C68635E5A55514D4844413D90
:10822000393633302D2A28262422201F1E1D1C1CDF
:108230001C1C1C1D1E1F20222426282A2D303336EC
:10824000393D4144484D51555A5E63686C71767BA7
:1082500080858A8F94989DA2A6ABAFB3B8BCBFC3EC
:10826000C7CACDD0D3D6D8DADCDEE0E1E2E3E4E47D
:10827000E4E4E4E3E2E1E0DEDCDAD8D6D3D0CDCA50
:10828000C7C3BFBCB8B3AFABA6A29D98948F8A8575
:10829000807B76716C68635E5A55514D4844413D10
:1082A000393633302D2A28262422201F1E1D1C1C5F
:1082B0001C1C1C1D1E1F20222426282A2D3033366C
:1082C000393D4144484D51555A5E63686C71767B27
:1082D00080858A8F94989DA2A6ABAFB3B8BCBFC36C
:1082E000C7CACDD0D3D6D8DADCDEE0E1E2E3E4E4FD
:1082F000E4E4E4E3E2E1E0DEDCDAD8D6D3D0CDCAD0
:10830000C7C3BFBCB8B3AFABA6A29D98948F8A85F4
:10831000807B76716C68635E5A55514D4844413D8F
:10832000393633302D2A28262422201F1E1D1C1CDE
:108330001C1C1C1D1E1F20222426282A2D303336EB
:10834000393D4144484D51555A5E63686C71767BA6
:1083500080858A8F94989DA2A6ABAFB3B8BCBFC3EB
:10836000C7CACDD0D3D6D8DADCDEE0E1E2E3E4E47C
:10837000E4E4E4E3E2E1E0DEDCDAD8D6D3D0CDCA4F
:10838000C7C3BFBCB8B3AFABA6A29D98948F8A8574
:10839000807B76716C68635E5A55514D4844413D0F
:1083A000393633302D2A28262422201F1E1D1C1C5E
:1083B0001C1C1C1D1E1F20222426282A2D3033366B
:1083C000393D4144484D51555A5E63686C71767B26
:1083D00080858A8F94989DA2A6ABAFB3B8BCBFC36B
:1083E000C7CACDD0D3D6D8DADCDEE0E1E2E3E4E4FC
:1083F000E4E4E4E3E2E1E0DEDCDAD8D6D3D0CDCACF
:10840000C7C3BFBCB8B3AFABA6A29D98948F8A85F3
:10841000807B76716C68635E5A55514D4844413D8E
:10842000393633302D2A28262422201F1E1D1C1CDD
:108430001C1C1C1D1E1F20222426282A2D303336EA
:10844000393D4144484D51555A5E63686C71767BA5
:1084500067E6096A85AE67BB72F36E3C3AF54FA5D5
:108460007F520E518C68059BABD9831F19CDE05B01
:10847000982F8A4291443771CFFBC0B5A5DBB5E98F
:108480005BC25639F111F159A4823F92D55E1CAB03
:1084900098AA07D8015B8312BE853124C37D0C5591
:1084A000745DBE72FEB1DE80A706DC9B74F19BC1D9
:1084B000C1699BE48647BEEFC69DC10FCCA10C24C9
:1084C0006F2CE92DAA84744ADCA9B05CDA88F976AD
:1084D00052513E986DC631A8C82703B0C77F59BF17
:1084E000F30BE0C64791A7D55163CA066729291443
:1084F000850AB72738211B2EFC6D2C4D130D3853E0
:1085000054730A65BB0A6A762EC9C281852C7292A1
:10851000A1E8BFA24B661AA8708B4BC2A3516CC7CF
:1085200019E892D1240699D685350EF470A06A1008
:1085300016C1A419086C371E4C774827B5BCB03457
:10854000B30C1C394AAAD84E4FCA9C5BF36F2E68F5
:10855000EE828F746F63A5781478C8840802C78C84
:10856000FAFFBE90EB6C50A4F7A3F9BEF27871C687
:108570008D01020408102040801B3600637C777B4D
:10858000F26B6FC53001672BFED7AB76CA82C97D0F
:10859000FA5947F0ADD4A2AF9CA472C0B7FD9326A0
:1085A000363FF7CC34A5E5F171D8311504C723C3A4
:1085B0001896059A071280E2EB27B27509832C1AE8
:1085C0001B6E5AA0523BD6B329E32F8453D100ED42
:1085D00020FCB15B6ACBBE394A4C58CFD0EFAAFB26
:1085E000434D338545F9027F503C9FA851A3408FEE
:1085F000929D38F5BCB6DA2110FFF3D2CD0C13EC06
:108600005F974417C4A77E3D645D197360814FDC9A
:10861000222A908846EEB814DE5E0BDBE0323A0A7E
:108620004906245CC2D3AC629195E479E7C8376D02
:108630008DD54EA96C56F4EA657AAE08BA78252E27
:108640001CA6B4C6E8DD741F4BBD8B8A703EB566B0
:108650004803F60E613557B986C11D9EE1F89811A1
:1086600069D98E949B1E87E9CE5528DF8CA1890D90
:10867000BFE6426841992D0FB054BB1601020100BC
:108680000101010001020302010000008422001028
:108690000E24001000240010E6230010D823001040
:1086A000C8230010BA230010A6230010882300104E
:1086B000742300104E23001012230010BC2200105F
:1086C00096240010C82600109426001018260010CA
:1086D00010260010E6250010BE2500102A270010E5
:1086E00098250010E0240010D6240010CC2400109F
:1086F000E024001030313233343536373839616296
:108700006364656630313233343536373839616207
:1087100063646566303132333435363738396162F7
:1087200063646566000000000000000000000000B7
:108730003B7DD85D2526561DC10709B950718F4470
:1087400077805F094A4FB7DA57F4EF77EF08B590B3
:108750004109FC85C77508C5692C8D7331D9950011
:108760009CBA175E199F1963C2CE3FB66B00A40571
:108770008981BFCEABD9787A96C9227DDF2B8A9DBD
:108780007EEE93A1F2C20254B08930388CE3FC290A
:1087900099A1E02229B39E97E324611152CEC4C16E
:1087A0009CA4D3B71B19F75BFA584B6FC787A17D01
:1087B00018639D4A21E433A32CDCC94F385F61DA8A
:1087C0005D11AFB3F3AB6F1FEF002CF9353BCA540B
:1087D0002FCADAA99EDBE33DF22A9896869FB87EDF
:1087E00075888DA4DA5FEB84C02270C9FDC3D04BBD
:1087F00004D8B0F85F3FD32D9A1A440A1520C71346
:1088000056129B2B118E4332ADC6A8C155CF07E837
:10881000FBA98BF2EC247A8CA7BF3CD18C05252CCC
:10882000BA57FBF6BD5C9A0A03614624CF3206486C
:108830001B743E9E896E2AB27CF70C4AE2F5DB5D22
:108840006756E93745A45CE4562F0D3EDAD61FC7BC
:10885000D6ED7B0F981EF93CF7C23AB02974E03B85
:1088600030E119764BD46A75DDE8308163182E1A31
:1088700013F142530B93F1B534DDAF14C10177DE30
:10888000B3BEE3946274FDD1ED332A00C9D2392717
:108890009587B745D0116772B2A794E588CE1A8143
:1088A000D815DFC43B0D803E1FAEF60EC165B89EE5
:1088B0002E9EC5FB5295DEDD08B306908626581B1A
:1088C00093E42C94EB5C9FA8ACB0C46AB787606C4F
:1088D000B7A7500508C686B02179D127C7AF9EA09B
:1088E000F93DCBC67DBB9E675CC5DCE24F34D2E46C
:1088F0000EA5039E5B64B260057D78FD66C714C853
:108900007AC092C2A78C6FA235CE7214D27E3C1967
:108910008BFB5354B9D99836F32498B8FC5722AE40
:10892000DD93F868D05871C7646F932596DBD11238
:10893000B5F16F9FCB1641D91063EB485FF02C1651
:108940007E6EE951A6D33AF44A3E9C68F50A36FB9E
:1089500063161411756752A9880AB842FAB857C944
:1089600014C194AD4A241828892A6A5D7ACBCEC2F4
:10897000BD256EC97A6264DA0A113F5E78993CAE11
:108980001972AE44528ED58C917AF2838467BC3AC8
:10899000F190E9C38ECB47061AE43F47DF7DA00F75
:1089A0009A864F4D6B460CF2942E990822B03252A3
:1089B000B245B665ABAFBDDE67835A234B6F1F84EC
:1089C000315EAB063649537A9EB0CDA532CE4DA866
:1089D0007DBBEA7C2425591BD888244DFE9D4690FA
:1089E000128A76EBC2CBF74B64367B82F434207D5F
:1089F0008B5285F43652A997D53A813D355D814E2B
:108A00008DD2DECC6B423D4A9574DBBE868621A7B3
:108A10003989DEBB7C97CC38E9C5B331292C3A249F
:108A200016D593BBE3DF3A4E53C91DB374F38BA93C
:108A30004441DF232DA04987FCC5FDF628960DB9DA
:108A400094C250FD32E62BFC55BBECC97E3C317C18
:108A500099DB43AF50B4633B6F953537D71CE3596F
:108A6000B973338645A8631DDD76106546A9CCAD84
:108A70003CB087D4AC475B2EEF6EA869639B968FA2
:108A8000BB8A062C53B066ADA8E4F18A0A7B135862
:108A9000D11FE860108D18C06710239139DD956EE5
:108AA00038D734DD135B6EECF6C1DD36D2C0CF9023
:108AB000F7017476451E3694C2F7BDBE59FA5A8640
:108AC00056C268CFE892863F55F52E05790E723E64
:108AD000CAD623AB561746BAD6998736D79F627443
:108AE000A528D6D022A1FA451E9B94C908E2A60A61
:108AF000172B3E5CC53C01C2D3A9DC88A104ABAEF8
:108B00003468A38AAA2E70CCCBE56EA697D7D91D60
:108B10009D0A95AE9A88713AA20DE18896B93749B7
:108B20006D63CC258B299DE63871E6A6C9F07AD80D
:108B3000347E591F117A230AA6F06649E5C1566FA3
:108B4000AF5DC86E1DE83EFCBE6A608CAA1A3F9BF2
:108B500092242228566825975E200C453883ABE383
:108B600069BE8F9780C8F6C299682842D4C4A218FB
:108B7000AC6EF85808AEC6C57C63BC57D1095B8C97
:108B8000437C26E5288DE521F3DB200CB42CB13F96
:108B9000A96C5EC5177022A6BAC9ADCF729ECC7300
:108BA0001587A41F00C9511C1522CB870C8D3E448C
:108BB0008C1D8342EFA4442B55554D9F115B4130D2
:108BC000295D55C6C55344DB7FEBD12D0D055F688C
:108BD0003E8767BC600DD97C04F20FFF26C683D3A5
:108BE000AA56005FB1411A1227169176F41A9BE635
:108BF0009930A08427052C5C4BC5EED60592992AA6
:108C000080B3E8384C61AC68D72E59879476A68239
:108C1000349471E8075D34A5F0C33D57BD815626F5
:108C20002765670B2A031C44F13B10F4FEA925EBD2
:108C3000D7C50C2E354ABFBDBB38A97AA2AF4A6A48
:108C40006E4395C1DC12BE37A469C68F592FC46725
:108C5000A70C70D969177B20CCE3251338F4DA7D93
:108C60007A6A56337BC07FE3AB2819BB2767A361C1
:108C7000E4DA8E0F14897B4E91EC3A983EC9AD2E02
:108C8000C4B9B4063008CF9586A10EE7A884C523E1
:108C9000CBD81FB6687829B9EBA187E5040714FA89
:108CA000FBF68336150F087693FBE104BEBEF87D14
:108CB000D2898F73C970A199CC1E540BE40B0AB7EB
:108CC000A757A003A1CC303D6A3F99EBBC6276C99F
:108CD000960FFD620D5B4953135C79830A172C32A2
:108CE0003484740A693738F27C600A3C5140533846
:108CF000C9437DAD812D269256B3D118C4BF458599
:108D000009556311618558D67DB27BC01F8FCE7324
:108D10004152219939A00B27864553ABB580620695
:108D200041020856135409945DCE40A27A239C0E4A
:108D3000D73938AFBD98ADF0E9ACF9954F78A35A63
:108D400048AD54AF85BD84C8C4DEB9CA63551BAFF6
:108D5000A22566CBDF7F68F235767CD987FC94DF6D
:108D6000F7BEC4DDA4992E635E0F157E8254A67DE6
:108D7000A8949D36BB3B99AF87A139D6AD8615B671
:108D80009671A5FD886F8630B2C1BF3909093727B2
:108D900066819518F4CE134379FCA957A8ADEC2B46
:108DA00085DC803919D154F9E10A98D3884A9DC6E7
:108DB000B37FCCAAAFCF4214410C3E285E6F8374C0
:108DC00042FAB7DDD06AA38B20E5167A913293CBB5
:108DD000B407A60AE6C898B9F03A6FC510DC49FD99
:108DE000DE9E8194205464771E78ACC2723BAA1533
:108DF000B65199A65514015AAF755DE24A6FCA651E
:108E00006A11EA4A6C2C981DEDB41ECFBD48804211
:108E100081A6593F847AE95AB04C4B7E98027FD2A2
:108E2000626C2B1E1348D8ED9B6402D494C4BDFC25
:108E3000AA19616330A60263723B7BBF6DE8149F81
:108E4000C5C4662B9AA5699D5A174F0624D8A5A4B8
:108E5000F54C8A36FDD3DA9BE3DDA9C72D6DAE163E
:108E600096D24A8B121D005F45C113701728BF1997
:108E7000CF19F49FB212941818CA7731A80C7D88C4
:108E8000DD0A64B6084E525A1D5CB6C4951E0BC26C
:108E9000CF1BA6A19C6D9F14B368C1703ABE23E698
:108EA00049E44E22E5777FD9DBC515BF663BFCE878
:108EB0003BE4A7B983669B791151D6EF523ABC6067
:108EC000E8528F3E6E72011F1EFB17B7BB6DD55C5B
:108ED0006CB252767C05671E2BF188DF6BD5CAE039
:108EE00012F6B014378F69C1B58538303150AD27CF
:108EF000542C447072CF4A9148CC0EA7C5E9DA428F
:108F0000B0D9EE341B6C4EE6B6A702EBB392A404C4
:108F1000BEAA2415E19750D3EAA7ABD1D45B2BB8F6
:108F20006A9C2D91EC7D1E7561DF5BFC0B0AEBC228
:108F3000377222E061A924C591CD9C27EA163ED460
:108F4000C1318D81240FCDC6C3C5690E2C5A9C70CA
:108F50004DF1CD524928B974340EB6949775834FAC
:108F60001271439EA463B37AE6B27FD4AE52320448
:108F7000488A8893CFB08D1E24A49A794FF335ABDD
:108F80002C885BE175E0775657BA5237F467CE56B6
:108F90005153D9110682B1AFD61143D372CA1165AC
:108FA000721D8C2F11C61B62056A6E1AB93E6BD9F1
:108FB0005CCEAEC7247A4337599E7B0AB68CFE3806
:108FC000FC0BF9B3BB4DF9B52C28B1ABA163E9ADEE
:108FD000E81458A48548C98A47BA00222238325D6D
:108FE000ECB2C273D4FB632D5BDEEE53BE286B9AEA
:108FF000AD97EA79CD2050F6F9E72EABABA424F675
:109000006F168DE81E6893121457B14D717E34555A
:1090100087AEE6A7A63BAABC6EEC9E05E78E914103
:109020002C7808B72538348AA75EB11605A0ED1D47
:1090300018277EF3D010053DA190D8D6235D2F7957
:10904000557015E77828418FF9D4AF49CAF3594BC9
:1090500062043B70131BC486B3157C5B4062961A96
:109060005C965E3D6140DDBEBB9EDF1D29121EB9D0
:10907000FB3B842996D48F2A99A6FBAEBECEC8F5B9
:10908000F2A447E264939E5E79FC36B8D3F9FC11F2
:10909000A3EAB0A79E0B3F6792289B9E67F5E793D4
:1090A000FC51CFDBFC3F5E4A1763C5AF9CCAE86D3D
:1090B0002252E5580777DBB525C90A9B6B43E6C00A
:1090C000AA8AAB9875C092E027793D7CA722D93A4D
:1090D000A835808B9367BD05F75742B069FBCBB1CC
:1090E000301B1ADC126EE833916E2FECD710121978
:1090F00074C27EF55FD711339A3927D0BB88062B0F
:10910000B24C9F822E0BE08F790A57D5B57A9970B1
:10911000AEFD7C20BE02680D1F4EB80AFB8AAB76FE
:10912000ECA1E3FC552020CA400216E7203CCDF814
:109130009B4A022917B07F3FD82004C90415BF4CB1
:109140001765963436B0370832C3C1DEC1D1CF209F
:10915000213C51B275470A62AE9182692BF2E0B5AB
:10916000E16B115D36776ECA47805C6723DAD257B0
:1091700074A1543AFD5FB17C3A11DB6176BD959ED6
:10918000855CEB525F8C40D85E6B49C0AB81481266
:10919000B20E9884F4995F8A17282382C6C45E7041
:1091A000EC43DFD06FC1A0347FD448649B0D9D8B0E
:1091B00073D7A71953926142BEFE285755305A649F
:1091C000A44B8536ACCF5C39A36F3E7891BC850F3C
:1091D000B7ED985E515975ED9ACA86607E724070FF
:1091E000D008919BED82F50EC3803C206F771994D7
:1091F00037F589018E2D2F010BFF904EA57D0AE4D6
:10920000507138B780C6FD822BFA2E9982B32CAEEE
:10921000DB118736C38FC318CFB99182F9C3F141EF
:109220002E6E6E1C07E25D97D2DA93E2FF3CA2300D
:10923000CF318E08B4D69FA6036695FBB7DD54E503
:10924000DA7F64552F3001AAD211910495FCC581B3
:10925000BD37206C3ACC9AF84F19E0E63EE4584707
:109260001E0903EEA8C545436F7DC04C7D6A417A57
:10927000A41BB4AAE7DD7AE44C699298F85AFC7C06
:109280008AC00F463075DA0AA22C3F621677BA34CC
:10929000ABC474941095F8AA8D51FB5BC5AA47E640
:1092A000DB420ABB66248FED03BCC851E6E31B7E9C
:1092B00045CAB83357BB53DCB49D4268817EB76B57
:1092C000C032C91430B0EC0D371D3EBAC2A6AB8C0B
:1092D000A5C9B92345CB0AB381782F25C2BF342352
:1092E000A050A2714BBA4EE8AEDE2915A6BB8B0783
:1092F000D7DAD700D5E2525DA2D321058779AD3404
:109300008361D1D0F4CA2085D02B33B5BF4A1AC5AA
:10931000E09F4B5EB971B4C13491E8BB12C7C3B6CC
:10932000B50E6255578056DAE9BB38B4ACE47755D0
:1093300074BF7F6971A1CC6FE7912FDBB8EFF3ABFE
:10934000EF81132D05DB3485717A0366F524A8CBF4
:1093500004EBA2A26465CCF89D2706732FFFD623E9
:10936000F9234824D40A0354C8C6C663B89F70348E
:1093700095CF5FFCB36049A7E7C2F9816D14086A15
:109380005B0AE99AEE8D2F3C5B6D5B750FD36A1D0E
:1093900028C4968BF81431767C8B7D5875642E3CEE
:1093A000AB59B31BD18BA613EBBF9CEC13E4B210EB
:1093B0001E7A746BD2B415E5CCBA5B1500B8E46FB5
:1093C000F0E7A894092779DAB1D1715DC7D4C0500C
:1093D000808B6B1E5966E7E9F5EB784EEA91D7C3AF
:1093E00094DDBBE9671A6BEE1BD7B848ADD3E5A88F
:1093F000BD6EFEE88E3589F1CA841CD9F75CE58123
:1094000067CB8DD0028F29F71B6F1EA3538B1F8153
:109410002EF0DEB665DF8EA10FDDC3703DAA578446
:10942000303BD5EE2F9EC087791F01B2EDA0D4FD51
:109430006982ACC748E99FF4282332A9027899FAD7
:10944000C3C42221294BF666789D347CAF16C64FE3
:109450007DD8894F4ACF745D096C5EDF067676EA67
:10946000D3A8A5591E23CA7096549FDA47CCAFE201
:1094700039FE8838FDDC2BDB3723313EF863DDAE67
:1094800024816E09D3152D71D3B8CC5195FC86E299
:1094900013DA1FF7B138EFC4DC2054B30CF6CD9EBD
:1094A000DBB94F7BA002C3B0A9FE6B136BFC778CBA
:1094B00034469F2E453ACF907FD61076257C4DFEC0
:1094C000F22F55809B94E5B94D7C010E12CBE5053A
:1094D0007056CE9D82CDFBE3E55E1CC8F763371462
:1094E0000F29EC9F41925819A5A1C2D05ABDC2ECD8
:1094F000D9E6E38F392CCB60FEF4D0ECD5B70788E2
:109500003DB35579F0FD26E0074B95C723BDA75D18
:10951000CCE2DA4BFB534EE97046AF98BFF85B2ABA
:1095200044E1A30C5EF82209F95F390958589CC33D
:109530003C1C2EE7EDE880BDE93200A26E0EF84E2D
:109540009F16BBE4A406DFFB34144DA5C45A001FCC
:10955000B93C5CB3CCA28B7A986633EED673C9590A
:10956000F8D38AE48F6FB274A5F91D79D0F0523820
:109570007C08647C1F930B673D000F8A31D611E293
:109580001D36A4734B14C8DB04F3798F0D737791E8
:10959000BDA0B6CDFA3F771A52ECC9B5EC16AC496E
:1095A000A81D9B6A3D097A18E7BEDE2207E1F3B1E8
:1095B00008BEED7827C4F10FBBC90A369235800F7B
:1095C0009A4488A576993719A22497E53BD047910C
:1095D00026CC982B8264C4E443AFFDBD4E9AA6BD51
:1095E000D4FB62DAB8E3BFF83EB5021F4A9800A97F
:1095F0001B85A194BC30B77311CB7AB2AC848315B0
:1096000015330DE72D1301BBC6AA32FB8EEAE535F3
:109610008A5F102D82FAFF4D7404A92C7B88BA262C
:109620006DA4C78DEE2B0DE9E50A84F7F3AA8D0A28
:10963000DA2DDB3ACE964972EA33FB5E7D1F25F3C5
:10964000408CDE9A19A9E65201FC8C12044384185E
:10965000A4C5E4DFF29DC8C4C1C954EAB9E2AE2F83
:109660007DF486ECAD79D19C79EE56FB71E465E032
:10967000A9B94568214CA242587A22CA39C54FF48B
:109680006843A8AF1786227F1EEC16816C71C6B5A1
:10969000FDF66B8B2823B507CD7E3C946AE916F165
:1096A0003C314ABF5EDB84F7CBA090092CA380C578
:1096B000FB4D5254089D8C1819A02617A43BAB4BA8
:1096C000867E099FEAA9997388C7D4A899CCD366E6
:1096D00059F5B84D9D3164B85F848F97588B79B533
:1096E0006137A1290A2FF52B87346C77C34DBFA5AD
:1096F0007CFA37BE6E935BF139296C7B63E2BB4722
:109700009DC7A819121B757E35BF4CE5560542DC76
:109710008CC5D1FC3062B6779C0F07DA73D9F80597
:1097200091E2767FF08417E62A07CF6BA991CF9458
:109730005A2853B7FF97AD33DB4A525287C02316DE
:10974000F304B545B1DFFE42E0F1A5AADD700043A8
:109750000039B2AA407F02434078BDAA39B505431B
:109760008061A1AA453E0A430049C1AA4C5D10434D
:1097700080AAC5AA4577184310D8B2AAD925234391
:10978000001028A953593143B0B694AA309A4443E3
:1097900080DECDAA89925F43F428A7AB78A78343E4
:1097A000A0DF1DABCB52A34330F4042B40E4DC43D9
:1097B000E084BDAA3B083244D05A93AB40470145F0
:1097C0009A069DC22F96FAC4C098102BA10F22C4EE
:1097D000009EC3AAF8D2BCC3909C6DABEA1083C3B1
:1097E000C02F3FAAC84746C3D0F83EAA27E41DC3EE
:1097F000A8EBA0ABA41E02C3603914ABFACFDBC246
:10980000404756AB8525BDC2A048B0AAAD24A5C22D
:10981000405BCF2AC0E291C2C8A601AB042082C23D
:109820000029922991066AC2AC7719ABD0E753C2DE
:10983000E0039FAB080741C280B982ABB4C030C21D
:10984000007E69AB309922C200F755A94B3116C290
:109850004045942B963E0BC20004B1280C8601C2F1
:109860003040322B9AB0F1C170690FAAD51DE2C108
:10987000008934ABD114D4C100A4FCAA8F61C7C144
:10988000905F85ABD2D8BBC1A474A9AB8556B1C1DA
:10989000A08EA82A93BCA7C100FB02A94BF29EC1CF
:1098A00030769FABB4E496C10026CBAAC0898FC1A5
:1098B00000DC96AB19F388C1088FF32BA54884C14F
:1098C0002E6E1D3D61FF71C12CC522AB5B686AC164
:1098D000004E4D2AA0BC60C1849FA52CD15757C112
:1098E000F011292B6E6F4EC1A0820EAB790846C1D4
:1098F000581BD4ABDB1D3EC1E0130A2BE6A736C1D3
:1099000080C37CAB739E2FC1E8C4CCAB97F928C150
:10991000D871102BD7B122C1C018F22A41C01CC186
:1099200080E96EAB671E17C1208C6F2A53C611C128
:10993000804D31AB81B20CC194F46B2BC9DD07C1F2
:1099400080428AAB574303C1A2D19FAB2BBDFDC060
:10995000402E122A3356F5C040524EAB1649EDC088
:1099600050C20A2C0C8DE5C0C023C1AAD518DEC098
:1099700020072DAB30E2D6C080C7352AF4DCCFC03B
:10998000C008B6AB7AF9C8C0F02D5FABA221C2C047
:10999000974DA6AC9532BBC0D88B41AB45EEB3C05A
:1099A00000B6ADAA28D4ABC0A0A8AB2AA59BA1C085
:1099B000C0CB3B2A869890C088F6D02AB4A81DC098
:1099C0004E3C0EBF47FB00C120AF7EAB2C8CC0C00D
:1099D00040D260ABF13CB0C03098052B1813A7C043
:1099E000001AF2A86863A0C0C0EE50AA9FE69AC011
:1099F000B0218FABE41D96C0A89BD3AB39CD91C0ED
:109A000000A39AAB3BD48DC0403C982BA51F8AC0C5
:109A10000040EBA71CA386C08C99D2AC375683C0FC
:109A20007458E1ACF83280C0A0BE2A2BD4697AC049
:109A3000E83DBA2B4EB174C0289340AB0E376FC0CF
:109A40000084AE2AE5F669C03C32A0AB8AED64C062
:109A500094AA84AC771860C0C0C18FAAE5755BC0BA
:109A6000C0D0CB2ACE0457C0C0C67FAA13C552C0EF
:109A7000B81BA52CC1B74EC0B87B83AB96DF4AC0DC
:109A80004044712BF94147C05012F62ADEE843C02A
:109A9000A0FAC2AACAE640C0C8BCC02B2A603EC019
:109AA000007EB9A9C2A43CC0B0EC0CAB2D863CC072
:109AB0004025C42A5D0841C0B0BF6DAB455865C0A4
:109AC0007AA4813EB864D6BF002739AC17AF0FC067
:109AD000E086B7AB048B14C0767D412D45F314C0EE
:109AE000000C622915EC13C0C0BEAC2A6C4712C032
:109AF000A0565DAB8A5510C00C1A7EAB703B0EC0F1
:109B00004094F9AB520C0CC012CA052CF5D209C016
:109B1000B0D926ABAF9507C08850EAAA525805C005
:109B2000002078AB251D03C07406122C73E500C01D
:109B3000E00FD72BA563FDBF00930FA9A904F9BFC0
:109B400080D211AC2FADF4BF009EFDAA9F5BF0BF89
:109B500080F28DAB7A0DECBF0C1A86AB2EBFE7BF3F
:109B600000EC25ABC26BE3BF20519B29460CDFBF45
:109B700020BA6AABDF96DABF44F44D2B1EFDD5BF89
:109B8000801A16AB0429D1BF664EE3AD3CF7CBBFBC
:109B9000645CDA2CFD2AC6BF28F812ABD451BFBFD3
:109BA0006026D4ABFC76B6BF575B1BACC11EA9BF09
:109BB00080D6EC2B762F8EBFE05B3AAB462D1EBED7
:109BC00098BCFCBED28A3BC098320DACF6C6FCBF36
:109BD000E0DD8AABE40DE2BFE07112AAF506D5BF65
:109BE000C849672C6A98CCBF80C9C5A97B46C6BF47
:109BF00000D5A7A9421CC1BFA03572AA24A7BCBF2B
:109C0000A0C3CBAB22AAB8BF804B3B299D01B5BFF7
:109C100080C8952A3597B1BF10FD22ABFD5BAEBF62
:109C200090FFBFAB7645ABBF74E5432BD64BA8BFC7
:109C30002EEA062C0669A5BFA0AB192BFB97A2BF85
:109C400000BEAEAB43D49FBF0884372BA7199DBF7E
:109C5000244BAE2BE0639ABF2011F32A3AAE97BF94
:109C600040F688AB31F394BF38F1D4ABDA2B92BF16
:109C7000006AC4A8024F8FBF0000D328B34F8CBF27
:109C8000605605AB991A89BF7CB6842B059185BFB8
:109C9000C0917FAB7F7E81BF80AAD329010179BFAC
:109CA0004081002B26896BBF44CB1E2CAA5056BF87
:109CB000D006B4AB4EB329BF18D69BAB98381C3E28
:109CC00059D505BF0A500FC0E0E7F62A834DB6BF4D
:109CD00018F699AC2A1BA0BF8072962977A995BF68
:109CE00028A74DAC56268FBF8E9444AD796F8ABF9E
:109CF000623EA2AC7EB286BF50CD8BABFB8C83BFE5
:109D000080A4F12A9CCA80BFD0A477ABAE997CBF57
:109D1000F4C79DAC150178BFC09910ACF2B173BF08
:109D20004020B6AA659A6FBF8C84AD2B37AD6BBF50
:109D3000484DE72B1DE067BF929799AB982A64BF07
:109D400000ADB82C2C8560BFC08B68ABC7E85CBF8A
:109D5000048189AC334E59BF30D633AB83AD55BF88
:109D6000001D37295FFD51BFC0CCDAAA06324EBFB5
:109D7000C474B92BC23B4ABF9872362C680446BFE4
:109D800060E8892BCF6A41BFF89F992B3A3A3CBFD4
:109D90003005C0AB641836BF646BACACAB5B2EBF98
:109DA000F0A61C2D869923BF5CF60BAC9B2412BF3A
:109DB0005C028CAC4006D9BE489E15ACC11B8D3EE2
:109DC00068A509BFBDE0E4BFA5377DAEEC5F8BBFE2
:109DD000586F87AB1D3D71BF48969A2B5CF65FBFED
:109DE00080DD542AD87155BFC84EFEAB46024EBF27
:109DF000408E82AB343D48BFFFE6E82C197943BF63
:109E00008092CCABD05B3FBF006B1EAAC1B03BBF02
:109E1000B0D232ABF25638BFD6023CAC693835BF4F
:109E20008089092CB04532BF60EDF72B4C732FBFF2
:109E3000E02F0F2D39B82CBF607F5F2BF30C2ABFAA
:109E400000C80CABBB6A27BF58E5CBAB13CB24BF14
:109E5000702CAFAB362722BF0056ADA78D771FBF42
:109E60002097DCACF8B21CBFF02C21ABCCCD19BFD5
:109E7000DCC6B62B47B816BF041B83ABF85B13BF19
:109E8000E023222C1D970FBFDC67E0ABCE330BBF66
:109E9000B08466AB86D505BFFFE5CD2C479CFDBEE3
:109EA00080BC27AB4852E9BE1C22F5AB893DC7BE3A
:109EB00020AD9CAC684E77BE8034522A08D9F23E61
:109EC000BA4925BFB364D3BFA02E1E2BCE976FBF58
:109ED00010DDCA2AC3E949BFC60A97AB440B39BF94
:109EE000A0762BAB24212FBF4C349FABF56328BF4A
:109EF000482100ABA45F23BF052A70AD9A661FBF3F
:109F000050E323AC011D1CBF54E2462CC74D19BFC2
:109F1000A0505BAC32D816BF9641872B0EA714BF5A
:109F200054F8042C23AC12BF6505AFACABDD10BFF9
:109F300050948FABDB340FBF43304FAD07AD0DBF37
:109F400000FB702C1B430CBFF6EBAEAC50F50ABF08
:109F50003A97502D08C309BF40C92DABD0AC08BFFC
:109F60008012DF2988B407BFB04C3CABBFDD06BF11
:109F700088573AAB582E06BFF4FA43ACBBAF05BFC7
:109F8000F01ABB2C007105BFB012292A348B05BF13
:109F9000BE0A312C3C2A06BFB475E0ABAAA107BFAC
:109FA000A044FCAB4CA50ABF4200882B7F0911BF1F
:109FB000E07ECDAAE48421BF072D88ADA58678BFB9
:109FC000431AB83E38F4873D80AC71AA0A158CBE9E
:109FD000B24555AD1229ADBE4884F82B751DBABEE9
:109FE000803FBBABA25FC0BE2C1150AB8F98C3BEED
:109FF0003C644FAC2730C5BE11F6D12CEECDC5BEAA
:10A00000A0B3A12C2ACAC5BE96AEB62C8757C5BE32
:10A01000F0AA74ABF194C4BE00C82CAA1696C3BEB5
:10A0200050DE1F2CCD67C2BE3C7179AB8312C1BE1E
:10A0300080B4DCAA9A9BBFBE48AFF42B3306BEBEE9
:10A0400000582B2BA353BCBEEC2025AC9D83BABE7D
:10A05000008C70AB3694B8BE1CA820ACAC81B6BEE8
:10A06000A238C12DF245B4BEB49956ABDDD7B1BE0E
:10A0700080A639ABB829AFBE0091FAA8C426ACBE01
:10A08000308C982BB5AEA8BE283FA22BEF8CA4BE77
:10A09000361C0AAC30669FBE804A622BC38D98BEC8
:10A0A000B4B486AC45918EBE54137D2DE35A7BBE6D
:10A0B000A41542AC432C30BE44B632ACDFC33C3EA8
:10A0C00074C6D6BEB6C05FBF9B8994AC108304BF74
:10A0D0008051A7AA3968E3BE687F41AC327AD2BE0C
:10A0E000E0DCE22B7C6FC8BE98FF80AB4984C1BE28
:10A0F000B09463AC7B45BCBE4839EBAB7405B8BECD
:10A10000C0D5092BD067B4BE383533AC8836B1BE64
:10A11000C4B3932C954FAEBE20AA5A2C179CABBE4D
:10A12000C0A7F1ABB70BA9BE55C18DAC0B92A6BEB3
:10A130000035322AF724A4BED503622CA3BBA1BEEE
:10A1400000DE502BAB4D9FBE202A852B77D29CBEC4
:10A15000727E8D2C84409ABE787457AB988C97BED3
:10A160001005822BA3A894BEC077BCAA248291BEFE
:10A1700080829C2A99FF8DBE0034CBA828FC89BE22
:10A18000E09D8CABF03F85BE4022252B79E27EBE60
:10A1900020C6B1AA42EB6FBE70DFC12BEA535BBE93
:10A1A000F01C4B2CAF3D3CBE7FE5972D2E0006BE2C
:10A1B000B65DAE2CF33823BC97D136ACD232163F05
:10A1C0005E3C4BBFD90E99BFD9430AADAC6319BFF2
:10A1D00000BF58AADBF7F4BEC65FB4AC8FFBD9BE94
:10A1E000C05C92ABCF9ECABE0024EDABC98DC0BE91
:10A1F000B6913DAD9D59B9BEC7E7D2ACC1DFB3BE84
:10A20000B0968B2D9386AFBEB8F8E52B56F5ABBE56
:10A2100006EB81AC57F5A8BE53E584AC3763A6BE08
:10A220002A19052E3C27A4BEFE05ACAC1E31A2BEE9
:10A2300098D20DAB9375A0BE31CB90ACD8EC9EBE3E
:10A2400000FAC9ABD2919DBE1452022C8C619CBE07
:10A250001A9628AD025B9BBEB636A62B197F9ABE16
:10A2600080DA1C2AE9D099BEA639882D475699BEB6
:10A27000F09B382CDD1899BE935BEFAC182899BE83
:10A28000A0929B2BBB9C99BE80E9092BD59F9ABEBF
:10A2900088B98A2C58799CBEE00FF5A93AB29FBEC6
:10A2A000002F18AA2871A5BE10BC80AAB8B5B0BEF0
:10A2B00068780FAD8E80CCBEE4926A2CA8EE2DBFDC
:10A2C000C884D73E19162D3E02CB87AC025BE3BD96
:10A2D00060CA442C635729BE7706C62CE0FE3FBEF9
:10A2E00096129DAD4CA54BBEB88C18ABE74952BE3B
:10A2F00066610C2D213A56BE6C8F46AB078858BE5E
:10A3000078FC35ACA0C359BED1C7D9AC363F5ABED4
:10A3100028F7BD2B832C5ABEE89D112CA1AA59BE4B
:10A32000607E662D2CCD58BE3AD60AAC29A057BE09
:10A33000333CD32C2F2A56BE38B291AB8F6D54BE0E
:10A3400000E7D4ACD86852BE68FD3D2CE81650BE7C
:10A350008EFB20AC7D6E4DBE942C942B4D614ABE7D
:10A3600040E076AB5FDA46BE3143CCAC50BB42BE78
:10A37000C8F464ACB0D73DBE7B57AC2C14ED37BEEF
:10A3800050EA84AC9F9430BE22A90F2C3C2727BEF4
:10A39000B893B1AC64831ABE8BFF6B2D438508BEA6
:10A3A0000A530FADC92BD9BDCAF2D12B5F146BBDB7
:10A3B0004076562B45D4623D20CE16AB51F91D3F59
:10A3C0006E666EBF477288BFC4982DAC0A1B01BF72
:10A3D000F052D5AB1C83C8BEA0EAB22BDEA9AFBE3B
:10A3E000808DB2AB62C6A1BEE843582B8CE098BE0C
:10A3F0002829CCABDAAC92BEC850AE2B5B198EBE0E
:10A40000E4B5882D41958ABE39D4942CF1CC87BE11
:10A41000B0735DACE98C85BE62A405ADD5B383BED7
:10A42000680F5C2C562B82BEAB88D22D04E480BE14
:10A43000ADD203AD37A67FBE8061C62A29E27DBEBC
:10A44000E00E332D92717CBEFD86862DE14D7BBEE4
:10A450008E437A2EAF737ABE6F9B2F2D8FE279BE1B
:10A460008060382B379D79BE402371A91DAA79BE23
:10A470006080DAABAB147ABE78188EAC95EF7ABEFA
:10A480001075392C1F597CBEB41CC3AC84837EBEAE
:10A49000B0A8D62B52E380BEDEA0D82CAA6483BE1F
:10A4A00000997BA9CD7887BE6040952A2BF18EBE9E
:10A4B000800BBD2ADB77A0BEA817CC2B5304F8BEB7
:10A4C0006ECCA03E648AE23C241F75AC830E13BEA2
:10A4D0006C68022C75AA36BED4CA19AC1B7346BE72
:10A4E000005166AC2DBF4FBEFC95F0AC0F3556BE8B
:10A4F000C40FCE2C5F3F5BBE00B5A7AAC18A5FBE6A
:10A50000606FD6AC577663BE3F38B62D4D3D67BE03
:10A510000028E72AE4086BBE20A3B42A49F96EBEDE
:10A52000E1DF30AE792A73BEFEBF37AC60B777BECD
:10A53000508505AC26BC7CBE145DEDAB202C81BEE5
:10A5400000A0C328565884BE5729FD2D53F987BE55
:10A550008CF043ACA82B8CBE06002BAC6D1491BEC6
:10A56000F07C752C28E596BE4677562DD5E19DBE2C
:10A570002035292BBD6AA6BEAAD4EFAC300DB1BEE2
:10A5800000F88CABA3A1BEBE90D601AB8785D0BE30
:10A5900044CA2CAC4914E9BEC01B32ABCB6006BF29
:10A5A000D072AFACBA8B22BF000D26A9927155BFF5
:10A5B0000EBD89AC5245A6BFC10DFF2C824468C0B8
:10A5C000F19E974098655740586EA4ACFB88843F35
:10A5D000E88E312CDCFE113F51817E2D2944BE3E98
:10A5E000006C16ABE406863E445733AD14F2443E8D
:10A5F0004CE8A6AB1E22143E8CCDDC2CA56FE13DB1
:10A6000050018FACCDFBAB3D50BDB62BC476823D27
:10A61000C4BE11ACEF06433DD0A333AAE8E40D3D20
:10A620001493602CF526C53C6850BE2B9E117C3CD3
:10A63000787685ADF405073CA137BFAD8CD71B3BC1
:10A64000005C10AAC3931CBBF86316AB6FD6CABBE1
:10A6500014BFAA2CA34315BCE82636ABC57037BC83
:10A660006ADCD2ACBD134CBCB28805ACCC9952BCF0
:10A67000C088EAA9178D49BC1926EEAC85362EBCD8
:10A68000602FC6ABD8D2F7BB3439022C7B7E2ABBF5
:10A690009009D32B91EDA73B8B3304ADE0AA8D3C01
:10A6A000A848E3ABF5B6193DF01A86AA2D2E9A3DBF
:10A6B0007550AFAC653D293E20C730ABA5BA1E3FF3
:10A6C0000DE182BFE98F3FBF48D315ACD32A96BEB8
:10A6D000D0308DAAFDB44FBED695562F3F5228BE1E
:10A6E0001EEB9DAC219F12BE571F482DF1E904BE01
:10A6F000605583AB3FF1F6BD10F88DAA581CE9BD3B
:10A70000E41983AC177EDEBD61C8B72D9005D6BDB8
:10A710000005AF295A09CFBD7907312C441AC9BDAC
:10A72000709A35ACB4EBC3BD64CCCBAB7246BFBD45
:10A7300018E42CACD600BBBD1C1008AFD0F9B6BDD8
:10A74000008CF1AC9315B3BDE8ACED2B193BAFBD5C
:10A7500020D9D42B1152ABBD7D9FCEADDD40A7BD1E
:10A7600050485CAC37EAA2BD0091CDAA132A9EBD29
:10A7700040E2502AF5D098BD241817AC469C92BDF3
:10A78000E0C336ACD4288BBD01A5492D10D981BDBD
:10A79000E6AA8E2EC83E6BBD003A072A590249BD73
:10A7A000C062082A018714BDFC7D2D2CAE505FBC11
:10A7B00080577CA9239C1D3D30BE13ABD00C983E26
:10A7C000167223BFBFF4F3BE0077FA2BCC365FBE00
:10A7D00056403DAC85DA29BEFECB4CAC91AD12BEE5
:10A7E000DAD899AC818E05BE927888AB90FEF9BD1F
:10A7F00074052FAC24C5EDBDE8156DAB6C76E4BDDA
:10A80000601E35AC3A05DDBD52F8D92C85D4D6BDD5
:10A81000F155882DC381D1BD68B6D42D2ECBCCBDCA
:10A8200000FF43295582C8BD205D81A97E84C4BD37
:10A8300070ADABAC14B6C0BD30733C2DA1FFBCBD38
:10A84000003BA1ABA74BB9BD9CFE5A2CD084B5BD33
:10A85000C0C3FAAB3A94B1BD701A89AB765FADBD97
:10A860004CE514ADFCC5A8BDDB4C2F2C699DA3BDE8
:10A87000107F2DABA2AB9DBDFD2F8BAD079D96BD6F
:10A8800060890A2CEBF28DBDE2308FADFDE182BD17
:10A8900048AB2FAB6C1868BD7A263C2EA9BA3DBDDB
:10A8A000B01A9F2CEF3CF7BC52D341AC8865A1BADB
:10A8B000D63B96ACE0A7873D2CDFB0ABD8A9CE3E07
:10A8C000FCFB6BBF2DE21BBFA7DC952C75128BBE6A
:10A8D0009278D32C6E4651BE12CC352DCCF633BEB9
:10A8E000109A2DACE4E223BEB0484C2CF0DD19BE2A
:10A8F000717A382DB42613BE00CA89285E750EBE43
:10A90000802E2CABCA1D0BBEB81F9B2BDABD08BE18
:10A91000B83AF72B901A07BEE690C9AC6E0F06BE88
:10A92000107A3E2DF38505BE4129292DFE7005BE06
:10A9300048808D2C50CA05BEB08BEBAB3E9106BE55
:10A94000806EB32B35CA07BE7CAE622BE07E09BE9B
:10A95000023851ADF1BE0BBE344D89ABA4A10EBE81
:10A960000032DF295E4812BE784AA92DFAE216BEEF
:10A9700080EBDFAAF5B61CBE907F39ACCF2B24BE8E
:10A9800074B2C7AD5FE12DBE46711D2DEBDA3ABE44
:10A99000C335FF2C42D94CBE40EC0FAB1A2D67BE1D
:10A9A000C09C93AB087988BE14C8492C1652AEBE21
:10A9B000E0786A2BDA8203BF20F513AC47E6B0BF1C
:10A9C000FCDF274040C69C3FEDDA3FAC317DB63E10
:10A9D00038B70C2C4F713B3E66171AADD717DF3DC9
:10A9E000A018A32B2A038B3DDC1037AD83552B3DDC
:10A9F00000697D2B3854C33CFB4984AC69ED2E3C87
:10AA000080CC772DC7A61F3AE0E923AA8A12F1BBB2
:10AA10009CA004ADFBC762BC1208D72B44B89DBCF8
:10AA2000FC3D2AAD318FC3BCE2AC962C5991E4BCFD
:10AA3000005618A9E5FE00BD4E439AACBE670EBD98
:10AA40000053FAAA32EB1ABD785354ACD2E426BDB7
:10AA5000B8ADFEAC28AB32BD57869AACAF963EBDC2
:10AA6000209DA9AB8A094BBD2C54012C977958BD68
:10AA7000185A7E2C357F67BDF0EFEF2A44ED78BD84
:10AA800048331A2DA7FD86BD98769E2BE34A94BDC8
:10AA90008C48D02D8702A6BD31E216AD4839BFBD26
:10AAA00095A6BF2E1B84E6BDE985002D167D16BE3A
:10AAB000A146AE2D1B9F68BE84A197ACEFDE20BFE0
:10AAC000B6DFAB3FF26B133F40D2372BAAF2323ED8
:10AAD000D09BA1AC0B20C23DE209702EDAD3783DA9
:10AAE00048F89D2CEE442C3D41260D2D44D6F83CD3
:10AAF00028D925AC2C49B83C6D4872AD1CA48A3CC1
:10AB0000305F972B49DF523CB0CE0DAB3EE4213C89
:10AB1000D4B94CAC158BFB3BB888CFAA1F2BC73BD5
:10AB200028251C2C30CCA23BEF4FA92CC1DB8B3B42
:10AB30009024DAABA6A9803B00315329F32B803B4C
:10AB4000001CE4AB48DD893BC367352D17AD9D3B49
:10AB50004CD2232C33FEBB3BC13451AD61B3E53B3A
:10AB6000B049F92B8B260E3C124CC9ACF50F313C89
:10AB7000C0B4A9ABAF595D3C588DD82B0BDA8A3CD9
:10AB800020841B2BD329AF3C32239C2CF80ADF3CBA
:10AB9000188137ACD939103D60864BAA2E573F3DFE
:10ABA000E0B142ACD17C843D5F9D3A2C4550C63D1E
:10ABB000525F05ADE6722F3E882BDBAC6FBF0A3FBC
:10ABC000A343B0BF9E5311BF7C3937AC339F49BEFE
:10ABD000A03D08AB4D16FABD5A5000ACF964B7BDA4
:10ABE00010ACF7AB116891BD644B7AACF9B870BD8D
:10ABF00066AFC1AC535F4CBD59A2D22CA51230BD7B
:10AC0000C04DAB2CAFC918BD1403B1ABA3BB04BD81
:10AC1000CE6972AD158CE5BCA42CDAAC5C45C4BC25
:10AC2000309B81AC1C81A4BC361776AC315B85BCF3
:10AC30000EF007AC0A234CBCA7A888ACBEE10BBC45
:10AC4000001836AABC1691BBBC83C72C51D61BB8C2
:10AC5000E316282DCE599B3B80E797AB0A72243C24
:10AC600000ACD8284C38833CFD80E7ACE6A8BB3C60
:10AC7000E40AA6AC6017FE3CB62EFBADB61B273D22
:10AC800080CF582C9BD5583D000878297A608C3DA0
:10AC900088917FACBD55B73D9062B52C91A6F43D2F
:10ACA00088ACC12C790A2A3E3073872AA44A7F3E99
:10ACB00074643EAC1193E23E6316E22D23E7B33F8A
:10ACC0009B0F80C01A77BDBF3B57AFAD556704BF20
:10ACD00008B4AF2B5DD8A5BEB90F38ADA25676BE6D
:10ACE0005C85EAAC6D7C46BE86FC69AC80A727BE5D
:10ACF000041C4A2C53F611BEDE24C3AC3EBA01BE7E
:10AD0000EBC9002EFBFDE9BD1A13B12C4943D5BD9B
:10AD10005852652C57D9C3BD06EEA1AD22D0B4BDA3
:10AD2000903A50ADBE80A7BD60E71E2A5B719BBD07
:10AD3000D016BDAB8E4490BD3C9C89ACB5AE85BDF4
:10AD400040290DAC53DD76BD8C4C0E2D6A9062BD52
:10AD50008200A8AC7EFE4DBD665C9CACC5A538BD2E
:10AD60009077FD2C04EF21BD988DBEAB511D09BD20
:10AD7000A21C31AEB06ADABC6EB5932C16A999BC90
:10AD800058DB832C44A317BC74F136AD8B992D3B53
:10AD9000BCBD16AD3D30963CCF9E992C1171253D22
:10ADA000F081B6AC6D4C983D80C9CAAB52E2093E09
:10ADB000E83FDEABA54D8C3E7889812D4AA9773FCF
:10ADC000547D4FC047088EBFA0223CAA412AD5BE61
:10ADD000A8EFCD2B17EA8DBE83D0FB2DD96D5EBEBB
:10ADE00060FED82BCA173CBE4D0D272DED1426BE94
:10ADF0001E1D782CEFB916BE5CC9102C7F610BBEEE
:10AE00005A7E26AD14A502BE502B932D696AF7BD5C
:10AE1000DC6F89AC3923ECBDF2A86EADBECDE2BDCE
:10AE2000A841A02C20F9DABD24FD312DB856D4BD9F
:10AE3000E03036AC87AECEBD0AD0882D3AD8C9BD39
:10AE4000E856502ECDB6C5BD4AAEA2ACDB35C2BD6C
:10AE50009068E8ACFE47BFBDF6D9A1AC0BE6BCBD1F
:10AE60005069E3ACF70EBBBD9959072DA0C8B9BD19
:10AE70005E432BAC9C21B9BDA0E98D2BE434B9BD58
:10AE8000F023B3ACCF30BABDB6864F2DD664BCBD6F
:10AE9000804DFB29A35EC0BD3BE11C2D332EC7BDF9
:10AEA000F0E7FFACF41ED3BDE841C82B7B2DEABD13
:10AEB000D4B21EAD3A2A11BE100B542C5A5D90BE6E
:10AEC0005CBF3F3F4AD4103E00C4982A4F41953A98
:10AED000DC773D2CBFDED8BCD55F502C4FC01BBDEE
:10AEE0008BE9B22D664135BDBBA39AAD59F044BD87
:10AEF000D246552DF0694FBDFEE0F82BA4D556BDC6
:10AF0000B4BFFAAD21585CBDF1DA4EAFD39B60BD42
:10AF10008E037BAC7A0B64BDEE1107AD42EE66BDCD
:10AF20006886162C7A7669BDC585A3ACDFC96BBD72
:10AF3000689331ACA5066EBD3CB473ACC84670BD19
:10AF400000A94D2D76A272BD10E97A2B1C3275BD79
:10AF500016AA31AD5E1078BDC90E0D2D6D5C7BBD9E
:10AF6000E8A344AC183D7FBD0C51412CA2F281BD39
:10AF70000010362A7CCD84BD800E93299A6188BD4D
:10AF8000304D202C86FB8CBDB9AF3FAD0F1693BD65
:10AF9000B686552C8D849BBD2FD781AD66D5A7BDB8
:10AFA0009A8768AE775DBBBDCE9EAE2C2EC5DEBD4A
:10AFB000D163462DF5E418BE960193AD0784B4BE67
:10AFC000D7069F3FDFF8833EF8283FAC412F5F3D17
:10AFD000CA38BE2C5E3C643CCEAE17AC1B255EBBB3
:10AFE000088CB12CC67E54BC2C3DAD2C98F39BBC78
:10AFF0003FF3282D7F34BEBC0480962C683BD7BC21
:10B000001454732D4C55EABC149F2D2CE26CF9BCE2
:10B01000605D36AECED902BDD8AF3FAB44F907BDB7
:10B020004057D72B3F5A0CBD050A9BACD32E10BD01
:10B03000400A022BB89C13BD80C8832BAFC116BD3C
:10B04000E4D88FAD6EB619BD449E262DC4901CBDAC
:10B05000944434AD52651FBD7E54C92C2C4922BD89
:10B06000A06D992CA65325BD00FBEDADADA028BD6C
:10B07000107781AC34542CBDA8D444ABC89F30BDEC
:10B080008074C82A5CCC35BDE8A7F6ABE04C3CBD6B
:10B09000487386AC09E544BD80329E2B860351BDC2
:10B0A000B0FCB5ABCDB663BD725A21AE967682BD0B
:10B0B0009885212C6ADAA8BDE4B5E72C0DDF33BEF4
:10B0C00025F2293F7AD8D33D8A05BC2CE882273C5B
:10B0D000176C062DD1E20BBC0CFC632CC39388BC0F
:10B0E00058BEB42C6542AEBC3057D2AB6ADAC6BC8F
:10B0F000E8667CAC6A79D8BCC09903ADA2FDE5BC1A
:10B100000CE8742D85EFF0BCA02C06AB4736FABCDA
:10B1100025952C2EB13201BD29F5232DF3F004BD68
:10B120005BAE202D0F7B08BD28F22AAD6AEE0BBD69
:10B130003CCB23AE2B640FBDDAA110AEAFF312BD32
:10B14000A0C0F4AC77B416BDAF13612D01C01ABD19
:10B1500070E66EABCC331FBDA3BBB42CE73324BD6C
:10B1600063F506AF90EE29BD789DBE2C9CA130BD45
:10B17000788120AD29A338BD306C22AB4E7042BD22
:10B180007812042D68C74EBDA0AAE32B9BDA5EBDE2
:10B19000D1E4E3AC5EB974BD0EBF36AC4D238ABDBD
:10B1A00080D5462D5EEAA2BD7284E1AC7982CFBD26
:10B1B0003AC234AEDBC81BBEB6A78A2CB9FACFBEE2
:10B1C000E7730A40824CB63E4E32812D19D9D03DEC
:10B1D0004B3D0D2DBF94513DF9B4AB2C20CCF03C30
:10B1E000F0EFCA2CFBB38D3C003709AA6E3D1D3C25
:10B1F000E09A7FAC1B9E8B3B807451AA2B28B239FE
:10B2000080AC01ADC9E62EBBDCD9D42B90B4A5BB74
:10B21000F05E56ACAD93E5BB39E7042D967C0DBCD2
:10B220004AFC98ADE74A24BCE0D831AC062C38BCC7
:10B23000589E1DACD4D849BCD8764D2B8CE159BC56
:10B2400058FD28AD35BC68BCF6F8B8ACEFCE76BC7E
:10B25000A0F73E2B0B3C82BC3E0D83ADDA0A89BCC5
:10B26000B86B14ACAF0690BCD874462C246B97BC5A
:10B27000804465AACC839FBC145FEF2BD2B7A8BCD7
:10B280000066952C279EB3BC2E7343ACEF23C1BC44
:10B29000B5C6022E54DCD2BC721DCDAD74BAEBBC67
:10B2A000C03CB42BCE0409BD3122882CA20F2BBD8B
:10B2B000607633AC45EA79BD5F919A2DF9B520BE31
:10B2C000BBC0803F8DBC053ED032FEACED1E0E3DB6
:10B2D0003C6E43AD2FE57D3C60E7FF2BFEF5ED3B7B
:10B2E0004863A02C313B303BEAD6D7AC314361B93F
:10B2F000F83517ACD04011BB874712AC60C070BBAB
:10B300002023062E38809CBB7BD9BDAC0A9AB8BBE3
:10B31000BCC2612C4DE8CEBBE1E6202E04DFE0BBD1
:10B32000E0D05C2CA37AEFBB6F3B10ACF66BFBBBA1
:10B3300036CCE8ACE09802BCD032462B299406BC4F
:10B340000030D2299FC909BC219921AEC2510CBC41
:10B350001888EBABAC3D0EBC6182E42D14980FBC99
:10B360006C11D1AC9F6510BC141CCBAB6CA410BC91
:10B370001FDC94AD974A10BC3FEEBDAC33430FBC0D
:10B38000C0229E2B51680DBC0870E8AB2D770ABC1B
:10B39000282BABAC1AF705BC33117B2D69FDFDBB27
:10B3A0000C83BF2CEE27E7BB10FE94AC5518BDBB39
:10B3B000DBDAEA2DCDAC33BB10FE2AAC96464C3C12
:10B3C000EB9D53BE06F507BDD276E32D203E93BC20
:10B3D00072CA83AED48E74BC79FBA22C7F135FBC7F
:10B3E000607FC5AD1C0D53BCC4F7152B854F4BBCFE
:10B3F000A062842CD6DE45BC3564A9AC52CF41BCDA
:10B40000B08CC62B63A53EBCDAEA2F2DB21A3CBC29
:10B4100040E9582CF5043ABC3C658CADF04938BC89
:10B420007CE34F2D4AD936BC66F1922D34A935BC48
:10B43000841D60AD8CB434BCD7DAC82CE7F933BCBA
:10B44000308BDFAC197B33BC8080922C373D33BC12
:10B450003EFBB62CF74833BCE0C7F4AA87AB33BC3D
:10B4600050344E2D0B7834BC758E22AC14CA35BCCA
:10B47000540631AEC7C937BC009A4F2B06B33ABC4D
:10B4800087F0042F6AE23EBC96D59CAC41EE44BCEA
:10B49000A083742DDEDA4DBCA69EE3ADC1945BBCE7
:10B4A000ECCC2FAC1B3C72BC364B202C12468EBC15
:10B4B00088C6402DE6EFC0BC62DFC22CA81B61BD70
:10B4C00041311A3F75D4223D8282952C0DD2083C21
:10B4D000BC2CDA2D8C720E3BAC19442D8FB8D0B930
:10B4E00000CAADAAD77DE7BA7C83502CF96F29BB7F
:10B4F00060E6142A82A84BBB4207B5AC551762BB65
:10B50000C0E291ABDFC970BB000933AB8F147ABBCB
:10B5100030C3E4ABF9637FBBBE06A6AD4CD080BBA5
:10B5200021E50D2E33B180BB26198D2D240D7FBB57
:10B53000C7E620AD75E07ABB8907CA2D0A0175BB45
:10B540004015B42CA17D6DBBC06D31AA045164BB04
:10B550001CAE4CAC9F6159BB1C36952C8C7E4CBBF1
:10B56000807AD92C6C593DBB90D5702B8D7B2BBB31
:10B570006E1C752E393316BBC89D0E2C3FE6F8BAEB
:10B58000B0EBDCAC352EB9BAC913492DF4C64FBAAD
:10B590004C455BAC9ED708382DB6152D8EEE9C3AE7
:10B5A000FC95042C3EF1433B392D122DC6DFC93BDF
:10B5B000BC83C5AC8F905C3C626A34AE7B6F4B3D04
:10B5C00056B593BFED2A70BDA77AF2AD63B9B7BC8B
:10B5D0000C1CD92CD6BA77BC2B41D42D0FA443BC5C
:10B5E00020C5982B0C1626BCA8F083ACB5C412BCA1
:10B5F00040A091298AF504BC8C17FBABD5E7F4BBBE
:10B60000E89B122C4F2AE4BB648E0D2C2459D6BB28
:10B61000D8D438ACFB9ECABB9023272D2B71C0BB5E
:10B6200060C5A7AAEF71B7BBD6BD252DDB5FAFBB49
:10B63000D0CAA92B350CA8BBBEC5192D1855A1BB66
:10B6400078BF002DC6219BBB3655202D506095BB81
:10B6500034CA432D260490BBD940732C41058BBBC3
:10B6600054E0E3ACD25F86BB00F0222B7A1482BB9D
:10B670000849982B4E527CBB259D802EF75575BBF3
:10B68000F7CBD6AE2B646FBBE8F351AC27D26ABBC5
:10B69000D7D534AD233A68BBF435F6AB5FC668BB8B
:10B6A00070B964AC40FD6EBBE7118EACE8BB80BBEB
:10B6B00087B9472D5D399CBB2769B1AE2F8B1BBC69
:10B6C000A4ABEE3E8194AA3B903466AC56E2F939C5
:10B6D0001426332D1726C1B96033D8AC44E92CBAEF
:10B6E00080EAEF2C090D49BA785A47ABB46E4FBACD
:10B6F000F01EAA2BDA374ABA842B902CC8253EBA02
:10B7000000DA412DB8BA2DBA6C1D9A2CFA6A1ABA11
:10B7100024A04EAD0C1E05BAAADBA9ACF7D8DCB943
:10B72000007E76AB6880ADB9FD9AFCAE839A79B99C
:10B73000F754A12E2E6E16B93814832E160249B86E
:10B7400080858A8F94989DA2A6ABAFB3B8BCBFC3C7
:10B75000C7CACDD0D3D6D8DADCDEE0E1E2E3E4E458
:10B76000E4E4E4E3E2E1E0DEDCDAD8D6D3D0CDCA2B
:10B77000C7C3BFBCB8B3AFABA6A29D98948F8A8550
:10B78000807B76716C68635E5A55514D4844413DEB
:10B79000393633302D2A28262422201F1E1D1C1C3A
:10B7A0001C1C1C1D1E1F20222426282A2D30333647
:10B7B000393D4144484D51555A5E63686C71767B02
:10B7C0000000004396F347427D278F287CC0053C4C
:10B7D000E5011828863E913DA1521328FC93BD3CFB
:10B7E000B6BEB3288030103D2F8F6128ECE4FA3CC0
:10B7F000253E8E287367DB3C12D4AB2835A2E53C8E
:10B8000075768928DC26633CB0EB1B296DD86E3C2D
:10B8100032A9F127012ACE3C431CA328936B493C53
:10B820008B600F287403CF3CBEFA8B286BAE023CB2
:10B83000A09F59283921E83D4FD5862866CEBD3CCA
:10B840007ECFBC2839AD613CC55129283BD39B3CF8
:10B85000454CE02816F2543DEFF77529B138D23C3B
:10B860001912C62603A2D03C0F8F08298A2E933DB9
:10B87000C1A5CA28F44A683D17580D2AC2BD513CDB
:10B88000470A1F2AAD72AA3C151BF128B3FA323CB5
:10B89000859A992914A80F3DFCB482298DF5833C23
:10B8A000069A932867C7563BB313CB285D5C1B3CB5
:10B8B0007BA91C2A121C943C8975E1290DBEEE3B24
:10B8C00093832B280DBEEE3B6EA33728121C943CAD
:10B8D00063E24F295D5C1B3C44C71D2A67C7563B8A
:10B8E0003BC3AF298DF5833C212E1C2A14A80F3DA4
:10B8F00022B9FC28B3FA323CCE58B428AD72AA3C27
:10B900006BA1A728C2BD513CC182A529F44A683D5C
:10B9100077E2CE298A2E933DBC3AD62803A2D03CAA
:10B920005B595529B138D23C1EA61B2A16F2543D4C
:10B930004953B0293BD39B3C5F3E902A39AD613CD3
:10B94000BCEAFE2966CEBD3CEFBDBC293921E83DED
:10B950008274AC296BAE023C97539B297403CF3C95
:10B96000BE3E3829936B493C3F360329012ACE3C21
:10B97000E3CA192A6DD86E3CBD2B0829DC26633C2E
:10B98000E2220A2A35A2E53C1F96022A7367DB3CB5
:10B99000787EDB29ECE4FA3CFB4FD4298030103D63
:10B9A000F5BDB92AFC93BD3CCA73792A863E913D08
:10B9B000E9AD8D2A7CC0053C5C563D2A96F3474292
:10B9C000B81C57D8F1F5C17F190E279E86F781DE86
:10B9D000E155B05A779FE741A12A6BFACDE47B236A
:10B9E000010000000200000003000000020000004F
:10B9F000010000000A2A2A2A2050414E4943202AE9
:10BA00002A2A0A000A0000004861726477617265A0
:10BA100020616C61726D20256420616C72656164C7
:10BA20007920636C61696D6564000000486172642F
:10BA3000206173736572740052656C656173650093
:10BA4000626F6F74325F77323571303830000000CA
:10BA5000322E322E300000007069636F000000004B
:10BA6000656E657267795F62656E63685F7270327A
:10BA700030343000536570202039203230323600A7
:10BA800005005250DE65F468A8BE00100600525052
:10BA90005422A29D74BA001006005250861C030264
:10BAA00060BA001006005250BBFF3CB658BA0010F6
:10BAB00006005250ABB3605350BA0010060052500B
:10BAC000E182887F40BA001006005250D3F07542E0
:10BAD00038BA0010666E6900666E692B00000000BF
:10BAE0006E616E00666E692D00000000BC61001082
:10BAF0007261001072610010B46100107261001078
:10BB000072610010726100107261001072610010A9
:10BB10007261001072610010AC610010726100105F
:10BB2000A461001072610010726100109C6100102D
:10BB300030630010D461001024630010D461001041
:10BB4000C4610010D4610010D4610010D4610010F1
:10BB5000D4610010D4610010D4610010D4610010D1
:10BB6000E6610010D4610010D4610010D4610010AF
:10BB7000D4610010D4610010E661001074630010FD
:10BB8000FA610010FA610010FA610010FA61001009
:10BB9000FA610010FA610010FA610010FA610010F9
:10BBA000FA610010FA610010FA610010FA610010E9
:10BBB000FA610010FA610010FA610010FA610010D9
:10BBC000FA610010FA610010FA610010FA610010C9
:10BBD000FA610010FA610010FA610010FA610010B9
:10BBE000FA610010FA610010FA610010FA610010A9
:10BBF000FA610010FA610010FA6100101C65001073
:10BC0000406300101C650010FA610010FA6100101A
:10BC1000FA610010FA610010FA610010FA61001078
:10BC2000FA610010FA610010FA610010FA61001068
:10BC3000FA610010FA610010FA610010FA61001058
:10BC4000FA610010FA610010A8620010FA61001099
:10BC5000FA610010FA610010FA610010FA61001038
:10BC6000FA610010FA610010FA610010FA61001028
:10BC7000A86200107E640010A86200101C6500100D
:10BC8000406300101C650010FA610010A8620010EB
:10BC9000FA610010FA610010FA610010FA610010F8
:10BCA000FA610010A862001050640010FA610010E0
:10BCB000FA6100108A630010FA610010A862001097
:10BCC000FA610010FA610010A86200100000000084
:10BCD000000000000000F03F0000000000002440D1
:10BCE00000000000000059400000000000408F40AC
:10BCF000000000000088C34000000000006AF84017
:10BD00000000000080842E4100000000D01263413A
:10BD10000000000084D797410000000065CDCD41B0
:04BD20000D0A000008
:10BD240080BA00108CBA001098BA0010A4BA00109F
:0CBD3400B0BA0010BCBA0010C8BA001071
:10BD4000030010B50068EFF3108472B60268002A91
:10BD5000FCD0BFF35F8F04229A56002A0BDB002928
:10BD60000FD000200A601B68BFF35F8F00221A60AB
:10BD700084F3108810BDD0221206126801201A71B7
:10BD8000F1E70020EFE7C046F0B51D00D023C6461E
:10BD90001B061B68040016009846002700B50BE040
:10BDA0002268BFF35F8F176083F31088300029008B
:10BDB00000F04EF8002818D12068EFF3108372B617
:10BDC00001680029FCD0BFF35F8F21797F29E7D973
:10BDD000424622712268BFF35F8F0021116083F316
:10BDE0001088012004BC9046F0BD0020FAE7C04650
:10BDF00070B582B001A9040016001D00FFF7A0FF76
:10BE0000002807D1D0221206019B12785BB252B2F1
:10BE1000934201D102B070BD32002B002000FFF729
:10BE2000B3FFF7E70268EFF3108172B61368002BD7
:10BE3000FCD0BFF35F8FFF2303710368BFF35F8FF5
:10BE400000221A6081F3108840BF70477047C046D7
:10BE500001B40248844601BC604700BF293100108C
:10BE600010000000000000000000000000000000C2
:10BE70000000000000000000280200200000000078
:10BE8000503300004C3300005433000052330000A4
:10BE90004D5300004D430000533400004334000074
:08BEA00000000000000000009A
:04000005100001E9FD
:00000001FF
