:020000041000EA
:1000000000B5324B212058609868022188439860DF
:10001000D860186158612E4B002199600221596106
:100020000121F02299502B49196001219960352056
:1000300000F044F80222904214D00621196600F024
:1000400034F8196E01211966002018661A6600F04E
:100050002CF8196E196E196E052000F02FF8012189
:100060000842F9D1002199601B49196000215960AB
:100070001A491B48016001219960EB211966A021F2
:10008000196600F012F800219960164914480160C1
:100090000121996001BC002800D000471248134993
:1000A000086003C880F30888084703B5996A0420EC
:1000B0000142FBD001200142F8D103BD02B5186610
:1000C0001866FFF7F2FF186E186E02BD00000240BE
:1000D000000000180000070000035F00212200005C
:1000E000F4000018222000A00001001008ED00E03C
:1000F00000000000000000000000000074B24E7A12
:1001000000200420F7010010CB010010CD010010E9
:10011000C9010010C9010010C9010010C901001077
:10012000C9010010C9010010C9010010CF01001061
:10013000C9010010C9010010D1010010D301001045
:10014000C1010010C1010010C1010010C101001067
:10015000C1010010C1010010C1010010C101001057
:10016000C1010010C1010010C1010010C101001047
:10017000C1010010C1010010C1010010C101001037
:10018000C1010010C1010010C1010010C101001027
:10019000C1010010C1010010C1010010C101001017
:1001A000C1010010C1010010C1010010C101001007
:1001B000C1010010C1010010C1010010C1010010F7
:1001C000EFF30580103800BE00BE00BE00BE00BECA
:1001D00000BE00BEF2EB8871689D0010849D001087
:1001E0003802001090A31AE71E481F49086006C88D
:1001F00081F3088810471D480068002801D019487D
:10020000F3E70DA40ECC002902D000F012F8F9E7B4
:100210001749184A002000E001C19142FCD116495B
:100220008847164988471649884700BEFDE701C937
:1002300001C29A42FBD37047849D0010C000002089
:1002400028020020EC9E0010000004200000042082
:10025000EC9E00100010042000100420000000009C
:10026000704700000000000008ED00E0000000D032
:1002700028020020A4A30020994B0010290400109C
:10028000914B0010F8B5C046044B10B5002B03D0BD
:100290000349044800E000BF10BDC0460000000054
:1002A00004A10020B04E0010BFF35F8FD0230422C2
:1002B0001B06002803D05A61BFF35F8F70479A6115
:1002C000FAE7C046174B10B51B78002B01D1002070
:1002D00010BD052002F012FF134B9842F7D1D02336
:1002E0001B061B68002BF2D1104B114A1B681340F0
:1002F0009342ECD180230F4A1B01116E1942E6D1C3
:10030000526D14001C401A42E1D1092002F0FCFE9B
:10031000094B9C46852360445B0083426441E0B204
:10032000D6E7C04638A10020406BED0700C0004072
:100330000100C00100800040FDF8FDFF10B5022063
:1003400084B0D02402F0F6F904232406A361192016
:10035000636202F0EFF980239B04A3611948636292
:1003600002AA03AB01A902F031FF002827D00299AD
:10037000039A019802F0ECFE134B144A07201A600E
:10038000802252041A6002F089FE082002F086FEE4
:100390001F21002002F09CF900220021002002F021
:1003A000B1F91F21012002F093F900220021012060
:1003B00002F0A8F90122064B1A70FFF783FF04B080
:1003C00010BDC0468807020000E000400100C000E8
:1003D00038A10020F0B5C646844600B5104B5A6AD5
:1003E000986A596A8A42FAD11700FA220023060055
:1003F00000216046920004F0A7F980468C46084B25
:100400005A6A986A596A8A42FAD11100801BB94126
:100410008C45F5D801D18045F2D804BC9046F0BD9A
:100420000040054030BFFDE710B500F003F830BFD5
:10043000FDE7C046F8B5DE4657464E464546E0B5B0
:10044000FFF77CFF002800D177E00020FFF72CFFAA
:100450005B4B012598465B4B9A465B4B99465B4B41
:100460009B46FFF72FFF002800D171E0042D62D9D1
:100470004946082D00D8594680222800120101F073
:100480003BFD00286FD0FFF71DFF002800D175E06D
:1004900043466F1E1E6878427841FA2340421B0192
:1004A0001840FA239B009C466044FFF793FF01200D
:1004B000FFF7FAFE002E1CD0002402E00134A64211
:1004C00017D0280001F0B6FD0028F7D10522404BD7
:1004D000BF00FC503F4B01201D603F4B1A60FFF7EF
:1004E000E3FEFFF79FFF3CBC90469946A246AB4611
:1004F000F8BD0020FFF7D8FE354BBF00FE50FFF7D8
:10050000E1FE002845D0280001F09CFE00284BD0D9
:10051000280002F08DF8314B0135F850FB580423C8
:100520009C46E0440D2D9CD1FA20C000FFF752FFFD
:10053000FFF778FFD7E751469EE70122254B186069
:10054000254B01301A60FFF7AFFEFFF76BFFCAE7DC
:100550000222204B01301D601F4B1A60FFF7A4FEE2
:10056000FFF760FFBFE703221A4B01301D601A4BF3
:100570001A60FFF799FEFFF755FFB4E70422154B09
:1005800001301D60144B1A60FFF78EFEFFF74AFF23
:10059000A9E707220F4B01301D600F4B1A60FFF7D0
:1005A00083FEFFF73FFF9EE708220A4B01301D60E4
:1005B000094B1A60FFF778FEFFF734FF93E7C04658
:1005C000B04E0010E04E0010E05E0010E05600104B
:1005D00070A10020A0A100203CA1002040A100208B
:1005E000F0B5DE4657464E4645460023E0B585B099
:1005F000C25CCC5C6240C2540133102BF8D19B46E4
:100600009A468B44A03102918244030051460390E4
:100610001A78564CA25C1A7001339942F8D142798B
:1006200043784270427A8A464271427B43734272F7
:10063000827A83788270827B837283798271C27BB3
:100640008373C378C270C27A0400C273C279C37163
:100650005B468346C2720193237860789C46D90931
:100660004B00C918CB00C9186346C2095B0059404A
:100670005300D218D300D21843005A400300A67882
:10068000E77873409946F3095D005B19DD005B195B
:1006900075006B40DBB20093FB0998465D00A844EF
:1006A0004346DD0045447B005D404B46C9B27B407C
:1006B000D2B24B405340237063465E407E4072404E
:1006C000009E5840724062704B466246474053401D
:1006D000EDB2774059406F404D40A770E57004344B
:1006E000A245B9D1019B58469B4600235C46C25C9B
:1006F000E15C4A40C2540133102BF8D19C46A3461A
:10070000029BE3445B4580D15146039B1A78174C0A
:10071000A25C1A7001339942F8D142794378427051
:10072000427A029C4271427B43734272827A83789E
:100730008270827B837283798271C27B8373C37878
:10074000C270C27AC273C279C3710023C272E25C02
:10075000C15C4A40C2540133102BF8D105B03CBCF7
:1007600090469946A246AB46F0BDC0460C680010C4
:10077000F0B5C646802300B51E4F1B01FE5A8046C9
:10078000002E33D0012464423A002500002307E004
:10079000601C01D0A94221D001330832B34208DAEB
:1007A0001168A942F4D21C0001330D000832B34293
:1007B000F6DBE4002300FB18013E19689A88F30079
:1007C0003C19FB1821CB21C480231B01FE52434658
:1007D000404619609A8004BC9046F0BDE10079184B
:1007E000908889888842D7D21C00D5E708235B42CD
:1007F0001C00E0E7EC240020F0B5DE464E464546FE
:1008000057460023E0B580468C46914600209B4623
:1008100083B0002928DD43460122591ED21A012344
:100820005B424B4461440193431C9C4531DD030012
:100830000124434406E0FF2C0AD001340133E4B222
:10084000994219D01E785D78D7183800AE42F2D0A0
:100850004D465E46AC550224A246D3445D461B7805
:10086000019C6355BC45DFDC584603B03CBC904658
:100870009946A246AB46F0BD59464A4654544246B4
:100880005B464946D25D0133CA5402239C46E34489
:10089000EAE7594601234A46535401339C464346EE
:1008A000E34459461B5C013A5354DDE770B505003B
:1008B000081E0CD02B786E1E13700123012906DD53
:1008C000EC5CF15C641AD45401339842F8D170BDE9
:1008D000F0B54E46DE4657464546E0B585B0814602
:1008E000039200295ADD00239346984600221F00F8
:1008F00002934B464046185C5B461A705F70029B41
:10090000033301935B46987043465C1CA14235DD7E
:10091000FE2C3EDD032346469C46FE3EE3444B460A
:10092000981900239C469A464B461D19002306E061
:10093000C75CEA5C974205D10133FF2B02D01A193C
:100940008A42F5DB9A4502DAA21B94469A46731C4A
:100950000130464501D01E00E8E76346DAB253464F
:100960005444A046DFB28C4210DB019803990A542C
:1009700002988446421D614401920F71019805B0AE
:100980003CBC90469946A246AB46F0BD019B029303
:10099000AFE703239C460026E344C0E7002301930E
:1009A000ECE7C046F0B5DE4657464E464546E0B554
:1009B000AF4CA544029001910392002800D1FDE0C4
:1009C0008023019C1B019C4200D9F7E0039D002D70
:1009D00000D1F3E0842200212800520004F0AAF89C
:1009E0002900230A4B700023251E0C708B70CB70DE
:1009F00000D1FDE000219F4A9F4804F09BF880222F
:100A000046ACD2000021200004F094F800220298A5
:100A1000835C01329B001959013119519542F7DC71
:100A2000802109018A4695498026894692492300FA
:100A30008C46012188469249E1448C468E49002229
:100A40008B460025DC4476001C68002C10D08A4FB1
:100A5000D000BB46A9B258440460818050460132A0
:100A600092B23A5244464846445564466800215280
:100A700001350433B542E7D1012A00D871E1A94616
:100A800006AB98467F4C804BE61804A8FFF770FE33
:100A90004046FFF76DFE4B4680205D1CABB27649A9
:100AA00045468C46CA469946734B00011B5A2D6831
:100AB000DA006244AC46049901330091614411604C
:100AC000514691806C4A9BB213529B4604AB9B8863
:100AD00080209C4643469D88694B2900D218654674
:100AE00000238C46400005E0614509D00133023205
:100AF00083420ED0E15C0029F8D01188A942F3D1DD
:100B000051461180F15C02320131F15401338342CC
:100B1000F0D15B46012BB8D880200023002506A920
:100B20004000E25C002A01D04B550135013383427D
:100B3000F7D1012D51D02CDD6B1E9A46002398462B
:100B400006AE7319C1461C00A84601239C46731CBF
:100B5000E1449C46C84505DC17E0954238D0013396
:100B60009C4212D0494D3178AB46434A187852180E
:100B70005A441578404A12185A4412789542ECD9D2
:100B80003070197001339C42ECD16646D145DCD1FE
:100B9000454606AB9846002D00D17BE042464544D1
:100BA00002E00132954226D0334913788C4637490A
:100BB00063448C4663441B78202BF2D901204042C9
:100BC000334B9D443CBC90469946A246AB46F0BD93
:100BD0008142C4D930701970D4E7274A06AB9446D5
:100BE00098462A4A1B786344944663441D70D5E7AF
:100BF00084204000E4E7254B1F4A0398D118802247
:100C00000830520003F09CFF4346204A187894466F
:100C1000194B04AA1B186344092494461B4E6444D0
:100C2000B44615491B7809186144097800228B42A3
:100C30001BD20133DBB252009942FAD103000E48B5
:100C400081338446FF33DB0063449A6019710132BB
:100C5000AC4228D00D4E2078B4460B000649013432
:100C60000918614409788B42E3D31900E6E7C046CE
:100C7000E4FAFFFF04140000EC240020020B000043
:100C800002090000EE2F002000FDFFFF0208000017
:100C90001C050000344A354B0398D11880220830D7
:100CA000520003F04DFF002300221C00029901981E
:100CB0002D4D8B5CAC468133FF33DB0063441B79E5
:100CC0000132E4189042F3DC0399230A0A004B71C5
:100CD000230C8B710932230ECB71FF3284230C71EC
:100CE000A046140000225B00CA5400239946013339
:100CF0009C4600230021002007269A464A46029B74
:100D00009B5C1B4ADB009346174A5B4493465B445B
:100D10001A785D68013A02D216E0013A14D32B002A
:100D20006746D3403B40771ABB40275C01313B43C9
:100D300023540829F1D101300021C3004345ECD2EE
:100D400053462354013AEAD201239B46019BD944DE
:100D50004B45D3DCCB17591AC90F08180930FF309F
:100D60002EE7044CD8E6C046EC2400200208000020
:100D7000040C0000EE2F0020F0B5DE4657464E462C
:100D80004546E0B5B5B08B4604A98C4603900F20CC
:100D9000029201226044013B995C81540132112A84
:100DA000FAD101239C4604AB013B019305AB994664
:100DB0000F2398464F4B10219A4664464E4F08AE7B
:100DC00004A80B228446012362445218D05C019D82
:100DD000E8540133052BF9D143460B4250D004AB04
:100DE0001B7804A884460A006244157801306B40E1
:100DF00013740132484507D00378157801306B40F1
:100E0000137401324845F7D10431B029D8D15B467B
:100E1000002B6DDD013B1A0000930F239A435B46C4
:100E2000103B9B1A9846039B5D465B4499461023F2
:100E3000029F9A460CE0310004A8FFF7D1FB103D59
:100E40003800102204A903F07BFE1037A8452FD0EC
:100E50002C00102D00DD10244B462200591B04A845
:100E600003F06EFE0F2DE6DC534604A922008C46EB
:100E70001B1BDBB26244137001329642FBD1DAE7EE
:100E800004ABD8781A785B7804ADFB5CBA5C00934D
:100E9000AD78385C7D5DAC46634604AD6B705346FF
:100EA000EA701A5D009BA87053402B70013498E7DC
:100EB000009B1C09013424015B461B0710D1102242
:100EC00004AB1A7001339E42FBD1310004A8FFF736
:100ED00087FB029B1022181904A903F031FE10347D
:100EE000200035B03CBC90469946A246AB46F0BDCA
:100EF0000024E1E7006800100C680010F0B55746C8
:100F0000DE464E464546E0B5CFB00EAF07903800FE
:100F10001EAC0B784A781B0612041343CA7813439D
:100F20008A7804311202134308C08442F1D1C023ED
:100F300098463A00AF3B9C460A3BB8449B460B336D
:100F4000474613269A469046936B64461800E04144
:100F50001C00F441604014689B0AA1465840536A43
:100F600051684B445C46C0180B005546E3410C00E9
:100F7000EC41C90863404B40C318136404329742E4
:100F8000E2D14746079B0197DA68596905929A6949
:100F90001C680692434A5E6893467A1CFF320492AC
:100FA000069A9D689446059A18690392DB693E4A41
:100FB0009A469146089409960A950B900C910D93C8
:100FC00002910CE05F4608CFE2469946029B0395EA
:100FD00002903500BB4626009C4610000C000B21F9
:100FE00002000627CA410100F941514002001337AF
:100FF000FA415140029A1623024090466246474603
:1010000082437A40019F891804CF019789180D27E0
:101010002200FA4151444944914622000B3FFA41D3
:101020004F467A402700DF417A4037006F40274023
:10103000B9462F003740BA464F4653465F40B9463F
:10104000039B9144019FCA18049B4944BB42B9D1F8
:10105000029B9846089B9946079B49441960099949
:1010600089460A994C44894605994E4489460B990C
:101070004D4489464A441A610C9A5C6091461A00B4
:1010800048449E60DD605861069B434493610D9B1C
:101090006344D3614FB03CBC90469946A246AB46F0
:1010A000F0BDC04604670010982F8A42F0B546464E
:1010B0004F46D646C0B598B06E4690463200414B7A
:1010C00081460C0023CB23C223CB23C203CB03C214
:1010D0003F2C00DC74E040235B429A46A244574612
:1010E0007F339F434B464D464033DF192900300084
:1010F0004035FFF703FFAF42F8D15346980901305E
:1011000080018144251A08AF2A004946380003F0BF
:1011100017FD8023681C7B5538284ADD40220021BA
:10112000121A381803F006FD39003000FFF7E6FE0A
:1011300038220021380003F0FDFC5F222020E51753
:10114000630FED001D4381460023E1006A4407E080
:101150002C00C440200008331070013A402B0FD0FF
:10116000202040421818F3D548462C00C01A84406D
:101170000800D840083320431070013A402BEFD1CB
:10118000390030004446FFF7B9FE4246203408CE0D
:10119000190E1170190C5170190A9170D370043224
:1011A0009442F4D1202018B01CBC90469946A24627
:1011B000F0BD38220021121A381803F0BBFCBCE73E
:1011C0002500A0E7E066001030B50D681C00AC46B5
:1011D00003686344036025686B401025EB4123607E
:1011E0001568AC46634413600D686B401425EB41F1
:1011F0000B600568AC4663440360206843401820D8
:10120000C341236010688446634413600A685340F6
:101210001922D3410B6030BDF0B591B00E000A0029
:101220006D466B46070010A802CA02C38342FBD179
:101230000A2468460CAB08AA04A9FFF7C5FF0DAB4A
:1012400009AA05A901A8FFF7BFFF0EAB0AAA06A9C4
:1012500002A8FFF7B9FF0FAB0BAA07A903A8FFF776
:10126000B3FF68460FAB0AAA05A9FFF7ADFF0CABA9
:101270000BAA06A901A8FFF7A7FF0DAB08AA07A9AB
:1012800002A8FFF7A1FF013C0EAB09AA04A903A81D
:10129000FFF79AFF002CCCD1325908CD9446634415
:1012A0003B510434402CF7D111B0F0BDF0B5574696
:1012B0004E464546DE46E0B588466049A3B00291F9
:1012C0005F49814603915F49587804915E49000265
:1012D000059119789246084399782C9A0904084395
:1012E000D978090601435879069119790002084313
:1012F000997909040843D97909060143587A079175
:10130000197A00020843997A09040843D97A090630
:101310000143587B0891197B00020843997B09041B
:101320000843D97B09060143587C0991197C0002C6
:101330000843997C09040843D97C090601430A91B2
:10134000197D587D00020843997D09040843D97D21
:1013500009060143587E0B91197E00020843997ECD
:1013600009040843D97E090601430C91597F187F6F
:1013700009020843997FDB7F090401431B060B43E5
:101380000D93012351780E93137809021943937832
:101390001B041943D3781B060B4351790F93137920
:1013A0000902194393791B041943D3791B060B4394
:1013B000517A1093137A09021943937A1B04194343
:1013C000D37A1B060B4311934346002B32DD0023D7
:1013D0000326009312AD280002A9FFF71DFF434624
:1013E000009A9A1A402A00DD402200990023080042
:1013F0004944504437009C10A4001F402C59FF0062
:10140000FC40CF5C7C40C45401339A42F2D1009B33
:101410009C46944462460E9B0092019301330E93C6
:10142000E045D8DC009823B03CBC90469946A246E3
:10143000AB46F0BD00230093F4E7C04665787061C9
:101440006E642033322D62797465206B70B500298B
:101450001BDD01230400461801200D4D5B4221785D
:101460004B40082104E05B0801396B40002905D09E
:101470001842F8D101395B080029F9D10134B4428E
:10148000EDD1DB430020136070BD0023FAE7C046B6
:101490002083B8EDF0B557464E46DE464546E0B5EA
:1014A00099B0824689461792002800D1A5E1002A0A
:1014B00000D1A2E10B008022013B1201934200D334
:1014C0009BE10A001A401692194200D095E10B00E8
:1014D0000026012903D001365B10012BFBD100222D
:1014E0000023771E93465246B846012537001E005A
:1014F0000092002F00D17CE10023002441462A0005
:101500009A40164203D02800CA1A9040044301337F
:101510009F42F4D1BB4B88469A46BB4BA4009C46E5
:10152000A2446444009B985D03F085F9534618601B
:101530005B4601362360B145DBD11296002F00D106
:101540000FE17B1C15930023B04CB14E0893099416
:10155000B04B0C93012314938020012314990006AF
:10156000844632008B4062440B921A009446042257
:1015700010938A40DB0F63445B100D939B009A46E7
:10158000002313929F4A11930F929F4A0E92109B31
:10159000012B00DCB6E00E9B002499460F9B984679
:1015A00000239B4600230093019400239A4C02934E
:1015B000039443465246985803F06AF94B46524604
:1015C000040098580D0003F063F9029A039B06008B
:1015D0000F00200029000694079502F046F8009AB3
:1015E000019B04000D003000390002F03EF80200BB
:1015F0000B002000290002F008F8029A039B0490D7
:1016000005913000390002F030F8009A019B040087
:101610000D000698079902F028F802000B00200040
:10162000290001F0FBFF434606900791186803F07C
:101630002FF94B46040018680D0003F029F9220029
:1016400006000F00049805992B0001F0E7FF02F057
:101650008FF84346320018603B000698079901F066
:10166000DDFF02F085F84B4629001860049A059BBF
:10167000200001F0CAFF02F07BF843465146585063
:10168000069A079B3000390001F0BFFF02F070F8A6
:101690004B4652469850029E039F089A099B300081
:1016A000390001F0E2FF009A019B04000D000C9844
:1016B0000B9901F0DAFF02000B002000290001F075
:1016C000A4FF089A099B029003910098019901F0E8
:1016D000CCFF04000D0032003B000C980B9901F088
:1016E000C4FF2B00220001F099FF01239C46033325
:1016F000E3449C460D9B00900191E044E1449B45EE
:1017000000DA56E7109A0F999446119B139A080035
:10171000634494460E99129A6044614411930F9069
:101720000E91934200DA32E7149B1599013314931A
:101730008B4216D00120984001F0EAFF02000B0016
:101740003648374901F073FF04000D0002F048F8F5
:101750000C900E002000290002F02CF8089009914E
:10176000FAE6284B9846284B9946179B9A46129BB7
:101770009B0043449B46434601CB984603F088F8C0
:101780004B46040001CB0D00994603F081F822007E
:1017900006000F002B002000290001F066FF320038
:1017A00004000D003B003000390001F05EFF020034
:1017B0000B002000290001F031FF01F0E5FF0400DB
:1017C00012980D0001F0A4FF0B0002002900200078
:1017D00001F02DFF01F0CCFF534601C39A46D845D6
:1017E000C9D1169819B03CBC90469946A246AB4662
:1017F000F0BD044B044C9A4694E601235B421693D9
:10180000EFE7C046F0580020F03800200000F0BF9D
:1018100026A6A13C075C14330000F03F182D445469
:10182000FB211940F8B55746DE464E4645468A46E6
:10183000E0B59346071E99463ED0002A3CD04B4661
:10184000002B39D000292BDD0A9B4E465C42002339
:1018500098460A9B4B441D000A9A43460020002AE2
:1018600026DD002B04DB5A42B15CFA5C4A43801847
:10187000013BA342F5D14B4600211A780133891868
:10188000AB42FAD1002912D001F08AFE5B464246F3
:10189000985401239C46E04401340136C245DBD113
:1018A00000203CBC90469946A246AB46F8BDC0B26B
:1018B0005B4642469854ECE701204042F1E7C046BF
:1018C000F0B54546DE4657464E46E0B58BB01D00A6
:1018D000039007910292002800D1E0E0002A00D195
:1018E000DDE0002D00D1DAE0159B002B00D1D6E021
:1018F000149B002B00DCCDE05E19002200232F009A
:10190000A84614001D00387801F002FF02000B0009
:101910002000290001F082FE013704000D00B742CB
:10192000F1D1089409954546079B002B00DC91E016
:10193000169B01955B429A46159B9B46149B5B4206
:10194000994600230693149B002B00DC91E00022B3
:10195000002316001F004D46069C002C0FDB019A49
:101960006342D35C039A105D584301F0D1FE02003C
:101970000B003000390001F051FE06000F00013C61
:10198000AC42EAD1169BA94604960597012B00DCD0
:1019900077E0069B0026013B984600274346002B34
:1019A00019DB5A465B42D05C01F0AEFE4246029B18
:1019B0000400985C0D0001F0ABFE02000B0020005B
:1019C000290001F052FE02000B003000390001F046
:1019D00025FE06000F0001235B429C46E044D045F3
:1019E000DCD1089C099D002200232000290001F081
:1019F00085FE049A059B002834D03000390001F0A0
:101A00000DFE22002B0001F012FE04000D00254BFC
:101A100000222000290001F071FEFF23002808D1D8
:101A2000002300222000290001F062FE002300288C
:101A30002AD0069A02998B54531C01229446019A8B
:101A4000069301320192079AE244E344E1449A4248
:101A500000D078E700200BB03CBC90469946A246E7
:101A6000AB46F0BD3000390001F0D8FD04000D0098
:101A7000CDE70023002404930594169B012B00DD81
:101A800087E700260027ACE72000290001F058FE78
:101A9000C3B2CEE7002300240893099444E7012051
:101AA0004042D8E700E06F40F0B54E464546DE467E
:101AB0005746E0B587B005000E00019002910392F1
:101AC000002869D0002A67D0002965DD080002F0EF
:101AD000B7FE011C041C02F057FE02F0D9FE020002
:101AE0000B002F482F4901F0A2FD01F041FE814675
:101AF000FE20211C800502F04AFE02F0D3FE059074
:101B00008020211CC00502F042FE02F0CBFEB4464C
:101B1000B200934665440022AA4604900092009FBA
:101B200000247B0098465E46019D3800310001F09C
:101B300037FD080002F07FFE494602F03CFE02F04D
:101B4000C1FE8346287802F076FE594602F033FE45
:101B5000011C201C02F018FE0135041C4744AA4554
:101B6000E3D1009BB346002B14D00498211C02F053
:101B700022FE009E039BB500029A5851731C0093ED
:101B80009A42CCD1002007B03CBC90469946A24670
:101B9000AB46F0BD0598E9E701204042F3E7C046B7
:101BA000182D4454FB210940F0B55746DE464E46F9
:101BB0004546924BE0B51B68914C9A468423A54458
:101BC0005B009A4506D38F4B1B689B468E4B5B6828
:101BD0009B4509D00020B1239B009D443CBC90460E
:101BE0009946A246AB46F0BD874B9A68D31DDB08E9
:101BF0000933FF3301929A45ECD15B465B01934276
:101C0000E8D30DAC84220021200002F093FF84224F
:101C100000212EA802F08EFF842200214FA802F09E
:101C200089FF7948784A0D3000210C32FF3009E0F5
:101C3000002B04D09B00E55801310135E5500132FD
:101C4000824203D01378202BF2D9C3E75B46002BE6
:101C500062D00029BED00023002299469C46002372
:101C600000258020029203935346012767494000D4
:101C70000B930A956346049300230593049D059EE8
:101C8000029A039B521973414D4692185B41089288
:101C900009930292039363195D68002306950793E5
:101CA000AC46029A039B069D079EAD185E412A0032
:101CB0003D003300203DA84626D446460125B540C8
:101CC000A8460125BD40434500D983E72AD0089A9C
:101CD0002EAB4B445A600A9D4FAB4B445D600023D2
:101CE000CA5CBA4205D1C8260CAA7600921953558F
:101CF000013501338342F3D101370A95212F14D0E6
:101D000004239846C144B5E72025ED1BA8460125CC
:101D10004646F540A846D4E7019B1943484248414E
:101D2000C0B258E7AA42D2D954E70B9B9A46019B0E
:101D3000002B00D14EE786230020334A5B00D35CA2
:101D400002900130012100228146DB1111E02E4D6D
:101D5000D008AC46072560440D30FF30007895432D
:101D600028414D465B00284001310343212900D121
:101D700030E788002558002D23D088270CAEF619AF
:101D80003658B4469E421CD89E1BB54219D90299BA
:101D90000D008B4500D81DE70CAE8437F61930587E
:101DA000C8261B18604676001B1A0CA88019C05C58
:101DB000174B01315B5D984200D00BE70291002385
:101DC0000021019801328242C1D107200400144051
:101DD00010420AD0082301221B1B52429A400A4B90
:101DE0005344DB78934300D0F4E6029B00209B45EC
:101DF00000D0F0E648424841EDE6C0461CA1002074
:101E00003CFDFFFFFCA00020AC030020B803002035
:101E1000FC980020F0B557464546DE464E462F4B0F
:101E2000E0B51F682E4B80461B68002083B0BB4284
:101E300042D1002F38D08023DB0000249946294D61
:101E4000294E16E0B378002C43D06878C318707818
:101E50004000C318012C3CD030782A788018C01874
:101E6000FF23484537D30134AB7001360135A74213
:101E70001AD04346002BE5D100200190B01C8446C7
:101E8000E0430122824619496046C05C4243019802
:101E9000834693445A4601921A1D14D0013B0431E3
:101EA000534510D00A68EFE73A001149114802F093
:101EB00073FF43425841C0B203B03CBC90469946C0
:101EC000A246AB46F0BD0921019801F069FBC3B2FF
:101ED000C9E79B08C7E78008C3B2C4E7FCA000209D
:101EE0001CA10020E61C0020FA980020709C001025
:101EF000B0030020E81C0020F0B50023C646170000
:101F00003E4A00B513703E4A3E4E13603E4A33606F
:101F10001360431E040090460B2B23D880231B0123
:101F20009F421FD8002917D009285DD00C281DD04A
:101F3000002F1DD1354B364A364913605350364A6F
:101F40003649136053500022354B1A700023354A2E
:101F500001201370346006E0002F03D1092801D05E
:101F60000C28E7D1002004BC9046F0BD002FF9D02A
:101F70002D4D3A00280002F0E3FD4346244A25494E
:101F80001F60224B535013602449234A535013605F
:101F900080231B019F42D6D12900244AEF1802E07A
:101FA0000131B94226D0530353405A0C53405A01D1
:101FB0005A400878D3B29842F2D000228020184BC1
:101FC00080211A701A4A002394467F27000106E0F8
:101FD0000133834210D03A0061461A40895CEA5CC2
:101FE0008A42F5D00023B2E7002FBBD07B1E1F42F0
:101FF000BED0B7E70122E1E70123A8E73BA100201B
:102000001CA10020A8030020FCA00020216DA783B4
:10201000F478002004200000AC0300200C1900001C
:1020200039A100203AA10020FC9800204D3C2B1A39
:10203000D0990010F0B5CE464746002380B56D4AD2
:102040006D4D1268040089B02B70824206D10028C1
:1020500004D06A4E6A4932688A4205D0002009B02D
:102060000CBC90469946F0BD664971589142F5D135
:10207000654A904612688A42F0D140466349415809
:102080009142EBD1624F3B600C2CE7D8614AA30030
:10209000D3589F46604B614A196861489946FFF7DB
:1020A00003FD0028DAD14B46186880000028D5DBF4
:1020B000534A33689342D1D1524AB2589A42CDD151
:1020C00043461B689342C9D14146504A8A589A42B6
:1020D000C4D13860092C04D00C2C02D0514B98424A
:1020E000BCDC012301202B70B9E769464E4B4C48FC
:1020F0001A888A829B784D4A8B75118806AB1980A5
:1021000092789A70444A019391460322494602927A
:1021100000920968464A05ABFFF7D2FB00289DD123
:102120004B461868C2E7434A06AB11683C48069123
:1021300012791A71384A9146052249460092096877
:102140003B4AFFF76FFB0028EAD087E7324B334A60
:10215000196833489946FFF79DF90028A3D07DE719
:10216000002306932C4B2E48196806AAFFF76EF938
:10217000002800D072E7069B0420736098E7264B86
:102180002B4A19682C4B264800932C4BFFF78EF8EE
:102190008CE7214B264A19682148FEF787FF85E71F
:1021A0001D4B234A19681E48254BFEF7E5FD7DE7C8
:1021B000194B1F4A19681A48FEF7F4FB76E73200FC
:1021C000154B1748196808327160FEF781FB00282B
:1021D00000DA43E704306BE70F4B154A19681048E3
:1021E000FEF764FB62E70C4B114A19680C48FEF7D6
:1021F00003FB5BE7A80300203BA10020AC03002009
:10220000216DA7830C190000F47800200420000041
:102210001CA100201C690010FCA00020F878002000
:10222000FC980020081900000C69001010690010CB
:10223000B003002014690010B46900109469001004
:1022400084690010F0B5DE4657464E464546E0B577
:10225000CA4B04001B6883B0834208D1C84B1D7869
:10226000002D04D0C74EC84A3368934208D00025D9
:10227000280003B03CBC90469946A246AB46F0BD50
:10228000C24AB2589A42F2D1C1490B689342EED188
:10229000C04A8A589A42EAD10C28E8D8BE4A83003C
:1022A000D3589F460120FFF7B5FD0500E0E7002069
:1022B000FFF7B0FD0500DBE7B84B1D78002DD6D049
:1022C000B74B1968B74B8A001B689A42CFD10029D7
:1022D000CED0B54A002792468B46A146019533E001
:1022E0000F233B4200D042E1B04A3B099B009B5880
:1022F000AF4958004008984602F05DFAAD4902F037
:1023000043FA061C53461C6865006D08AA49281C40
:1023100002F085FA0028AAD1A749281C02F07AFA0F
:102320000028A4D14146201C02F02BFA40004008AE
:10233000311C02F06FFA002899D104239C46013722
:10234000E244BB4500D116E14B460C2BC8D19B4A59
:10235000BB00D3589649984653461C6843465800DC
:10236000400802F028FA964902F00EFA061CCBE764
:10237000944B1D78002D00D17AE78A4B00251B680D
:10238000042B00D074E7904B75689C4665446B4203
:102390005D41EDB26CE78B4B1D78002D00D167E7F6
:1023A000804B00251B68202B00D061E72022874945
:1023B000874802F0F1FC45426841C5B258E7814BBD
:1023C0001D78002D00D153E78123764A002512683D
:1023D0001B019A4200D04BE77E497D4802F0DCFCAD
:1023E00045426841C5B243E7FFF7DEFB05003FE722
:1023F0006C4B1B680193032B00D838E7684B1B68B4
:1024000098467368434500D031E704239C46E14673
:102410004A46714B00279A46704B4D469B46019B9E
:102420009B1A5B085B004B449C46B84500D8DFE034
:10243000654500D11BE75346AC1C195D002975D1D9
:10244000019BA946A34200D811E703239C463419F7
:102450002379624AE144D3554A46019B4D469B1A73
:102460005B085B004B449C460137DEE74C4B186829
:102470004C4B1B68834200D0F9E6002800D1F7E6F8
:1024800000210023524E564C03E00131884200D116
:10249000EEE6725C9B18625CDBB29A42F5D0E6E62F
:1024A000404B1B689C46012361466246194013421B
:1024B00000D0DCE6002A00D1A9E0394B444F994610
:1024C0001B68484D984604235B429E1B38780028C1
:1024D00000D1CCE643465B1A984200D9C7E60B0010
:1024E0007C780133EA5CA24200D0C0E6CA1A121816
:1024F000002AF6D10237F219944500D88AE0190073
:10250000E4E7304B1D78002D00D1B1E68023254A49
:10251000002512681B019A4200D0A9E632492C48D6
:1025200002F03AFC45426841C5B2A1E62F4B185D66
:10253000002800D19BE6B84200D998E64346DB1B51
:10254000994200D993E6B946D9444A460023A146A8
:102550001400381A5844C25CE25401339942FAD844
:102560007F184C46B84500D96AE74D465DE7002321
:10257000104E9846C6E6019D7AE6C046A8030020A4
:102580003BA10020AC030020216DA7830C190000A3
:10259000F478002004200000506900103AA10020C7
:1025A000FCA000201CA10020F8780020509A001008
:1025B000ACC5A73717B7D138FFFF7F7FD0790010A0
:1025C0000AD7233C39A10020CD65C162509C001080
:1025D000B0030020C0690010AF030020E81C0020F9
:1025E000FC980020FB980020D0710010AE03002062
:1025F000AC46019B0025634500D039E642460949B7
:10260000094802F0C9FB45426841C5B230E6074AB5
:10261000002391464A461568ED1A6B425D41EDB2C2
:1026200026E6C046FC980020E81C0020FCA0002004
:102630001E4B70B51A680023824208D11C490978E4
:10264000002904D01B491C4C0868A04201D0180086
:1026500070BD1A4C0C598442F9D1194D2868A0421A
:10266000F5D1184C2C598442F1D1092A1CD00C2ADE
:102670001AD00D1D144B1B68002BE8D0E81801235D
:102680000124124E5B422A7853400822210019404F
:102690005B08002900D07340013A002AF6D10135C9
:1026A000A842F0D1DB43D2E70435E3E7A8030020DA
:1026B0003BA10020AC030020216DA7830C19000072
:1026C000F4780020042000001CA100202083B8ED35
:1026D00010B54024084A83009A181268C00054407C
:1026E000C0222240054CA44663441A60044B9C4619
:1026F0006044416010BDC04604C0014004D00140A8
:10270000004001400A4B80009C464B1E99416044AA
:10271000C900002A01D00423194303684B400C214F
:10272000194080235B019C46604401607047C046AD
:1027300004C001400123D02283404021120693624D
:102740009361094A83009A181268C0005140C02260
:102750000A4006498C4663441A60054B9C46052393
:10276000604443607047C04604C0014004D001404B
:10277000004001400FB400B5084883B002F0F2FAFF
:10278000049B002B07D005A91800019102F0E6F97F
:10279000034802F0E7FA012002F0F8F9849C0010E7
:1027A000949C0010F8B5EFF3108772B60E4E3368A4
:1027B000002BFCD0BFF35F8FCB08C4180725A446BD
:1027C000C45C01230D40AB4018002040234208D1D7
:1027D000624623431370BFF35F8F306087F3108826
:1027E000F8BD1000FFF7C6FF2C0100D0044A107896
:1027F000431CDBB2172B00D9102313707047C0465F
:10280000E00100200021044B044ABFF35F8F02C3A4
:102810009342FAD17047C046000100D0800100D039
:10282000054B064A1360064A136053609360D360F9
:1028300013615361936170478080808000E400E001
:1028400004E400E01F2318401E3B8340002905D00C
:10285000C021044A49005350136070478022014947
:102860008B50FAE700E100E070B50D00EFF3108641
:1028700072B60F4A1368002BFCD0BFF35F8F0D4B6D
:1028800010309B6884001B590B4A934203D09D4231
:1028900001D000F091FD074B9B681D51BFF35F8F86
:1028A000BFF35F8F0022024B1A6086F3108870BD61
:1028B000240100D000ED00E0C1010010024B9C4655
:1028C00061448900016070474000003410B5040085
:1028D000FFF78CFF01002000FFF7F0FFFF232371BB
:1028E000BFF35F8F10BDC04610B50400FFF77EFF39
:1028F00001002000FFF7E2FFFF23A380BFF35F8FFB
:1029000010BDC04670B5094C094DAC4208D22368D1
:102910002000002B05D00834FFF7E6FFAC42F6D3C9
:1029200070BDFFF7D3FF0834EFE7C0462002002058
:10293000280200200A4B1968EFF3108072B60A686B
:10294000002AFCD0BFF35F8F1B68BFF35F8F0022AC
:102950001A6080F3108840BF002000217047C046F5
:1029600034A10020F0B5DE4657464E464546E0B558
:1029700085B0EFF30582032313409A001100039200
:10298000B64A5258904601229A409146B44B1A607A
:102990004B46B4484363434608229B5E9A46002B4D
:1029A0003EDA43469B881BB2002B00DBA2E0434685
:1029B0009B79002B00D0F4E0434608241C5F002CD8
:1029C00024DB42465269630094461B19DB006344D2
:1029D0009C68DD68631C00D110E1A248039B84461B
:1029E0006344826A19001B69A61A9B1A9E4215D37A
:1029F0004A46036A1A4211D09A4800F0CDFA241AC6
:102A00008D41002D02DCC3D1002CC1D040BF05B0E8
:102A10003CBC90469946A246AB46F0BD0C61EBE744
:102A2000424652695B0093465344DB009B445B463D
:102A30009E68DF6800F0B0FA801BB9410029B0DB66
:102A4000002F00DAE5E05B46874A1B69934200D11C
:102A5000D8E041465A460820085E528800041043D8
:102A60005A465169984704000D0023002B4300D1BA
:102A7000CFE0002D00DBE8E0361BAF4134003D0025
:102A80005B469C60DD600021595E002900DA88E722
:102A900043465B6922009C462B0048004018C0005A
:102AA00060448668C768921BBB41002B00DA78E758
:102AB0004346664602000094019519810CE07B00B4
:102AC000DB19DB00F318009801999C68DD68001B96
:102AD000A941002904DB1A000023D75E002FEEDA9B
:102AE0005B461F805346138043469B881BB2002BD6
:102AF00000DA5CE743461A69EFF3108172B6136897
:102B0000002BFCD0BFF35F8F43469B8842461BB22D
:102B10009A4601235B4293801369BFF35F8F0022C3
:102B20001A6081F310885346002B00DA3FE74346D2
:102B30005B699C46082343449B4653465F004346DB
:102B40005744FF0008229A5E67445E46BC68FD68F1
:102B5000002A19DB3B000094019567469C4604E07F
:102B60001E000023F25E002A0BDB0098019953003F
:102B70009B18DB00FB189C68DD68001BA94100293D
:102B8000EEDA6346BC461F005346338000217B5E6D
:102B90003A809A46002BD0DA43469B79002B00D12D
:102BA0000AE7002342469371434646460821595E90
:102BB00008364B1C00D129E747468C46556902E090
:102BC00006004B1C17D04B005B18DB00E8180A000E
:102BD000E95E43881BB2002BF2DA01235B42DC176B
:102BE0008360C4609445ECD031803B899446038077
:102BF0003A814B1CE7D1B8466446E0E66B1C00D036
:102C0000EBE6F9E65B465C692000236998470028FB
:102C100021D15B4642461B8813811269EFF3108372
:102C200072B611680029FCD0BFF35F8F4246594647
:102C300052880A804246514651801269BFF35F8F25
:102C40000021116083F31088ABE6064800F0A4F978
:102C500024184D4114E76568246806E720A1002088
:102C60003C7005400040054065290010F0B5C6469F
:102C7000904600B5C16006001D000F00FFF7B6FDCD
:102C80001B4BD0229C464346120633701268ABB2EF
:102C90007270012260445242800073819B1830613F
:102CA0003281B2807380002D0BD06B005D19746986
:102CB000ED00104B2D192380013318349BB2AC4228
:102CC000F9D143469A000C4B0124D65043469C4010
:102CD00040463C620949FFF7C7FD40460121FFF726
:102CE000B1FD074B9C4667443C6004BC9046F0BD78
:102CF00040000034FFFF000020A1002065290010E3
:102D00003820000010B50A4C2369002B04D00A219A
:102D10000848FFF7D3FD10BD0321074800F032F942
:102D20001023032220000449FFF7A0FFEFE7C0466D
:102D3000E401002034A1002000400540F0B501006E
:102D40000469EFF3108772B620680028FCD0BFF347
:102D50005F8F02200D5E48696C0084466419E400B0
:102D60006444002D01DB208848800869BFF35F8F31
:102D70000026066087F31088002D2EDBE360638851
:102D80000598013320615B0406985B0CA2606061CA
:102D90001A1C002B1FD090B22B04628018430A69C2
:102DA000EFF3108672B61368002BFCD0BFF35F8F71
:102DB0008B8823808D800B69BFF35F8F00221A60A0
:102DC00086F310880B7801329A40CB6804498C4610
:102DD00063441A60F0BD0122DDE701204042F9E7BB
:102DE0003C20000070B582B01D0008AB1B780600C7
:102DF0001400002B07D100F0D7F822002B00121A84
:102E00008B41002B0ADB079B22000193069B3000BD
:102E100000932B00FFF792FF02B070BD0020FBE78C
:102E200030B543890A14934233DD53009B1842693D
:102E3000DB00944604696344EFF3108572B62268A0
:102E4000002AFCD0BFF35F8F5A88090494B2090CA2
:102E50008A4208D00369BFF35F8F00221A6085F3AE
:102E60001088002030BD8022120214435C800123B0
:102E700002698371BFF35F8F0021116085F31088B1
:102E8000054902788C469340C26801206244136071
:102E9000E8E70020E6E7C0463C200000F0B5CE465B
:102EA000474680B504000D0085B0EFF30587002F7D
:102EB0000DD0314A0020536A8B4203D3926A01300D
:102EC000A24249D305B00CBC90469946F0BD2B4BAD
:102ED0009846DB689946434648461E7800F05CF801
:102EE0000B00494602000436B600715820008E1AC5
:102EF0002900801A99418F4211DC0ED020BF1E4A52
:102F00000020536AAB42DDD3926A0130A242D9D28B
:102F1000EB1A581E8341D8B2D4E78642EED900237B
:102F200002930193164B2200009340462B00FFF7BB
:102F300059FF011E15DD104B2E005A6A954218D814
:102F40009B6AA34213D34046FFF76AFF0A4A002058
:102F5000536A9E42B6D8D7E75B1A581E8341D8B24F
:102F6000B0E7054A0020536AAB42ABD3CCE79542A9
:102F7000E9D120BFE7E7C04600400540E40100205A
:102F80003529001010B5024A0248FFF70BFC10BDAE
:102F9000989C0010BC1C00200300416A0A00986A3B
:102FA000596A8A42FAD17047034B596A0A00986AF3
:102FB000596A9142FAD1704700400540F0B54F463A
:102FC0009946344BDE4646469C4644002418A400ED
:102FD000C0B5644416006368089A8B46934200D2D9
:102FE0006260031FDBB29846012B2ED9C0238022DA
:102FF000294F85009B0179591201E3181A600029B5
:103000001AD1226876017240E0268023164042469B
:103010005B01E3181E60012A2ED9802380229B01C8
:10302000E31812011A60089B63604B467B511CBC7D
:1030300090469946A346F0BD786900F0B1FA431C6A
:103040005800C0180338FDD2DBE75B46012BCDD119
:10305000C02303229B01E3181A60023AA3681A42B4
:10306000FCD0E0232268760156401E4080235B019D
:10307000E318094F1E6085005A462168514003221B
:103080000A401A6001235A469340A2681342FCD0BA
:10309000C3E7C04600800040C01C0020064A430031
:1030A000944680221B189B00634412011A60002280
:1030B000024B8000C250704700B00040C01C00208E
:1030C000F0B583B005000E0018000899170000F055
:1030D00067FA089A0300140231003A0028000094AD
:1030E000FFF76CFF03B0F0BD10B5802482B0640020
:1030F0000094FFF763FF02B010BDC046014B800093
:10310000C0587047C01C0020802270B506000E4CCD
:103110005200A3691D0015401342FAD1FA210B4B4E
:103120008900186900F03CFA0A2310212060064A41
:1031300023610B3B6560A360666193691942FCD013
:10314000D069400970BDC04680800040C01C00208E
:10315000F0B5C646802506000F00140000B56D00CE
:1031600082B0174B01220121052000959846FFF7F8
:1031700025FF3B00320000940121124800F080F846
:1031800021003000794300F00BFA040000220221F4
:1031900004200D4B0095FFF711FF230000220121B1
:1031A00005200095FFF70AFF434602220021062072
:1031B0000095FFF703FF02B004BC9046F0BDC04687
:1031C000006CDC0200800240001BB700F0B5DE4658
:1031D0009B46264B57469A46A0234E4645465B00E3
:1031E00099468046E0B583B00091019201235B428D
:1031F0009C46E1444B460F2B35D01D4F1D4B0726F7
:1032000057449A452BD8340043463500B0467443A2
:103210001E0004E04346013DE41A002D19D02100B0
:10322000380000F0BDF9B042F4D10029F2D14A468D
:103230004646114B01205343009A1360019B1E60C8
:103240005B461D6003B03CBC90469946A246AB4627
:10325000F0BD33004646013E9846002ED3D1074BC1
:103260009C46E244C2E70020ECE7C04670F72E001F
:10327000B0710B0050F80C00001BB70020D1FFFF0D
:10328000F8B50400204817001D000E0000F088F972
:103290000100380000F084F9069A2B04120313434E
:1032A0002268002A1FDB194AA21851424A41802194
:1032B00049018C4652420A40154962440A60154948
:1032C0000A60154917000D68AF43FBD1134A266009
:1032D000A1182122A0600A602268002AFCDAE360BB
:1032E00008230B60F8BD3F2221680A40B242DAD1C0
:1032F000A2681205120D8242D5D1EE21E268C90200
:103300000A409A42CFD1EDE7001BB7000040FDBF55
:1033100000E0004000F0004008C000400430000021
:103320008023024A9B000B43D36270470080054014
:10333000142310B50100188804331B88984710BD6A
:10334000162310B50100188802331B88984710BD5A
:10335000F0B5C64600B5002916D014230400012597
:1033600098461827890046184346216818883B88E4
:10337000984701C4431E984140420540A642F3D1FC
:10338000280004BC9046F0BD0125F9E7AA23064AAF
:103390001B0113608D235B00D3600449044B19604B
:1033A0005368002BFCDA70470040024000B0FA007E
:1033B000006002407047C04610B50148FFF7DAF9D7
:1033C000BC9C001070B5074B074C9C4209D2013BD6
:1033D0001D1BAD080135AD002D1908CC9847AC4236
:1033E000FBD170BDAC4E0010704E0010054B064A6C
:1033F00006491A60064A074B1A6010000B6898438A
:10340000FBD1704700E00040BFCDFBFE08C000408C
:10341000FE7F3C0000F00040044BDB6C002B03D12E
:103420008022034BD2021A607047C0460000115040
:103430004C201150044A054B1A60054A1368DB0101
:103440008033FBD17047C046FFFFFF0100F0004012
:1034500008C000404022034B9A675A671A67DA6631
:103460007047C04600F0014010B5FFF7CBF910BD22
:1034700070B50C490C4C0D4D641AA6103200302E5C
:1034800000D930222800920001F05AFB2F2E06D8D6
:103490002A0007492C19C03202C49442FCD1054BC2
:1034A0009D6070BD00010010C001001000000020F0
:1034B000C101001000ED00E0002310B5294C82B0DE
:1034C000A367FFF763FF0122274B1A60636C012B90
:1034D000FCD10322254B1A60224A936B012BFCD1AD
:1034E000013300930121224A22480433FFF7C8FE2A
:1034F000052301210093204A2048FFF7C1FE002246
:10350000022104201E4BFFF7EFFD002201210520C0
:103510001C4BFFF7E9FD0022002107201A4BFFF7A3
:10352000E3FD002200210820174BFFF7DDFD80237B
:10353000DB000093002200210920134BFFF7C0FDA0
:103540000022104B00210620FFF7CEFD0420FFF7DC
:10355000D5FD0E4900F024F801000020FFF7E0FE41
:1035600002B010BD008000403CB0004030B00040D0
:10357000002F685900800240008C864700C002403E
:10358000001BB70040597307006CDC0240420F007B
:1035900001480421014B184700020020513300105C
:1035A000114A936F9B0813D210665166002905D00B
:1035B000FFE7FFE7FFE7516F106F704704B5002882
:1035C00001D00020C04301F043FC002104BDC046EF
:1035D000F0B5146E556E576F166FFFF7E5FF146662
:1035E000556657671667F0BD000000D044464D464B
:1035F00056465F46F0B47047F0BCA046A946B246B6
:10360000BB46704748404140484018B41B4B5B687C
:10361000FC46019308BD04DF573B001018B4174B5C
:103620001B68FC46019308BD00DF613B0010944617
:10363000134A926F920809D2624618B40F4BDB68A6
:10364000FC46019308BD0CDF193E00100C4AF0B592
:10365000146E556E576F166F6246FFF7EEFF084AFD
:103660001466556657671667F0BD18B4034B9B6820
:10367000FC46019308BD08DFBD3C0010A4A100205A
:10368000000000D0FFB550404240504059404B40F0
:10369000594000E0FFB5154F4C00640D03D0BC420B
:1036A00004D10C0314D80020090D09055C00640D39
:1036B00003D0BC4204D11C030AD800221B0D1B05F9
:1036C00001264B4009D44B4003D58B4200D18242A6
:1036D000FFBD9942FCD19042FFBD0B43DB18034371
:1036E0001343F5D0C9434918FFBD0000FF07000090
:1036F00000B5FFF7CFFF804100BDC04600B5FFF722
:10370000C1FF804100BD00000021002805D17047A5
:10371000C1174840401AFAD0C90713B5064B1B68B9
:1037200098470CBC441CA2401005120B0349091B0E
:1037300009051943114310BD30A100201F040000EA
:1037400018B4044B5B6AFC46019308BD24DFF541C5
:1037500000100000A4A1002018B4044B1B6EFC460E
:10376000019308BD60DF034300100000A4A1002006
:1037700018B4044BDB6FFC46019308BD7CDF8D421F
:1037800000100000A4A1002018B4044B9B69FC4663
:10379000019308BD18DFE53F00100000A4A1002040
:1037A000024A034B00B500F0B9F900BD182D44548E
:1037B000FB2119408A0002D3920D092A08DA18B4B5
:1037C000064BDB6BFC46019308BD3CDF3744001021
:1037D00000B5FFF7E5FF04BC9646F0E7A4A1002082
:1037E0008A0002D3920D092A08DA18B4064B1B6C22
:1037F000FC46019308BD40DF4744001000B5FFF7C9
:10380000CFFF04BC9646F0E7A4A10020132370B5B7
:103810001C78012C19D014DD1148FFF791FD06002A
:103820001048FFF78DFD104D80223100280001F077
:1038300087F9022C06D00D48FFF77AFD0C4B186073
:1038400070BD094D0B4AAA64F5E7074D094A2900E6
:103850002B00803104C38B42FCD1AA64EBE7C04645
:103860005344000053460000A4A100204C33000044
:1038700030A10020253B0010F0B557464E46454686
:10388000DE46E0B585B01F000E9B04000D0016005B
:103890009A46002B5DDD012039114042FFF780FE82
:1038A000002303909B461BE022009A4001922300D4
:1038B0004A469340009343463200D91740463B00A6
:1038C00000F042FF009C019D5B464A469340434402
:1038D0009B4653469B1A241A8D419A46002B1DDDA8
:1038E0005346D1460C2B01DD0C239946039AAB11AC
:1038F000534349461D22521A1341202201335B10C3
:10390000524298468B18CFD5202322005B1ADA400A
:1039100013002A008A401A430192C8E7AF421CDC18
:1039200029D020002900801BB9418F4238DC35D0D6
:1039300002239C46801BB941E3440F9B002B01D01E
:103940005A461A6005B03CBC90469946A246AB4622
:10395000F0BD8F4217DD00239B462000291EECDAC4
:1039600080197941002909DA02235B429C468019BB
:103970007941E344E1E7A642D3D9EEE701235B4274
:103980009C46E344D9E78F4201D18242E3D820002C
:1039900029000023801BB9419B4601E08642C7D91C
:1039A00001239C46E344C8E7F0B54646D6464F4659
:1039B0001C008046C0B588B01000109A4B0065000E
:1039C000C4465B0D6D0D002A02D00022109E3260AD
:1039D0004B4A934252D0002D50D0002B57D09542E5
:1039E00062D06A1E9A425FDCCE0F0F03B1463E0BD7
:1039F000B2466646049680267603B4465746029041
:103A000060463E43270305963E0B304303909A429F
:103A100040D04A46002A06D0049E059F00227142EB
:103A2000BA41049105920498059907AA5B1B01927B
:103A30000093029A039BFFF71FFF06000F0002008E
:103A40000B000298039992197B4194468B422FDC1C
:103A50002CD0029A944544D0002C02DA079B5B429A
:103A60000793109B002B01D0079A1A60254A30005B
:103A70003900521BFFF770FE060001E000262249C4
:103A8000300008B01CBC90469946A246F0BD002606
:103A90000021F5E7059B834212DC029D039EB342A1
:103AA00002D1049BAB420BD84646E9E78242D0D90B
:103AB000079B01330299039A0793761A9741CBE744
:103AC0004B46029E039F04980599B6197F41002B2F
:103AD0000ED1801BB941013306000F00150007937A
:103AE000BAE7039A9342B7D1079BDA07B4D5E0E768
:103AF00001235B42361A8F4115000793ACE7C0469D
:103B0000FF070000330400000000F07F10B5002420
:103B100082B00094FFF748FF02B010BD10B5FFF768
:103B2000F5FF10BD07B5604601880A0A0230DF2A9A
:103B3000FAD1C9B2820804D3028840880004104335
:103B400000E00068014A5050039007BDA4A1002086
:103B50000FB403BC0CBCF0B50124E407634000E0E3
:103B6000F0B50C0DCF0F661E3605891B640503D317
:103B7000C943404200D30131640D03D0661CF60AEC
:103B800007D0E41B00207F00791C89078912803C44
:103B900024031D0DDF0F6E1E36059B1B6D0503D321
:103BA000DB43524200D301336D0D03D06E1CF60A85
:103BB00007D0ED1B00227F007B1C9B079B12803DE2
:103BC0002D032F1B661B58D4A446202E46DA20371F
:103BD0001400BC401D00BD40F24033412A43801810
:103BE0005941CB0F05D0C943C04300226442504124
:103BF000514162464D0D28D10D0D07D100281FD02F
:103C0000241940414941013A0D0DF9D0640006D311
:103C1000013000D30131002C01D140084000013AAD
:103C20000BD4941CE40A04D112051144DB07194497
:103C3000F0BDD907204B194300E0D9070020F0BDA3
:103C40000029DDD1002CDBD1F0BD0132C6074008D0
:103C5000CD0728434908002EE1D0D9E73C2E29DAC8
:103C6000203E40371400BC4000D00124F2401443F1
:103C70001A00BB401C43D317ACE7AC46202F08DA30
:103C800020360400B4400D00B540F84039412843C7
:103C9000A5E73C2F0CDA203F40360400B44000D0AA
:103CA0000124F84004430800B1400C43C117EAE77F
:103CB00010001900002494E70000F07FF0B50C0D0F
:103CC000661E3605891BE60A6405640D02D0651C74
:103CD000ED0A04D0002001210905803C2403A446FC
:103CE0001C0D671E3F05DB1BE70A6405640D02D04F
:103CF000651CED0A04D0002201231B05803C24032F
:103D00007740644497B484B296B27443070C7E4300
:103D1000150C6F4380B26843361802D301200004AB
:103D20003F183004350C00197D41844688B29AB2A0
:103D300050430C0C62431F0C7C438EB27E4392199D
:103D400002D301263604A4191604170C361867414D
:103D500001BC81B29AB25143040C62431B0C5C4318
:103D600080B25843121802D3012000042418100412
:103D7000130C401863412D185E410020474106BCDA
:103D800088B293B258430C0C6343120C544389B26B
:103D900051435B1802D301210904641819041A0C59
:103DA000091862416D1856410020474118BCF902BC
:103DB000720D1143F0026A0D1043ED020A0D03D19A
:103DC0006D1940414941013B124E9B1B7600B342A5
:103DD0000ED26D0007D3013000267141664635438F
:103DE00001D1400840001B05C918E4072144F0BD7B
:103DF0000BDA013306D1013004D101314F0D01D06E
:103E00004908F2E7E1070020F0BD01363105002046
:103E1000EBE70000FF030000F0B51C0D671E3F0537
:103E2000DB1BE70A6405640D02D0661CF60A04D0A9
:103E3000002201231B05803C2403D0252D060026EB
:103E4000F6432E661E096E66CE0FF619B44649007B
:103E50004F0D02D07E1CF60A03D000200021403F07
:103E60003F033E1BB600B444013F7F05C91B490810
:103E70002E6F013676089C02950D25437543ED1390
:103E80007543AD1301356D10F603761B0CB4CC02EF
:103E9000450D2C43A2B2B3B25A43270C7B43350CD9
:103EA0006F43A4B26C431B1902D3012424043F19AD
:103EB0001C041D0CA4187D4124196D41009A91B277
:103EC000ACB26143170C7C432B0C5F4392B25A4354
:103ED000A41802D301221204BF182204230C521882
:103EE0007B41019C6C431B19520ED9010A434401CA
:103EF000A01A81B2B2B2514303145A43360C734331
:103F000087B27743D617D21900277E4136049B1912
:103F10001704160C7F185E417316ED18F301002686
:103F200080337541A90F06D16400690AE8055B0A70
:103F3000184309D22FE00422944480337541A90A22
:103F4000A8059B0A184326D3404149412404009AFE
:103F5000019B0D005543641B4343E41A95B286B29E
:103F60007543170C7E43030C5F4392B25A43B61855
:103F700002D301221204BF183204330C52197B41C0
:103F800052429C41002C02D4002201305141400891
:103F9000CA071043490802B06246D7079210084B7F
:103FA000D218084B9A4203D212058918C919F0BDDC
:103FB0000020002A01DC3900F0BD01331905F5E7C6
:103FC000FD030000FE07000007DA002107E0C90F2B
:103FD000C907520D03D0C91201E04C490905002060
:103FE0007047C0464A00F2D2520D013A484B9A42FD
:103FF000EAD2F0B51405091B520801D30018494153
:104000009B08D2181205944640A44A0CA25C0B09E6
:10401000534353431B1353435B131202D21A13002F
:104020005B435B0B4C086343DB135343DB150133EA
:104030005B10D21A130CD21A13005B438902840D51
:1040400021438DB29EB275430F0C7E431B0C5F4320
:104050008CB25C43361902D3012424043F19340482
:10406000330C64197B419D01A40E2C432034A5B26E
:104070005543241454432D0C6419A411D203121B6C
:1040800095B28EB27543170C7E430C0C674393B206
:104090006343F61802D301231B04FF183304340CC6
:1040A0005B197C41DB186441DB18002363419EB23D
:1040B00076439DB21F0C7D437F436C04ED0BA41926
:1040C0007D4106028F08361BAF417D07F6086E4121
:1040D000B4B295B26C4337147D43120C5743B6B259
:1040E0005643EA17AD19002672411204BF182E0478
:1040F0002A0C36197A410832521117D29D0A9C05B2
:10410000D117101969416144F0BD0000FF0700009C
:10411000FE070000F8EBDFD6CDC5BEB8B2ADA8A44F
:10412000A09C9995928F8D8A8885838152415D0AE2
:10413000DC05D11714194D412B006343A6B2764319
:10414000A2B2270C7A437F435104D20B89197A41DA
:10415000D218D21880054942904102D4002301347C
:104160005D4160086908ED0728436144F0BDC04621
:10417000624618CA94465A46002A20DB04E062468A
:1041800018CA944600291ADAC01861415B463B41BF
:104190005C46B4405246FA40224344464D46624192
:1041A0006B41904699462B46B3403D41FC401C4331
:1041B00052465B46A241AB4192469B467047C01AAD
:1041C000A1414B463B414C46B4404246FA40224353
:1041D00054465D4662416B4192469B462B46B34036
:1041E0003D41FC401C4342464B46A241AB419046F8
:1041F00099467047002200B5203200F010F8080000
:1042000000BD002200B500F00CF8CA179A4200D198
:1042100000BDD8430121C907414000BD00220B1554
:104220000AD410B5944600F0A7F81414013400DA4B
:104230000021CB17144C2047002000217047624416
:10424000343A0CD40C2A07DA0400914090405242D0
:104250002032D440214310BDD843D94310BD203271
:1042600007D40C469440524220321141D0402043A2
:1042700010BD0800C917203203D452422032104129
:1042800010BD1800190010BD3F4200104A00520D29
:10429000144BD21A13DDFF2A1EDAD205CB0FDB072F
:1042A0001A43C300400F0903490A084310435B0047
:1042B00001D301D0013070474308FBD2704702D0D0
:1042C000C80FC00770470A0312130132F8D1420F1A
:1042D000072AF5D1012200E0FF22C80F0002801852
:1042E000C00570478003000000210A00002104E09F
:1042F00000210A00C11704E00022002306E0C046A6
:104300000022CB1758405940C01A994130B5184C7B
:10431000A21A002903D1010010D00020203A4C1528
:1043200012D104D2013A001849414C0DFAD3114C74
:10433000A24204D212058918DB07C91830BDD24346
:10434000520D00200021F5E703D4013A001849413D
:10435000FBD50B324405C00A4D052843C90A640049
:1043600003D0002460416141E1E7E0D34408F8E76D
:1043700032040000FE0700000A0DCC0F531E1B057F
:10438000C91A520503D3C943404200D30131520D2B
:1043900003D0531CDB0A07D0121B00206400611CF1
:1043A00089078912803A1203014BD21A7047000024
:1043B000FF030000023225D40C2A1CDA1125AD1AA5
:1043C0000B002B41083207350600EE40904091402B
:1043D0003143F0CC63431A1500235A4155435643E9
:1043E0005743BF02F412760576196741ED177F191E
:1043F000801BB94170470C220020C91749000131C8
:104400000905DBE70902030E19430002534220327B
:1044100008D40C0019419440D84020430022504158
:10442000514170470800C917203B2032F1D50020C8
:10443000002100227047F0B5FFF7D8F800F00EF821
:1044400000F030F806E0F0B5FFF7D0F800F006F81D
:1044500000F046F8FFF7D0F8F0BD000000B5FFF718
:104460008BFF30A4FFF7A6FF00242C4D2C4ED20763
:1044700002D3F6436D426641520004D2A246A346DF
:10448000A846B14603E0A046A146AA46B3466EA49C
:10449000A44601271F26FFF772FE0137013E212F98
:1044A000F9D100BD594684B28DB26C4306147543F0
:1044B0000B145E4382B25A43AD18EA1700D7D243B9
:1044C0001204B6182A042B0C1219734140464946AF
:1044D0009D009B17920F2A43904199413E2210E77D
:1044E000494684B28DB26C43061475430B145E4387
:1044F00082B25A43AD18EA1700D7D2431204B61855
:104500002A042B0C12197341504659469D009B17E3
:10451000920F2A43504159413E22F2E6BB4DF09D95
:10452000C556F6367D5100001A61140085880A00D0
:10453000FB211900F0B5FFF759F8404D0C002C4055
:1045400001D0AC4202D1090D090500201C002C400D
:1045500001D0AC4202D11B0D1B0500220026ED024A
:10456000002B04D502266B40694000D476424F19D7
:1045700004D599420CDD0136694003E0BB4207DAFD
:10458000013E6B40070010003A000F0019003B008D
:1045900040B4002A0FD1002B0AD05C00641501340E
:1045A00009D14C006415013402D10139013B02E00C
:1045B000002000212EE0FFF72FFC3E22FFF722FE15
:1045C00082468B46002000218046012292079146B8
:1045D0001DA4A44601271F26FFF7CAFD0137013E8F
:1045E000212FF9D14A4653460C3A0124640700278B
:1045F00052081B0005D49341001979416408F7D192
:1046000004E05341001BB9416408F1D1CE074910C1
:104610004008304340BC002E0AD0094C094D01D55A
:10462000E443ED43F60701D10019694100196941DE
:104630003D22FFF766FEFEF7DFFFF0BD0000F07FD2
:104640008D305A88A8F64332694FBB610567AC1DAF
:10465000B16E4096FCBAAD0F72DB0BABA66EF507E0
:1046600039BD9FE576ABFE034B6297BA5BD5FF0180
:10467000D694DBDDAAFAFF005DEAEE5655FF7F0017
:104680006E77B7AAEAFF3F00BCBB5555FDFF1F0080
:10469000DEADAAAAFFFF0F006F5555F5FFFF07001B
:1046A000ABAAAAFEFFFF03005555D5FFFFFF01008F
:1046B000ABAAFAFFFFFF00005555FFFFFF7F000088
:1046C000ABEAFFFFFF3F000055FDFFFFFF1F0000AB
:1046D000ABFFFFFFFF0F0000F5FFFFFFFF0700002C
:1046E000FFFFFFFFFF0300000000000000020000CA
:1046F0000000000000010000000000008000000039
:104700000000000040000000000000002000000049
:104710000000000010000000000000000800000081
:104720000000000004000000000000000200000083
:1047300000000000010000000000008000000000F8
:10474000000000400000000051434343C9188C465C
:10475000110C83B24B4310B4040C614392B280B28B
:10476000504362431C041B0C001910BC5941130434
:10477000120CC0185141614470470000484041404C
:1047800048400E4B5B6818470C4B1B6818470C4A97
:10479000936F9B0802D2094BDB681847F0B5146E83
:1047A000556E576F166FFFF7F6FF054A146655668C
:1047B00057671667F0BD014B9B681847A4A20020FD
:1047C000000000D007B548404140484001E0C046E5
:1047D00007B54200120E03D0FF2A03D1420218D8B7
:1047E000C00DC0054A00120E03D0FF2A03D14A02B1
:1047F0000FD8C90DC9050122414005D4414001D55A
:10480000814207BD884207BD0143491801D0C0431A
:10481000001807BD00B5FFF7D5FF804100BD01239B
:104820001B064200D21804D84A00D21801D8002032
:10483000704701207047491A002807D10846704781
:10484000C10FC90700D54042002817D0F44603B471
:104850000B4B1B68984706BC81409E384042803114
:1048600007D20B0607D04900490AC0051043084388
:1048700060470130F8E7490A8902F5E77047000010
:1048800030A10020014B1B6B18470000A4A20020A0
:10489000034BDB6FFC4618477CDFF54A0010000035
:1048A000A4A20020C11502D4054B9B691847C84338
:1048B000FF2801D1C0077047C817C0057047000026
:1048C000A4A200204100090E862902DA044BDB6B0A
:1048D0001847044900B500F0F3F802BC8E46F5E72E
:1048E000A4A20020DB0FC940132310B510481C7888
:1048F000FEF726FD0100012C0AD003DD80220D48C1
:1049000000F01EF90C48FEF713FD0C4B186010BDAB
:10491000084C5422200000F013F923002100084A1B
:104920005433803104C38B42FCD12262E261E9E757
:1049300053460000A4A200204C33000030A1002008
:10494000C94A0010F8B54746CE46050080B51600A6
:104950000F009846002A2CDD0120C9114042FEF7C5
:104960001FFE002281461D2033000C2E00DD0C238B
:1049700049466C129D404C43C11A0C41AC4601346F
:104980006410250061469A407D4312194D1BF61AAA
:10499000002EE9DCAF420FDCE81B874217DCC01BAE
:1049A00002324346002B00D01A600CBC9046994658
:1049B000F8BD884209DA0022281EF2DA781902D5F9
:1049C000C019023AEDE7013AEBE70022E81B013299
:1049D000E7E7C046F0B54746CE46FF2480B5C30D95
:1049E000CD0D160083B00F1C23402540002A01D0B6
:1049F00000223260FF2B3ED0002D3CD0002B3DD05A
:104A0000FF2D33D06A1E9A4230DC80242404A04655
:104A1000C10F89464102490A0C43A4464446790223
:104A2000490A0C43A0469A422AD04A46002A02D09C
:104A30006246524294465A1B414601AB6046FFF71C
:104A400081FF4300434527DD019B42460133801A25
:104A50000193002F02DA019B5B420193002E01D0EB
:104A6000019B33609621491BFFF70CFF03B00CBC80
:104A700090469946F0BDFF20C005F7E70020F5E716
:104A8000A445F3DD4A46002A0CD162466000101AA4
:104A900001221D000192DCE74345DAD1019BDA07D0
:104AA000D7D5D2E762466000801A012252421D002B
:104AB0000192CEE710B50022FFF78CFF10BDC04673
:104AC00010B5FFF7F7FF10BD07B5604601880A0A69
:104AD0000230DF2AFAD1C9B2820804D302884088A2
:104AE0000004104300E00068014A5050039007BDE5
:104AF000A4A20020C30FDB0741000A0E07D0FF2A43
:104B000008D00909054A8918194340077047190058
:104B1000002070470249C918FAE700000000003879
:104B20000000F07F01480421014B184710020020CB
:104B300051330010014B1B68184700001002002081
:104B4000014B5B68184700001002002010B50028D8
:104B500000D110BD00F0F8F8FBE7C04610B5094AD7
:104B60000300146884B0002C08D00122009106488C
:104B7000524203A9A047012004B010BD00F0F2F892
:104B80000020F9E700A100204D4B001000BEFDE71A
:104B900010B5FFF7FBFFC04670B5FEF713FC074CDE
:104BA000074B9C4209D2013B1D1BAD080135AD00EE
:104BB0002D1908CC9847AC42FBD170BDAC4E00100B
:104BC000B04E0010030010B508001B681100984794
:104BD00010BDC046F8B54746CE4680B5437D0700B8
:104BE0000D001600002B37D000240020002A1EDD07
:104BF0004B1E98461B4B9946002C2BD043461B5D01
:104C00000D3B5A425341DBB22A5D0A2A13D00134CC
:104C1000A642F1DC864203DD311A3B68281898472A
:104C2000AD19013D2B780D3B5A4253413B750CBCED
:104C300090469946F8BD002BE9D1A04203DA211A2B
:104C40003B6828189847484602213B68013498473A
:104C50002000DDE73B7DD7E7036811002800984777
:104C6000E5E7C046649D001010B5FEF79DF90023EE
:104C7000064A12184B41002B03DB054800F0F0F800
:104C800010BD0122034B5242F7E7C04640420F00DD
:104C900020020020FFFFFF7FF0B55746DE464E465C
:104CA0004546E0B583B007000D0091461C00FFF7B4
:104CB000DBFF82466B1C03D1380000F091F8050041
:104CC000002C30D11B4B98461B4B1C68002C1FD06E
:104CD0000A231A4E9B4602E02469002C18D0236850
:104CE000002BF9D03368002B01D0A342F4D12A0065
:104CF00039002000C0474B46002BEDD06B465A468A
:104D00002000DA71D91D0122C0472469002CE6D1A8
:104D10005346002B0AD1280003B03CBC904699466C
:104D2000A246AB46F0BD064B9846CDE7054800F0DD
:104D300087F8F0E7C54B0010E8240020F078002049
:104D4000D54B00102002002010B582B06B46040045
:104D50000022D81D012101230470FFF79DFF2000D0
:104D600002B010BD70B5040000F03AF80123010054
:104D7000050001222000FFF78FFF064B1C68002C66
:104D800006D06368002B00D098472469002CF8D126
:104D9000280070BDE824002030B5032A0CD9030098
:104DA0000B439B0719D103680C68A34215D1043A41
:104DB00004300431032AF6D8551E002A0BD00023F4
:104DC00003E05A1C9D4206D01300C25CCC5CA24298
:104DD000F7D0101B00E0002030BD551EEFE7C046A5
:104DE00010B583070AD00300032102E001330B4210
:104DF00005D01A78002AF9D1181A10BD03001968D5
:104E00000C4A0D4C8A188A4322420FD15968094A2C
:104E100004338A188A43224208D15968054A043368
:104E20008A188A432242F1D000E001331A78002A1E
:104E3000FBD1E1E7FFFEFEFE80808080F8B5C04632
:104E400001B40248844601BC604700BFA5010020B0
:104E500001B40248844601BC604700BFCD01002078
:104E600001B40248844601BC604700BF71010020C4
:104E7000ED3300101934001091350010254B00104F
:104E80000D380010E9480010B93400103534001016
:104E900055340010693400100529001071340010D9
:104EA000052D0010B53300102128001089020010D4
:104EB000B80B0000B80B0000C8000000F4010000AF
:104EC00064000000F4010000B80B0000B80B000003
:104ED000140000002C01000032000000010000005E
:104EE00000000000000000000000000000000000C2
:104EF00000000000000000000000000000000000B2
:104F0000FFFFFFFFFFFFFFFFFFFFFFFFFFFFFFFFB1
:104F1000FFFFFFFFFFFFFFFFFFFFFFFFFFFFFFFFA1
:104F2000000102030405060708090A0B0C0D0E0F09
:104F3000101112131415161718191A1B1C1D1E1FF9
:104F4000202122232425262728292A2B2C2D2E2FE9
:104F5000303132333435363738393A3B3C3D3E3FD9
:104F6000000001010202030310203040AA55AA5597
:104F7000000001010202030310203040AA55AA5587
:104F8000000001010202030310203040AA55AA5577
:104F9000000001010202030310203040AA55AA5567
:104FA000000001010202030310203040AA55AA5557
:104FB000000001010202030310203040AA55AA5547
:104FC000000001010202030310203040AA55AA5537
:104FD000000001010202030310203040AA55AA5527
:104FE00000000000000000000000000000000000C1
:104FF00000000000000000000000000000000000B1
:10500000FFFFFFFFFFFFFFFFFFFFFFFFFFFFFFFFB0
:10501000FFFFFFFFFFFFFFFFFFFFFFFFFFFFFFFFA0
:10502000000102030405060708090A0B0C0D0E0F08
:10503000101112131415161718191A1B1C1D1E1FF8
:10504000202122232425262728292A2B2C2D2E2FE8
:10505000303132333435363738393A3B3C3D3E3FD8
:10506000000001010202030310203040AA55AA5596
:10507000000001010202030310203040AA55AA5586
:10508000000001010202030310203040AA55AA5576
:10509000000001010202030310203040AA55AA5566
:1050A000000001010202030310203040AA55AA5556
:1050B000000001010202030310203040AA55AA5546
:1050C000000001010202030310203040AA55AA5536
:1050D000000001010202030310203040AA55AA5526
:1050E00000000000000000000000000000000000C0
:1050F00000000000000000000000000000000000B0
:10510000FFFFFFFFFFFFFFFFFFFFFFFFFFFFFFFFAF
:10511000FFFFFFFFFFFFFFFFFFFFFFFFFFFFFFFF9F
:10512000000102030405060708090A0B0C0D0E0F07
:10513000101112131415161718191A1B1C1D1E1FF7
:10514000202122232425262728292A2B2C2D2E2FE7
:10515000303132333435363738393A3B3C3D3E3FD7
:10516000000001010202030310203040AA55AA5595
:10517000000001010202030310203040AA55AA5585
:10518000000001010202030310203040AA55AA5575
:10519000000001010202030310203040AA55AA5565
:1051A000000001010202030310203040AA55AA5555
:1051B000000001010202030310203040AA55AA5545
:1051C000000001010202030310203040AA55AA5535
:1051D000000001010202030310203040AA55AA5525
:1051E00000000000000000000000000000000000BF
:1051F00000000000000000000000000000000000AF
:10520000FFFFFFFFFFFFFFFFFFFFFFFFFFFFFFFFAE
:10521000FFFFFFFFFFFFFFFFFFFFFFFFFFFFFFFF9E
:10522000000102030405060708090A0B0C0D0E0F06
:10523000101112131415161718191A1B1C1D1E1FF6
:10524000202122232425262728292A2B2C2D2E2FE6
:10525000303132333435363738393A3B3C3D3E3FD6
:10526000000001010202030310203040AA55AA5594
:10527000000001010202030310203040AA55AA5584
:10528000000001010202030310203040AA55AA5574
:10529000000001010202030310203040AA55AA5564
:1052A000000001010202030310203040AA55AA5554
:1052B000000001010202030310203040AA55AA5544
:1052C000000001010202030310203040AA55AA5534
:1052D000000001010202030310203040AA55AA5524
:1052E00000000000000000000000000000000000BE
:1052F00000000000000000000000000000000000AE
:10530000FFFFFFFFFFFFFFFFFFFFFFFFFFFFFFFFAD
:10531000FFFFFFFFFFFFFFFFFFFFFFFFFFFFFFFF9D
:10532000000102030405060708090A0B0C0D0E0F05
:10533000101112131415161718191A1B1C1D1E1FF5
:10534000202122232425262728292A2B2C2D2E2FE5
:10535000303132333435363738393A3B3C3D3E3FD5
:10536000000001010202030310203040AA55AA5593
:10537000000001010202030310203040AA55AA5583
:10538000000001010202030310203040AA55AA5573
:10539000000001010202030310203040AA55AA5563
:1053A000000001010202030310203040AA55AA5553
:1053B000000001010202030310203040AA55AA5543
:1053C000000001010202030310203040AA55AA5533
:1053D000000001010202030310203040AA55AA5523
:1053E00000000000000000000000000000000000BD
:1053F00000000000000000000000000000000000AD
:10540000FFFFFFFFFFFFFFFFFFFFFFFFFFFFFFFFAC
:10541000FFFFFFFFFFFFFFFFFFFFFFFFFFFFFFFF9C
:10542000000102030405060708090A0B0C0D0E0F04
:10543000101112131415161718191A1B1C1D1E1FF4
:10544000202122232425262728292A2B2C2D2E2FE4
:10545000303132333435363738393A3B3C3D3E3FD4
:10546000000001010202030310203040AA55AA5592
:10547000000001010202030310203040AA55AA5582
:10548000000001010202030310203040AA55AA5572
:10549000000001010202030310203040AA55AA5562
:1054A000000001010202030310203040AA55AA5552
:1054B000000001010202030310203040AA55AA5542
:1054C000000001010202030310203040AA55AA5532
:1054D000000001010202030310203040AA55AA5522
:1054E00000000000000000000000000000000000BC
:1054F00000000000000000000000000000000000AC
:10550000FFFFFFFFFFFFFFFFFFFFFFFFFFFFFFFFAB
:10551000FFFFFFFFFFFFFFFFFFFFFFFFFFFFFFFF9B
:10552000000102030405060708090A0B0C0D0E0F03
:10553000101112131415161718191A1B1C1D1E1FF3
:10554000202122232425262728292A2B2C2D2E2FE3
:10555000303132333435363738393A3B3C3D3E3FD3
:10556000000001010202030310203040AA55AA5591
:10557000000001010202030310203040AA55AA5581
:10558000000001010202030310203040AA55AA5571
:10559000000001010202030310203040AA55AA5561
:1055A000000001010202030310203040AA55AA5551
:1055B000000001010202030310203040AA55AA5541
:1055C000000001010202030310203040AA55AA5531
:1055D000000001010202030310203040AA55AA5521
:1055E00000000000000000000000000000000000BB
:1055F00000000000000000000000000000000000AB
:10560000FFFFFFFFFFFFFFFFFFFFFFFFFFFFFFFFAA
:10561000FFFFFFFFFFFFFFFFFFFFFFFFFFFFFFFF9A
:10562000000102030405060708090A0B0C0D0E0F02
:10563000101112131415161718191A1B1C1D1E1FF2
:10564000202122232425262728292A2B2C2D2E2FE2
:10565000303132333435363738393A3B3C3D3E3FD2
:10566000000001010202030310203040AA55AA5590
:10567000000001010202030310203040AA55AA5580
:10568000000001010202030310203040AA55AA5570
:10569000000001010202030310203040AA55AA5560
:1056A000000001010202030310203040AA55AA5550
:1056B000000001010202030310203040AA55AA5540
:1056C000000001010202030310203040AA55AA5530
:1056D000000001010202030310203040AA55AA5520
:1056E0001C36C84190A1EDB4A79DD47EF3AA39071A
:1056F000677CA4C371BA8E78AE7C94B222C84ED5B2
:105700008214F46417E45E9BA46A61680E8E0984B7
:1057100079FA7CEF525FD641D2E2D9CEBBE6D650C1
:105720005F5BCECE9346BF79689DD27F5E8E13AE0F
:105730004507B95818FBC9077903AF61EFF0E15885
:10574000C5D0EEE761711FDB60C472AF8ED35740E6
:10575000FF34873E5FEFCCABC8D9CCD3A27234E024
:1057600034030301E052C478729B75E168B0A6F47B
:105770008DF3A439E4C9396E94DA7BD9FBB663D1D1
:105780007AFEAD4B68AAF7A245BDA9D22709D27609
:10579000069EB199C854F05BB4C6EAD7B272419D77
:1057A000BEC10C7D6DC82EF499298F0A2EAA12C68F
:1057B000F9F6AFC68337BB6AC629C3748271FC9100
:1057C00046E33380286840F1C154B54DB8DA8F8480
:1057D000163BC98DCE8674A0A6AEB421DDABAACA95
:1057E0006E4D83A45981098FEC5611DA8A1F59F83E
:1057F0001E7D97824BDD4516CF832A58C90367DC8F
:105800006EF3919880FEC5E1A03FE85A97FE869A14
:10581000E7415F502EA9E2FA9BD26C6E50765C7D18
:1058200041ED022A6161FEA889E37FCD98FD8D6775
:10583000333D7AE24193BF1248D62FC298690132B4
:10584000C19BD521DB9EB2A15EB9304B9C46B3A172
:1058500043F0DDEA996E6D96D9DCAB804F51841A26
:10586000E84595FC0A40C0C60F3B9C3D66A87C0DF0
:105870000ADC99EA7832215C4A8909DD34082E5C19
:105880008700AC99C124AA54B37F2CD0E4D38A20DA
:1058900000280B535A87C8892EDF96D21186DCB8B0
:1058A0005515289351518F6C5CFCAF4D8E878D79C7
:1058B000DDEEC71FE3A74F48131940E5CA597AB771
:1058C000A0A156980B20DBBB1755DCE7DE62CD2A82
:1058D00002CFE3673655DBED7A1E869FCFEA15507F
:1058E000E1D25910368FDCE701222207EDA119B66B
:1058F000A039A7BE84C31C5ECD81B038AB5DBE624B
:10590000D7437D8961155A569C60627614A5375A33
:1059100022B8374E783F1F67F9C6B8E6852C81E27A
:10592000062E7CB4A79D55155AE51D0425A0837647
:105930004424CE7F46A9F1066F08C1A348B7119150
:1059400039BB25E99272EAE49FB89DE995E2E3CA82
:10595000AA8D87D0A7D47FD67027815B8741AAAA5A
:10596000EBF97E6490709D0D63E52D484FFDF61DAB
:10597000F1FCAAE41BEA5C3D81BC9952F7F3DBEA37
:105980003BD62C89B8F4F5B67BFA6284EB1076AE80
:105990001F951221E2F2DC7828DC0D988BA0395893
:1059A0005A4CCC835B98B97D5E917A324945C6EFFB
:1059B000BED730AF93FA366D4CE90CFF92910A785E
:1059C0007ADA54C2FFA24D8E0D9540983337750B8D
:1059D00002327FC961294F1A16EFCE77C584F27261
:1059E00010AC2522BB85675808E7C43B641A864281
:1059F000B7DA816379218E1811EF924E29B6A295FC
:105A000034F1D625CED823516ECC08795CB4DB9E18
:105A1000F5375A88A6FEA6EE65D1F5ED65485BFA26
:105A200023EF9BADA25DFB812EEDA063C5E4BE4ECE
:105A300005C736E3C95E47E6A4430A39B6BC000D84
:105A40004080C1E62BE6D51B8CEE9F63EFC371C48B
:105A500066598ED81299B458D4B9341C2407B1AE03
:105A60004ACFAE83398B68F2FA926CD34DA31EAE47
:105A7000242668F67510A96CF3FE186EAFA8A68BE5
:105A8000DD89D341B015F918881CF79192974D35EF
:105A9000E0CAA43137ABC2954218FC21CAE5814463
:105AA00083781A28E33ED04BB229B7E19BAB4D92E5
:105AB000685B52752277174B6F94C2A3FFD99F186A
:105AC0008C1B06F508A05D8D2B1553E316837EA075
:105AD0002C408450840B5B7B0B772D91D8B297526E
:105AE00001495D965B98DF6A94006DD31A113A5DA7
:105AF0008492B609698C52BFD5099106C3F559B590
:105B0000719F0D7525B189A97979E01B4080F91B3A
:105B1000401D4A9CE443E2B871A3AC47BBA7856B28
:105B20000F1E5397580FF44A93935B10FAAE0786F3
:105B3000620A13B39AAB645AD85AF17EEBD48D0C37
:105B4000721E04301A7CEEAF4AB9C8E7F405ACEE19
:105B50009163CE75450896466DC5142909676E9FF9
:105B6000F266B3201C6B6A39C38F327D0D105999D0
:105B7000B1D21A8BD15E4DDCEB182A822DE43D5D4B
:105B80001B16FB9F935DF6FDA067D0FE68EFA90F83
:105B9000383E2436EAF1E70905E3B6A9EA9FCF18B3
:105BA0001BE2607A47687A2F50E533C61333C40F7F
:105BB0003CCD7197517955CC4DF54F0D1E019F91FC
:105BC0004C5621CCF9C278E868D83CBD4CD720AB04
:105BD000123D4CC810C23846D6FFD2440FAC1577E0
:105BE0000C55BF530302B467C18F4A70C3E817B0A6
:105BF0000F8B06C11D1452E7DB973F5443DDA915F7
:105C0000D55BF7F58B7F0EA28A59BEB955A9EA0C70
:105C1000DB6BAA6BFD56861F274C6FA23336012F14
:105C2000657C2D2DF9274595160EEC4265CF3BAAD4
:105C30009DCA155D4B0567FD80F246639EAA72BE44
:105C40007353A7CD7FE66E6C9EAFC5FC16434DC265
:105C5000642180C01850BAB26038EF9B6FA9F3D5A9
:105C600014EE00F5B9306CE2707E42E6C711FB1EFF
:105C700052AD730E1BB6C13EFFF6D591F078E2E649
:105C80009E13353FD71B6B6BE3FC0A61B703379D4F
:105C9000B4936301B838046B2D4514093B1432D713
:105CA000D2BD7E4683E7DFAE5F4414036FC04B7AFC
:105CB000F16A7BF60DB82EF62FEE0608DF30DCFF1A
:105CC0002A9A223E7B4B4619A9A1166A017E0CD660
:105CD000A425BDB93B685394948CD55FEFC592D190
:105CE00065E34D06A0A5C4856BF825215EAC951033
:105CF000955AB25B17F47A9CAA9D7323E5807317BB
:105D00008CB696E7E5FF92B0EA2AFE0F968327133A
:105D1000CBD7DED188BA135A8385F64ED69A333D57
:105D2000EA0EC5AA6237C13922F9EE8B3AF60F6A3C
:105D30006757F0C69FC22A5816C04FFBE2E5C84815
:105D40008B95B5F72A01F6C07B56E5C0C728DBE581
:105D5000F11CE9A26DD2630EE1970FD788D98E0AA4
:105D6000FD3393A065C1CB8ECFB2C201B76F1E19B0
:105D700025B6503371B47529B04AF10BE2C054F422
:105D80009390646AB9CB89E7A9EEA76CCA079D3DD9
:105D900056FC9EDAACB67A7EF20F4E508B11144E42
:105DA000F69FCFC012FBF9124751464BDE80FD082B
:105DB000006B974BFA9B5F5E90758E61ACB4F5C239
:105DC0007D21834377961AF05202A673E2B11FA990
:105DD0001D3F72692C27A57C2A0F766B499AB1BDAD
:105DE000FC763B16A0351EAF6AF0433AB6E28688D1
:105DF00075D28B2CF323886481E76621753C62752C
:105E0000B998DCB40FBAB5C73B7A037D53F8643256
:105E10004874790648EBC582A603AA7AFF0070632E
:105E2000883F44D282A580D3404A7E8CB55E13ACB5
:105E30001386B4B588965562E9BD22B498F5F2D7B9
:105E4000646781DF56462707A4D07031D2351EDF44
:105E5000F71C05E2137D38752AF0FAF401C19701A9
:105E6000C7893ECD1EF5E555D50C1DA5BDFC047DAD
:105E700038A8032A47B9E7BF71B2B472671B592724
:105E800028B45200F41661AD295FBC66389469CD20
:105E9000177DB21E1660446F795C84CEA358A73577
:105EA00015E1348C1E9BE2C6FB2037A99EF1927946
:105EB0004169DC6E1653D480CA03EBE3A01EF3BA2B
:105EC000A20B315CA4AE0190E18AC56BE7D9C46D29
:105ED000B37C9B8DDA8491B1B9AD82272E324DEB24
:105EE00080858A8F94989DA2A6ABAFB3B8BCBFC380
:105EF000C7CACDD0D3D6D8DADCDEE0E1E2E3E4E411
:105F0000E4E4E4E3E2E1E0DEDCDAD8D6D3D0CDCAE3
:105F1000C7C3BFBCB8B3AFABA6A29D98948F8A8508
:105F2000807B76716C68635E5A55514D4844413DA3
:105F3000393633302D2A28262422201F1E1D1C1CF2
:105F40001C1C1C1D1E1F20222426282A2D303336FF
:105F5000393D4144484D51555A5E63686C71767BBA
:105F600080858A8F94989DA2A6ABAFB3B8BCBFC3FF
:105F7000C7CACDD0D3D6D8DADCDEE0E1E2E3E4E490
:105F8000E4E4E4E3E2E1E0DEDCDAD8D6D3D0CDCA63
:105F9000C7C3BFBCB8B3AFABA6A29D98948F8A8588
:105FA000807B76716C68635E5A55514D4844413D23
:105FB000393633302D2A28262422201F1E1D1C1C72
:105FC0001C1C1C1D1E1F20222426282A2D3033367F
:105FD000393D4144484D51555A5E63686C71767B3A
:105FE00080858A8F94989DA2A6ABAFB3B8BCBFC37F
:105FF000C7CACDD0D3D6D8DADCDEE0E1E2E3E4E410
:10600000E4E4E4E3E2E1E0DEDCDAD8D6D3D0CDCAE2
:10601000C7C3BFBCB8B3AFABA6A29D98948F8A8507
:10602000807B76716C68635E5A55514D4844413DA2
:10603000393633302D2A28262422201F1E1D1C1CF1
:106040001C1C1C1D1E1F20222426282A2D303336FE
:10605000393D4144484D51555A5E63686C71767BB9
:1060600080858A8F94989DA2A6ABAFB3B8BCBFC3FE
:10607000C7CACDD0D3D6D8DADCDEE0E1E2E3E4E48F
:10608000E4E4E4E3E2E1E0DEDCDAD8D6D3D0CDCA62
:10609000C7C3BFBCB8B3AFABA6A29D98948F8A8587
:1060A000807B76716C68635E5A55514D4844413D22
:1060B000393633302D2A28262422201F1E1D1C1C71
:1060C0001C1C1C1D1E1F20222426282A2D3033367E
:1060D000393D4144484D51555A5E63686C71767B39
:1060E00080858A8F94989DA2A6ABAFB3B8BCBFC37E
:1060F000C7CACDD0D3D6D8DADCDEE0E1E2E3E4E40F
:10610000E4E4E4E3E2E1E0DEDCDAD8D6D3D0CDCAE1
:10611000C7C3BFBCB8B3AFABA6A29D98948F8A8506
:10612000807B76716C68635E5A55514D4844413DA1
:10613000393633302D2A28262422201F1E1D1C1CF0
:106140001C1C1C1D1E1F20222426282A2D303336FD
:10615000393D4144484D51555A5E63686C71767BB8
:1061600080858A8F94989DA2A6ABAFB3B8BCBFC3FD
:10617000C7CACDD0D3D6D8DADCDEE0E1E2E3E4E48E
:10618000E4E4E4E3E2E1E0DEDCDAD8D6D3D0CDCA61
:10619000C7C3BFBCB8B3AFABA6A29D98948F8A8586
:1061A000807B76716C68635E5A55514D4844413D21
:1061B000393633302D2A28262422201F1E1D1C1C70
:1061C0001C1C1C1D1E1F20222426282A2D3033367D
:1061D000393D4144484D51555A5E63686C71767B38
:1061E00080858A8F94989DA2A6ABAFB3B8BCBFC37D
:1061F000C7CACDD0D3D6D8DADCDEE0E1E2E3E4E40E
:10620000E4E4E4E3E2E1E0DEDCDAD8D6D3D0CDCAE0
:10621000C7C3BFBCB8B3AFABA6A29D98948F8A8505
:10622000807B76716C68635E5A55514D4844413DA0
:10623000393633302D2A28262422201F1E1D1C1CEF
:106240001C1C1C1D1E1F20222426282A2D303336FC
:10625000393D4144484D51555A5E63686C71767BB7
:1062600080858A8F94989DA2A6ABAFB3B8BCBFC3FC
:10627000C7CACDD0D3D6D8DADCDEE0E1E2E3E4E48D
:10628000E4E4E4E3E2E1E0DEDCDAD8D6D3D0CDCA60
:10629000C7C3BFBCB8B3AFABA6A29D98948F8A8585
:1062A000807B76716C68635E5A55514D4844413D20
:1062B000393633302D2A28262422201F1E1D1C1C6F
:1062C0001C1C1C1D1E1F20222426282A2D3033367C
:1062D000393D4144484D51555A5E63686C71767B37
:1062E00080858A8F94989DA2A6ABAFB3B8BCBFC37C
:1062F000C7CACDD0D3D6D8DADCDEE0E1E2E3E4E40D
:10630000E4E4E4E3E2E1E0DEDCDAD8D6D3D0CDCADF
:10631000C7C3BFBCB8B3AFABA6A29D98948F8A8504
:10632000807B76716C68635E5A55514D4844413D9F
:10633000393633302D2A28262422201F1E1D1C1CEE
:106340001C1C1C1D1E1F20222426282A2D303336FB
:10635000393D4144484D51555A5E63686C71767BB6
:1063600080858A8F94989DA2A6ABAFB3B8BCBFC3FB
:10637000C7CACDD0D3D6D8DADCDEE0E1E2E3E4E48C
:10638000E4E4E4E3E2E1E0DEDCDAD8D6D3D0CDCA5F
:10639000C7C3BFBCB8B3AFABA6A29D98948F8A8584
:1063A000807B76716C68635E5A55514D4844413D1F
:1063B000393633302D2A28262422201F1E1D1C1C6E
:1063C0001C1C1C1D1E1F20222426282A2D3033367B
:1063D000393D4144484D51555A5E63686C71767B36
:1063E00080858A8F94989DA2A6ABAFB3B8BCBFC37B
:1063F000C7CACDD0D3D6D8DADCDEE0E1E2E3E4E40C
:10640000E4E4E4E3E2E1E0DEDCDAD8D6D3D0CDCADE
:10641000C7C3BFBCB8B3AFABA6A29D98948F8A8503
:10642000807B76716C68635E5A55514D4844413D9E
:10643000393633302D2A28262422201F1E1D1C1CED
:106440001C1C1C1D1E1F20222426282A2D303336FA
:10645000393D4144484D51555A5E63686C71767BB5
:1064600080858A8F94989DA2A6ABAFB3B8BCBFC3FA
:10647000C7CACDD0D3D6D8DADCDEE0E1E2E3E4E48B
:10648000E4E4E4E3E2E1E0DEDCDAD8D6D3D0CDCA5E
:10649000C7C3BFBCB8B3AFABA6A29D98948F8A8583
:1064A000807B76716C68635E5A55514D4844413D1E
:1064B000393633302D2A28262422201F1E1D1C1C6D
:1064C0001C1C1C1D1E1F20222426282A2D3033367A
:1064D000393D4144484D51555A5E63686C71767B35
:1064E00080858A8F94989DA2A6ABAFB3B8BCBFC37A
:1064F000C7CACDD0D3D6D8DADCDEE0E1E2E3E4E40B
:10650000E4E4E4E3E2E1E0DEDCDAD8D6D3D0CDCADD
:10651000C7C3BFBCB8B3AFABA6A29D98948F8A8502
:10652000807B76716C68635E5A55514D4844413D9D
:10653000393633302D2A28262422201F1E1D1C1CEC
:106540001C1C1C1D1E1F20222426282A2D303336F9
:10655000393D4144484D51555A5E63686C71767BB4
:1065600080858A8F94989DA2A6ABAFB3B8BCBFC3F9
:10657000C7CACDD0D3D6D8DADCDEE0E1E2E3E4E48A
:10658000E4E4E4E3E2E1E0DEDCDAD8D6D3D0CDCA5D
:10659000C7C3BFBCB8B3AFABA6A29D98948F8A8582
:1065A000807B76716C68635E5A55514D4844413D1D
:1065B000393633302D2A28262422201F1E1D1C1C6C
:1065C0001C1C1C1D1E1F20222426282A2D30333679
:1065D000393D4144484D51555A5E63686C71767B34
:1065E00080858A8F94989DA2A6ABAFB3B8BCBFC379
:1065F000C7CACDD0D3D6D8DADCDEE0E1E2E3E4E40A
:10660000E4E4E4E3E2E1E0DEDCDAD8D6D3D0CDCADC
:10661000C7C3BFBCB8B3AFABA6A29D98948F8A8501
:10662000807B76716C68635E5A55514D4844413D9C
:10663000393633302D2A28262422201F1E1D1C1CEB
:106640001C1C1C1D1E1F20222426282A2D303336F8
:10665000393D4144484D51555A5E63686C71767BB3
:1066600080858A8F94989DA2A6ABAFB3B8BCBFC3F8
:10667000C7CACDD0D3D6D8DADCDEE0E1E2E3E4E489
:10668000E4E4E4E3E2E1E0DEDCDAD8D6D3D0CDCA5C
:10669000C7C3BFBCB8B3AFABA6A29D98948F8A8581
:1066A000807B76716C68635E5A55514D4844413D1C
:1066B000393633302D2A28262422201F1E1D1C1C6B
:1066C0001C1C1C1D1E1F20222426282A2D30333678
:1066D000393D4144484D51555A5E63686C71767B33
:1066E00067E6096A85AE67BB72F36E3C3AF54FA563
:1066F0007F520E518C68059BABD9831F19CDE05B8F
:10670000982F8A4291443771CFFBC0B5A5DBB5E91C
:106710005BC25639F111F159A4823F92D55E1CAB90
:1067200098AA07D8015B8312BE853124C37D0C551E
:10673000745DBE72FEB1DE80A706DC9B74F19BC166
:10674000C1699BE48647BEEFC69DC10FCCA10C2456
:106750006F2CE92DAA84744ADCA9B05CDA88F9763A
:1067600052513E986DC631A8C82703B0C77F59BFA4
:10677000F30BE0C64791A7D55163CA0667292914D0
:10678000850AB72738211B2EFC6D2C4D130D38536D
:1067900054730A65BB0A6A762EC9C281852C72922F
:1067A000A1E8BFA24B661AA8708B4BC2A3516CC75D
:1067B00019E892D1240699D685350EF470A06A1096
:1067C00016C1A419086C371E4C774827B5BCB034E5
:1067D000B30C1C394AAAD84E4FCA9C5BF36F2E6883
:1067E000EE828F746F63A5781478C8840802C78C12
:1067F000FAFFBE90EB6C50A4F7A3F9BEF27871C615
:106800008D01020408102040801B3600637C777BDA
:10681000F26B6FC53001672BFED7AB76CA82C97D9C
:10682000FA5947F0ADD4A2AF9CA472C0B7FD93262D
:10683000363FF7CC34A5E5F171D8311504C723C331
:106840001896059A071280E2EB27B27509832C1A75
:106850001B6E5AA0523BD6B329E32F8453D100EDCF
:1068600020FCB15B6ACBBE394A4C58CFD0EFAAFBB3
:10687000434D338545F9027F503C9FA851A3408F7B
:10688000929D38F5BCB6DA2110FFF3D2CD0C13EC93
:106890005F974417C4A77E3D645D197360814FDC28
:1068A000222A908846EEB814DE5E0BDBE0323A0A0C
:1068B0004906245CC2D3AC629195E479E7C8376D90
:1068C0008DD54EA96C56F4EA657AAE08BA78252EB5
:1068D0001CA6B4C6E8DD741F4BBD8B8A703EB5663E
:1068E0004803F60E613557B986C11D9EE1F898112F
:1068F00069D98E949B1E87E9CE5528DF8CA1890D1E
:10690000BFE6426841992D0FB054BB160102010049
:106910000101010001020302010000005C200010DF
:10692000E6210010D8210010BE210010B021001077
:10693000A0210010922100107E2100106021001083
:106940004C21001026210010EA2000109420001095
:106950006E220010A02400106C240010F023001000
:10696000E8230010BE23001096230010022500101B
:1069700070230010B8220010AE220010A4220010D4
:10698000B82200103031323334353637383961624D
:106990006364656630313233343536373839616295
:1069A0006364656630313233343536373839616285
:1069B0006364656600000000000000000000000045
:1069C0003B7DD85D2526561DC10709B950718F44FE
:1069D00077805F094A4FB7DA57F4EF77EF08B59041
:1069E0004109FC85C77508C5692C8D7331D995009F
:1069F0009CBA175E199F1963C2CE3FB66B00A405FF
:106A00008981BFCEABD9787A96C9227DDF2B8A9D4A
:106A10007EEE93A1F2C20254B08930388CE3FC2997
:106A200099A1E02229B39E97E324611152CEC4C1FB
:106A30009CA4D3B71B19F75BFA584B6FC787A17D8E
:106A400018639D4A21E433A32CDCC94F385F61DA17
:106A50005D11AFB3F3AB6F1FEF002CF9353BCA5498
:106A60002FCADAA99EDBE33DF22A9896869FB87E6C
:106A700075888DA4DA5FEB84C02270C9FDC3D04B4A
:106A800004D8B0F85F3FD32D9A1A440A1520C713D3
:106A900056129B2B118E4332ADC6A8C155CF07E8C5
:106AA000FBA98BF2EC247A8CA7BF3CD18C05252C5A
:106AB000BA57FBF6BD5C9A0A03614624CF320648FA
:106AC0001B743E9E896E2AB27CF70C4AE2F5DB5DB0
:106AD0006756E93745A45CE4562F0D3EDAD61FC74A
:106AE000D6ED7B0F981EF93CF7C23AB02974E03B13
:106AF00030E119764BD46A75DDE8308163182E1ABF
:106B000013F142530B93F1B534DDAF14C10177DEBD
:106B1000B3BEE3946274FDD1ED332A00C9D23927A4
:106B20009587B745D0116772B2A794E588CE1A81D0
:106B3000D815DFC43B0D803E1FAEF60EC165B89E72
:106B40002E9EC5FB5295DEDD08B306908626581BA7
:106B500093E42C94EB5C9FA8ACB0C46AB787606CDC
:106B6000B7A7500508C686B02179D127C7AF9EA028
:106B7000F93DCBC67DBB9E675CC5DCE24F34D2E4F9
:106B80000EA5039E5B64B260057D78FD66C714C8E0
:106B90007AC092C2A78C6FA235CE7214D27E3C19F5
:106BA0008BFB5354B9D99836F32498B8FC5722AECE
:106BB000DD93F868D05871C7646F932596DBD112C6
:106BC000B5F16F9FCB1641D91063EB485FF02C16DF
:106BD0007E6EE951A6D33AF44A3E9C68F50A36FB2C
:106BE00063161411756752A9880AB842FAB857C9D2
:106BF00014C194AD4A241828892A6A5D7ACBCEC282
:106C0000BD256EC97A6264DA0A113F5E78993CAE9E
:106C10001972AE44528ED58C917AF2838467BC3A55
:106C2000F190E9C38ECB47061AE43F47DF7DA00F02
:106C30009A864F4D6B460CF2942E990822B0325230
:106C4000B245B665ABAFBDDE67835A234B6F1F8479
:106C5000315EAB063649537A9EB0CDA532CE4DA8F3
:106C60007DBBEA7C2425591BD888244DFE9D469087
:106C7000128A76EBC2CBF74B64367B82F434207DEC
:106C80008B5285F43652A997D53A813D355D814EB8
:106C90008DD2DECC6B423D4A9574DBBE868621A741
:106CA0003989DEBB7C97CC38E9C5B331292C3A242D
:106CB00016D593BBE3DF3A4E53C91DB374F38BA9CA
:106CC0004441DF232DA04987FCC5FDF628960DB968
:106CD00094C250FD32E62BFC55BBECC97E3C317CA6
:106CE00099DB43AF50B4633B6F953537D71CE359FD
:106CF000B973338645A8631DDD76106546A9CCAD12
:106D00003CB087D4AC475B2EEF6EA869639B968F2F
:106D1000BB8A062C53B066ADA8E4F18A0A7B1358EF
:106D2000D11FE860108D18C06710239139DD956E72
:106D300038D734DD135B6EECF6C1DD36D2C0CF90B0
:106D4000F7017476451E3694C2F7BDBE59FA5A86CD
:106D500056C268CFE892863F55F52E05790E723EF1
:106D6000CAD623AB561746BAD6998736D79F6274D0
:106D7000A528D6D022A1FA451E9B94C908E2A60AEE
:106D8000172B3E5CC53C01C2D3A9DC88A104ABAE85
:106D90003468A38AAA2E70CCCBE56EA697D7D91DEE
:106DA0009D0A95AE9A88713AA20DE18896B9374945
:106DB0006D63CC258B299DE63871E6A6C9F07AD89B
:106DC000347E591F117A230AA6F06649E5C1566F31
:106DD000AF5DC86E1DE83EFCBE6A608CAA1A3F9B80
:106DE00092242228566825975E200C453883ABE311
:106DF00069BE8F9780C8F6C299682842D4C4A21889
:106E0000AC6EF85808AEC6C57C63BC57D1095B8C24
:106E1000437C26E5288DE521F3DB200CB42CB13F23
:106E2000A96C5EC5177022A6BAC9ADCF729ECC738D
:106E30001587A41F00C9511C1522CB870C8D3E4419
:106E40008C1D8342EFA4442B55554D9F115B41305F
:106E5000295D55C6C55344DB7FEBD12D0D055F6819
:106E60003E8767BC600DD97C04F20FFF26C683D332
:106E7000AA56005FB1411A1227169176F41A9BE6C2
:106E80009930A08427052C5C4BC5EED60592992A33
:106E900080B3E8384C61AC68D72E59879476A682C7
:106EA000349471E8075D34A5F0C33D57BD81562683
:106EB0002765670B2A031C44F13B10F4FEA925EB60
:106EC000D7C50C2E354ABFBDBB38A97AA2AF4A6AD6
:106ED0006E4395C1DC12BE37A469C68F592FC467B3
:106EE000A70C70D969177B20CCE3251338F4DA7D21
:106EF0007A6A56337BC07FE3AB2819BB2767A3614F
:106F0000E4DA8E0F14897B4E91EC3A983EC9AD2E8F
:106F1000C4B9B4063008CF9586A10EE7A884C5236E
:106F2000CBD81FB6687829B9EBA187E5040714FA16
:106F3000FBF68336150F087693FBE104BEBEF87DA1
:106F4000D2898F73C970A199CC1E540BE40B0AB778
:106F5000A757A003A1CC303D6A3F99EBBC6276C92C
:106F6000960FFD620D5B4953135C79830A172C322F
:106F70003484740A693738F27C600A3C51405338D3
:106F8000C9437DAD812D269256B3D118C4BF458526
:106F900009556311618558D67DB27BC01F8FCE73B2
:106FA0004152219939A00B27864553ABB580620623
:106FB00041020856135409945DCE40A27A239C0ED8
:106FC000D73938AFBD98ADF0E9ACF9954F78A35AF1
:106FD00048AD54AF85BD84C8C4DEB9CA63551BAF84
:106FE000A22566CBDF7F68F235767CD987FC94DFFB
:106FF000F7BEC4DDA4992E635E0F157E8254A67D74
:10700000A8949D36BB3B99AF87A139D6AD8615B6FE
:107010009671A5FD886F8630B2C1BF39090937273F
:1070200066819518F4CE134379FCA957A8ADEC2BD3
:1070300085DC803919D154F9E10A98D3884A9DC674
:10704000B37FCCAAAFCF4214410C3E285E6F83744D
:1070500042FAB7DDD06AA38B20E5167A913293CB42
:10706000B407A60AE6C898B9F03A6FC510DC49FD26
:10707000DE9E8194205464771E78ACC2723BAA15C0
:10708000B65199A65514015AAF755DE24A6FCA65AB
:107090006A11EA4A6C2C981DEDB41ECFBD4880429F
:1070A00081A6593F847AE95AB04C4B7E98027FD230
:1070B000626C2B1E1348D8ED9B6402D494C4BDFCB3
:1070C000AA19616330A60263723B7BBF6DE8149F0F
:1070D000C5C4662B9AA5699D5A174F0624D8A5A446
:1070E000F54C8A36FDD3DA9BE3DDA9C72D6DAE16CC
:1070F00096D24A8B121D005F45C113701728BF1925
:10710000CF19F49FB212941818CA7731A80C7D8851
:10711000DD0A64B6084E525A1D5CB6C4951E0BC2F9
:10712000CF1BA6A19C6D9F14B368C1703ABE23E625
:1071300049E44E22E5777FD9DBC515BF663BFCE805
:107140003BE4A7B983669B791151D6EF523ABC60F4
:10715000E8528F3E6E72011F1EFB17B7BB6DD55CE8
:107160006CB252767C05671E2BF188DF6BD5CAE0C6
:1071700012F6B014378F69C1B58538303150AD275C
:10718000542C447072CF4A9148CC0EA7C5E9DA421C
:10719000B0D9EE341B6C4EE6B6A702EBB392A40452
:1071A000BEAA2415E19750D3EAA7ABD1D45B2BB884
:1071B0006A9C2D91EC7D1E7561DF5BFC0B0AEBC2B6
:1071C000377222E061A924C591CD9C27EA163ED4EE
:1071D000C1318D81240FCDC6C3C5690E2C5A9C7058
:1071E0004DF1CD524928B974340EB6949775834F3A
:1071F0001271439EA463B37AE6B27FD4AE523204D6
:10720000488A8893CFB08D1E24A49A794FF335AB6A
:107210002C885BE175E0775657BA5237F467CE5643
:107220005153D9110682B1AFD61143D372CA116539
:10723000721D8C2F11C61B62056A6E1AB93E6BD97E
:107240005CCEAEC7247A4337599E7B0AB68CFE3893
:10725000FC0BF9B3BB4DF9B52C28B1ABA163E9AD7B
:10726000E81458A48548C98A47BA00222238325DFA
:10727000ECB2C273D4FB632D5BDEEE53BE286B9A77
:10728000AD97EA79CD2050F6F9E72EABABA424F602
:107290006F168DE81E6893121457B14D717E3455E8
:1072A00087AEE6A7A63BAABC6EEC9E05E78E914191
:1072B0002C7808B72538348AA75EB11605A0ED1DD5
:1072C00018277EF3D010053DA190D8D6235D2F79E5
:1072D000557015E77828418FF9D4AF49CAF3594B57
:1072E00062043B70131BC486B3157C5B4062961A24
:1072F0005C965E3D6140DDBEBB9EDF1D29121EB95E
:10730000FB3B842996D48F2A99A6FBAEBECEC8F546
:10731000F2A447E264939E5E79FC36B8D3F9FC117F
:10732000A3EAB0A79E0B3F6792289B9E67F5E79361
:10733000FC51CFDBFC3F5E4A1763C5AF9CCAE86DCA
:107340002252E5580777DBB525C90A9B6B43E6C097
:10735000AA8AAB9875C092E027793D7CA722D93ADA
:10736000A835808B9367BD05F75742B069FBCBB159
:10737000301B1ADC126EE833916E2FECD710121905
:1073800074C27EF55FD711339A3927D0BB88062B9C
:10739000B24C9F822E0BE08F790A57D5B57A99703F
:1073A000AEFD7C20BE02680D1F4EB80AFB8AAB768C
:1073B000ECA1E3FC552020CA400216E7203CCDF8A2
:1073C0009B4A022917B07F3FD82004C90415BF4C3F
:1073D0001765963436B0370832C3C1DEC1D1CF202D
:1073E000213C51B275470A62AE9182692BF2E0B539
:1073F000E16B115D36776ECA47805C6723DAD2573E
:1074000074A1543AFD5FB17C3A11DB6176BD959E63
:10741000855CEB525F8C40D85E6B49C0AB814812F3
:10742000B20E9884F4995F8A17282382C6C45E70CE
:10743000EC43DFD06FC1A0347FD448649B0D9D8B9B
:1074400073D7A71953926142BEFE285755305A642C
:10745000A44B8536ACCF5C39A36F3E7891BC850FC9
:10746000B7ED985E515975ED9ACA86607E7240708C
:10747000D008919BED82F50EC3803C206F77199464
:1074800037F589018E2D2F010BFF904EA57D0AE463
:10749000507138B780C6FD822BFA2E9982B32CAE7C
:1074A000DB118736C38FC318CFB99182F9C3F1417D
:1074B0002E6E6E1C07E25D97D2DA93E2FF3CA2309B
:1074C000CF318E08B4D69FA6036695FBB7DD54E591
:1074D000DA7F64552F3001AAD211910495FCC58141
:1074E000BD37206C3ACC9AF84F19E0E63EE4584795
:1074F0001E0903EEA8C545436F7DC04C7D6A417AE5
:10750000A41BB4AAE7DD7AE44C699298F85AFC7C93
:107510008AC00F463075DA0AA22C3F621677BA3459
:10752000ABC474941095F8AA8D51FB5BC5AA47E6CD
:10753000DB420ABB66248FED03BCC851E6E31B7E29
:1075400045CAB83357BB53DCB49D4268817EB76BE4
:10755000C032C91430B0EC0D371D3EBAC2A6AB8C98
:10756000A5C9B92345CB0AB381782F25C2BF3423DF
:10757000A050A2714BBA4EE8AEDE2915A6BB8B0710
:10758000D7DAD700D5E2525DA2D321058779AD3491
:107590008361D1D0F4CA2085D02B33B5BF4A1AC538
:1075A000E09F4B5EB971B4C13491E8BB12C7C3B65A
:1075B000B50E6255578056DAE9BB38B4ACE477555E
:1075C00074BF7F6971A1CC6FE7912FDBB8EFF3AB8C
:1075D000EF81132D05DB3485717A0366F524A8CB82
:1075E00004EBA2A26465CCF89D2706732FFFD62377
:1075F000F9234824D40A0354C8C6C663B89F70341C
:1076000095CF5FFCB36049A7E7C2F9816D14086AA2
:107610005B0AE99AEE8D2F3C5B6D5B750FD36A1D9B
:1076200028C4968BF81431767C8B7D5875642E3C7B
:10763000AB59B31BD18BA613EBBF9CEC13E4B21078
:107640001E7A746BD2B415E5CCBA5B1500B8E46F42
:10765000F0E7A894092779DAB1D1715DC7D4C05099
:10766000808B6B1E5966E7E9F5EB784EEA91D7C33C
:1076700094DDBBE9671A6BEE1BD7B848ADD3E5A81C
:10768000BD6EFEE88E3589F1CA841CD9F75CE581B0
:1076900067CB8DD0028F29F71B6F1EA3538B1F81E1
:1076A0002EF0DEB665DF8EA10FDDC3703DAA5784D4
:1076B000303BD5EE2F9EC087791F01B2EDA0D4FDDF
:1076C0006982ACC748E99FF4282332A9027899FA65
:1076D000C3C42221294BF666789D347CAF16C64F71
:1076E0007DD8894F4ACF745D096C5EDF067676EAF5
:1076F000D3A8A5591E23CA7096549FDA47CCAFE28F
:1077000039FE8838FDDC2BDB3723313EF863DDAEF4
:1077100024816E09D3152D71D3B8CC5195FC86E226
:1077200013DA1FF7B138EFC4DC2054B30CF6CD9E4A
:10773000DBB94F7BA002C3B0A9FE6B136BFC778C47
:1077400034469F2E453ACF907FD61076257C4DFE4D
:10775000F22F55809B94E5B94D7C010E12CBE505C7
:107760007056CE9D82CDFBE3E55E1CC8F7633714EF
:107770000F29EC9F41925819A5A1C2D05ABDC2EC65
:10778000D9E6E38F392CCB60FEF4D0ECD5B707886F
:107790003DB35579F0FD26E0074B95C723BDA75DA6
:1077A000CCE2DA4BFB534EE97046AF98BFF85B2A48
:1077B00044E1A30C5EF82209F95F390958589CC3CB
:1077C0003C1C2EE7EDE880BDE93200A26E0EF84EBB
:1077D0009F16BBE4A406DFFB34144DA5C45A001F5A
:1077E000B93C5CB3CCA28B7A986633EED673C95998
:1077F000F8D38AE48F6FB274A5F91D79D0F05238AE
:107800007C08647C1F930B673D000F8A31D611E220
:107810001D36A4734B14C8DB04F3798F0D73779175
:10782000BDA0B6CDFA3F771A52ECC9B5EC16AC49FB
:10783000A81D9B6A3D097A18E7BEDE2207E1F3B175
:1078400008BEED7827C4F10FBBC90A369235800F08
:107850009A4488A576993719A22497E53BD0479199
:1078600026CC982B8264C4E443AFFDBD4E9AA6BDDE
:10787000D4FB62DAB8E3BFF83EB5021F4A9800A90C
:107880001B85A194BC30B77311CB7AB2AC8483153D
:1078900015330DE72D1301BBC6AA32FB8EEAE53581
:1078A0008A5F102D82FAFF4D7404A92C7B88BA26BA
:1078B0006DA4C78DEE2B0DE9E50A84F7F3AA8D0AB6
:1078C000DA2DDB3ACE964972EA33FB5E7D1F25F353
:1078D000408CDE9A19A9E65201FC8C1204438418EC
:1078E000A4C5E4DFF29DC8C4C1C954EAB9E2AE2F11
:1078F0007DF486ECAD79D19C79EE56FB71E465E0C0
:10790000A9B94568214CA242587A22CA39C54FF418
:107910006843A8AF1786227F1EEC16816C71C6B52E
:10792000FDF66B8B2823B507CD7E3C946AE916F1F2
:107930003C314ABF5EDB84F7CBA090092CA380C505
:10794000FB4D5254089D8C1819A02617A43BAB4B35
:10795000867E099FEAA9997388C7D4A899CCD36673
:1079600059F5B84D9D3164B85F848F97588B79B5C0
:107970006137A1290A2FF52B87346C77C34DBFA53A
:107980007CFA37BE6E935BF139296C7B63E2BB47AF
:107990009DC7A819121B757E35BF4CE5560542DC04
:1079A0008CC5D1FC3062B6779C0F07DA73D9F80525
:1079B00091E2767FF08417E62A07CF6BA991CF94E6
:1079C0005A2853B7FF97AD33DB4A525287C023166C
:1079D000F304B545B1DFFE42E0F1A5AADD70004336
:1079E0000039B2AA407F02434078BDAA39B50543A9
:1079F0008061A1AA453E0A430049C1AA4C5D1043DB
:107A000080AAC5AA4577184310D8B2AAD92523431E
:107A1000001028A953593143B0B694AA309A444370
:107A200080DECDAA89925F43F428A7AB78A7834371
:107A3000A0DF1DABCB52A34330F4042B40E4DC4366
:107A4000E084BDAA3B083244D05A93AB404701457D
:107A50009A069DC22F96FAC4C098102BA10F22C47B
:107A6000009EC3AAF8D2BCC3909C6DABEA1083C33E
:107A7000C02F3FAAC84746C3D0F83EAA27E41DC37B
:107A8000A8EBA0ABA41E02C3603914ABFACFDBC2D3
:107A9000404756AB8525BDC2A048B0AAAD24A5C2BB
:107AA000405BCF2AC0E291C2C8A601AB042082C2CB
:107AB0000029922991066AC2AC7719ABD0E753C26C
:107AC000E0039FAB080741C280B982ABB4C030C2AB
:107AD000007E69AB309922C200F755A94B3116C21E
:107AE0004045942B963E0BC20004B1280C8601C27F
:107AF0003040322B9AB0F1C170690FAAD51DE2C196
:107B0000008934ABD114D4C100A4FCAA8F61C7C1D1
:107B1000905F85ABD2D8BBC1A474A9AB8556B1C167
:107B2000A08EA82A93BCA7C100FB02A94BF29EC15C
:107B300030769FABB4E496C10026CBAAC0898FC132
:107B400000DC96AB19F388C1088FF32BA54884C1DC
:107B50002E6E1D3D61FF71C12CC522AB5B686AC1F1
:107B6000004E4D2AA0BC60C1849FA52CD15757C19F
:107B7000F011292B6E6F4EC1A0820EAB790846C161
:107B8000581BD4ABDB1D3EC1E0130A2BE6A736C160
:107B900080C37CAB739E2FC1E8C4CCAB97F928C1DE
:107BA000D871102BD7B122C1C018F22A41C01CC114
:107BB00080E96EAB671E17C1208C6F2A53C611C1B6
:107BC000804D31AB81B20CC194F46B2BC9DD07C180
:107BD00080428AAB574303C1A2D19FAB2BBDFDC0EE
:107BE000402E122A3356F5C040524EAB1649EDC016
:107BF00050C20A2C0C8DE5C0C023C1AAD518DEC026
:107C000020072DAB30E2D6C080C7352AF4DCCFC0C8
:107C1000C008B6AB7AF9C8C0F02D5FABA221C2C0D4
:107C2000974DA6AC9532BBC0D88B41AB45EEB3C0E7
:107C300000B6ADAA28D4ABC0A0A8AB2AA59BA1C012
:107C4000C0CB3B2A869890C088F6D02AB4A81DC025
:107C50004E3C0EBF47FB00C120AF7EAB2C8CC0C09A
:107C600040D260ABF13CB0C03098052B1813A7C0D0
:107C7000001AF2A86863A0C0C0EE50AA9FE69AC09E
:107C8000B0218FABE41D96C0A89BD3AB39CD91C07A
:107C900000A39AAB3BD48DC0403C982BA51F8AC053
:107CA0000040EBA71CA386C08C99D2AC375683C08A
:107CB0007458E1ACF83280C0A0BE2A2BD4697AC0D7
:107CC000E83DBA2B4EB174C0289340AB0E376FC05D
:107CD0000084AE2AE5F669C03C32A0AB8AED64C0F0
:107CE00094AA84AC771860C0C0C18FAAE5755BC048
:107CF000C0D0CB2ACE0457C0C0C67FAA13C552C07D
:107D0000B81BA52CC1B74EC0B87B83AB96DF4AC069
:107D10004044712BF94147C05012F62ADEE843C0B7
:107D2000A0FAC2AACAE640C0C8BCC02B2A603EC0A6
:107D3000007EB9A9C2A43CC0B0EC0CAB2D863CC0FF
:107D40004025C42A5D0841C0B0BF6DAB455865C031
:107D50007AA4813EB864D6BF002739AC17AF0FC0F4
:107D6000E086B7AB048B14C0767D412D45F314C07B
:107D7000000C622915EC13C0C0BEAC2A6C4712C0BF
:107D8000A0565DAB8A5510C00C1A7EAB703B0EC07E
:107D90004094F9AB520C0CC012CA052CF5D209C0A4
:107DA000B0D926ABAF9507C08850EAAA525805C093
:107DB000002078AB251D03C07406122C73E500C0AB
:107DC000E00FD72BA563FDBF00930FA9A904F9BF4E
:107DD00080D211AC2FADF4BF009EFDAA9F5BF0BF17
:107DE00080F28DAB7A0DECBF0C1A86AB2EBFE7BFCD
:107DF00000EC25ABC26BE3BF20519B29460CDFBFD3
:107E000020BA6AABDF96DABF44F44D2B1EFDD5BF16
:107E1000801A16AB0429D1BF664EE3AD3CF7CBBF49
:107E2000645CDA2CFD2AC6BF28F812ABD451BFBF60
:107E30006026D4ABFC76B6BF575B1BACC11EA9BF96
:107E400080D6EC2B762F8EBFE05B3AAB462D1EBE64
:107E500098BCFCBED28A3BC098320DACF6C6FCBFC3
:107E6000E0DD8AABE40DE2BFE07112AAF506D5BFF2
:107E7000C849672C6A98CCBF80C9C5A97B46C6BFD4
:107E800000D5A7A9421CC1BFA03572AA24A7BCBFB8
:107E9000A0C3CBAB22AAB8BF804B3B299D01B5BF85
:107EA00080C8952A3597B1BF10FD22ABFD5BAEBFF0
:107EB00090FFBFAB7645ABBF74E5432BD64BA8BF55
:107EC0002EEA062C0669A5BFA0AB192BFB97A2BF13
:107ED00000BEAEAB43D49FBF0884372BA7199DBF0C
:107EE000244BAE2BE0639ABF2011F32A3AAE97BF22
:107EF00040F688AB31F394BF38F1D4ABDA2B92BFA4
:107F0000006AC4A8024F8FBF0000D328B34F8CBFB4
:107F1000605605AB991A89BF7CB6842B059185BF45
:107F2000C0917FAB7F7E81BF80AAD329010179BF39
:107F30004081002B26896BBF44CB1E2CAA5056BF14
:107F4000D006B4AB4EB329BF18D69BAB98381C3EB5
:107F500059D505BF0A500FC0E0E7F62A834DB6BFDA
:107F600018F699AC2A1BA0BF8072962977A995BFF5
:107F700028A74DAC56268FBF8E9444AD796F8ABF2B
:107F8000623EA2AC7EB286BF50CD8BABFB8C83BF72
:107F900080A4F12A9CCA80BFD0A477ABAE997CBFE5
:107FA000F4C79DAC150178BFC09910ACF2B173BF96
:107FB0004020B6AA659A6FBF8C84AD2B37AD6BBFDE
:107FC000484DE72B1DE067BF929799AB982A64BF95
:107FD00000ADB82C2C8560BFC08B68ABC7E85CBF18
:107FE000048189AC334E59BF30D633AB83AD55BF16
:107FF000001D37295FFD51BFC0CCDAAA06324EBF43
:10800000C474B92BC23B4ABF9872362C680446BF71
:1080100060E8892BCF6A41BFF89F992B3A3A3CBF61
:108020003005C0AB641836BF646BACACAB5B2EBF25
:10803000F0A61C2D869923BF5CF60BAC9B2412BFC7
:108040005C028CAC4006D9BE489E15ACC11B8D3E6F
:1080500068A509BFBDE0E4BFA5377DAEEC5F8BBF6F
:10806000586F87AB1D3D71BF48969A2B5CF65FBF7A
:1080700080DD542AD87155BFC84EFEAB46024EBFB4
:10808000408E82AB343D48BFFFE6E82C197943BFF0
:108090008092CCABD05B3FBF006B1EAAC1B03BBF90
:1080A000B0D232ABF25638BFD6023CAC693835BFDD
:1080B0008089092CB04532BF60EDF72B4C732FBF80
:1080C000E02F0F2D39B82CBF607F5F2BF30C2ABF38
:1080D00000C80CABBB6A27BF58E5CBAB13CB24BFA2
:1080E000702CAFAB362722BF0056ADA78D771FBFD0
:1080F0002097DCACF8B21CBFF02C21ABCCCD19BF63
:10810000DCC6B62B47B816BF041B83ABF85B13BFA6
:10811000E023222C1D970FBFDC67E0ABCE330BBFF3
:10812000B08466AB86D505BFFFE5CD2C479CFDBE70
:1081300080BC27AB4852E9BE1C22F5AB893DC7BEC7
:1081400020AD9CAC684E77BE8034522A08D9F23EEE
:10815000BA4925BFB364D3BFA02E1E2BCE976FBFE5
:1081600010DDCA2AC3E949BFC60A97AB440B39BF21
:10817000A0762BAB24212FBF4C349FABF56328BFD7
:10818000482100ABA45F23BF052A70AD9A661FBFCC
:1081900050E323AC011D1CBF54E2462CC74D19BF50
:1081A000A0505BAC32D816BF9641872B0EA714BFE8
:1081B00054F8042C23AC12BF6505AFACABDD10BF87
:1081C00050948FABDB340FBF43304FAD07AD0DBFC5
:1081D00000FB702C1B430CBFF6EBAEAC50F50ABF96
:1081E0003A97502D08C309BF40C92DABD0AC08BF8A
:1081F0008012DF2988B407BFB04C3CABBFDD06BF9F
:1082000088573AAB582E06BFF4FA43ACBBAF05BF54
:10821000F01ABB2C007105BFB012292A348B05BFA0
:10822000BE0A312C3C2A06BFB475E0ABAAA107BF39
:10823000A044FCAB4CA50ABF4200882B7F0911BFAC
:10824000E07ECDAAE48421BF072D88ADA58678BF46
:10825000431AB83E38F4873D80AC71AA0A158CBE2B
:10826000B24555AD1229ADBE4884F82B751DBABE76
:10827000803FBBABA25FC0BE2C1150AB8F98C3BE7A
:108280003C644FAC2730C5BE11F6D12CEECDC5BE37
:10829000A0B3A12C2ACAC5BE96AEB62C8757C5BEC0
:1082A000F0AA74ABF194C4BE00C82CAA1696C3BE43
:1082B00050DE1F2CCD67C2BE3C7179AB8312C1BEAC
:1082C00080B4DCAA9A9BBFBE48AFF42B3306BEBE77
:1082D00000582B2BA353BCBEEC2025AC9D83BABE0B
:1082E000008C70AB3694B8BE1CA820ACAC81B6BE76
:1082F000A238C12DF245B4BEB49956ABDDD7B1BE9C
:1083000080A639ABB829AFBE0091FAA8C426ACBE8E
:10831000308C982BB5AEA8BE283FA22BEF8CA4BE04
:10832000361C0AAC30669FBE804A622BC38D98BE55
:10833000B4B486AC45918EBE54137D2DE35A7BBEFA
:10834000A41542AC432C30BE44B632ACDFC33C3E35
:1083500074C6D6BEB6C05FBF9B8994AC108304BF01
:108360008051A7AA3968E3BE687F41AC327AD2BE99
:10837000E0DCE22B7C6FC8BE98FF80AB4984C1BEB5
:10838000B09463AC7B45BCBE4839EBAB7405B8BE5A
:10839000C0D5092BD067B4BE383533AC8836B1BEF2
:1083A000C4B3932C954FAEBE20AA5A2C179CABBEDB
:1083B000C0A7F1ABB70BA9BE55C18DAC0B92A6BE41
:1083C0000035322AF724A4BED503622CA3BBA1BE7C
:1083D00000DE502BAB4D9FBE202A852B77D29CBE52
:1083E000727E8D2C84409ABE787457AB988C97BE61
:1083F0001005822BA3A894BEC077BCAA248291BE8C
:1084000080829C2A99FF8DBE0034CBA828FC89BEAF
:10841000E09D8CABF03F85BE4022252B79E27EBEED
:1084200020C6B1AA42EB6FBE70DFC12BEA535BBE20
:10843000F01C4B2CAF3D3CBE7FE5972D2E0006BEB9
:10844000B65DAE2CF33823BC97D136ACD232163F92
:108450005E3C4BBFD90E99BFD9430AADAC6319BF7F
:1084600000BF58AADBF7F4BEC65FB4AC8FFBD9BE21
:10847000C05C92ABCF9ECABE0024EDABC98DC0BE1E
:10848000B6913DAD9D59B9BEC7E7D2ACC1DFB3BE11
:10849000B0968B2D9386AFBEB8F8E52B56F5ABBEE4
:1084A00006EB81AC57F5A8BE53E584AC3763A6BE96
:1084B0002A19052E3C27A4BEFE05ACAC1E31A2BE77
:1084C00098D20DAB9375A0BE31CB90ACD8EC9EBECC
:1084D00000FAC9ABD2919DBE1452022C8C619CBE95
:1084E0001A9628AD025B9BBEB636A62B197F9ABEA4
:1084F00080DA1C2AE9D099BEA639882D475699BE44
:10850000F09B382CDD1899BE935BEFAC182899BE10
:10851000A0929B2BBB9C99BE80E9092BD59F9ABE4C
:1085200088B98A2C58799CBEE00FF5A93AB29FBE53
:10853000002F18AA2871A5BE10BC80AAB8B5B0BE7D
:1085400068780FAD8E80CCBEE4926A2CA8EE2DBF69
:10855000C884D73E19162D3E02CB87AC025BE3BD23
:1085600060CA442C635729BE7706C62CE0FE3FBE86
:1085700096129DAD4CA54BBEB88C18ABE74952BEC8
:1085800066610C2D213A56BE6C8F46AB078858BEEB
:1085900078FC35ACA0C359BED1C7D9AC363F5ABE62
:1085A00028F7BD2B832C5ABEE89D112CA1AA59BED9
:1085B000607E662D2CCD58BE3AD60AAC29A057BE97
:1085C000333CD32C2F2A56BE38B291AB8F6D54BE9C
:1085D00000E7D4ACD86852BE68FD3D2CE81650BE0A
:1085E0008EFB20AC7D6E4DBE942C942B4D614ABE0B
:1085F00040E076AB5FDA46BE3143CCAC50BB42BE06
:10860000C8F464ACB0D73DBE7B57AC2C14ED37BE7C
:1086100050EA84AC9F9430BE22A90F2C3C2727BE81
:10862000B893B1AC64831ABE8BFF6B2D438508BE33
:108630000A530FADC92BD9BDCAF2D12B5F146BBD44
:108640004076562B45D4623D20CE16AB51F91D3FE6
:108650006E666EBF477288BFC4982DAC0A1B01BFFF
:10866000F052D5AB1C83C8BEA0EAB22BDEA9AFBEC8
:10867000808DB2AB62C6A1BEE843582B8CE098BE99
:108680002829CCABDAAC92BEC850AE2B5B198EBE9B
:10869000E4B5882D41958ABE39D4942CF1CC87BE9F
:1086A000B0735DACE98C85BE62A405ADD5B383BE65
:1086B000680F5C2C562B82BEAB88D22D04E480BEA2
:1086C000ADD203AD37A67FBE8061C62A29E27DBE4A
:1086D000E00E332D92717CBEFD86862DE14D7BBE72
:1086E0008E437A2EAF737ABE6F9B2F2D8FE279BEA9
:1086F0008060382B379D79BE402371A91DAA79BEB1
:108700006080DAABAB147ABE78188EAC95EF7ABE87
:108710001075392C1F597CBEB41CC3AC84837EBE3B
:10872000B0A8D62B52E380BEDEA0D82CAA6483BEAC
:1087300000997BA9CD7887BE6040952A2BF18EBE2B
:10874000800BBD2ADB77A0BEA817CC2B5304F8BE44
:108750006ECCA03E648AE23C241F75AC830E13BE2F
:108760006C68022C75AA36BED4CA19AC1B7346BEFF
:10877000005166AC2DBF4FBEFC95F0AC0F3556BE18
:10878000C40FCE2C5F3F5BBE00B5A7AAC18A5FBEF7
:10879000606FD6AC577663BE3F38B62D4D3D67BE91
:1087A0000028E72AE4086BBE20A3B42A49F96EBE6C
:1087B000E1DF30AE792A73BEFEBF37AC60B777BE5B
:1087C000508505AC26BC7CBE145DEDAB202C81BE73
:1087D00000A0C328565884BE5729FD2D53F987BEE3
:1087E0008CF043ACA82B8CBE06002BAC6D1491BE54
:1087F000F07C752C28E596BE4677562DD5E19DBEBA
:108800002035292BBD6AA6BEAAD4EFAC300DB1BE6F
:1088100000F88CABA3A1BEBE90D601AB8785D0BEBD
:1088200044CA2CAC4914E9BEC01B32ABCB6006BFB6
:10883000D072AFACBA8B22BF000D26A9927155BF82
:108840000EBD89AC5245A6BFC10DFF2C824468C045
:10885000F19E974098655740586EA4ACFB88843FC2
:10886000E88E312CDCFE113F51817E2D2944BE3E25
:10887000006C16ABE406863E445733AD14F2443E1A
:108880004CE8A6AB1E22143E8CCDDC2CA56FE13D3E
:1088900050018FACCDFBAB3D50BDB62BC476823DB5
:1088A000C4BE11ACEF06433DD0A333AAE8E40D3DAE
:1088B0001493602CF526C53C6850BE2B9E117C3C61
:1088C000787685ADF405073CA137BFAD8CD71B3B4F
:1088D000005C10AAC3931CBBF86316AB6FD6CABB6F
:1088E00014BFAA2CA34315BCE82636ABC57037BC11
:1088F0006ADCD2ACBD134CBCB28805ACCC9952BC7E
:10890000C088EAA9178D49BC1926EEAC85362EBC65
:10891000602FC6ABD8D2F7BB3439022C7B7E2ABB82
:108920009009D32B91EDA73B8B3304ADE0AA8D3C8E
:10893000A848E3ABF5B6193DF01A86AA2D2E9A3D4C
:108940007550AFAC653D293E20C730ABA5BA1E3F80
:108950000DE182BFE98F3FBF48D315ACD32A96BE45
:10896000D0308DAAFDB44FBED695562F3F5228BEAB
:108970001EEB9DAC219F12BE571F482DF1E904BE8E
:10898000605583AB3FF1F6BD10F88DAA581CE9BDC8
:10899000E41983AC177EDEBD61C8B72D9005D6BD46
:1089A0000005AF295A09CFBD7907312C441AC9BD3A
:1089B000709A35ACB4EBC3BD64CCCBAB7246BFBDD3
:1089C00018E42CACD600BBBD1C1008AFD0F9B6BD66
:1089D000008CF1AC9315B3BDE8ACED2B193BAFBDEA
:1089E00020D9D42B1152ABBD7D9FCEADDD40A7BDAC
:1089F00050485CAC37EAA2BD0091CDAA132A9EBDB7
:108A000040E2502AF5D098BD241817AC469C92BD80
:108A1000E0C336ACD4288BBD01A5492D10D981BD4A
:108A2000E6AA8E2EC83E6BBD003A072A590249BD00
:108A3000C062082A018714BDFC7D2D2CAE505FBC9E
:108A400080577CA9239C1D3D30BE13ABD00C983EB3
:108A5000167223BFBFF4F3BE0077FA2BCC365FBE8D
:108A600056403DAC85DA29BEFECB4CAC91AD12BE72
:108A7000DAD899AC818E05BE927888AB90FEF9BDAC
:108A800074052FAC24C5EDBDE8156DAB6C76E4BD67
:108A9000601E35AC3A05DDBD52F8D92C85D4D6BD63
:108AA000F155882DC381D1BD68B6D42D2ECBCCBD58
:108AB00000FF43295582C8BD205D81A97E84C4BDC5
:108AC00070ADABAC14B6C0BD30733C2DA1FFBCBDC6
:108AD000003BA1ABA74BB9BD9CFE5A2CD084B5BDC1
:108AE000C0C3FAAB3A94B1BD701A89AB765FADBD25
:108AF0004CE514ADFCC5A8BDDB4C2F2C699DA3BD76
:108B0000107F2DABA2AB9DBDFD2F8BAD079D96BDFC
:108B100060890A2CEBF28DBDE2308FADFDE182BDA4
:108B200048AB2FAB6C1868BD7A263C2EA9BA3DBD68
:108B3000B01A9F2CEF3CF7BC52D341AC8865A1BA68
:108B4000D63B96ACE0A7873D2CDFB0ABD8A9CE3E94
:108B5000FCFB6BBF2DE21BBFA7DC952C75128BBEF7
:108B60009278D32C6E4651BE12CC352DCCF633BE46
:108B7000109A2DACE4E223BEB0484C2CF0DD19BEB7
:108B8000717A382DB42613BE00CA89285E750EBED0
:108B9000802E2CABCA1D0BBEB81F9B2BDABD08BEA6
:108BA000B83AF72B901A07BEE690C9AC6E0F06BE16
:108BB000107A3E2DF38505BE4129292DFE7005BE94
:108BC00048808D2C50CA05BEB08BEBAB3E9106BEE3
:108BD000806EB32B35CA07BE7CAE622BE07E09BE29
:108BE000023851ADF1BE0BBE344D89ABA4A10EBE0F
:108BF0000032DF295E4812BE784AA92DFAE216BE7D
:108C000080EBDFAAF5B61CBE907F39ACCF2B24BE1B
:108C100074B2C7AD5FE12DBE46711D2DEBDA3ABED1
:108C2000C335FF2C42D94CBE40EC0FAB1A2D67BEAA
:108C3000C09C93AB087988BE14C8492C1652AEBEAE
:108C4000E0786A2BDA8203BF20F513AC47E6B0BFA9
:108C5000FCDF274040C69C3FEDDA3FAC317DB63E9D
:108C600038B70C2C4F713B3E66171AADD717DF3D56
:108C7000A018A32B2A038B3DDC1037AD83552B3D69
:108C800000697D2B3854C33CFB4984AC69ED2E3C14
:108C900080CC772DC7A61F3AE0E923AA8A12F1BB40
:108CA0009CA004ADFBC762BC1208D72B44B89DBC86
:108CB000FC3D2AAD318FC3BCE2AC962C5991E4BC8B
:108CC000005618A9E5FE00BD4E439AACBE670EBD26
:108CD0000053FAAA32EB1ABD785354ACD2E426BD45
:108CE000B8ADFEAC28AB32BD57869AACAF963EBD50
:108CF000209DA9AB8A094BBD2C54012C977958BDF6
:108D0000185A7E2C357F67BDF0EFEF2A44ED78BD11
:108D100048331A2DA7FD86BD98769E2BE34A94BD55
:108D20008C48D02D8702A6BD31E216AD4839BFBDB3
:108D300095A6BF2E1B84E6BDE985002D167D16BEC7
:108D4000A146AE2D1B9F68BE84A197ACEFDE20BF6D
:108D5000B6DFAB3FF26B133F40D2372BAAF2323E65
:108D6000D09BA1AC0B20C23DE209702EDAD3783D36
:108D700048F89D2CEE442C3D41260D2D44D6F83C60
:108D800028D925AC2C49B83C6D4872AD1CA48A3C4E
:108D9000305F972B49DF523CB0CE0DAB3EE4213C17
:108DA000D4B94CAC158BFB3BB888CFAA1F2BC73B63
:108DB00028251C2C30CCA23BEF4FA92CC1DB8B3BD0
:108DC0009024DAABA6A9803B00315329F32B803BDA
:108DD000001CE4AB48DD893BC367352D17AD9D3BD7
:108DE0004CD2232C33FEBB3BC13451AD61B3E53BC8
:108DF000B049F92B8B260E3C124CC9ACF50F313C17
:108E0000C0B4A9ABAF595D3C588DD82B0BDA8A3C66
:108E100020841B2BD329AF3C32239C2CF80ADF3C47
:108E2000188137ACD939103D60864BAA2E573F3D8B
:108E3000E0B142ACD17C843D5F9D3A2C4550C63DAB
:108E4000525F05ADE6722F3E882BDBAC6FBF0A3F49
:108E5000A343B0BF9E5311BF7C3937AC339F49BE8B
:108E6000A03D08AB4D16FABD5A5000ACF964B7BD31
:108E700010ACF7AB116891BD644B7AACF9B870BD1A
:108E800066AFC1AC535F4CBD59A2D22CA51230BD08
:108E9000C04DAB2CAFC918BD1403B1ABA3BB04BD0F
:108EA000CE6972AD158CE5BCA42CDAAC5C45C4BCB3
:108EB000309B81AC1C81A4BC361776AC315B85BC81
:108EC0000EF007AC0A234CBCA7A888ACBEE10BBCD3
:108ED000001836AABC1691BBBC83C72C51D61BB850
:108EE000E316282DCE599B3B80E797AB0A72243CB2
:108EF00000ACD8284C38833CFD80E7ACE6A8BB3CEE
:108F0000E40AA6AC6017FE3CB62EFBADB61B273DAF
:108F100080CF582C9BD5583D000878297A608C3D2D
:108F200088917FACBD55B73D9062B52C91A6F43DBC
:108F300088ACC12C790A2A3E3073872AA44A7F3E26
:108F400074643EAC1193E23E6316E22D23E7B33F17
:108F50009B0F80C01A77BDBF3B57AFAD556704BFAD
:108F600008B4AF2B5DD8A5BEB90F38ADA25676BEFA
:108F70005C85EAAC6D7C46BE86FC69AC80A727BEEA
:108F8000041C4A2C53F611BEDE24C3AC3EBA01BE0B
:108F9000EBC9002EFBFDE9BD1A13B12C4943D5BD29
:108FA0005852652C57D9C3BD06EEA1AD22D0B4BD31
:108FB000903A50ADBE80A7BD60E71E2A5B719BBD95
:108FC000D016BDAB8E4490BD3C9C89ACB5AE85BD82
:108FD00040290DAC53DD76BD8C4C0E2D6A9062BDE0
:108FE0008200A8AC7EFE4DBD665C9CACC5A538BDBC
:108FF0009077FD2C04EF21BD988DBEAB511D09BDAE
:10900000A21C31AEB06ADABC6EB5932C16A999BC1D
:1090100058DB832C44A317BC74F136AD8B992D3BE0
:10902000BCBD16AD3D30963CCF9E992C1171253DAF
:10903000F081B6AC6D4C983D80C9CAAB52E2093E96
:10904000E83FDEABA54D8C3E7889812D4AA9773F5C
:10905000547D4FC047088EBFA0223CAA412AD5BEEE
:10906000A8EFCD2B17EA8DBE83D0FB2DD96D5EBE48
:1090700060FED82BCA173CBE4D0D272DED1426BE21
:109080001E1D782CEFB916BE5CC9102C7F610BBE7B
:109090005A7E26AD14A502BE502B932D696AF7BDEA
:1090A000DC6F89AC3923ECBDF2A86EADBECDE2BD5C
:1090B000A841A02C20F9DABD24FD312DB856D4BD2D
:1090C000E03036AC87AECEBD0AD0882D3AD8C9BDC7
:1090D000E856502ECDB6C5BD4AAEA2ACDB35C2BDFA
:1090E0009068E8ACFE47BFBDF6D9A1AC0BE6BCBDAD
:1090F0005069E3ACF70EBBBD9959072DA0C8B9BDA7
:109100005E432BAC9C21B9BDA0E98D2BE434B9BDE5
:10911000F023B3ACCF30BABDB6864F2DD664BCBDFC
:10912000804DFB29A35EC0BD3BE11C2D332EC7BD86
:10913000F0E7FFACF41ED3BDE841C82B7B2DEABDA0
:10914000D4B21EAD3A2A11BE100B542C5A5D90BEFB
:109150005CBF3F3F4AD4103E00C4982A4F41953A25
:10916000DC773D2CBFDED8BCD55F502C4FC01BBD7B
:109170008BE9B22D664135BDBBA39AAD59F044BD14
:10918000D246552DF0694FBDFEE0F82BA4D556BD53
:10919000B4BFFAAD21585CBDF1DA4EAFD39B60BDD0
:1091A0008E037BAC7A0B64BDEE1107AD42EE66BD5B
:1091B0006886162C7A7669BDC585A3ACDFC96BBD00
:1091C000689331ACA5066EBD3CB473ACC84670BDA7
:1091D00000A94D2D76A272BD10E97A2B1C3275BD07
:1091E00016AA31AD5E1078BDC90E0D2D6D5C7BBD2C
:1091F000E8A344AC183D7FBD0C51412CA2F281BDC7
:109200000010362A7CCD84BD800E93299A6188BDDA
:10921000304D202C86FB8CBDB9AF3FAD0F1693BDF2
:10922000B686552C8D849BBD2FD781AD66D5A7BD45
:109230009A8768AE775DBBBDCE9EAE2C2EC5DEBDD7
:10924000D163462DF5E418BE960193AD0784B4BEF4
:10925000D7069F3FDFF8833EF8283FAC412F5F3DA4
:10926000CA38BE2C5E3C643CCEAE17AC1B255EBB40
:10927000088CB12CC67E54BC2C3DAD2C98F39BBC05
:109280003FF3282D7F34BEBC0480962C683BD7BCAE
:109290001454732D4C55EABC149F2D2CE26CF9BC70
:1092A000605D36AECED902BDD8AF3FAB44F907BD45
:1092B0004057D72B3F5A0CBD050A9BACD32E10BD8F
:1092C000400A022BB89C13BD80C8832BAFC116BDCA
:1092D000E4D88FAD6EB619BD449E262DC4901CBD3A
:1092E000944434AD52651FBD7E54C92C2C4922BD17
:1092F000A06D992CA65325BD00FBEDADADA028BDFA
:10930000107781AC34542CBDA8D444ABC89F30BD79
:109310008074C82A5CCC35BDE8A7F6ABE04C3CBDF8
:10932000487386AC09E544BD80329E2B860351BD4F
:10933000B0FCB5ABCDB663BD725A21AE967682BD98
:109340009885212C6ADAA8BDE4B5E72C0DDF33BE81
:1093500025F2293F7AD8D33D8A05BC2CE882273CE8
:10936000176C062DD1E20BBC0CFC632CC39388BC9C
:1093700058BEB42C6542AEBC3057D2AB6ADAC6BC1C
:10938000E8667CAC6A79D8BCC09903ADA2FDE5BCA7
:109390000CE8742D85EFF0BCA02C06AB4736FABC68
:1093A00025952C2EB13201BD29F5232DF3F004BDF6
:1093B0005BAE202D0F7B08BD28F22AAD6AEE0BBDF7
:1093C0003CCB23AE2B640FBDDAA110AEAFF312BDC0
:1093D000A0C0F4AC77B416BDAF13612D01C01ABDA7
:1093E00070E66EABCC331FBDA3BBB42CE73324BDFA
:1093F00063F506AF90EE29BD789DBE2C9CA130BDD3
:10940000788120AD29A338BD306C22AB4E7042BDAF
:109410007812042D68C74EBDA0AAE32B9BDA5EBD6F
:10942000D1E4E3AC5EB974BD0EBF36AC4D238ABD4A
:1094300080D5462D5EEAA2BD7284E1AC7982CFBDB3
:109440003AC234AEDBC81BBEB6A78A2CB9FACFBE6F
:10945000E7730A40824CB63E4E32812D19D9D03D79
:109460004B3D0D2DBF94513DF9B4AB2C20CCF03CBD
:10947000F0EFCA2CFBB38D3C003709AA6E3D1D3CB2
:10948000E09A7FAC1B9E8B3B807451AA2B28B2398B
:1094900080AC01ADC9E62EBBDCD9D42B90B4A5BB02
:1094A000F05E56ACAD93E5BB39E7042D967C0DBC60
:1094B0004AFC98ADE74A24BCE0D831AC062C38BC55
:1094C000589E1DACD4D849BCD8764D2B8CE159BCE4
:1094D00058FD28AD35BC68BCF6F8B8ACEFCE76BC0C
:1094E000A0F73E2B0B3C82BC3E0D83ADDA0A89BC53
:1094F000B86B14ACAF0690BCD874462C246B97BCE8
:10950000804465AACC839FBC145FEF2BD2B7A8BC64
:109510000066952C279EB3BC2E7343ACEF23C1BCD1
:10952000B5C6022E54DCD2BC721DCDAD74BAEBBCF4
:10953000C03CB42BCE0409BD3122882CA20F2BBD18
:10954000607633AC45EA79BD5F919A2DF9B520BEBE
:10955000BBC0803F8DBC053ED032FEACED1E0E3D43
:109560003C6E43AD2FE57D3C60E7FF2BFEF5ED3B08
:109570004863A02C313B303BEAD6D7AC314361B9CC
:10958000F83517ACD04011BB874712AC60C070BB38
:109590002023062E38809CBB7BD9BDAC0A9AB8BB71
:1095A000BCC2612C4DE8CEBBE1E6202E04DFE0BB5F
:1095B000E0D05C2CA37AEFBB6F3B10ACF66BFBBB2F
:1095C00036CCE8ACE09802BCD032462B299406BCDD
:1095D0000030D2299FC909BC219921AEC2510CBCCF
:1095E0001888EBABAC3D0EBC6182E42D14980FBC27
:1095F0006C11D1AC9F6510BC141CCBAB6CA410BC1F
:109600001FDC94AD974A10BC3FEEBDAC33430FBC9A
:10961000C0229E2B51680DBC0870E8AB2D770ABCA8
:10962000282BABAC1AF705BC33117B2D69FDFDBBB4
:109630000C83BF2CEE27E7BB10FE94AC5518BDBBC6
:10964000DBDAEA2DCDAC33BB10FE2AAC96464C3C9F
:10965000EB9D53BE06F507BDD276E32D203E93BCAD
:1096600072CA83AED48E74BC79FBA22C7F135FBC0C
:10967000607FC5AD1C0D53BCC4F7152B854F4BBC8B
:10968000A062842CD6DE45BC3564A9AC52CF41BC67
:10969000B08CC62B63A53EBCDAEA2F2DB21A3CBCB7
:1096A00040E9582CF5043ABC3C658CADF04938BC17
:1096B0007CE34F2D4AD936BC66F1922D34A935BCD6
:1096C000841D60AD8CB434BCD7DAC82CE7F933BC48
:1096D000308BDFAC197B33BC8080922C373D33BCA0
:1096E0003EFBB62CF74833BCE0C7F4AA87AB33BCCB
:1096F00050344E2D0B7834BC758E22AC14CA35BC58
:10970000540631AEC7C937BC009A4F2B06B33ABCDA
:1097100087F0042F6AE23EBC96D59CAC41EE44BC77
:10972000A083742DDEDA4DBCA69EE3ADC1945BBC74
:10973000ECCC2FAC1B3C72BC364B202C12468EBCA2
:1097400088C6402DE6EFC0BC62DFC22CA81B61BDFD
:1097500041311A3F75D4223D8282952C0DD2083CAE
:10976000BC2CDA2D8C720E3BAC19442D8FB8D0B9BD
:1097700000CAADAAD77DE7BA7C83502CF96F29BB0C
:1097800060E6142A82A84BBB4207B5AC551762BBF2
:10979000C0E291ABDFC970BB000933AB8F147ABB59
:1097A00030C3E4ABF9637FBBBE06A6AD4CD080BB33
:1097B00021E50D2E33B180BB26198D2D240D7FBBE5
:1097C000C7E620AD75E07ABB8907CA2D0A0175BBD3
:1097D0004015B42CA17D6DBBC06D31AA045164BB92
:1097E0001CAE4CAC9F6159BB1C36952C8C7E4CBB7F
:1097F000807AD92C6C593DBB90D5702B8D7B2BBBBF
:109800006E1C752E393316BBC89D0E2C3FE6F8BA78
:10981000B0EBDCAC352EB9BAC913492DF4C64FBA3A
:109820004C455BAC9ED708382DB6152D8EEE9C3A74
:10983000FC95042C3EF1433B392D122DC6DFC93B6C
:10984000BC83C5AC8F905C3C626A34AE7B6F4B3D91
:1098500056B593BFED2A70BDA77AF2AD63B9B7BC18
:109860000C1CD92CD6BA77BC2B41D42D0FA443BCE9
:1098700020C5982B0C1626BCA8F083ACB5C412BC2E
:1098800040A091298AF504BC8C17FBABD5E7F4BB4B
:10989000E89B122C4F2AE4BB648E0D2C2459D6BBB6
:1098A000D8D438ACFB9ECABB9023272D2B71C0BBEC
:1098B00060C5A7AAEF71B7BBD6BD252DDB5FAFBBD7
:1098C000D0CAA92B350CA8BBBEC5192D1855A1BBF4
:1098D00078BF002DC6219BBB3655202D506095BB0F
:1098E00034CA432D260490BBD940732C41058BBB51
:1098F00054E0E3ACD25F86BB00F0222B7A1482BB2B
:109900000849982B4E527CBB259D802EF75575BB80
:10991000F7CBD6AE2B646FBBE8F351AC27D26ABB52
:10992000D7D534AD233A68BBF435F6AB5FC668BB18
:1099300070B964AC40FD6EBBE7118EACE8BB80BB78
:1099400087B9472D5D399CBB2769B1AE2F8B1BBCF6
:10995000A4ABEE3E8194AA3B903466AC56E2F93952
:109960001426332D1726C1B96033D8AC44E92CBA7C
:1099700080EAEF2C090D49BA785A47ABB46E4FBA5A
:10998000F01EAA2BDA374ABA842B902CC8253EBA8F
:1099900000DA412DB8BA2DBA6C1D9A2CFA6A1ABA9F
:1099A00024A04EAD0C1E05BAAADBA9ACF7D8DCB9D1
:1099B000007E76AB6880ADB9FD9AFCAE839A79B92A
:1099C000F754A12E2E6E16B93814832E160249B8FC
:1099D00080858A8F94989DA2A6ABAFB3B8BCBFC355
:1099E000C7CACDD0D3D6D8DADCDEE0E1E2E3E4E4E6
:1099F000E4E4E4E3E2E1E0DEDCDAD8D6D3D0CDCAB9
:109A0000C7C3BFBCB8B3AFABA6A29D98948F8A85DD
:109A1000807B76716C68635E5A55514D4844413D78
:109A2000393633302D2A28262422201F1E1D1C1CC7
:109A30001C1C1C1D1E1F20222426282A2D303336D4
:109A4000393D4144484D51555A5E63686C71767B8F
:109A50000000004396F347427D278F287CC0053CD9
:109A6000E5011828863E913DA1521328FC93BD3C88
:109A7000B6BEB3288030103D2F8F6128ECE4FA3C4D
:109A8000253E8E287367DB3C12D4AB2835A2E53C1B
:109A900075768928DC26633CB0EB1B296DD86E3CBB
:109AA00032A9F127012ACE3C431CA328936B493CE1
:109AB0008B600F287403CF3CBEFA8B286BAE023C40
:109AC000A09F59283921E83D4FD5862866CEBD3C58
:109AD0007ECFBC2839AD613CC55129283BD39B3C86
:109AE000454CE02816F2543DEFF77529B138D23CC9
:109AF0001912C62603A2D03C0F8F08298A2E933D47
:109B0000C1A5CA28F44A683D17580D2AC2BD513C68
:109B1000470A1F2AAD72AA3C151BF128B3FA323C42
:109B2000859A992914A80F3DFCB482298DF5833CB0
:109B3000069A932867C7563BB313CB285D5C1B3C42
:109B40007BA91C2A121C943C8975E1290DBEEE3BB1
:109B500093832B280DBEEE3B6EA33728121C943C3A
:109B600063E24F295D5C1B3C44C71D2A67C7563B17
:109B70003BC3AF298DF5833C212E1C2A14A80F3D31
:109B800022B9FC28B3FA323CCE58B428AD72AA3CB4
:109B90006BA1A728C2BD513CC182A529F44A683DEA
:109BA00077E2CE298A2E933DBC3AD62803A2D03C38
:109BB0005B595529B138D23C1EA61B2A16F2543DDA
:109BC0004953B0293BD39B3C5F3E902A39AD613C61
:109BD000BCEAFE2966CEBD3CEFBDBC293921E83D7B
:109BE0008274AC296BAE023C97539B297403CF3C23
:109BF000BE3E3829936B493C3F360329012ACE3CAF
:109C0000E3CA192A6DD86E3CBD2B0829DC26633CBB
:109C1000E2220A2A35A2E53C1F96022A7367DB3C42
:109C2000787EDB29ECE4FA3CFB4FD4298030103DF0
:109C3000F5BDB92AFC93BD3CCA73792A863E913D95
:109C4000E9AD8D2A7CC0053C5C563D2A96F347421F
:109C5000B81C57D8F1F5C17F190E279E86F781DE13
:109C6000E155B05A779FE741A12A6BFACDE47B23F7
:109C700001000000020000000300000002000000DC
:109C8000010000000A2A2A2A2050414E4943202A76
:109C90002A2A0A000A00000048617264776172652E
:109CA00020616C61726D20256420616C7265616455
:109CB0007920636C61696D656400000048617264BD
:109CC000206173736572740052656C656173650021
:109CD000626F6F74325F7732357130383000000058
:109CE000322E322E300000007069636F00000000D9
:109CF000656E657267795F62656E63685F72703208
:109D0000303430005365702031302032303236002C
:109D100005005250DE65F468EC9E001006005250BB
:109D20005422A29D049D001006005250861C03027E
:109D3000F09C001006005250BBFF3CB6E89C00109F
:109D400006005250ABB36053E09C00100600525026
:109D5000E182887FD09C001006005250D3F07542FB
:089D6000C89C00100D0A000070
:109D6800109D00101C9D0010289D0010349D0010AF
:0C9D7800409D00104C9D0010589D0010F4
:109D8400030010B50068EFF3108472B60268002A6D
:109D9400FCD0BFF35F8F04229A56002A0BDB002904
:109DA4000FD000200A601B68BFF35F8F00221A6087
:109DB40084F3108810BDD0221206126801201A7193
:109DC400F1E70020EFE7C046F0B51D00D023C646FA
:109DD4001B061B68040016009846002700B50BE01C
:109DE4002268BFF35F8F176083F310883000290067
:109DF40000F04EF8002818D12068EFF3108372B6F3
:109E040001680029FCD0BFF35F8F21797F29E7D94E
:109E1400424622712268BFF35F8F0021116083F3F1
:109E24001088012004BC9046F0BD0020FAE7C0462B
:109E340070B582B001A9040016001D00FFF7A0FF51
:109E4400002807D1D0221206019B12785BB252B2CD
:109E5400934201D102B070BD32002B002000FFF705
:109E6400B3FFF7E70268EFF3108172B61368002BB3
:109E7400FCD0BFF35F8FFF2303710368BFF35F8FD1
:109E840000221A6081F3108840BF70477047C046B3
:109E940001B40248844601BC604700BF9D2E0010F7
:109EA400100000000000000000000000000000009E
:109EB4000000000000000000280200200000000054
:109EC400503300004C330000543300005233000080
:109ED4004D5300004D430000533400004334000050
:089EE400000000000000000076
:04000005100001E9FD
:00000001FF
