:020000040800F2
:1000000000000220BD0B0008A10B0008810B0008B6
:10001000890B0008910B0008990B000800000000F4
:100020000000000000000000000000000D0C0008AF
:100030000D0C0008000000000D0C00080D0C00085D
:100040000D0C00080D0C00080D0C00080D0C00082C
:100050000D0C00080D0C00080D0C00080D0C00081C
:100060000D0C00080D0C00080D0C00080D0C00080C
:100070000D0C00080D0C00080D0C00080D0C0008FC
:100080000D0C00080D0C00080D0C00080D0C0008EC
:100090000D0C00080D0C00080D0C00080D0C0008DC
:1000A0000D0C00080D0C00080D0C00080D0C0008CC
:1000B0000D0C00080D0C00080D0C00080D0C0008BC
:1000C0000D0C00080D0C00080D0C00080D0C0008AC
:1000D0000D0C00080D0C00080D0C00080D0C00089C
:1000E0000D0C00080D0C00080D0C00080D0C00088C
:1000F0000D0C00080D0C00080D0C00080D0C00087C
:100100000D0C00080D0C00080D0C00080D0C00086B
:100110000D0C00080D0C00080D0C00080D0C00085B
:100120000D0C00080D0C00080D0C00080D0C00084B
:100130000D0C000800000000000000000D0C00087D
:100140000D0C00080D0C00080D0C00080D0C00082B
:100150000D0C00080D0C00080D0C00080D0C00081B
:100160000D0C00080D0C00080D0C00080D0C00080B
:100170000D0C00080D0C00080D0C0008000000001C
:10018000000000000D0C000800000000000000004E
:100190000D0C000800000000000000000D0C00081D
:1001A0000000000000000000000000000D0C00082E
:1001B0000D0C00080D0C00080D0C00080D0C0008BB
:0401C0000D0C00081A
:1001C80070B4154E85B001AC0021A6FB0023DB08F6
:1001D80003EB8302A0EB420205463032D2B2092D6E
:1001E800184604F8012B0B4601F10101EDD8013B3B
:1001F80001A80A4918440DF1030400E000BF0B6888
:100208001B06FBD5A0424A6002D010F80129F6E788
:1002180005B070BC704700BFCDCCCCCC00480040C6
:10022800BFF35F8F034B01229A61BFF35F8F00BF5B
:10023800FDE700BF00080240BFF35F8F044B0028B2
:1002480014BF01224FF480329A61BFF35F8F704769
:10025800000802402DE9F0479A4C24780CB9BDE813
:10026800F0878146884617461E4600F0D7FC964818
:10027800964D83682968964C964AC3F38223032BCC
:1002880038BF0323033B21FA03FA0AF56143A4FBB1
:1002980003131B0C002442F20801D4609360D16060
:1002A80099F80030422B75D08B4D8C49894B4222EE
:1002B8001868040603D400BF1C682006FBD55A60E2
:1002C80011F8012F002AF3D199F800205AB1814B77
:1002D800494600E000BF18680406FBD55A6011F8CB
:1002E800012F002AF7D17E497A4B202200E000BF77
:1002F80018680006FBD55A6011F8012F002AF7D1BB
:100308004046FFF75DFF774A7248202300E000BFB0
:1003180001680906FBD5436012F8013F002BF7D1AD
:100328003846FFF74DFF70486A49202300E000BFB8
:100338000A681706FBD54B6010F8013F002BF7D170
:10034800644B1C211C6826FA01F202F00F022406F5
:10035800A85C03D400BF1A681206FBD504390F1D28
:100368005860EFD161485B4A0D2100E000BF136877
:100378001C06FBD5516010F8011F0029F7D113683E
:100388005A063FF56CAF534A00BF13685B06FBD5AE
:10039800BDE8F08799F801304F2B85D1846854481F
:1003A800C4F34234432100E000BF13681B06FBD5A9
:1003B800516010F8011F0029F7D12868FFF700FFE6
:1003C8004C48444A202100E000BF13681B06FBD5B7
:1003D800516010F8011F0029F7D15046FFF7F0FED1
:1003E80045483C4A202100E000BF13681B06FBD5A6
:1003F800516010F8011F0029F7D1032C2868234603
:1004080038BF0323033BD840FFF7DAFE3B48314AA5
:10041800202100E000BF13681C06FBD5516010F8CE
:10042800011F0029F7D1364B2B4DD3F800C0294ABC
:100438001C212CFA01F303F00F031468E85C23066F
:1004480003D400BF13681C06FBD504395060081D8F
:10045800EFD12C481F4A202100E000BF13681B067B
:10046800FBD5516010F8011F0029F7D1264B1888D9
:1004780080B2FFF7A5FE2548164A202100E000BFFC
:1004880013681C06FBD5516010F8011F0029F7D12D
:100498000D4B104AD3F804C01C212CFA01F303F0C9
:1004A8000F031468E85C230603D400BF13681C0616
:1004B800FBD504390B1D5060EFD11548054A2021A2
:1004C80029E000BF71000020003802400000002031
:1004D800C5B3A29100480040B05C0008B05B0008BA
:1004E800945C00089C5C0008A45C0008905C000810
:1004F800C05B0008FC5B0008085C0008145C00088E
:10050800002004E0205C0008227AFF1F2C5C000811
:10051800385C000800BF13681C06FBD5516010F852
:10052800011F0029F7D1654B654AD3F808C01C2183
:100538002CFA01F303F00F031468E85C230603D4D4
:1005480000BF13681C06FBD504390B1D5060EFD1A2
:100558005C485B4A202100E000BF13681C06FBD5FD
:10056800516010F8011F0029F7D1574B544AD3F8AE
:1005780088C01C212CFA01F303F00F031468E85C0F
:10058800230603D400BF13681C06FBD504390B1DD2
:100598005060EFD14D484A4A202100E000BF13685F
:1005A8001C06FBD5516010F8011F0029F7D1484BF4
:1005B800434AD3F800C01C212CFA01F303F00F03BF
:1005C8001468E85C230603D400BF13681C06FBD537
:1005D80004390B1D5060EFD13E48394A202100E014
:1005E80000BF13681C06FBD5516010F8011F0029D5
:1005F800F7D1394B324AD3F800C01C212CFA01F349
:1006080003F00F031468E85C230603D400BF1368E3
:100618001C06FBD504390B1D5060EFD12F48284A22
:10062800202100E000BF13681C06FBD5516010F8BC
:10063800011F0029F7D1284B214AD3F804C01C21F7
:100648002CFA01F303F00F031468E85C230603D4C3
:1006580000BF13681C06FBD504395060081DEFD194
:100668001F48174A202100E000BF13681B06FBD56E
:10067800516010F8011F0029F7D14FF08043986AA4
:10068800FFF79EFD17480E4A202100E000BF1368BF
:100698001C06FBD5516010F8011F0029F7D112483C
:1006A800074A0D2100E000BF13681B06FBD5516007
:1006B80010F8011F0029F7D1F7E500BF0038024004
:1006C80000480040405C000800ED00E0485C00087D
:1006D800003C0240545C000800700040605C000868
:1006E8006C5C0008785C0008905C00083B4B18784C
:1006F80038B13B4A3B4B12689A4203D000207047FE
:1007080018467047384B1B6840F22142C3F30B036D
:100718009342F3D1354B1B889BB2B3F5007FEDD1E3
:10072800334A344B1068344903408B42E6D113688E
:1007380003F0F803802BE1D15368304923F080237C
:1007480023F43C038B42D9D193684FF6FC410B400C
:1007580049F208418B42D1D1D2F88C30DA01CDD49C
:10076800274BD3F8883003F47003B3F5700FC5D165
:10077800244B1B6840F20F72134040F205729342FB
:10078800BCD1214A136803F47033B3F5703FB5D177
:10079800536803F45033B3F5503FAFD102F5E43258
:1007A800136C13F00103ABD04FF0804342F22731B2
:1007B800986A8842A2D1D86800289FD1536B13F059
:1007C80080039ED1116B11480840002898D1136C02
:1007D8009B0396D4106CC0F38040704770000020D3
:1007E800000000200095BA0A002004E0227AFF1FCA
:1007F800003802400200010202000002105A0025DF
:1008080000ED00E0003C0240007000400010602055
:10081800A849A94B086BA94AF0B5A94C002540F096
:100828000500257008634FF480300E6B98611868D6
:1008380020F0030040F001001860586820F0010023
:100848005860986820F003009860D86820F003008A
:10085800D8604FF40013936113689A4823F44063F7
:1008680043F48063136005600B6C974823F4C0233E
:1008780023F001030B64136843F0F0031360D3689B
:1008880023F0F003D360036840F22142C3F30B0363
:10089800934285B054D029468648874B026C8B4DCD
:1008A8008B4E42F480220264026C1A6822F44012D1
:1008B80042F400121A605A6822F480625A609A68F8
:1008C80022F4401242F480129A60DA6822F440124C
:1008D800DA605A6A22F4706242F4E0625A620127CE
:1008E8000023EB602B616B61377031B37949D1F824
:1008F800882042F47002C1F88820BFF34F8FBFF3FD
:100908006F8F4FF07F514FF0804201910292DDEDE1
:10091800017A9DED027A67EE877AB5EE007A77EE76
:10092800877AB0EE0A7ACDED037ADDED037AF4EE3C
:10093800477AF1EE10FA00F0E180002005B0F0BD32
:10094800654B1B889BB2B3F5007FA4D10A6B634B40
:1009580022F005020A630A6B0A6822F0F90242F0E3
:1009680081020A6002E0013B00F0D9800A68920720
:10097800F9D58A68594B5A4822F003028A6002E086
:10098800013B00F0CC80026812F00C0FF8D1494905
:10099800524B0A6822F0867222F480320A6002E022
:1009A800013B00F0BC800A689701F9D40A6C4D4DF0
:1009B8004A4B4D4842F080520A640A6C2A6822F475
:1009C800703242F440422A6002E0013B00F0A78006
:1009D800026812F4403FF8D1364A444B536010681D
:1009E8003E4B414940F08070106002E0013B00F04E
:1009F80096800A685604F9D53A48384B02683A494D
:100A080042F48032026002E0013B00F088800A680C
:100A1800D503F9D53348314B0268334942F40032E3
:100A2800026001E0013B7AD00A689003FAD53048A9
:100A38002A4A40F20571016040F20F7501E0013A5F
:100A48006DD003682B408B42F9D11A49234B8A6831
:100A580022F47C4222F0F00242F414428A60D1F877
:100A68008C2022F08072C1F88C2001E0013B56D026
:100A78000A689201FAD58B68184A194823F00303CB
:100A880043F002038B6001E0013A48D0036803F0A9
:100A98000C03082BF8D100F0C1F8164A164B116860
:100AA800CB1A59425941034B1A6B42F005021A639B
:100AB8001B6BF1E6003802400008024000000240CB
:100AC8007000002010E000E0002004E00048004032
:100AD8007100002000ED00E0227AFF1F00093D00B0
:100AE800083802400070004004700040105A002589
:100AF800003C0240000000200095BA0A016C39430E
:100B08000164006C4FF0804242F227311360D360D9
:100B18009162277005B0BDE8F040FFF7E7BD0021FE
:100B2800C1E700BF18B3F0B4DFF844C000252C4675
:100B38004FF08043012709266045014628BF6146DA
:100B480001EB81025200013A1C60DA625C625F616B
:100B58001C611E601A69D20703D400BF1A69D20744
:100B6800FBD5401A1D601D61E6D1F0BC7047704787
:100B7800A086010030BFFDE708B5FFF751FB00BFB5
:100B880008B5FFF74DFB00BF08B5FFF749FB00BFED
:100B980008B5FFF745FB00BF08B5FFF741FB00BFED
:100BA80008B500F091F830BFFDE700BF704700BFFF
:100BB800704700BFDFF834D000F026F80C480D4924
:100BC8000D4A002302E0D458C4500433C4188C42A0
:100BD800F9D30A4A0A4C002301E013600432A24206
:100BE800FBD304F095FAFFF7DBFF70470000022003
:100BF800000000206C00002020B0000870000020D9
:100C0800109E0020FEE70000034AD2F8883043F423
:100C18007003C2F88830704700ED00E0164A936808
:100C280003F00C03042B0CD0082B0CD0134B124AE6
:100C3800134892681349C2F30312825CD3400B60D5
:100C48007047114BF3E75068516852684302C2F38A
:100C580088124CBF0C4B094B01F03F01B3FBF1F379
:100C680003FB02F3044A5268C2F301420132520004
:100C7800B3FBF2F3DBE700BF003802400024F400C6
:100C8800C45C00080000002040787D0170B50B4B63
:100C98000B4E82B0044615460120019134601A605B
:100CA800FFF7CAFA019A07482B462146FFF7D2FAFE
:100CB80002B0BDE87040FFF75DBF00BFA49D0020F3
:100CC800089E0020D45C00082DE9F84FFFF7A0FD2E
:100CD80000287FD00020FFF7AFFA00235248DFF842
:100CE8006081DFF860B1DFF860A1DFF860911A4633
:100CF8001946FFF7AFFA0125FFF7F8FC00286FD077
:100D0800042D65D9082D8CBF514649464FF4006221
:100D1800284601F02BFC002869D0FFF7E7FC0028E3
:100D28006CD058F8046B4148324600232946FFF737
:100D380091FA012D41F2883018BF4FF47A70FFF70D
:100D4800F1FE6F1E0120FFF777FA9EB1002402E042
:100D58000134A6420ED0284601F0A4FC0028F7D1A1
:100D6800334B284643F8274021460522BDE8F84F73
:100D7800FFF78CBF0020FFF75FFA2D4B43F8276081
:100D8800FFF7B4FC002840D0284601F093FD002866
:100D980042D0284601F062FF264A034642F827302F
:100DA80052F827302448294632460135FFF752FACF
:100DB8000D2DA1D14FF4FA60FFF7B4FE00231A46B7
:100DC80019461E48FFF746FABDE8F84FFFF7D2BEAE
:100DD80059469BE7BDE8F84F01460122FFF756BF89
:100DE800014602222846BDE8F84FFFF74FBF0146EB
:100DF80003222846BDE8F84FFFF748BF0146042202
:100E08002846BDE8F84FFFF741BF3146284607227C
:100E1800BDE8F84FFFF73ABF314628460822BDE83B
:100E2800F84FFFF733BF00BFDC5C0008E45C000844
:100E3800D89D0020A89D0020EC5C0008F45C000808
:100E4800FC5C00082C5D00082C6D00082C6500086F
:100E58002DE9F04F85B0431E02934C1E00F10F0C94
:100E680013F8012F14F8015F9C4582EA05021A70F5
:100E7800F6D101F10F03019301F19F030393DFF80A
:100E880060A100F110030093029B13F8012F1AF8D8
:100E980002201A709C45F8D14578447B417A427902
:100EA8008378877A867945734472857BC4784171E3
:100EB8004270C179C27A8372C37B877086738571E9
:100EC800C471C172C273C370074697F800907C78EA
:100ED800BE7897F803804FEAD915E1096B00F2094B
:100EE8001D444B00194453001A444FEAD8134FEAE3
:100EF800430B5B4405EBC50501EBC10102EBC202E4
:100F080084EA060E81EA440182EA460285EA490536
:100F180089EA040403EBC303EDB28EEA080BD2B2EC
:100F280089EA06068EEA090E88EA040483EA480379
:100F3800C9B25440DBB288EA060685EA0E0E4E4076
:100F48005C4085EA0B0B83EA0E03FB7081EA0B0118
:100F5800009B397072407A70BC700437BB42B4D1C0
:100F6800DDE9011313F8012F11F8014F9C4582EABE
:100F780004021A70F6D1019B039A10339A42019326
:100F880082D1029B13F8012F1AF802201A709C458F
:100F9800F8D14278437A417B427342794371837A2C
:100FA80041724270817882798370C3788172817BC3
:100FB8008273C279C371C37B8171C370C17A029B8A
:100FC800C272039AC17313F8011F12F8010F9C45EE
:100FD80081EA00011970F6D105B0BDE8F08F00BFB5
:100FE80058760008F0B41F4CB4F800688446A6B3DD
:100FF8004FF0FF310D460023201D0EE0B1F1FF3FF9
:1010080008D0AA4206D104EBC1023F5A92889742FF
:1010180038BF19460133B3420AD054F83320AA42E4
:101028004FEAC307EAD219460133B3421546F4D151
:10103800CB001A46013E04EBC601A51803C9AD88CA
:10104800A258ACF80450234483E80300A4F80068CD
:101058006046F0BCCCF8002070476FF007021346DA
:10106800E8E700BF74000020002944DD2DE9F04FB7
:1010780083B0834600F1FF394FF00008531E404605
:101088008944CBF1010A019308F10103994228DD53
:101098000BEB0803012405E0FF2C0FD099455FFAFC
:1010A8008EF415D093F800C00AEB03051E4613F81A
:1010B800017FBC4504F1010EA846EDD01454019CF3
:1010C80033780230A9422354DEDC03B0BDE8F08F48
:1010D8001454431C1BF80510D154023003B0BDE86A
:1010E800F08F0123135402301BF80830013A1354CF
:1010F80003B0BDE8F08F0020704700BFA1B10346E0
:101108000129007810700FDD70B45E1E0E441D4674
:1011180001336C782D78B342A4EB050402F8014F33
:10112800F5D1084670BC7047084670472DE9F04F66
:10113800002985B0CDE902025BDD4FF00008C64604
:10114800CDF80480C446934600F1FF3A029B13F899
:101158000E308BF80230019B8BF800800EF10106EF
:101168000333B1428BF801C0009339DDFE2E0BF139
:10117800030B3CDDAEF1FE07029B4FF00009CC46A5
:1011880003EB0E080AEB07004246002308E010F8BC
:10119800015F12F8014FA54205D10133FF2B02D0A0
:1011A8009C198C42F3DB9C45BCBF9C46A6EB070907
:1011B800774507F1010301D01F46E3E70CEB060E64
:1011C8008E455FFA89F85FFA8CFC0DDB039A01996A
:1011D8000098531802F8008083F804C04B1D009350
:1011E800009805B0BDE8F08F009B0193AEE700279B
:1011F800C2E700230093009805B0BDE8F08F00BF58
:101208002DE9F04FADF21C5DCDE90120002800F07A
:10121800EF80B1F5006F884600F2EA80019C002C4F
:1012280000F0E6804FF484720021204603F0B0FFFE
:1012380000254FEA182384F800806370A570E570D4
:10124800B8F1000F00F0E680294641F20442BB489D
:1012580003F09EFF2946029D46AC6B1E1E462046A3
:101268004FF48062039303F093FF31460B4611F865
:10127800010F023354F820205B1B0132984544F8D3
:101288002020F3DCAD4D002305F6023905F6021ED9
:101298001A4645A90DF214574FF0010C51F8040FE6
:1012A80005EBC3045E1C50B145F8330090B2B3B2ED
:1012B800A080A5F8003802F809C02EF812008F4265
:1012C80002F10102EAD19E4E012B06F5807444D941
:1012D8004FF4807906AF04A8FFF784FE3846FFF77D
:1012E80081FEB5F800E83968049A954BBDF81400FA
:1012F800B7F804C005EBCE0B0A440EF1010A45F815
:101308003E209049ABF804901FFA8AFA6FF43062D5
:10131800CE46A5F800A809F101099D181FFA89F918
:10132800491B03E062450BD0A34213D013F8012FE9
:10133800002AF9D031F813208242A3F5407BF1D17D
:1013480021F813E09BF80020A34202F101028BF878
:101358000020EBD1BAF1010FBDD8794B4FF000094D
:1013680006A913F8012F2AB15A1E921B01F8092069
:1013780009F101099C42F4D1B9F1010F43D025DDEF
:101388000DF1170303EB090709F1FF3E06AE4FF015
:10139800000C0CF1010CE145C8BF334603DC11E039
:1013A8002CD09F420ED0327813F8011FAC18681861
:1013B80094F8024890F802088442F1D931701A7002
:1013C8009F42F0D1E64506F10106E2D1B9F1000FDE
:1013D80055D006AF3C4607EB09013A4601E0914279
:1013E8001ED012F8013B2B4493F80238202BF6D973
:1013F8004FF0FF300DF21C5DBDE8F08F8A42D0D966
:1014080031701A70DCE79DF818302B4406AF83F86A
:101418000298DFE74FF484700DF21C5DBDE8F08F91
:10142800019B49494FF4807203F1080003F0A2FEC2
:1014380017F801092B18291893F8023891F802189F
:101448008B424FF00002B94417D20133DBB2994204
:101458004FEA4202F9D100F5C07305EBC303A14579
:101468009A60197102F1010211D014F8010F0B46AC
:10147800291891F802188B42E7D31946EBE7019B2C
:1014880031494FF4807203F1080003F073FE0399A9
:10149800029800260B4611F8012F05EBC202023311
:1014A80092F8042C1B1A98451644F3DC019C029F01
:1014B80026714FEA166E002084F807E0330A310CD3
:1014C800DDF80CE084F80801C7F1010C6371A17123
:1014D8000246074604F58474A9461EF8013FDB005E
:1014E80003F6044309EB030119F803304D68591E4C
:1014F800BBB125FA01F314F800A0C2F1070B03F001
:10150800010303FA0BF3013243EA0A03082A2354BE
:1015180005D10130B6EBC00F88BF2754002201392E
:10152800E7D20CEB0E039845D7DC002AC8BF013080
:1015380000F584700DF21C5DBDE8F08F740000208A
:10154800750B0020FEF2FFFF760800202DE9F04F12
:10155800B3B08A460092013B06AA0AAC13F8011FF1
:1015680002F8011BA242F9D1584EDFF864E10DF1EF
:1015780023014FF0010C102203AF02AB0C4614F804
:10158800015F03F8015BBB42F9D113075FD09DF8F7
:10159800083011F80B8C4D1D0DF1090483EA08037E
:1015A800BC4205F8013B09D014F8013B15F8108C32
:1015B800BC4283EA080305F8013BF5D10432B02A9E
:1015C80001F10401D9D1BAF1000F7DDD0AF1FF3331
:1015D8000193AAF1100923F00F03A9EB0309009B5B
:1015E80000EB0A08544603EB0A070DF1170613E04F
:1015F80006A902A8FFF72CFC0DF1080CBCE80F00A7
:10160800103C07EB050CA1457851CCF80410CCF838
:101618000820CCF80C3036D0102CA346A8BF4FF0C9
:10162800100B5A46A8EB040102A803F0A3FD0F2CE7
:10163800C4F10005DCDCCBF110030BF1FF3202A989
:10164800DBB20A4402F8013FB242FBD1D0E79DF871
:1016580009301EF80C809DF808909DF80B509DF8F5
:101668000A40F35C16F80990755D345D8DF80B90AF
:1016780083EA08030CF1010C8DF808308DF80A5044
:101688008DF8094085E7019B23F00F0510351AF006
:101698000F0F15D10DF107030DF11701102203F8F3
:1016A800012F9942FBD106A902A802ACFFF7D0FB93
:1016B8000FCC009E741970516160A260E360103510
:1016C800284633B0BDE8F08F0025E0E758760008DB
:1016D8004C7600082DE9F04FCDB00DF12C0C03909D
:1016E80062461BAE4B780D78CC7888781B0443EAA9
:1016F8000563234343EA002342F8043F964201F17D
:101708000401EFD13CAD0CAA966B134652F8040FB6
:101718005C6A1F684FEAF64383EA76434FEAB041B2
:1017280083EA96233C4481EAF011234481EAD001FC
:101738000B449542D363E7D1039BDFF8E8B0D9683F
:1017480058699A691D685F689E681C69DB6904931B
:10175800334B01934BAB0293DDF810900595069738
:101768000796089109940A900B928A4680469646F5
:101778005B460BE0B2463E462F461546019AF146B7
:10178800C646A0461C4652F8043F01924FEAF4218F
:101798002EEA040081EAB41104EA080281EA7461BD
:1017A80042405CF8040F0A4487EA060B4FEA753199
:1017B800024481EAB5010BEA050B07EA060081EA53
:1017C800B5518BEA0000084402994A441A4461451D
:1017D80002EB0A030244CDD1059911440A46069941
:1017E80029440D46079939440F46089931440E4655
:1017F800099919440A9B23441C460B9B43441846E9
:10180800049B73448C461946039BC3E90157C3E9FB
:10181800036CC3E905401A60D9614DB0BDE8F08F8B
:101828004C750008982F8A422DE9F0433D4E0F462B
:10183800804614460FCE99B06D460FC596E80F0046
:101848003F2F85E80F006BDDA7F1400626F03F0328
:1018580008F1400999444546294668464035FFF74E
:1018680039FFA945F8D126F03F054035A8447D1B2E
:101878002A46414608A803F07DFC18AB2B440135E5
:101888008022382D03F8402C42DD08ABC5F1400218
:101898005819002103F07CFC08A96846FFF71AFFD5
:1018A8003822002108A803F073FCFB17DE0046EA83
:1018B8005776F90000230DF15F07C3F1200521FADF
:1018C80003F2A3F1200006FA05F52A4326FA00F0F0
:1018D80008330243402B07F80129EED108A96846CE
:1018E800FFF7F8FE07AD2246ADF1040151F8043FB9
:1018F800D3701C0E180C8D424FEA132314705070CD
:10190800937002F10402F1D1202019B0BDE8F083F0
:1019180008ABC5F138025819002103F039FCC4E7B7
:101928003D46A5E72C75000830B404680D682C44C2
:1019380004601D686C404FEA34441C6015682C44F0
:1019480014600D686C404FEA34540C6005682C44F0
:101958000460186860404FEA3060186013680344F8
:1019680013600A6853404FEA736330BC0B607047DA
:1019780070B50D1F90B004462A466B4610A852F861
:10198800041F43F8041B8342F9D10A260CAB08AAAA
:1019980004A96846FFF7C8FF0DAB09AA05A901A865
:1019A800FFF7C2FF0EAB0AAA06A902A8FFF7BCFF01
:1019B8000FAB0BAA07A903A8FFF7B6FF0FAB0AAA3C
:1019C80005A96846FFF7B0FF0CAB0BAA06A901A84A
:1019D800FFF7AAFF0DAB08AA07A902A8FFF7A4FF03
:1019E8000EAB09AA04A903A8FFF79EFF013ECDD1BB
:1019F800201FADF104020FAC52F8043F55F8041F44
:101A0800A2420B4440F8043FF6D110B070BD00BFAD
:101A18002DE9F047A0B01D6804955D6805959D689F
:101A28000695DD6807951D69289C08955D690995E7
:101A38009D69DB6926680A950B93A5686368264C3F
:101A4800009404F11A64254F0E9304F10F14244BEB
:101A5800019304F56D440123B1F10008CDE9027446
:101A68000D960F950C9332DD82461646002769467F
:101A780010A8FFF77DFFA8EB070CBCF1400F06EBA1
:101A88000704A8BF4FF0400C7A1E0CEB0400214657
:101A98005244631A23F0030E20ADAE4403F003034F
:101AA8005EF8405C12F8019FDB0025FA03F383EA35
:101AB800090304F8013BA042EBD10C9B67440133B6
:101AC800B8450C93D3DC384620B0BDE8F087002732
:101AD800384620B0BDE8F08765787061322D6279AC
:101AE8006E642033002917DD70B4441E0C48661854
:101AF8004FF0FF3314F8015F08216B40DD074CBF3E
:101B080080EA53035B080139F8D1B442F2D1DB43D0
:101B1800002070BC136070470023136000207047DA
:101B28002083B8ED000000002DE9F04F2DED0C8B5F
:101B380091B00A910F92002800F0BF81002A00F0AE
:101B4800BC8101F1FF3EBEF5006F0B4680F0B58108
:101B58001EEA01040E9440F0B081012900F0AB8127
:101B68005B10012B04F10104FAD1DFF88083DFF860
:101B780078938644471EC0F1010C4FF0000BC24613
:101B88000120661E0CEB0705002C00F09181002354
:101B9800194600FA03F22A4203D0F21A00FA02F2B6
:101BA800114301339C42F4D1CF4B03EB810308EB83
:101BB800810117F8012FC1F800B007EE902AF8EE5E
:101BC800677ABE45C3ED007ADCD1002C00F028818D
:101BD80001239FEDBD7BBEA7D7E90067B0EE47DACA
:101BE800F0EE67DA0C93E3180D930C9A012101FAD1
:101BF80002F3079303EBD3730B4104939B000B93FE
:101C0800042393400993B84B069307F10041B74B5F
:101C180005930CEE106A00230CEE901A0893079BAC
:101C2800012B40F3C4809FEDAC7B0B9B069A059D6E
:101C3800991800245BEC17AB4FF000084FF000092F
:101C480000915F1916460394009C206803F00CFC71
:101C580002460B46386843EC1A2B03F005FC524643
:101C680041EC180B5B4651EC1A0BB0EE489AF0EEBB
:101C7800689A03F051FC424641EC1B0B4B4651EC71
:101C8800180B03F049FC02460B4651EC1B0B03F002
:101C98008BFA524641EC180B5B4651EC190B03F0DA
:101CA8003BFC41EC170B42464B4651EC1A0BB0EE8D
:101CB800479AF0EE679A03F02FFC02460B4651EC68
:101CC800190B03F073FA02460B46306843EC1A2BE3
:101CD80003F0CAFB02460B46286843EC1B2B03F0B3
:101CE800C3FB41EC170B53EC1B2BB0EE479AF0EEFD
:101CF800679A51EC180B03F059FA03F005FF53ECFF
:101D0800192B46F8040B51EC1A0B03F04FFA03F0A9
:101D1800FBFE844653EC182B45F804CB51EC1B0B07
:101D280003F042FA03F0F0FE844644F804CB53EC87
:101D38001A2B51EC190B009403F036FA03F0E4FE69
:101D480053EC1D2B47F8040B5946504603F0E4FBAF
:101D580042464B4641EC1A0B51EC1C0B03F0DCFBE2
:101D680002460B4651EC1A0B03F01EFA41EC170B16
:101D780053EC1D2B40464946D046D9465BEC17AB81
:101D880003F0CAFB42464B468046894651EC1C0B81
:101D980003F0C2FB42464B4603F008FA039A049B41
:101DA80001329A42039280468946FFF64DAFDDE93B
:101DB8000723069913440846099A0599089310447D
:101DC80011440A9A06909A4205913FF728AF0C9B56
:101DD8000D9901338B420C9322D0012202FA03F0B1
:101DE80003F030FB02460B463DA1D1E9000103F0A8
:101DF800BDFC41EC100B41EC180B00F0D9FFB0EE24
:101E0800407AF0EE607AB0EE480AF0EE680A57ECD5
:101E1800176B00F079FFB0EE40DAF0EE60DAE4E636
:101E28000A9B314EDFF8C4800F9F06EB8309CDF87B
:101E38000C90994656F8040B03F016FB02460B4625
:101E480058F8040BCDE9002303F00EFBDDE900236D
:101E580082468B461046194603F05EFB52460446FE
:101E68000D465B465046594603F056FB02460B4664
:101E78002046294603F09AF941EC100B01F038F896
:101E8800484655EC104B03F0DDFA0B46024629464E
:101E9800204603F06BFC03F037FE039B47F8040B66
:101EA8009E42C7D10E9811B0BDEC0C8BBDE8F08FE7
:101EB80051464B467DE60E9C57E64FF0FF330E9396
:101EC800F0E700BFAFF30080000000000000F0BFA3
:101ED800075C143326A6A13C000000000000F03F78
:101EE800182D4454FB211940783400207814002020
:101EF8002DE9F047DDF82090D8B3D2B3CBB3002951
:101F08002FDD09F1FF3C9C44C9F100079E464FF0C4
:101F18000008B9F1000FD8BF002527DD44464FF06F
:101F2800000A002CC4F1000504DB1EF80560055DFD
:101F380006FB05AA013CBC42F3D15C1E002514F83F
:101F4800016F64453544FAD175B1BAFBF5F502F86D
:101F5800085008F10108414507F101070EF1010E8B
:101F6800D7D10020BDE8F0875FFA8AF502F808505B
:101F7800EFE74FF0FF30F5E72DE9F04F2DED048B3B
:101F880089B0CDE9060305910192002800F0DC80B4
:101F9800002A00F0D980002B00F0D680179A002A7A
:101FA80000F0D280169A002A9FED697B40F3C78023
:101FB800551E57EC176B1D445C1E14F8010F03F0F7
:101FC80041FA02460B463046394603F0EFF8AC4278
:101FD80006460F46F1D147EC196B059B002B40F3E1
:101FE8009980189B5B420393169BC3F1000B002357
:101FF8000293169B002B4FF000044FF000051BDDE9
:10200800029A079BDDF8188016469F18002EC6F125
:1020180000030EDBF85C18F8063000FB03F003F051
:1020280011FA02460B462046294603F0BFF804463B
:102038000D46013E5E45E9D1189B012B4FF0000685
:102048004FF0000730DD029B179ACDF810B003F16E
:10205800FF3ADDF80CB0D31845EC184B1D46BAF121
:10206800000FCAF1000317DBE85C03F0DBF9019B02
:10207800804613F80A00894603F0E4F902460B4645
:102088004046494603F048FA02460B463046394670
:1020980003F08CF806460F460AF1FF3ADA45DED11E
:1020A80055EC184BDDF810B059EC198B00220023C1
:1020B80019EE100A494603F0BFFC22462B4688B3A6
:1020C8003046394603F072F819EE102A4B4603F0F1
:1020D8004DFB04460D4620A3D3E90023204629469C
:1020E80003F0AAFC0646D8B9002200232046294658
:1020F80003F084FCE8B1019B039A19460132029B64
:102108000392059ACE5401339A4202930BF1010BC4
:102118007FF46FAF002009B0BDEC048BBDE8F08FF1
:10212800FF26E8E73046394603F040F804460D46F6
:10213800D1E72046294603F0C7FCC6B2DBE7B0EE7C
:10214800479AF0EE679A48E74FF0FF30E3E700BFA1
:1021580000000000000000000000000000E06F40E8
:10216800002874D02DE9F04F2DED048B174683B06D
:10217800002A69D00029884666DD07EE901AB8EE75
:10218800E78A814678EE087A17EE900A03F06CF930
:1021980002460B4633A1D1E9000103F0E7FA03F048
:1021A800B3FCF7EE007A87EE880A08EE900AB5EEDF
:1021B800400AF1EE10FAB1EEC09A4ED4F0EE007A71
:1021C80087EE880AB5EE400AF1EE10FAF1EEC09AF1
:1021D80040D409F1FF3308F1FF354D4401934FEA2C
:1021E80088090026DDF804B0B24674009FED1C8A09
:1021F800BAFBF9F309FB13A300EE103AB8EE400A54
:10220800A24420EE280A00F02BFE1BF8013F07EE3F
:10221800903AF8EE677A5D4527EE800A38EE008A34
:10222800E6D1002E14BFF0EE697AF0EE497A27EE77
:10223800888A0136B045A7EC018AD3D1002003B0C3
:10224800BDEC048BBDE8F08F4FF0FF30F7E74FF09F
:10225800FF30704700F0AAFEBBE700F0A7FEADE72D
:1022680000000000182D4454FB2109402DE9F04FCF
:10227800834B1D68B5F5847FADF52F7D06D3814B63
:10228800814ED3F800807368984504D000200DF57E
:102298002F7DBDE8F08FB468E31DDB0803F5847378
:1022A8009D42F3D1B4EB481FF0D80BAF8422002134
:1022B800384602F06DFF842200212CA802F068FF46
:1022C8004DA88422002102F063FF06F10B0E704630
:1022D80006F20B134FF0000C09E032B157F8221048
:1022E800013147F822100CF1010C984204D010F883
:1022F800012F202AF1D9C9E7B8F1000F00F0B48006
:10230800BCF1000FC2D0002100208B46CDE90001AE
:10231800CDE907582CA94FF0000C03914DA9029163
:102328000122614606970DF5DC790994DC46009C8C
:102338000019019C4CEB04040494069C00180090BE
:1023480054F8040F0694049C4FF0010C6441A2F168
:102358002008C2F120052CFA05F50CFA08FB0194B7
:102368004BEA050BDDE90045241845F100050CFA98
:1023780002FAAB4508BFA2454FF0000C86D3039C78
:102388002546009C45F8044F029C039544F8041F19
:102398000294744614F8015F954205D1651EA5EBB9
:1023A8000E0509F8015001319C42F3D10132212A6E
:1023B800BDD1099CDDE90758002C52D096F80C11C4
:1023C8000023C9119C4601220BE099F80C01013247
:1023D80040FA0EF000F00100212A40EA41013FF4E2
:1023E80055AF013357F822006FEA030E06EBD30905
:1023F8000EF0070E10B30DF1B00A5AF822A08A4564
:10240800A1EB0A0B1AD858450CF1010016D9E04582
:102418007FF63CAF0DF59A7B5BF822B01B4A594416
:10242800A1EB0A0A6EA912F80CC011F80A1061454E
:102438004FF000027FF42AAF84461146A342C4D16C
:1024480013F007030BD03544C3F10803E8784FF0C5
:10245800FF3101FA03F330EA03037FF417AFE045D5
:1024680008D00022104612E75CEA04030CBF0120E2
:1024780000200CE7B2FA82F25209104607E700BFC3
:10248800A09D0020989D00207C5400209895002055
:102498002DE9F84F2D4A2E4B12681B68934230D114
:1024A80032B32C4E2C4DDFF8BCC031460024022735
:1024B80050B30B78002C45D095F8008011F801EC4A
:1024C8004344012C17FB0E333CD011F802EC15F8ED
:1024D800018CC6447344B3F5806F39BFC3F38703D7
:1024E80001310131FF230134A24205F8013FDFD158
:1024F8001A491B4802F030FEB0FA80F04009BDE8E6
:10250800F88F0020BDE8F88F0131DFF85C808E4637
:1025180008F1100B1EF8019D4FF0010A0346C34550
:102528000AFB093309D0B64507D058F804AB1EF8A2
:10253800019DC3450AFB0933F5D1ACFB03E3C3F3A3
:102548004703D0E79B080131CDE700BF989D0020E5
:10255800A09D0020989500208B6D002080540020BD
:102568008C6D0020398EE33858AA00082DE9F04117
:10257800DFF828C13F4DDFF828E13F4E471E002312
:102588000B2F2B608EF80030CCF80030336024D845
:10259800B2F5006F904620D8044600295DD009287E
:1025A80016D00C281CD0EAB93449354A354B0B6093
:1025B80042F2040641F60C108B5113501360324A54
:1025C80000231370314A2C6013700120BDE8F0819C
:1025D800002A47D0501E104204D01846BDE8F081AA
:1025E800002A3FD02A48424602F0C4FD42F20407BE
:1025F80022482349C6F8008041F60C16214BC351E6
:10260800B8F5006F8B5103600B60D8D12049214B7E
:1026180001F500670A4601E0BA4229D083EA43334C
:1026280083EA534312F8016B83EA4313D8B2864214
:10263800F2D00022144B184E1A708020002303E0B9
:10264800B3F5006F12D0B05C11F8012B0133824250
:1026580003F07F02F4D00023B4E72AB9092801D097
:102668000C28A1D14046B9E70846B7E70123A9E7F6
:102678000122DFE778540020989D00208C75002007
:102688007C540020216DA783949500209595002007
:10269800989500204D3C2B1AB4A70008A09D002057
:1026A8009C9D00202DE9F043714B724E1A6800235F
:1026B800824289B0337006D1044620B16E4F6F490B
:1026C8003A688A4203D0002009B0BDE8F08341F699
:1026D8000C1179589142F6D1DFF8D091D9F8002041
:1026E8008A42F0D142F2040159F801109142EAD12C
:1026F800DFF8BC81421EC8F8003013460B2BE2D825
:10270800DFE803F0AFA89C958D867C6D6452320695
:102718005B4D5C4A29685C48FFF722FD0028D2D14E
:10272800286880000028CEDB544A3B689342CAD10F
:1027380041F60C12BA589A42C5D1D9F800309342E2
:10274800C1D142F2040259F802209A42BBD1092CA5
:10275800C8F8000005D00C2C03D041F608139842A5
:10276800B1DC01203070AFE7484B494A1B68444D43
:10277800ADF814301B0CD2F800C08DF816300323C6
:1027880029680293009306AB01934FEA1C4E414A15
:102798003D48ADF818C005AB8DF81AE0FFF7ECFB23
:1027A800002890D12868BDE73B4B354D394A93E85E
:1027B80003000523009306908DF81C103248296801
:1027C80006ABFFF795FB0028ECD07CE72C4D2D4A93
:1027D80029682D48FFF7A8F90028A1D073E7284BEE
:1027E80029481968002506AA0695FFF77BF90028ED
:1027F8007FF469AF069B7B60042095E7204A274B4E
:10280800116821480093234A254BFFF701F989E70E
:102818001B4B204A19681C48FFF706F882E7184A3C
:10282800204B116818481B4AFEF790FE7AE7144BB4
:10283800184A19681448FEF7E3FC73E7104B1A4A64
:10284800196811487960FEF771FC0028FFF63BAF64
:10285800043069E70A4B0F4A19680B48FEF74EFC2B
:1028680060E7074B0B4A19680748FEF7FDFB59E775
:10287800785400209C9D00207C540020216DA78363
:10288800989D0020907500209895002058770008A2
:102898005C7700088054002060770008987700086B
:1028A8007877000868770008845400208C75002029
:1028B800A09D00202DE9F84FC34B1B68834207D128
:1028C800C24B1A7822B1C24CC24923688B4203D04A
:1028D80000221046BDE8F88F41F60C116158994264
:1028E800F6D1BD4D2B688B42F2D142F204016958F2
:1028F8009942EDD1431E0B2BEAD8DFE813F0E40030
:10290800C90090008C002A0118017900680016009F
:1029180011000C001600BDE8F84F0120FFF7B8BD04
:10292800BDE8F84F0020FFF7B3BDAC4B1A78002A7A
:10293800CED0AB49AB4B0D681B68B3EB850FC7D145
:10294800002DC6D0A849DFEDA94ADFEDA93AA94E66
:102958009FEDA95AA94F9FEDAA4ADFEDAA5A002375
:1029680026E01C0913F00F0F06EB840440F02681C3
:10297800D4ED006AB0EEE67A27EE057A37EE247ACF
:10298800D1ED007AB0EEE76AB4EE656AF1EE10FABE
:1029980003F1010301F104019AD877EEE67AF0EE2B
:1029A800E77AF4EEC77AF1EE10FA91DC9D4290D006
:1029B8000C28D6D107EB8304D4ED006AD1ED007A58
:1029C800B0EEE67A27EE057A37EE047ADAE78E4B30
:1029D8001A78002A3FF47DAF824B1B68042B7FF4E2
:1029E80077AF6268894BD21AB2FA82F2520970E75D
:1029F800854B1A78002A3FF46CAF7A4B1A68B2F507
:102A0800006F7FF465AF8249824802F0A5FBB0FAF7
:102A180080F252095DE7BDE8F84FFFF727BC714B1C
:102A2800D3F800B0BBF1030F7FF652AF6C4A63686E
:102A3800126893427FF44CAF4FF0040EABEB0E09D3
:102A480029F00109DFF8E4A10026F14404EB0E0C9B
:102A5800B24240F2ED80CE453FF43AAF9CF80570A3
:102A68000EF10208002F40F08780C3457FF630AF93
:102A78000EF1030EA044ABEB0E0998F804300AF8E7
:102A8800063029F001090136F14404EB0E0CDFE7AA
:102A9800534B54491B680E689E427FF419AF002EB1
:102AA8003FF417AF5C485D4C0644002302E0B04297
:102AB8003FF40FAF14F8015F10F8011B2B44DBB291
:102AC8009942F4D004E7474B1F6817F0010E7FF4D2
:102AD800FFAEDFF80CA1002F00F0B580DFF8F0C0E2
:102AE800DAF80080DFF8309174469CF80450002D25
:102AF8003FF4EEAEA8EB04039D423FF6E9AE621E3A
:102B08009CF805604A44234612F8011F0133B1427C
:102B1800A4EB03007FF4DCAEE842F5D10EF1020E1F
:102B280077450CF1020C40F28F801C46DDE7364BEE
:102B38001A78002A3FF4CDAE2A4B1A68202A7FF46F
:102B4800C7AE3749334802F007FBB0FA80F25209A2
:102B5800BFE62D4B1A78002A3FF4BBAE214B1A680A
:102B6800B2F5016F7FF4B4AE2E492A4802F0F4FAA8
:102B7800B0FA80F25209ACE69CF80430002B3FF41E
:102B8800A7AEB3423FF6A4AE911B8F423FF6A0AE6C
:102B98002548F11A0139731E8519514453443D449F
:102BA80011F8010F03F8010F9D42F9D13E44B242DA
:102BB8000CF1020C3FF659AFC64649E7B0EE647A0D
:102BC800F0EE636ADCE600BF785400209C9D00208C
:102BD8007C540020216DA7838C75002095950020DA
:102BE800989D0020A09D00209075002017B7D1382F
:102BF8000000000034A80008ACC5A737B487000857
:102C08000AD7233CFFFF7F7F94950020339A3E9D8F
:102C1800B47F000880540020989500207F5400203D
:102C280034AA0008A47700088B6D00208C6D002062
:102C3800F3457FF44DAE0749074802F08DFAB0FA24
:102C480080F2520945E63B46DAF80020D31A5A4288
:102C58005A413EE6989500208C6D0020224B1A6858
:102C6800824207D1214B187830B1214B214819688D
:102C7800814202D000207047704741F60C10185866
:102C88008842F7D130B41C4C2168814202D0002020
:102C980030BC704742F2040020588842F7D1092A14
:102CA8001FD0043404330C2A18BF1C46134B186871
:102CB8000028EDD0431E1248E518013C4FF0FF33C1
:102CC80014F8011F08224B405908DB074CBF81EA62
:102CD80000030B46013AF7D1AC42F1D1D84330BCDE
:102CE80070470434E2E700BF785400209C9D002020
:102CF8007C540020216DA7838C750020A09D0020A6
:102D08002083B8ED0000000000B551EC100B264AF6
:102D180021F00043934285B01EDD244A934209DD29
:102D280010EE102A0B4602F03FFA41EC100B05B0EA
:102D38005DF804FB684600F093F900F003000128F1
:102D480011D0022825D0E8B19DED021B9DED000BA6
:102D5800012001F035FBEAE79FED111B00F0C8FDEB
:102D680005B05DF804FB9DED021B9DED000B01F025
:102D780027FB53EC102B03F1004300EE903A05B00B
:102D88005DF804FB9DED021B9DED000B00F0B0FD0E
:102D9800CDE79DED021B9DED000B00F0A9FDE8E7D6
:102DA8000000000000000000FB21E93FFFFFEF7F6B
:102DB80000B551EC100B284A21F00043934285B02E
:102DC80025DD264A934209DD10EE102A0B4602F053
:102DD800EBF941EC100B05B05DF804FB684600F018
:102DE8003FF900F00300012819D0022826D0E8B1E5
:102DF8009DED021B9DED000B00F07AFD53EC102BAE
:102E080003F1004300EE903A05B05DF804FB9FED36
:102E1800101B002001F0D4FA05B05DF804FB9DED0D
:102E2800021B9DED000B00F063FDD4E79DED021B36
:102E38009DED000B012001F0C3FACCE79DED021BCC
:102E48009DED000B012001F0BBFAD7E7AFF300803E
:102E58000000000000000000FB21E93FFFFFEF7FBA
:102E680000B510EE103A204A23F00043934283B095
:102E780019DDB3F1FF4F04DB30EE400A03B05DF813
:102E880004FB684600F0E6FB00F00300012811D0BF
:102E980002281FD0B8B1DDED010A9DED000A01201E
:102EA80001F004FFEAE7DFED110A01F047FB03B088
:102EB8005DF804FBDDED010A9DED000A01F0F6FE68
:102EC800B1EE400ADAE7DDED010A9DED000A01F0F6
:102ED80035FBD3E7DDED010A9DED000A01F02EFB7D
:102EE800B1EE400ACAE700BFD80F493F0000000012
:102EF8002DE9F0432DED028B8BB055EC104B00F013
:102F0800E5FA284BB0EE408AF0EE608A93F900703B
:102F18007B1C12D022462B462046294602F096FDFD
:102F2800064650B94FF000084FF0000920462946E0
:102F380042464B4602F062FD40B9B0EE480AF0EE58
:102F4800680A0BB0BDEC028BBDE8F083164B0896FF
:102F58000122CDE90445CDE902450092019397B1DC
:102F680042464B464046494602F000FC022FCDE956
:102F780006010AD102F0C6F821230360089B63B951
:102F88009DED068BD9E7CDE90689684601F064FF17
:102F98000028EFD0089B002BF2D002F0B3F8089B72
:102FA8000360EDE70400002068AA000810B52DEDC5
:102FB800028B8AB0B0EE408A00F096FC254B93F95C
:102FC8000040631C09D0B4EE488AF1EE10FA04D62A
:102FD800B5EEC08AF1EE10FA03D40AB0BDEC028B4C
:102FE80010BD01231C4A009318EE100A0023019219
:102FF800089302F039FA0022CDE90401CDE9020173
:103008000023BCB11046194602F0B0FB022CCDE9F2
:10301800060111D102F076F821230360089B9BB9C1
:10302800DDE9060102F070FD00EE100A0AB0BDEC01
:10303800028B10BDCDE90623684601F00DFF00287C
:10304800E8D0089B002BEBD002F05CF8089B0360EB
:10305800E6E700BF0400002070AA00080000000096
:103068002DE9F04F53EC102B2DED048B924923F0F2
:1030780000458D4289B0044640F38F808F498D42C8
:103088009B462DDCBBF1000F194610EE100A80A3F9
:10309800D3E9002340F3C78102F086F8884B9D42AC
:1030A80006460F4600F091807BA3D3E9002302F087
:1030B8007BF802460B46C4E900233046394602F045
:1030C80073F875A3D3E9002302F06EF8C4E902018E
:1030D8004FF0010A504609B0BDEC048BBDE8F08FF3
:1030E80078498D4240F3948077498D4210EE100A5A
:1030F80061DC4FEA255AAAF2164AA5EB0A51164690
:103108000F4602F0B9FC02F09DF980468946304628
:10311800394642464B46CDE9028902F045F86B4BE9
:10312800002202F0F9F90F46064602F0A5FC054612
:1031380002F088F902460B4630463946CDE90423A9
:1031480002F032F8614B002202F0E6F902460B4623
:10315800CDE906230022002302F046FC002800F0F7
:103168006081002D0CBF01230223594A01920221DC
:103178005246009102A8214600F0FAFCBBF1000F6C
:103188008246A7DA6268E36802F1004203F100436D
:10319800C0F1000A6260E3609CE7002000214FF064
:1031A800000AC4E90201504684ED000B09B0BDECE9
:1031B800048BBDE8F08F194601F0F6FF4FF0000AC6
:1031C800C4E90201C4E9000184E735A3D3E9002377
:1031D80001F0EAFF34A3D3E9002306460F4601F0C5
:1031E800E3FF02460B46C4E900233046394601F0A6
:1031F800DBFF2DA3D3E9002301F0D6FF4FF0010A2E
:10320800C4E90201504609B0BDEC048BBDE8F08F5B
:1032180001F094FD57EC106B10EE100A24A3D3E9CB
:103228000023394602F078F92A4B002201F0BEFF4C
:1032380002F022FC824602F005F915A3D3E9002327
:103248008046894602F068F902460B463046394600
:1032580001F0AAFF10A3D3E9002306460F46404613
:10326800494602F059F9BAF11F0F49EC198B47EC9E
:10327800186B8046894631DC174B0AF1FF3253F848
:103288002230AB422AD002460B4630463946A4E0EB
:1032980000004054FB21F93F3163621A61B4D03D0C
:1032A8000000601A61B4D03D7370032E8A19A33BE5
:1032B80083C8C96D305FE43FFB21E93F7BD90240F9
:1032C800FB21F93FFB213941FFFFEF7F00007041EF
:1032D800F8AA00080000E03F78AA000842464B46DA
:1032E80051EC180B01F060FF0A46C2F30A53C3EB16
:1032F8001553102B0146064617464FEA255573DD30
:1033080069A3D3E9002351EC190B02F005F959EC34
:10331800188B06460F4632463B4618EE100A4946B9
:1033280001F042FF41EC180B404653EC182B49467C
:1033380001F03AFF32463B4601F036FF5CA3D3E981
:10334800002306460F4651EC190B02F0E5F8324609
:103358003B4601F029FF8046894642464B4651ECE0
:10336800180B01F021FF0A46C2F30A53ED1A312D5A
:1033780001460646174637DD50A3D3E9002351EC32
:10338800190B02F0C9F856EC185B8046894642468C
:103398004B4618EE100A314601F006FF41EC180BB7
:1033A800314653EC182B284601F0FEFE42464B46A8
:1033B80001F0FAFE43A3D3E9002306460F4651EC79
:1033C800190B02F0A9F832463B4601F0EDFE8046A3
:1033D800894651EC180B42464B4601F0E5FEC4E91C
:1033E800000106460F4601E0C4E9001232463B469A
:1033F80051EC180B01F0D8FE42464B4601F0D4FEC2
:10340800BBF1000FC4E90201BFF664AE07F1004545
:1034180001F10043C4E90065C4E90203CAF1000AE6
:1034280058E60323A1E601F0C1FE234B9D42064660
:103438000F4616D01AA3D3E9002301F0B7FE0246BF
:103448000B46C4E900233046394601F0ADFE14A30B
:10345800D3E9002301F0AAFE4FF0FF3AC4E90201C4
:1034680038E611A3D3E9002301F0A0FE10A3D3E9A5
:10347800002306460F4601F099FE02460B46C4E9B2
:1034880000233046394601F08FFE09A3D3E9002313
:1034980001F08CFE4FF0FF3AC4E902011AE600BFC2
:1034A8003163621A61B4D03D0000601A61B4D03D46
:1034B8007370032E8A19A33BFB21F93F0000002EED
:1034C8008A19A33BC14920259A837B392DE9F0410C
:1034D8005F4A57EC106BBA4300F09880002F10EE4B
:1034E800104A3B464EDD39155BD0C3F31303CA07B8
:1034F80043F48013A1F2FF3E03D45B0003EBD473C3
:103508006400E20F4FF0000C02EB43034FEA6E0E2B
:103518006400664616254FF40012B118994202DC81
:103528005B1A8E1894445B00013D03EBD4734FEA99
:1035380052024FEA4404F0D12F4620204FF00042B7
:1035480009E03ED0E10F01384FEA520201EB430394
:103558004FEA44043ED0B34202EB0501F1DD0029F5
:1035680001EB020509DBB0469B1BA14288BF03F1B2
:10357800FF33641A17444646E4E7002DF3DB06F1EF
:103588000108F1E727F00042324336D0002F4DD131
:103598003946E20A153964051346002AF9D0D702DC
:1035A80051D400205B00DE02054600F10100F9D588
:1035B8001A4623468440C0F12000C3401343491BE8
:1035C80093E7A142BED8002901EB0205D5DB984656
:1035D8000023CEE7234312D178084FEA6C0101F1AA
:1035E8007F511CF0010F01F5001118BF40F0004099
:1035F80001EB0E53024643EC102BBDE8F0817B1C17
:1036080016BF781C0CF1010C4008E6E710EE102AF2
:1036180010EE100A3B46394601F07EFF32463B4623
:1036280001F0C4FD41EC100BBDE8F08110EE102A4A
:103638003046394601F0B8FD02460B4602F096F8CE
:1036480041EC100BD9E7234620204FF0FF35B4E7B3
:103658000000F07F70B510EE103A954A23F0004450
:10366800944286B0054668DD924A944210EE106A8C
:103678001ADC002BDFED907A904A24F00F0440F317
:10368800F180944270EE677A66D09FED8D7A77EE7E
:10369800C76A012077EEE67AC5ED006A77EEC77A49
:1036A800C5ED017A06B070BD864A944267DDB4F173
:1036B800FF4F49DAE215863AA4EBC25307EE903A77
:1036C800BDEEE77ADFED806AB8EEC77A77EEC77AA3
:1036D8008DED037A67EEA67ABDEEE77AB8EEC77A83
:1036E80077EEC77A8DED047A67EEA67AF5EE407A22
:1036F800F1EE10FACDED057A40F0A380B5EE407AF0
:10370800F1EE10FA14BF022301237049019102213E
:10371800009103A8294600F093FF002EC2DA95ED28
:10372800007AD5ED017AB1EE477AF1EE677A404238
:1037380085ED007AC5ED017AB4E7002285ED000A2F
:103748004260002006B070BD70EE407A0020C5EDE2
:10375800017AC5ED007AA5E7DFED5D6A9FED5D7A38
:1037680077EEE67A012077EEC76A77EEE67AC5ED5E
:10377800006A77EEC77AC5ED017A06B070BD01F030
:1037880001FCDFED556A9FED4C6A9FED4D7AF6EE30
:10379800007AE0EE267AFDEEE77A17EE900AF8EE68
:1037A800E76A1F28A6EEC60A66EE877AB1EE666A51
:1037B8001EDC4A4A411E24F0FF0352F8212093429E
:1037C80016D030EE677A85ED007A30EE470A002E83
:1037D80030EE670A85ED010ABFF664AFB1EE477AAD
:1037E800B1EE400A85ED007A85ED010A404259E7BD
:1037F80030EE677AE21517EE103AC3F3C753C3EBFE
:10380800D454082CDFDDDFED327A9FED327AF0EE0A
:10381800405AE6EE275A30EE650AA6EE270AF0EE81
:10382800407AD6EE877A35EEE77A17EE103AC3F388
:10383800C753D21A192A06DC85ED007AB0EE650A5C
:10384800C3E7032361E79FED267A9FED265AB0EE82
:10385800650AA6EE070A75EEC07AE6EE077AD6EE96
:10386800857AAEE7944270EE277A0ED09FED147AEF
:1038780077EE876A4FF0FF3077EEE67AC5ED006A9B
:1038880077EE877AC5ED017A0CE7DFED116A9FEDD7
:10389800117A77EEA67A4FF0FF3077EE876A77EEE7
:1038A800E67AC5ED006A77EE877AC5ED017AF9E622
:1038B800D80F493FE3CB1640800FC93FD00FC93F0F
:1038C80043443537800F49430000804380AC0008EB
:1038D8000044353708A3852E84F9223F00AC000840
:1038E80000A3852E32318D24B1EEC00A704700BF87
:1038F8002DE9F84F57EC106B27F00049B9F1795FC3
:103908002DED048B5BEC11AB71DA10EE100A394621
:1039180002F0B2F8002800F0F68032463B46304606
:10392800394601F0F9FD7CA3D3E9002304460D468E
:1039380001F0F2FD7AA3D3E9002301F037FC224617
:103948002B4601F0E9FD78A3D3E9002301F02CFC14
:1039580022462B4601F0E0FD75A3D3E9002301F0D0
:1039680025FC22462B4601F0D7FD73A3D3E900239B
:1039780001F01AFC22462B4601F0CEFD70A3D3E9D4
:10398800002301F013FC22462B4601F0C5FD41EC53
:10399800180B714B00222046294601F0BDFD53EC5F
:1039A800182B804689462046294601F0B5FD524627
:1039B8005B4604460D463046394601F0ADFD0246E9
:1039C8000B462046294601F0EFFB02460B464046CF
:1039D800494601F0E9FB02460B4600205F4901F029
:1039E800E3FBBDEC048B41EC100BBDE8F88F10EE47
:1039F800102A10EE100A3B46394601F08DFD46A309
:103A0800D3E9002304460D4601F086FD44A3D3E91B
:103A1800002301F0CBFB22462B4601F07DFD42A39B
:103A2800D3E9002301F0C0FB22462B4601F074FDC8
:103A38003FA3D3E9002301F0B9FB22462B4601F04E
:103A48006BFD3DA3D3E9002301F0AEFB22462B46D4
:103A580001F062FD3AA3D3E9002301F0A7FB2B464E
:103A6800224601F059FD3E4B994541EC180B90DD7B
:103A78003C4B99453CDC0022A9F50013374900204E
:103A88009046994601F090FB41EC190B324B00220D
:103A98002046294601F040FD42464B4601F084FB92
:103AA80053EC182B804689462046294601F034FD00
:103AB80052465B4604460D463046394601F02CFD19
:103AC80002460B462046294601F06EFB02460B468D
:103AD8004046494601F068FB02460B4651EC190B7B
:103AE80001F062FBBDEC048B41EC100BBDE8F88FD4
:103AF8009FED157BDFF87090B0EE479AF0EE679A6D
:103B08004FF00008C2E7BDEC048B9FED110BBDE838
:103B1800F88F00BFAFF30080D43888BEE9FAA8BD9B
:103B2800C4B1B4BD9EEE213EAD529C804F7E923E04
:103B38009015CB19A001FA3E7751C1166CC1563FBA
:103B48004C5555555555A53F000000000000E73F6E
:103B5800000000000000F03F0000E03F0000F03FE0
:103B68003233D33F0000E93F0000D23F000000009D
:103B78002DE9F04FADF5197DBB4CA29D089354F883
:103B880025400594013B12F1140F04900B91039307
:103B9800C0F22683B549D31E81FB0301DB17C3EBB3
:103BA800A10307930133A3EB8303DB00D318069328
:103BB800079A039BD41A059AD6181AD40136A39FDC
:103BC8004FF000084FF00009264420AD08E057F8F0
:103BD800240001F037FC0134B442E5E8020108D0C2
:103BE800002CF4DA013440464946B442E5E80201C3
:103BF800F6D1059B002BC0F2C883089BDDF80C901A
:103C0800DA000292059A1A440192049A20A901EB5B
:103C1800C30A0DF5E07B02EBC308039B002B4FF0B2
:103C280000044FF0000511DB049E574677E9022394
:103C3800F6E8020101F070FC02460B4620462946D0
:103C480001F0B4FA464504460D46EFD1019B09F14F
:103C580001099945EBE802450AF1080ADDD1059A00
:103C680004980CA901EB820302990144083B8B4696
:103C78000BA90993134601EB82020A920193019A58
:103C880098A901EBC203002A53E928452ADD0DF55E
:103C9800E07909EBC2080DF1300A754B0022204685
:103CA800294601F039FC01F0E7FE01F0CBFB714B2E
:103CB800002206460F4601F02FFC02460B4620461E
:103CC800294601F071FA01F0D7FE044678E902238B
:103CD8004AF8044B3046394601F068FAC8450446AC
:103CE8000D46DAD1DDF8189045EC104B484601F046
:103CF800B7F855EC104B00224FF07F5310EE100A26
:103D0800294601F009FC41EC100B01F021F85A4B4F
:103D180051EC100B002201F0FFFB02460B46204637
:103D2800294601F041FA0D46044601F0A5FE8046F9
:103D380001F088FB0B4602462946204601F034FA7A
:103D48004B46002B06460F4640F39880019A0CA973
:103D5800013AC9F1180351F8225045FA03F101FA62
:103D680003F3EB1AC9F117050CA843FA05F5002D62
:103D780040F82230884400F38B800022002330462C
:103D8800394601F031FE002800F05682019B059A61
:103D980003F1FF3A524510DC03F180430CAA013BC2
:103DA8000A9802EB8303002253F80419834242EA7B
:103DB8000102F9D1002A40F0DC80059B0CAA013BE6
:103DC80052F82330002B40F0CF80099A012352F893
:103DD800041901330029FAD001994A1CCB1802931F
:103DE8009146079B089902EB030A019B0B449846EE
:103DF80020AB0AF1804A03EBC808A39B0AF1FF3AFB
:103E080003EB8A0A70AB03EBC20301935AF8040F61
:103E180001F018FB0B46039902460029C8E9002364
:103E280047464FF0000408F108084FF0000511DB81
:103E3800049E01E077E90223F6E8020101F06CFB39
:103E480002460B462046294601F0B0F95E45044675
:103E58000D46EFD1019BE3E802450193029B09F16E
:103E680001099945D2DD09E7D8AF0008ABAAAA2A0B
:103E78000000703E00007041000020406BD1019BA3
:103E88000CAA013B52F82350ED15002D7FF775AFB2
:103E9800019B002B08F1010840F3CC810C9C002CFD
:103EA80051D1019B012B20D00CAB012253F8044FB8
:103EB800002C4BD0531C0CA9C4F1807441F822404B
:103EC8000199994210DD0CAA0CA852F8232000EBA6
:103ED800830300EB81006FF07F4100E01A688A1AC3
:103EE80043F8042B8342F9D10124069B002B0EDDF5
:103EF800012B00F06A81022B09D1019B5A1E0CABE1
:103F08000CA953F82230C3F3150341F82230022DCF
:103F18007FF433AF32463B46B949002001F044F9FB
:103F280006460F46002C3FF428AF06989FEDB00BCD
:103F380000F096FF3046394653EC102B01F034F967
:103F480006460F4619E701230022B4E7019901321A
:103F58008A42ABD1C9E7AB4B002201F063FD0028D0
:103F680040F05681054608E7019B5A1C914602928B
:103F780037E70CAB069A53F82A30CDF81C80183A6C
:103F88000395069273B9019B03F18043023B0CA988
:103F980001EB830353F804190AF1FF3A183A002990
:103FA800F8D006929FED920B069800F059FFBAF1EF
:103FB800000F55EC104BC0F2DE8170AB03EBCA0B5F
:103FC8000CAA0AF10103069302EB83084FEACA031D
:103FD8000BF10809049358F8040D01F033FA22464E
:103FE8002B4601F099FA06460F46874B204629468C
:103FF80069E90267002201F08FFA0CAB9845044684
:104008000D46E8D148ABCDE9013ADDF814A0BAF184
:10401800000F4FF000092CDB77A3D3E90023DFF86A
:10402800EC815F4600240025002603E0B14510DB43
:10403800F8E80223F7E8020101F06EFA02460B469F
:104048002046294601F0B2F80136B24504460D462D
:10405800ECDA019B029A03EBC9034A45C3E9004520
:10406800ABF1080B09F1010306D0BAF1000F99462C
:10407800D2DA00240025ECE7A29BDDF808A0022B89
:104088001EDC002B00F30F8113D1049C019D083422
:10409800002000212C4474E9022301F087F8A5428E
:1040A800F9D1039B13B101F1004319460B9BC3E9F6
:1040B8000001079B03F007000DF5197DBDE8F08F9F
:1040C800A29B032BF5D1BAF1000F00F07081019A81
:1040D800049BD318D3E9004502EBCA0B7BE90267BE
:1040E8002046294632463B4601F060F8A046A946DC
:1040F80004460D4622462B463046394601F054F810
:104108004B46424601F052F8019B5B45CBE900451E
:10411800CBE90201E2D1BAF1010F40F34881019ADB
:10412800049B0AF1005A0AF1FF3A13444FEACA0104
:10413800D3E9004501F1080A029192440DF5947BF8
:104148007AE902672046294632463B4601F02EF8B6
:10415800A046A94604460D4622462B463046394617
:1041680001F022F842464B4601F020F8D345CAE94F
:104178000045CAE90201E3D1029C019B0026002701
:1041880010341C4403F110053046394674E9022303
:1041980001F00CF8A542F9D106460F46039B002B07
:1041A80040F0BF80019A0B99D2E90045D2E9022379
:1041B800C1E90223079B03F00700C1E90467C1E9CD
:1041C80000450DF5197DBDE8F08F019B5A1E0CAB1B
:1041D8000CA953F82230C3F3160341F8223096E6AF
:1041E80000216FF017030791E0E400BFAFF30080F0
:1041F800000000000000F03F00000040FB21F93FF4
:104208000000F03F0000E03F0000703EA0AF000853
:10421800019B002B08F10108C8BF02253FF73EAEFD
:1042280032463B466349002000F0BEFF02250646A1
:104238000F46A2E5002458E6069B0395584247EC32
:10424800106BCDF81C8000F00BFE55EC104B5A4B50
:1042580010EE100A0022294601F0E4FB002856D08F
:10426800564B00222046294601F056F901F004FC7D
:10427800064601F0E7F8504B002201F04DF90B46D5
:1042880002462946204600F08FFF01F0F5FB069B09
:10429800019C183304F1010A06930CAB43F824007F
:1042A80043F82A607EE6019D069A002005EBC204C9
:1042B800002174E9022300F079FFA542F9D1039B9C
:1042C800002B48D10B9BC3E900010B46019902461C
:1042D800D1E9000100F068FFBAF1000F0DDD4AAD29
:1042E8000124F5E80223013400F060FFA245F8DA62
:1042F800039B13B101F1004319460B9BC3E902016B
:10430800079B03F007000DF5197DBDE8F08F2046E7
:10431800294601F0B1FB019B0CAA9A4642F82300FA
:1043280040E6019B19465A68DB680D688C680B9952
:1043380003F10043CB60079B0D6002F100424A6025
:1043480003F0070007F100428C600E614A610DF529
:10435800197DBDE8F08F0B9C01F10043C4E900030F
:104368000B4601990246D1E9000100F01DFFBAF1A0
:10437800000FB4DCBEE7A29B022B0ADC002B11DC89
:104388007FF497AE002000218BE6089BDB000293A8
:1043980065E4A29B032B7FF48CAE48AB0026002774
:1043A8000193FBE648AB00200021019387E7002634
:1043B8000027F3E60000F03F000070410000703E67
:1043C8002DE9F04F55EC104B85B025F00043B3F1C3
:1043D800795F8DED001B039007DA10EE100A29466D
:1043E80001F04AFB002800F0898022462B4620462F
:1043F800294601F091F806460F4632463B462046CC
:10440800294601F089F843A3D3E9002382468B4665
:104418003046394601F080F840A3D3E9002300F084
:10442800C3FE32463B4601F077F83EA3D3E90023AA
:1044380000F0BCFE32463B4601F06EF83BA3D3E9E0
:10444800002300F0B1FE32463B4601F065F839A37F
:10445800D3E9002300F0AAFE039B80468946ABB34C
:10446800DDE900012A4B002201F056F842464B468E
:10447800804689465046594601F04EF802460B469A
:104488004046494600F090FE32463B4601F044F86B
:10449800DDE9002300F088FE1BA3D3E900230646CC
:1044A8000F465046594601F037F802460B4630464B
:1044B800394600F07BFE02460B462046294600F0AE
:1044C80073FE41EC100B05B0BDE8F08F02460B46B9
:1044D8003046394601F020F80BA3D3E9002300F059
:1044E80063FE52465B4601F017F822462B4600F061
:1044F8005DFE41EC100B05B0BDE8F08F45EC104BAC
:1045080005B0BDE8F08F00BF495555555555C53F15
:104518000000E03F7CD5CF5A3AD9E53DEB9C2B8A89
:10452800E6E55A3E7DFEB157E31DC73ED561C11988
:10453800A0012A3FA6F810111111813F10EE103A80
:1045480023F00043B3F1485F2CDAFDEEC07A17EE92
:10455800903A002B60D020EE007ADFED314A9FEDD3
:10456800315ADFED315A9FED316ADFED317ADFEDF7
:10457800316AA7EE245AE7EE055AA7EE256AE7EE58
:10458800067AE7EE276A67EE266A60EEC00AF6EE5C
:10459800007AE7EE260AB7EE000AD7EE270A30EED1
:1045A800600A704720EE007ADFED1D4A9FED1D5A24
:1045B800DFED1D5A9FED1D6ADFED1D7ADFED1D6AE7
:1045C8001D4AA7EE245A9342E5EE075AA5EE876ADC
:1045D800E6EE077AE7EE876A66EE876AD5DD174A60
:1045E800934214DC03F17F4307EE903AB7EE006A7A
:1045F80036EE676A60EEC00AF6EE005AE7EE260A63
:10460800D7EE257A77EEE00A36EE600A7047B6EE06
:10461800076AF5EE027AEDE7B7EE000A704700BFC9
:104628004ED747ADF6740F317CF293B4010DD037F5
:10463800610BB6BAABAA2A3D9999993E0000483F4A
:104648002DE9F04F2DED048BDBB0D74C689D079119
:10465800111D54F8256004930992834603F1FF392C
:10466800C0F29D82D31E44BF13460433DB1003936C
:104678000133DB000893DDE908239B1A0693039BAB
:1046880016EB0901A3EB090316D401319FEDC77A94
:10469800699819441EAA002BA4BF50F8234007EEBE
:1046A800904A03F10103ACBFF8EEE77AF0EE477ADF
:1046B8008B42E2EC017AEED1002EC0F2E082049B3C
:1046C8001EA901EB830446AD4FEA830C4846F71850
:1046D8000BEB8301B9F1000FDFEDB47A09DB224659
:1046E8005B46F3EC016A32ED017A8B42E6EE877A9B
:1046F800F7D10130B842E5EC017A04F10404E9D1BC
:104708000DF1280808EB8603083B05939FEDA99A4D
:10471800DFEDA78A0698009609AB03EB860A0BEB38
:104728000C0446AF5B465AAA02EB8602002E12ED35
:10473800140A4FEA860B16DD07EB8602414660EE47
:10474800097AB0EE407AFDEEE77A72ED016AF8EE8A
:10475800E77ABA42A7EEE87A37EEA60ABDEEC77A3C
:10476800A1EC017AEBD1CDE9010300F059FCB0EEE0
:10477800408AB4EE000A28EE000A00F00BFCF2EEC4
:10478800007AA0EE678A0198029BFDEEC89A00287D
:10479800F8EEE97A38EE678A78DD06F1FF3CC0F179
:1047A800080258F82C5045FA02F101FA02F2AA1A46
:1047B80048F82C20C0F1070519EE90CA42FA05F511
:1047C8008C44002D09EE90CA68DCB5EE408AF1EE03
:1047D80010FA40F0B680009A06F1FF3E724510DCF0
:1047E80006F18042013A08EB820200219C4652F809
:1047F8000439524541EA0301F9D16346002940F0E2
:10480800F280009A013A58F82220002A40F0E68007
:10481800059A4FF0010C52F804190CF1010C00290B
:10482800F9D006F1010BB444DE460499039A8D19B8
:104838005A441EA902F1804201EB85056999013AA3
:1048480001EB820607EB8B0BD6ED017A9FED577AC9
:10485800F8EEE77AB9F1000F06F104062946C5ED2E
:10486800007A05F1040509DB1A4601E071ED017AC9
:10487800F2EC016AA242A6EEA77AF7D10EF1010E78
:10488800E645ABEC017ADFDD66464CE740F09C80FC
:10489800721E58F822502D12002D96DD19EE902A1E
:1048A800002E02F1010209EE902A40F38E81D8F819
:1048B8000010002974D1012E1CD042464FF0010C83
:1048C80052F8041F002979D00CF10102C1F580715A
:1048D800964248F82C100CDD58F82210C34408EB17
:1048E800820200E01168C1F1FF0142F8041B5A4539
:1048F800F8D1012100280CDD012800F047810228A9
:1049080007D106F1FF3C58F82C2002F03F0248F886
:104918002C20022D7FF459AFB7EE000A30EE488AFA
:1049280000293FF452AFCDE9010300F079FB38EEDE
:10493800408ADDE90103B5EE408AF1EE10FA3FF452
:104948004AAFDDE90832B0EE480A981A0296019596
:10495800009E00F065FB9FED167AB4EEC70AF1EEF3
:1049680010FADDE90123C0F25781DFED127A0699CA
:1049780060EE277A0831FDEEE77A0691F8EEE77ADD
:104988005D1CA7EEC70AFDEEE77ABDEEC00A10EE81
:10499800101A48F8231017EE903A48F8253039E0F5
:1049A80001224FF0000C91E714B00008000000004D
:1049B800000080430000803B0000C93F0CF1010C5F
:1049C800B4457FF47DAF95E7F6EE007AB4EEE78A5A
:1049D800F1EE10FA80F2E8800025F6E606F1010B08
:1049E800DE46DC4621E7069858F82E10083833468C
:1049F8002A46009E0690754661B903F18043023B42
:104A080008EB8303014653F80409013D08390028DF
:104A1800F9D0069106980092B7EE000A00F000FB64
:104A2800002D009AC0F21E814FEA850E46AB03EBBB
:104A38000E070EF1040C1FED217A08EB0C03391D4B
:104A480073ED017AF8EEE77A434567EE807A20EE57
:104A5800070A61ED017AF3D1002E1FED296A4FF0A4
:104A6800000420DB8F48DFED907A3946B0EE467AB5
:104A7800002303E09C4208DBB0EC017AF1EC016A08
:104A880001339E42E6EE877AF4DA5AAB03EB8403ED
:104A9800A54243ED287AA7F1040704F1010305D0E4
:104AA800002E1C46DEDADFED807AEEE768990229EF
:104AB8001CDC002900F38B800FD132ABDFED7A7A52
:104AC8009C443CED017A634577EE877AF9D10AB1C7
:104AD800F1EE677A079BC3ED007A19EE903A03F07E
:104AE80007005BB0BDEC048BBDE8F08F689B032B1F
:104AF800F3D1002D00F0CB805AAB734432A913EDEB
:104B0800287A01EB850373ED017AF0EE476A37EEF8
:104B1800277A994277EEC77A83ED007A77EEA67AFC
:104B2800C3ED017AEFD1012D40F3B18005F1804545
:104B38005AAB013D9E44AD002B1D1EED287A0B4457
:104B480033A873ED017AF0EE476A37EE277A984278
:104B580077EEC77A83ED007A77EEA67AC3ED017A0D
:104B6800EFD10835DFED507A4B19083133ED017A72
:104B7800994277EE877AF9D1002A55D10799329A66
:104B8800339BC1ED027A0A604B60A6E706F1FF3C51
:104B980058F82C2002F07F0248F82C20B9E60823A8
:104BA80008930023039366E519EE902A002E02F17C
:104BB800010209EE902AC8BF02253FF778AEF7EE4A
:104BC800007A37EEC88A0225FFE5002192E632A96D
:104BD800DFED357A01EB830333ED017A994277EE05
:104BE800877AF9D192BB9DED327A079B002DC3EDF0
:104BF800007A77EE677A0BDD33A90123B1EC017AED
:104C080001339D4277EE877AF8DA0AB1F1EE677AD6
:104C1800079BC3ED017A60E7BDEEC00A1D4610EEA2
:104C2800101A48F82310F5E6DDED326A9DED337A67
:104C3800079BF1EE677AF1EE666AB1EE477AC3ED4B
:104C4800027AC3ED006A83ED017A46E7DDED326A48
:104C5800079BB1EE677A002D76EEE77A83ED007A4E
:104C6800CADCD3E7689B022B0DDC002B14DC7FF435
:104C780034AFDFED0D7A002A3FF42CAF28E7049B10
:104C88004FEA830C3CE5689B032B7FF426AFDFEDEE
:104C9800067A002AC8D171E7DFED037A002AA2D08C
:104CA800D4E700BFECAF00080000000010EE103A97
:104CB80023F00043B3F1485F04DAFDEEC07A17EE43
:104CC800903A5BB360EE007A9FED155ADFED155A06
:104CD8009FED156ADFED156A9FED157AE7EE855AA7
:104CE80020EE275AA5EEA76AE6EE276AA6EEA77A6F
:104CF80030B9DFED106AE7EE876AA6EE850A7047DD
:104D080027EE457AF6EE006AA0EEA67ADFED0A6A8B
:104D1800D7EE270AE5EE260A30EE600A704700BF94
:104D2800D3C92E2F342FD7B21BEF3836010D50B907
:104D38008988083CABAA2ABEABAA2A3E51EC100BC4
:104D480010EE102A21F0004343EC102B704700BFEF
:104D580051EC100BF8B5C1F30A53A3F2FF35132D2C
:104D680010EE106A0C4620DC002D3DDB384F2F4139
:104D780001EA070303431DD033A3D3E9002300F05E
:104D880015FA0022002300F057FE48B1002C04DA7F
:104D98004FF4801343FA05F52C4424EA070400264F
:104DA8002346324643EC102BF8BD332D05DDB5F50F
:104DB800806F29D041EC100BF8BDA3F213434FF0DC
:104DC800FF37DF400742F5D01FA3D3E9002300F0E7
:104DD800EDF90022002300F02FFE0028E0D0002C7F
:104DE80023DB26EA0706DBE717A3D3E9002300F055
:104DF800DDF90022002300F01FFE0028D0D0002C8F
:104E08000ADB00263446CBE710EE102A0B4600F0EA
:104E1800CDF941EC100BF8BD24F000430D4A1E43B8
:104E2800002E18BF14460026BAE7142D08D0012317
:104E3800C5F1340503FA05F5AE1928BFE418D0E723
:104E48000134CEE7AFF300809C7500883CE4377EE0
:104E5800FFFF0F000000F0BF0020704700000000B7
:104E680038B553EC102BC3F30A511C46054681BBD9
:104E780010EE101A23F00044214329D019460022CD
:104E88003D4B3E4C10EE100A00F046FBA542024690
:104E98000B4616DB0C46C1F30A513639294440F259
:104EA800FE70814221DC002947DC11F1350F34DA2C
:104EB8004CF250318D4218DC002B27A1D1E90001BA
:104EC80044DB25A3D3E9002300F026FB41EC100BBB
:104ED80038BD40F2FF708142E0D110EE100A194649
:104EE80000F064F941EC100B38BD002B1CA1D1E98E
:104EF800000107DB1AA3D3E9002300F00DFB41EC06
:104F0800100B38BD18A1D1E9000115A3D3E900237E
:104F180000F002FB41EC100BF3E724F0FF4424F40B
:104F2800E004363144EA0153104619460022144B76
:104F380000F0F2FA41EC100B38BD24F0FF4424F4E1
:104F4800E00444EA015343EC102B38BD08A1D1E931
:104F58000001B6E7AFF3008059F3F8C21F6EA50150
:104F68009C7500883CE4377E9C7500883CE437FEDD
:104F780059F3F8C21F6EA58100005043B03CFFFFF3
:104F88000000903C10EE103A23F0004300EE103A77
:104F9800704700BF10EE102AC2F3C7537F3B162B91
:104FA80022F000411ADC002B1EDB1A4919410A4283
:104FB80027D0DFED197A70EE277AF5EEC07AF1EE98
:104FC80010FA1EDD002A04DA4FF4000040FA03F359
:104FD8001A4422EA010300EE103A7047B1F1FF4F7C
:104FE8000FD330EE000A7047DFED0B7A70EE277AA8
:104FF800F5EEC07AF1EE10FA03DD002A02DB9FED30
:10500800070A70470029FFEE007A18BFB0EE670A5A
:10501800704700BFFFFF7F00CAF24971000000001F
:1050280082B08DED010A019B33F000422AD0B2F123
:10503800FF4F23D213F0FF4F28D19DED017ADFED0A
:105048002A7A2A4B67EE277A9842CDED017A37DB28
:10505800019BC3F3C752193A0244FE2A1ADD9FED99
:10506800240A9FED247A019B002BF0EE407AB8BF0A
:10507800B0EE470A20EE270A02B0704730EE000A69
:1050880002B070479DED010A02B07047D20D02448C
:10509800FE2AE4DC002A0BDC12F1160F17DA4CF2B8
:1050A80050339842DBDC9FED140A9FED147ADAE75F
:1050B80023F0FF4343EAC25300EE103A02B07047B0
:1050C8009FED0D0ADDED017A27EE800AD8E7193247
:1050D80023F0FF4343EAC253DFED097A07EE103AA3
:1050E80027EE270ACCE700BF0000004CB03CFFFFCA
:1050F800CAF24971CAF249F16042A20D6042A28D1A
:1051080000000033014B1868704700BF08000020FA
:1051180070B50D4D0D4C641BA4100026A64209D194
:105128000B4D0C4CFBF742FD641BA4100026A64255
:1051380005D170BD55F8043B98470136EEE755F8A0
:10514800043B98470136F2E720B0000820B0000879
:1051580020B0000820B0000830B501390024A24270
:1051680001D1002005E0035D01340D5DAB42F6D0AE
:10517800581B30BD0A44914200F1FF3300D17047FB
:1051880010B511F8014B03F8014F9142F9D110BD48
:1051980002440346934200D1704703F8011BF9E724
:1051A80081F0004102E000BF83F0004330B54FEAD0
:1051B80041044FEA430594EA050F08BF90EA020F3D
:1051C8001FBF54EA000C55EA020C7FEA645C7FEAD0
:1051D800655C00F0E2804FEA5454D4EB5555B8BFF3
:1051E8006D420CDD2C4480EA020281EA030382EA64
:1051F800000083EA010180EA020281EA0303362DF6
:1052080088BF30BD11F0004F4FEA01314FF4801CC8
:105218004CEA113102D0404261EB410113F0004FDA
:105228004FEA03334CEA133302D0524263EB430391
:1052380094EA050F00F0A780A4F10104D5F1200E2F
:105248000DDB02FA0EFC22FA05F2801841F100018A
:1052580003FA0EF2801843FA05F359410EE0A5F15E
:1052680020050EF1200E012A03FA0EFC28BF4CF08F
:10527800020C43FA05F3C01851EBE37101F0004545
:1052880007D54FF0000EDCF1000C7EEB00006EEB52
:105298000101B1F5801F1BD3B1F5001F0CD34908DC
:1052A8005FEA30004FEA3C0C04F101044FEA445233
:1052B80012F5800F80F09A80BCF1004F08BF5FEABA
:1052C800500C50F1000041EB045141EA050130BD9A
:1052D8005FEA4C0C404141EB0101013C28BFB1F5AC
:1052E800801FE9D291F0000F04BF01460020B1FAF7
:1052F80081F308BF2033A3F10B03B3F120020CDACA
:105308000C3208DD02F1140CC2F10C0201FA0CF0A7
:1053180021FA02F10CE002F11402D8BFC2F1200C0C
:1053280001FA02F120FA0CFCDCBF41EA0C019040C2
:10533800E41AA2BF01EB0451294330BD6FEA04040B
:105348001F3C1CDA0C340EDC04F11404C4F12002F6
:1053580020FA04F001FA02F340EA030021FA04F308
:1053680045EA030130BDC4F10C04C4F1200220FA5F
:1053780002F001FA04F340EA0300294630BD21FA9D
:1053880004F0294630BD94F0000F83F4801306BF63
:1053980081F480110134013D4EE77FEA645C18BF57
:1053A8007FEA655C29D094EA050F08BF90EA020FEE
:1053B80005D054EA000C04BF1946104630BD91EAE6
:1053C800030F1EBF0021002030BD5FEA545C05D1E9
:1053D8004000494128BF41F0004130BD14F5800428
:1053E8003CBF01F5801130BD01F0004545F0FE419C
:1053F80041F470014FF0000030BD7FEA645C1ABFD1
:10540800194610467FEA655C1CBF0B46024650EA07
:10541800013406BF52EA033591EA030F41F4002133
:1054280030BD00BF90F0000F04BF0021704730B5B9
:105438004FF4806404F132044FF000054FF000018E
:1054480050E700BF90F0000F04BF0021704730B54F
:105458004FF4806404F1320410F0004548BF404224
:105468004FF000013EE700BF42004FEAE2014FEA79
:1054780031014FEA02701FBF12F07F4393F07F4F54
:1054880081F06051704732F07F4208BF704793F057
:105498007F4F04BF41F40021704730B54FF460746A
:1054A80001F0004521F000411CE700BF50EA01026D
:1054B80008BF704730B54FF000050AE050EA010216
:1054C80008BF704730B511F0004502D5404261EB86
:1054D80041014FF4806404F132045FEA915C3FF4C7
:1054E800D8AE4FF003025FEADC0C18BF03325FEA64
:1054F800DC0C18BF033202EBDC02C2F1200300FA15
:1055080003FC20FA02F001FA03FE40EA0E0021FA39
:1055180002F11444BDE600BF70B54FF0FF0C4CF427
:10552800E06C1CEA11541DBF1CEA135594EA0C0FD9
:1055380095EA0C0F00F0DEF82C4481EA030621EA14
:105548004C5123EA4C5350EA013518BF52EA03354F
:1055580041F4801143F4801338D0A0FB02CE4FF001
:105568000005E1FB02E506F00042E0FB03E54FF031
:105578000006E1FB03569CF0000F18BF4EF0010E29
:10558800A4F1FF04B6F5007F64F5407404D25FEA25
:105598004E0E6D4146EB060642EAC62141EA5551D8
:1055A8004FEAC52040EA5E504FEACE2EB4F1FD0C1A
:1055B80088BFBCF5E06F1ED8BEF1004F08BF5FEA98
:1055C800500E50F1000041EB045170BD06F000464A
:1055D80046EA010140EA020081EA0301B4EB5C04F7
:1055E800C2BFD4EB0C0541EA045170BD41F48011EF
:1055F8004FF0000E013C00F3AB8014F1360FDEBF14
:10560800002001F0004170BDC4F10004203C35DAEF
:105618000C341BDC04F11404C4F1200500FA05F372
:1056280020FA04F001FA05F240EA020001F0004213
:1056380021F0004110EBD37021FA04F642EB060189
:105648005EEA430E08BF20EAD37070BDC4F10C04B3
:10565800C4F1200500FA04F320FA05F001FA04F277
:1056680040EA020001F0004110EBD37041F1000163
:105678005EEA430E08BF20EAD37070BDC4F120056E
:1056880000FA05F24EEA020E20FA04F301FA05F2D6
:1056980043EA020321FA04F001F0004121FA04F27E
:1056A80020EA020000EBD3705EEA430E08BF20EA4E
:1056B800D37070BD94F0000F0FD101F00046400088
:1056C80041EB010111F4801F08BF013CF7D041EA0A
:1056D800060195F0000F18BF704703F0004652000E
:1056E80043EB030313F4801F08BF013DF7D043EADF
:1056F8000603704794EA0C0F0CEA135518BF95EA95
:105708000C0F0CD050EA410618BF52EA4306D1D11B
:1057180081EA030101F000414FF0000070BD50EA3A
:10572800410606BF1046194652EA430619D094EAC4
:105738000C0F02D150EA013613D195EA0C0F05D1AE
:1057480052EA03361CBF104619460AD181EA030102
:1057580001F0004141F0FE4141F470014FF00000BA
:1057680070BD41F0FE4141F4780170BD70B54FF055
:10577800FF0C4CF4E06C1CEA11541DBF1CEA1355D5
:1057880094EA0C0F95EA0C0F00F0A7F8A4EB0504B7
:1057980081EA030E52EA03354FEA013100F08880AE
:1057A8004FEA03334FF0805545EA131343EA126377
:1057B8004FEA022245EA111545EA10654FEA00262C
:1057C8000EF000419D4208BF964244F1FD0404F5E5
:1057D800407402D25B084FEA3202B61A65EB030541
:1057E8005B084FEA32024FF480104FF4002CB6EBFE
:1057F800020E75EB030E22BFB61A754640EA0C007E
:105808005B084FEA3202B6EB020E75EB030E22BFBD
:10581800B61A754640EA5C005B084FEA3202B6EBFE
:10582800020E75EB030E22BFB61A754640EA9C00BD
:105838005B084FEA3202B6EB020E75EB030E22BF8D
:10584800B61A754640EADC0055EA060E18D04FEA4B
:10585800051545EA16754FEA06164FEAC30343EAEB
:1058680052734FEAC2025FEA1C1CC0D111F4801FB8
:105878000BD141EA00014FF000004FF0004CB6E7B1
:1058880011F4801F04BF01430020B4F1FD0C88BF50
:10589800BCF5E06F3FF6AFAEB5EB030C04BFB6EB5B
:1058A800020C5FEA500C50F1000041EB045170BD4E
:1058B8000EF0004E4EEA113114EB5C04C2BFD4EB7B
:1058C8000C0541EA045170BD41F480114FF0000EFF
:1058D800013C90E645EA060E8DE60CEA135594EA7B
:1058E8000C0F08BF95EA0C0F3FF43BAF94EA0C0F7E
:1058F8000AD150EA01347FF434AF95EA0C0F7FF4F3
:1059080025AF104619462CE795EA0C0F06D152EA46
:1059180003353FF4FDAE1046194622E750EA41062A
:1059280018BF52EA43067FF4C5AE50EA41047FF43B
:105938000DAF52EA43057FF4EBAE12E74FF0FF3CA0
:1059480006E000BF4FF0010C02E000BF4FF0010C71
:105958004DF804CD4FEA410C7FEA6C5C4FEA430CEA
:1059680018BF7FEA6C5C1BD001B050EA410C0CBF39
:1059780052EA430C91EA030F02BF90EA020F00209B
:10598800704710F1000F91EA030F58BF994208BF02
:1059980090422CBFD8176FEAE37040F001007047BF
:1059A8004FEA410C7FEA6C5C02D150EA013C07D116
:1059B8004FEA430C7FEA6C5CD6D152EA033CD3D061
:1059C8005DF8040B704700BF8446104662468C465B
:1059D8001946634600E000BF01B5FFF7B7FF00288E
:1059E80048BF10F1000F01BD4DF808EDFFF7F4FFB7
:1059F8000CBF012000205DF808FB00BF4DF808ED42
:105A0800FFF7EAFF34BF012000205DF808FB00BF64
:105A18004DF808EDFFF7E0FF94BF012000205DF886
:105A280008FB00BF4DF808EDFFF7CEFF94BF01203B
:105A380000205DF808FB00BF4DF808EDFFF7C4FF34
:105A480034BF012000205DF808FB00BF4FEA410C7D
:105A58007FEA6C5C02D150EA013C0AD14FEA430C60
:105A68007FEA6C5C02D152EA033C02D14FF000009D
:105A780070474FF0010070474FEA410212F50012DB
:105A880015D211D56FF47873B3EB625212D94FEA7D
:105A9800C12343F0004343EA505311F0004F23FA67
:105AA80002F018BF404270474FF00000704750EABC
:105AB800013005D111F0004008BF6FF00040704779
:105AC8004FF00000704700BF4A0011D212F50012D3
:105AD80011D20DD56FF47873B3EB62520ED44FEA3E
:105AE800C12343F0004343EA505323FA02F07047BE
:105AF8004FF00000704750EA013002D14FF0FF30FC
:105B080070474FF0000070474FEA4102B2F1E0439E
:105B180024BFB3F5001CDCF1FE5C0DD901F0004C8C
:105B28004FEAC0024CEA5070B2F1004F40EB8300DC
:105B380008BF20F00100704711F0804F21D113F108
:105B48003872BCBF01F00040704741F480114FEA41
:105B58005252C2F11802C2F1200C10FA0CF320FACA
:105B680002F018BF40F001004FEAC1234FEAD323E7
:105B780003FA0CFC40EA0C0023FA02F34FEA430351
:105B8800CCE77FEA625307D150EA01331EBF4FF0DA
:105B9800FE4040F44000704701F0004040F0FE40F5
:105BA80040F40000704700BF42454E4348206576E8
:105BB800656E743D00000000434F4E464947206221
:105BC8006F6172643D4E55434C454F2D4634343613
:105BD800524520646961676E6F73746963733D3100
:105BE80020636C6F636B3D485349206370755F6831
:105BF8007A3D00002070636C6B315F687A3D00006D
:105C08002070636C6B325F687A3D000020696463C2
:105C18006F64653D0000000020666C6173685F6B0F
:105C280069623D0020706C6C636667723D0000001D
:105C380020636667723D00002063706163723D00F7
:105C480020666C6173685F6163723D0020707772D3
:105C58005F63723D00000000207077725F637372AB
:105C68003D0000002074696D325F7073633D000071
:105C7800207472616E73706F72743D555341525443
:105C8800335F5043313000000D0A00002069643D45
:105C9800000000002063616C6C733D00206469673C
:105CA8006573743D000000003031323334353637C7
:105CB8003839616263646566000000000000000016
:105CC8000000000001020304060708094552524F6C
:105CD80052000000424F4F540000000053544152FC
:105CE800540000005041535300000000444F4E45FB
:105CF80000000000B80B0000B80B0000C80000004E
:105D08006400000064000000F4010000B80B00000B
:105D1800B80B0000140000002C0100003200000045
:105D2800010000000000000000000000000000006A
:105D3800000000000000000000000000000000005B
:105D480000000000FFFFFFFFFFFFFFFFFFFFFFFF57
:105D5800FFFFFFFFFFFFFFFFFFFFFFFFFFFFFFFF4B
:105D6800FFFFFFFF000102030405060708090A0BED
:105D78000C0D0E0F101112131415161718191A1BE3
:105D88001C1D1E1F202122232425262728292A2BD3
:105D98002C2D2E2F303132333435363738393A3BC3
:105DA8003C3D3E3F00000101020203031020304049
:105DB800AA55AA5500000101020203031020304031
:105DC800AA55AA5500000101020203031020304021
:105DD800AA55AA5500000101020203031020304011
:105DE800AA55AA5500000101020203031020304001
:105DF800AA55AA55000001010202030310203040F1
:105E0800AA55AA55000001010202030310203040E0
:105E1800AA55AA55000001010202030310203040D0
:105E2800AA55AA550000000000000000000000006C
:105E3800000000000000000000000000000000005A
:105E480000000000FFFFFFFFFFFFFFFFFFFFFFFF56
:105E5800FFFFFFFFFFFFFFFFFFFFFFFFFFFFFFFF4A
:105E6800FFFFFFFF000102030405060708090A0BEC
:105E78000C0D0E0F101112131415161718191A1BE2
:105E88001C1D1E1F202122232425262728292A2BD2
:105E98002C2D2E2F303132333435363738393A3BC2
:105EA8003C3D3E3F00000101020203031020304048
:105EB800AA55AA5500000101020203031020304030
:105EC800AA55AA5500000101020203031020304020
:105ED800AA55AA5500000101020203031020304010
:105EE800AA55AA5500000101020203031020304000
:105EF800AA55AA55000001010202030310203040F0
:105F0800AA55AA55000001010202030310203040DF
:105F1800AA55AA55000001010202030310203040CF
:105F2800AA55AA550000000000000000000000006B
:105F38000000000000000000000000000000000059
:105F480000000000FFFFFFFFFFFFFFFFFFFFFFFF55
:105F5800FFFFFFFFFFFFFFFFFFFFFFFFFFFFFFFF49
:105F6800FFFFFFFF000102030405060708090A0BEB
:105F78000C0D0E0F101112131415161718191A1BE1
:105F88001C1D1E1F202122232425262728292A2BD1
:105F98002C2D2E2F303132333435363738393A3BC1
:105FA8003C3D3E3F00000101020203031020304047
:105FB800AA55AA550000010102020303102030402F
:105FC800AA55AA550000010102020303102030401F
:105FD800AA55AA550000010102020303102030400F
:105FE800AA55AA55000001010202030310203040FF
:105FF800AA55AA55000001010202030310203040EF
:10600800AA55AA55000001010202030310203040DE
:10601800AA55AA55000001010202030310203040CE
:10602800AA55AA550000000000000000000000006A
:106038000000000000000000000000000000000058
:1060480000000000FFFFFFFFFFFFFFFFFFFFFFFF54
:10605800FFFFFFFFFFFFFFFFFFFFFFFFFFFFFFFF48
:10606800FFFFFFFF000102030405060708090A0BEA
:106078000C0D0E0F101112131415161718191A1BE0
:106088001C1D1E1F202122232425262728292A2BD0
:106098002C2D2E2F303132333435363738393A3BC0
:1060A8003C3D3E3F00000101020203031020304046
:1060B800AA55AA550000010102020303102030402E
:1060C800AA55AA550000010102020303102030401E
:1060D800AA55AA550000010102020303102030400E
:1060E800AA55AA55000001010202030310203040FE
:1060F800AA55AA55000001010202030310203040EE
:10610800AA55AA55000001010202030310203040DD
:10611800AA55AA55000001010202030310203040CD
:10612800AA55AA5500000000000000000000000069
:106138000000000000000000000000000000000057
:1061480000000000FFFFFFFFFFFFFFFFFFFFFFFF53
:10615800FFFFFFFFFFFFFFFFFFFFFFFFFFFFFFFF47
:10616800FFFFFFFF000102030405060708090A0BE9
:106178000C0D0E0F101112131415161718191A1BDF
:106188001C1D1E1F202122232425262728292A2BCF
:106198002C2D2E2F303132333435363738393A3BBF
:1061A8003C3D3E3F00000101020203031020304045
:1061B800AA55AA550000010102020303102030402D
:1061C800AA55AA550000010102020303102030401D
:1061D800AA55AA550000010102020303102030400D
:1061E800AA55AA55000001010202030310203040FD
:1061F800AA55AA55000001010202030310203040ED
:10620800AA55AA55000001010202030310203040DC
:10621800AA55AA55000001010202030310203040CC
:10622800AA55AA5500000000000000000000000068
:106238000000000000000000000000000000000056
:1062480000000000FFFFFFFFFFFFFFFFFFFFFFFF52
:10625800FFFFFFFFFFFFFFFFFFFFFFFFFFFFFFFF46
:10626800FFFFFFFF000102030405060708090A0BE8
:106278000C0D0E0F101112131415161718191A1BDE
:106288001C1D1E1F202122232425262728292A2BCE
:106298002C2D2E2F303132333435363738393A3BBE
:1062A8003C3D3E3F00000101020203031020304044
:1062B800AA55AA550000010102020303102030402C
:1062C800AA55AA550000010102020303102030401C
:1062D800AA55AA550000010102020303102030400C
:1062E800AA55AA55000001010202030310203040FC
:1062F800AA55AA55000001010202030310203040EC
:10630800AA55AA55000001010202030310203040DB
:10631800AA55AA55000001010202030310203040CB
:10632800AA55AA5500000000000000000000000067
:106338000000000000000000000000000000000055
:1063480000000000FFFFFFFFFFFFFFFFFFFFFFFF51
:10635800FFFFFFFFFFFFFFFFFFFFFFFFFFFFFFFF45
:10636800FFFFFFFF000102030405060708090A0BE7
:106378000C0D0E0F101112131415161718191A1BDD
:106388001C1D1E1F202122232425262728292A2BCD
:106398002C2D2E2F303132333435363738393A3BBD
:1063A8003C3D3E3F00000101020203031020304043
:1063B800AA55AA550000010102020303102030402B
:1063C800AA55AA550000010102020303102030401B
:1063D800AA55AA550000010102020303102030400B
:1063E800AA55AA55000001010202030310203040FB
:1063F800AA55AA55000001010202030310203040EB
:10640800AA55AA55000001010202030310203040DA
:10641800AA55AA55000001010202030310203040CA
:10642800AA55AA5500000000000000000000000066
:106438000000000000000000000000000000000054
:1064480000000000FFFFFFFFFFFFFFFFFFFFFFFF50
:10645800FFFFFFFFFFFFFFFFFFFFFFFFFFFFFFFF44
:10646800FFFFFFFF000102030405060708090A0BE6
:106478000C0D0E0F101112131415161718191A1BDC
:106488001C1D1E1F202122232425262728292A2BCC
:106498002C2D2E2F303132333435363738393A3BBC
:1064A8003C3D3E3F00000101020203031020304042
:1064B800AA55AA550000010102020303102030402A
:1064C800AA55AA550000010102020303102030401A
:1064D800AA55AA550000010102020303102030400A
:1064E800AA55AA55000001010202030310203040FA
:1064F800AA55AA55000001010202030310203040EA
:10650800AA55AA55000001010202030310203040D9
:10651800AA55AA55000001010202030310203040C9
:10652800AA55AA551C36C84190A1EDB4A79DD47EA2
:10653800F3AA3907677CA4C371BA8E78AE7C94B28B
:1065480022C84ED58214F46417E45E9BA46A61687D
:106558000E8E098479FA7CEF525FD641D2E2D9CE09
:10656800BBE6D6505F5BCECE9346BF79689DD27F9F
:106578005E8E13AE4507B95818FBC9077903AF619A
:10658800EFF0E158C5D0EEE761711FDB60C472AF70
:106598008ED35740FF34873E5FEFCCABC8D9CCD3FE
:1065A800A27234E034030301E052C478729B75E1AF
:1065B80068B0A6F48DF3A439E4C9396E94DA7BD9AE
:1065C800FBB663D17AFEAD4B68AAF7A245BDA9D246
:1065D8002709D276069EB199C854F05BB4C6EAD7AB
:1065E800B272419DBEC10C7D6DC82EF499298F0AE7
:1065F8002EAA12C6F9F6AFC68337BB6AC629C3747A
:106608008271FC9146E33380286840F1C154B54D4E
:10661800B8DA8F84163BC98DCE8674A0A6AEB42195
:10662800DDABAACA6E4D83A45981098FEC5611DAE5
:106638008A1F59F81E7D97824BDD4516CF832A584D
:10664800C90367DC6EF3919880FEC5E1A03FE85A64
:1066580097FE869AE7415F502EA9E2FA9BD26C6EAC
:1066680050765C7D41ED022A6161FEA889E37FCD09
:1066780098FD8D67333D7AE24193BF1248D62FC209
:1066880098690132C19BD521DB9EB2A15EB9304B1E
:106698009C46B3A143F0DDEA996E6D96D9DCAB80D8
:1066A8004F51841AE84595FC0A40C0C60F3B9C3DF3
:1066B80066A87C0D0ADC99EA7832215C4A8909DDF2
:1066C80034082E5C8700AC99C124AA54B37F2CD01F
:1066D800E4D38A2000280B535A87C8892EDF96D224
:1066E8001186DCB85515289351518F6C5CFCAF4D61
:1066F8008E878D79DDEEC71FE3A74F48131940E554
:10670800CA597AB7A0A156980B20DBBB1755DCE70E
:10671800DE62CD2A02CFE3673655DBED7A1E869F0F
:10672800CFEA1550E1D25910368FDCE70122220753
:10673800EDA119B6A039A7BE84C31C5ECD81B038BF
:10674800AB5DBE62D7437D8961155A569C606276FF
:1067580014A5375A22B8374E783F1F67F9C6B8E6EE
:10676800852C81E2062E7CB4A79D55155AE51D049B
:1067780025A083764424CE7F46A9F1066F08C1A3DD
:1067880048B7119139BB25E99272EAE49FB89DE9AF
:1067980095E2E3CAAA8D87D0A7D47FD67027815BFC
:1067A8008741AAAAEBF97E6490709D0D63E52D4898
:1067B8004FFDF61DF1FCAAE41BEA5C3D81BC995231
:1067C800F7F3DBEA3BD62C89B8F4F5B67BFA62849A
:1067D800EB1076AE1F951221E2F2DC7828DC0D98DA
:1067E8008BA039585A4CCC835B98B97D5E917A322C
:1067F8004945C6EFBED730AF93FA366D4CE90CFF6A
:1068080092910A787ADA54C2FFA24D8E0D9540987B
:106818003337750B02327FC961294F1A16EFCE77CD
:10682800C584F27210AC2522BB85675808E7C43BC3
:10683800641A8642B7DA816379218E1811EF924E75
:1068480029B6A29534F1D625CED823516ECC087935
:106858005CB4DB9EF5375A88A6FEA6EE65D1F5ED49
:1068680065485BFA23EF9BADA25DFB812EEDA0632B
:10687800C5E4BE4E05C736E3C95E47E6A4430A39F8
:10688800B6BC000D4080C1E62BE6D51B8CEE9F639D
:10689800EFC371C466598ED81299B458D4B9341C50
:1068A8002407B1AE4ACFAE83398B68F2FA926CD323
:1068B8004DA31EAE242668F67510A96CF3FE186E5B
:1068C800AFA8A68BDD89D341B015F918881CF791BC
:1068D80092974D35E0CAA43137ABC2954218FC21D6
:1068E800CAE5814483781A28E33ED04BB229B7E140
:1068F8009BAB4D92685B52752277174B6F94C2A37E
:10690800FFD99F188C1B06F508A05D8D2B1553E346
:1069180016837EA02C408450840B5B7B0B772D91D3
:10692800D8B2975201495D965B98DF6A94006DD39F
:106938001A113A5D8492B609698C52BFD50991063D
:10694800C3F559B5719F0D7525B189A97979E01BF2
:106958004080F91B401D4A9CE443E2B871A3AC4750
:10696800BBA7856B0F1E5397580FF44A93935B1080
:10697800FAAE0786620A13B39AAB645AD85AF17E04
:10698800EBD48D0C721E04301A7CEEAF4AB9C8E7FE
:10699800F405ACEE9163CE75450896466DC514298D
:1069A80009676E9FF266B3201C6B6A39C38F327D0C
:1069B8000D105999B1D21A8BD15E4DDCEB182A8291
:1069C8002DE43D5D1B16FB9F935DF6FDA067D0FE91
:1069D80068EFA90F383E2436EAF1E70905E3B6A9BE
:1069E800EA9FCF181BE2607A47687A2F50E533C6D2
:1069F8001333C40F3CCD7197517955CC4DF54F0DDC
:106A08001E019F914C5621CCF9C278E868D83CBD4C
:106A18004CD720AB123D4CC810C23846D6FFD244E2
:106A28000FAC15770C55BF530302B467C18F4A707A
:106A3800C3E817B00F8B06C11D1452E7DB973F540C
:106A480043DDA915D55BF7F58B7F0EA28A59BEB930
:106A580055A9EA0CDB6BAA6BFD56861F274C6FA263
:106A68003336012F657C2D2DF9274595160EEC42FE
:106A780065CF3BAA9DCA155D4B0567FD80F246634D
:106A88009EAA72BE7353A7CD7FE66E6C9EAFC5FCFF
:106A980016434DC2642180C01850BAB26038EF9BCB
:106AA8006FA9F3D514EE00F5B9306CE2707E42E6BA
:106AB800C711FB1E52AD730E1BB6C13EFFF6D59132
:106AC800F078E2E69E13353FD71B6B6BE3FC0A6157
:106AD800B703379DB4936301B838046B2D45140987
:106AE8003B1432D7D2BD7E4683E7DFAE5F44140342
:106AF8006FC04B7AF16A7BF60DB82EF62FEE0608BA
:106B0800DF30DCFF2A9A223E7B4B4619A9A1166A80
:106B1800017E0CD6A425BDB93B685394948CD55FEF
:106B2800EFC592D165E34D06A0A5C4856BF8252174
:106B38005EAC9510955AB25B17F47A9CAA9D7323A4
:106B4800E58073178CB696E7E5FF92B0EA2AFE0F48
:106B580096832713CBD7DED188BA135A8385F64E8E
:106B6800D69A333DEA0EC5AA6237C13922F9EE8BAF
:106B78003AF60F6A6757F0C69FC22A5816C04FFBED
:106B8800E2E5C8488B95B5F72A01F6C07B56E5C003
:106B9800C728DBE5F11CE9A26DD2630EE1970FD798
:106BA80088D98E0AFD3393A065C1CB8ECFB2C201BE
:106BB800B76F1E1925B6503371B47529B04AF10B59
:106BC800E2C054F49390646AB9CB89E7A9EEA76C44
:106BD800CA079D3D56FC9EDAACB67A7EF20F4E503F
:106BE8008B11144EF69FCFC012FBF9124751464B3A
:106BF800DE80FD08006B974BFA9B5F5E90758E6197
:106C0800ACB4F5C27D21834377961AF05202A6737D
:106C1800E2B11FA91D3F72692C27A57C2A0F766B4C
:106C2800499AB1BDFC763B16A0351EAF6AF0433ACF
:106C3800B6E2868875D28B2CF323886481E76621B7
:106C4800753C6275B998DCB40FBAB5C73B7A037D59
:106C580053F864324874790648EBC582A603AA7AC9
:106C6800FF007063883F44D282A580D3404A7E8C5F
:106C7800B55E13AC1386B4B588965562E9BD22B4E7
:106C880098F5F2D7646781DF56462707A4D070319C
:106C9800D2351EDFF71C05E2137D38752AF0FAF4A9
:106CA80001C19701C7893ECD1EF5E555D50C1DA537
:106CB800BDFC047D38A8032A47B9E7BF71B2B47296
:106CC800671B592728B45200F41661AD295FBC66CA
:106CD800389469CD177DB21E1660446F795C84CEF6
:106CE800A358A73515E1348C1E9BE2C6FB2037A9B3
:106CF8009EF192794169DC6E1653D480CA03EBE3A6
:106D0800A01EF3BAA20B315CA4AE0190E18AC56B58
:106D1800E7D9C46DB37C9B8DDA8491B1B9AD822774
:106D28002E324DEB80858A8F94989DA2A6ABAFB387
:106D3800B8BCBFC3C7CACDD0D3D6D8DADCDEE0E151
:106D4800E2E3E4E4E4E4E4E3E2E1E0DEDCDAD8D63A
:106D5800D3D0CDCAC7C3BFBCB8B3AFABA6A29D98AA
:106D6800948F8A85807B76716C68635E5A55514D25
:106D78004844413D393633302D2A28262422201F05
:106D88001E1D1C1C1C1C1C1D1E1F20222426282AFC
:106D98002D303336393D4144484D51555A5E63686C
:106DA8006C71767B80858A8F94989DA2A6ABAFB3D1
:106DB800B8BCBFC3C7CACDD0D3D6D8DADCDEE0E1D1
:106DC800E2E3E4E4E4E4E4E3E2E1E0DEDCDAD8D6BA
:106DD800D3D0CDCAC7C3BFBCB8B3AFABA6A29D982A
:106DE800948F8A85807B76716C68635E5A55514DA5
:106DF8004844413D393633302D2A28262422201F85
:106E08001E1D1C1C1C1C1C1D1E1F20222426282A7B
:106E18002D303336393D4144484D51555A5E6368EB
:106E28006C71767B80858A8F94989DA2A6ABAFB350
:106E3800B8BCBFC3C7CACDD0D3D6D8DADCDEE0E150
:106E4800E2E3E4E4E4E4E4E3E2E1E0DEDCDAD8D639
:106E5800D3D0CDCAC7C3BFBCB8B3AFABA6A29D98A9
:106E6800948F8A85807B76716C68635E5A55514D24
:106E78004844413D393633302D2A28262422201F04
:106E88001E1D1C1C1C1C1C1D1E1F20222426282AFB
:106E98002D303336393D4144484D51555A5E63686B
:106EA8006C71767B80858A8F94989DA2A6ABAFB3D0
:106EB800B8BCBFC3C7CACDD0D3D6D8DADCDEE0E1D0
:106EC800E2E3E4E4E4E4E4E3E2E1E0DEDCDAD8D6B9
:106ED800D3D0CDCAC7C3BFBCB8B3AFABA6A29D9829
:106EE800948F8A85807B76716C68635E5A55514DA4
:106EF8004844413D393633302D2A28262422201F84
:106F08001E1D1C1C1C1C1C1D1E1F20222426282A7A
:106F18002D303336393D4144484D51555A5E6368EA
:106F28006C71767B80858A8F94989DA2A6ABAFB34F
:106F3800B8BCBFC3C7CACDD0D3D6D8DADCDEE0E14F
:106F4800E2E3E4E4E4E4E4E3E2E1E0DEDCDAD8D638
:106F5800D3D0CDCAC7C3BFBCB8B3AFABA6A29D98A8
:106F6800948F8A85807B76716C68635E5A55514D23
:106F78004844413D393633302D2A28262422201F03
:106F88001E1D1C1C1C1C1C1D1E1F20222426282AFA
:106F98002D303336393D4144484D51555A5E63686A
:106FA8006C71767B80858A8F94989DA2A6ABAFB3CF
:106FB800B8BCBFC3C7CACDD0D3D6D8DADCDEE0E1CF
:106FC800E2E3E4E4E4E4E4E3E2E1E0DEDCDAD8D6B8
:106FD800D3D0CDCAC7C3BFBCB8B3AFABA6A29D9828
:106FE800948F8A85807B76716C68635E5A55514DA3
:106FF8004844413D393633302D2A28262422201F83
:107008001E1D1C1C1C1C1C1D1E1F20222426282A79
:107018002D303336393D4144484D51555A5E6368E9
:107028006C71767B80858A8F94989DA2A6ABAFB34E
:10703800B8BCBFC3C7CACDD0D3D6D8DADCDEE0E14E
:10704800E2E3E4E4E4E4E4E3E2E1E0DEDCDAD8D637
:10705800D3D0CDCAC7C3BFBCB8B3AFABA6A29D98A7
:10706800948F8A85807B76716C68635E5A55514D22
:107078004844413D393633302D2A28262422201F02
:107088001E1D1C1C1C1C1C1D1E1F20222426282AF9
:107098002D303336393D4144484D51555A5E636869
:1070A8006C71767B80858A8F94989DA2A6ABAFB3CE
:1070B800B8BCBFC3C7CACDD0D3D6D8DADCDEE0E1CE
:1070C800E2E3E4E4E4E4E4E3E2E1E0DEDCDAD8D6B7
:1070D800D3D0CDCAC7C3BFBCB8B3AFABA6A29D9827
:1070E800948F8A85807B76716C68635E5A55514DA2
:1070F8004844413D393633302D2A28262422201F82
:107108001E1D1C1C1C1C1C1D1E1F20222426282A78
:107118002D303336393D4144484D51555A5E6368E8
:107128006C71767B80858A8F94989DA2A6ABAFB34D
:10713800B8BCBFC3C7CACDD0D3D6D8DADCDEE0E14D
:10714800E2E3E4E4E4E4E4E3E2E1E0DEDCDAD8D636
:10715800D3D0CDCAC7C3BFBCB8B3AFABA6A29D98A6
:10716800948F8A85807B76716C68635E5A55514D21
:107178004844413D393633302D2A28262422201F01
:107188001E1D1C1C1C1C1C1D1E1F20222426282AF8
:107198002D303336393D4144484D51555A5E636868
:1071A8006C71767B80858A8F94989DA2A6ABAFB3CD
:1071B800B8BCBFC3C7CACDD0D3D6D8DADCDEE0E1CD
:1071C800E2E3E4E4E4E4E4E3E2E1E0DEDCDAD8D6B6
:1071D800D3D0CDCAC7C3BFBCB8B3AFABA6A29D9826
:1071E800948F8A85807B76716C68635E5A55514DA1
:1071F8004844413D393633302D2A28262422201F81
:107208001E1D1C1C1C1C1C1D1E1F20222426282A77
:107218002D303336393D4144484D51555A5E6368E7
:107228006C71767B80858A8F94989DA2A6ABAFB34C
:10723800B8BCBFC3C7CACDD0D3D6D8DADCDEE0E14C
:10724800E2E3E4E4E4E4E4E3E2E1E0DEDCDAD8D635
:10725800D3D0CDCAC7C3BFBCB8B3AFABA6A29D98A5
:10726800948F8A85807B76716C68635E5A55514D20
:107278004844413D393633302D2A28262422201F00
:107288001E1D1C1C1C1C1C1D1E1F20222426282AF7
:107298002D303336393D4144484D51555A5E636867
:1072A8006C71767B80858A8F94989DA2A6ABAFB3CC
:1072B800B8BCBFC3C7CACDD0D3D6D8DADCDEE0E1CC
:1072C800E2E3E4E4E4E4E4E3E2E1E0DEDCDAD8D6B5
:1072D800D3D0CDCAC7C3BFBCB8B3AFABA6A29D9825
:1072E800948F8A85807B76716C68635E5A55514DA0
:1072F8004844413D393633302D2A28262422201F80
:107308001E1D1C1C1C1C1C1D1E1F20222426282A76
:107318002D303336393D4144484D51555A5E6368E6
:107328006C71767B80858A8F94989DA2A6ABAFB34B
:10733800B8BCBFC3C7CACDD0D3D6D8DADCDEE0E14B
:10734800E2E3E4E4E4E4E4E3E2E1E0DEDCDAD8D634
:10735800D3D0CDCAC7C3BFBCB8B3AFABA6A29D98A4
:10736800948F8A85807B76716C68635E5A55514D1F
:107378004844413D393633302D2A28262422201FFF
:107388001E1D1C1C1C1C1C1D1E1F20222426282AF6
:107398002D303336393D4144484D51555A5E636866
:1073A8006C71767B80858A8F94989DA2A6ABAFB3CB
:1073B800B8BCBFC3C7CACDD0D3D6D8DADCDEE0E1CB
:1073C800E2E3E4E4E4E4E4E3E2E1E0DEDCDAD8D6B4
:1073D800D3D0CDCAC7C3BFBCB8B3AFABA6A29D9824
:1073E800948F8A85807B76716C68635E5A55514D9F
:1073F8004844413D393633302D2A28262422201F7F
:107408001E1D1C1C1C1C1C1D1E1F20222426282A75
:107418002D303336393D4144484D51555A5E6368E5
:107428006C71767B80858A8F94989DA2A6ABAFB34A
:10743800B8BCBFC3C7CACDD0D3D6D8DADCDEE0E14A
:10744800E2E3E4E4E4E4E4E3E2E1E0DEDCDAD8D633
:10745800D3D0CDCAC7C3BFBCB8B3AFABA6A29D98A3
:10746800948F8A85807B76716C68635E5A55514D1E
:107478004844413D393633302D2A28262422201FFE
:107488001E1D1C1C1C1C1C1D1E1F20222426282AF5
:107498002D303336393D4144484D51555A5E636865
:1074A8006C71767B80858A8F94989DA2A6ABAFB3CA
:1074B800B8BCBFC3C7CACDD0D3D6D8DADCDEE0E1CA
:1074C800E2E3E4E4E4E4E4E3E2E1E0DEDCDAD8D6B3
:1074D800D3D0CDCAC7C3BFBCB8B3AFABA6A29D9823
:1074E800948F8A85807B76716C68635E5A55514D9E
:1074F8004844413D393633302D2A28262422201F7E
:107508001E1D1C1C1C1C1C1D1E1F20222426282A74
:107518002D303336393D4144484D51555A5E6368E4
:107528006C71767B67E6096A85AE67BB72F36E3C61
:107538003AF54FA57F520E518C68059BABD9831F36
:1075480019CDE05B982F8A4291443771CFFBC0B5C3
:10755800A5DBB5E95BC25639F111F159A4823F9216
:10756800D55E1CAB98AA07D8015B8312BE8531246F
:10757800C37D0C55745DBE72FEB1DE80A706DC9B30
:1075880074F19BC1C1699BE48647BEEFC69DC10FDC
:10759800CCA10C246F2CE92DAA84744ADCA9B05C18
:1075A800DA88F97652513E986DC631A8C82703B0DB
:1075B800C77F59BFF30BE0C64791A7D55163CA06E9
:1075C80067292914850AB72738211B2EFC6D2C4DF5
:1075D800130D385354730A65BB0A6A762EC9C281E3
:1075E800852C7292A1E8BFA24B661AA8708B4BC279
:1075F800A3516CC719E892D1240699D685350EF4A3
:1076080070A06A1016C1A419086C371E4C77482759
:10761800B5BCB034B30C1C394AAAD84E4FCA9C5BCF
:10762800F36F2E68EE828F746F63A5781478C88420
:107638000802C78CFAFFBE90EB6C50A4F7A3F9BE02
:10764800F27871C68D01020408102040801B3600B4
:10765800637C777BF26B6FC53001672BFED7AB7607
:10766800CA82C97DFA5947F0ADD4A2AF9CA472C0B2
:10767800B7FD9326363FF7CC34A5E5F171D831151F
:1076880004C723C31896059A071280E2EB27B27540
:1076980009832C1A1B6E5AA0523BD6B329E32F84B8
:1076A80053D100ED20FCB15B6ACBBE394A4C58CFB0
:1076B800D0EFAAFB434D338545F9027F503C9FA884
:1076C80051A3408F929D38F5BCB6DA2110FFF3D252
:1076D800CD0C13EC5F974417C4A77E3D645D197306
:1076E80060814FDC222A908846EEB814DE5E0BDB00
:1076F800E0323A0A4906245CC2D3AC629195E47937
:10770800E7C8376D8DD54EA96C56F4EA657AAE0890
:10771800BA78252E1CA6B4C6E8DD741F4BBD8B8A2B
:10772800703EB5664803F60E613557B986C11D9E91
:10773800E1F8981169D98E949B1E87E9CE5528DF08
:107748008CA1890DBFE6426841992D0FB054BB1634
:107758000102010001010100010203020100000011
:1077680030313233343536373839616263646566AF
:10777800303132333435363738396162636465669F
:10778800303132333435363738396162636465668F
:107798000000000000000000000000003B7DD85DF4
:1077A8002526561DC10709B950718F4477805F0996
:1077B8004A4FB7DA57F4EF77EF08B5904109FC85DF
:1077C800C77508C5692C8D7331D995009CBA175EA9
:1077D800199F1963C2CE3FB66B00A4058981BFCE3D
:1077E800ABD9787A96C9227DDF2B8A9D7EEE93A14C
:1077F800F2C20254B08930388CE3FC2999A1E02206
:1078080029B39E97E324611152CEC4C19CA4D3B777
:107818001B19F75BFA584B6FC787A17D18639D4A00
:1078280021E433A32CDCC94F385F61DA5D11AFB3B3
:10783800F3AB6F1FEF002CF9353BCA542FCADAA9F6
:107848009EDBE33DF22A9896869FB87E75888DA4C4
:10785800DA5FEB84C02270C9FDC3D04B04D8B0F8FE
:107868005F3FD32D9A1A440A1520C71356129B2B33
:10787800118E4332ADC6A8C155CF07E8FBA98BF2DC
:10788800EC247A8CA7BF3CD18C05252CBA57FBF683
:10789800BD5C9A0A03614624CF3206481B743E9E9B
:1078A800896E2AB27CF70C4AE2F5DB5D6756E93748
:1078B80045A45CE4562F0D3EDAD61FC7D6ED7B0FE4
:1078C800981EF93CF7C23AB02974E03B30E11976CA
:1078D8004BD46A75DDE8308163182E1A13F14253D0
:1078E8000B93F1B534DDAF14C10177DEB3BEE39479
:1078F8006274FDD1ED332A00C9D239279587B7457F
:10790800D0116772B2A794E588CE1A81D815DFC462
:107918003B0D803E1FAEF60EC165B89E2E9EC5FB80
:107928005295DEDD08B306908626581B93E42C9406
:10793800EB5C9FA8ACB0C46AB787606CB7A750056A
:1079480008C686B02179D127C7AF9EA0F93DCBC61E
:107958007DBB9E675CC5DCE24F34D2E40EA5039E76
:107968005B64B260057D78FD66C714C87AC092C2B0
:10797800A78C6FA235CE7214D27E3C198BFB535460
:10798800B9D99836F32498B8FC5722AEDD93F86835
:10799800D05871C7646F932596DBD112B5F16F9FEC
:1079A800CB1641D91063EB485FF02C167E6EE95177
:1079B800A6D33AF44A3E9C68F50A36FB63161411BE
:1079C800756752A9880AB842FAB857C914C194AD64
:1079D8004A241828892A6A5D7ACBCEC2BD256EC989
:1079E8007A6264DA0A113F5E78993CAE1972AE4445
:1079F800528ED58C917AF2838467BC3AF190E9C3B0
:107A08008ECB47061AE43F47DF7DA00F9A864F4D7D
:107A18006B460CF2942E990822B03252B245B665E4
:107A2800ABAFBDDE67835A234B6F1F84315EAB0655
:107A38003649537A9EB0CDA532CE4DA87DBBEA7C9F
:107A48002425591BD888244DFE9D4690128A76EB32
:107A5800C2CBF74B64367B82F434207D8B5285F49D
:107A68003652A997D53A813D355D814E8DD2DECC0F
:107A78006B423D4A9574DBBE868621A73989DEBBF9
:107A88007C97CC38E9C5B331292C3A2416D593BB59
:107A9800E3DF3A4E53C91DB374F38BA94441DF2386
:107AA8002DA04987FCC5FDF628960DB994C250FD56
:107AB80032E62BFC55BBECC97E3C317C99DB43AFED
:107AC80050B4633B6F953537D71CE359B973338688
:107AD80045A8631DDD76106546A9CCAD3CB087D4BA
:107AE800AC475B2EEF6EA869639B968FBB8A062C0A
:107AF80053B066ADA8E4F18A0A7B1358D11FE86039
:107B0800108D18C06710239139DD956E38D734DD94
:107B1800135B6EECF6C1DD36D2C0CF90F7017476F8
:107B2800451E3694C2F7BDBE59FA5A8656C268CF6A
:107B3800E892863F55F52E05790E723ECAD623ABDC
:107B4800561746BAD6998736D79F6274A528D6D0D5
:107B580022A1FA451E9B94C908E2A60A172B3E5C8F
:107B6800C53C01C2D3A9DC88A104ABAE3468A38AA2
:107B7800AA2E70CCCBE56EA697D7D91D9D0A95AED7
:107B88009A88713AA20DE18896B937496D63CC2578
:107B98008B299DE63871E6A6C9F07AD8347E591F3C
:107BA800117A230AA6F06649E5C1566FAF5DC86E23
:107BB8001DE83EFCBE6A608CAA1A3F9B92242228CC
:107BC800566825975E200C453883ABE369BE8F97CE
:107BD80080C8F6C299682842D4C4A218AC6EF85876
:107BE80008AEC6C57C63BC57D1095B8C437C26E5CF
:107BF800288DE521F3DB200CB42CB13FA96C5EC5C0
:107C0800177022A6BAC9ADCF729ECC731587A41F70
:107C180000C9511C1522CB870C8D3E448C1D834214
:107C2800EFA4442B55554D9F115B4130295D55C636
:107C3800C55344DB7FEBD12D0D055F683E8767BCDC
:107C4800600DD97C04F20FFF26C683D3AA56005FC5
:107C5800B1411A1227169176F41A9BE69930A0843E
:107C680027052C5C4BC5EED60592992A80B3E838D7
:107C78004C61AC68D72E59879476A682349471E803
:107C8800075D34A5F0C33D57BD8156262765670BB0
:107C98002A031C44F13B10F4FEA925EBD7C50C2E92
:107CA800354ABFBDBB38A97AA2AF4A6A6E4395C1AF
:107CB800DC12BE37A469C68F592FC467A70C70D9C8
:107CC80069177B20CCE3251338F4DA7D7A6A5633BA
:107CD8007BC07FE3AB2819BB2767A361E4DA8E0F6B
:107CE80014897B4E91EC3A983EC9AD2EC4B9B406BE
:107CF8003008CF9586A10EE7A884C523CBD81FB638
:107D0800687829B9EBA187E5040714FAFBF68336EE
:107D1800150F087693FBE104BEBEF87DD2898F73F8
:107D2800C970A199CC1E540BE40B0AB7A757A0033E
:107D3800A1CC303D6A3F99EBBC6276C9960FFD62D3
:107D48000D5B4953135C79830A172C323484740A07
:107D5800693738F27C600A3C51405338C9437DADDD
:107D6800812D269256B3D118C4BF45850955631194
:107D7800618558D67DB27BC01F8FCE734152219941
:107D880039A00B27864553ABB580620641020856D9
:107D9800135409945DCE40A27A239C0ED73938AF8C
:107DA800BD98ADF0E9ACF9954F78A35A48AD54AFFA
:107DB80085BD84C8C4DEB9CA63551BAFA22566CB8E
:107DC800DF7F68F235767CD987FC94DFF7BEC4DDA7
:107DD800A4992E635E0F157E8254A67DA8949D36C5
:107DE800BB3B99AF87A139D6AD8615B69671A5FD6F
:107DF800886F8630B2C1BF3909093727668195185F
:107E0800F4CE134379FCA957A8ADEC2B85DC803957
:107E180019D154F9E10A98D3884A9DC6B37FCCAAF0
:107E2800AFCF4214410C3E285E6F837442FAB7DD2F
:107E3800D06AA38B20E5167A913293CBB407A60AB1
:107E4800E6C898B9F03A6FC510DC49FDDE9E81940A
:107E5800205464771E78ACC2723BAA15B65199A615
:107E68005514015AAF755DE24A6FCA656A11EA4A4C
:107E78006C2C981DEDB41ECFBD48804281A6593F99
:107E8800847AE95AB04C4B7E98027FD2626C2B1EE2
:107E98001348D8ED9B6402D494C4BDFCAA1961634D
:107EA80030A60263723B7BBF6DE8149FC5C4662B86
:107EB8009AA5699D5A174F0624D8A5A4F54C8A3669
:107EC800FDD3DA9BE3DDA9C72D6DAE1696D24A8B9A
:107ED800121D005F45C113701728BF19CF19F49FF1
:107EE800B212941818CA7731A80C7D88DD0A64B6D6
:107EF800084E525A1D5CB6C4951E0BC2CF1BA6A1D4
:107F08009C6D9F14B368C1703ABE23E649E44E22C3
:107F1800E5777FD9DBC515BF663BFCE83BE4A7B92D
:107F280083669B791151D6EF523ABC60E8528F3E76
:107F38006E72011F1EFB17B7BB6DD55C6CB2527613
:107F48007C05671E2BF188DF6BD5CAE012F6B014EA
:107F5800378F69C1B58538303150AD27542C4470FE
:107F680072CF4A9148CC0EA7C5E9DA42B0D9EE34AF
:107F78001B6C4EE6B6A702EBB392A404BEAA241566
:107F8800E19750D3EAA7ABD1D45B2BB86A9C2D916B
:107F9800EC7D1E7561DF5BFC0B0AEBC2377222E0D9
:107FA80061A924C591CD9C27EA163ED4C1318D81A3
:107FB800240FCDC6C3C5690E2C5A9C704DF1CD5205
:107FC8004928B974340EB6949775834F1271439E3D
:107FD800A463B37AE6B27FD4AE523204488A889357
:107FE800CFB08D1E24A49A794FF335AB2C885BE172
:107FF80075E0775657BA5237F467CE565153D911B0
:108008000682B1AFD61143D372CA1165721D8C2F87
:1080180011C61B62056A6E1AB93E6BD95CCEAEC733
:10802800247A4337599E7B0AB68CFE38FC0BF9B389
:10803800BB4DF9B52C28B1ABA163E9ADE81458A440
:108048008548C98A47BA00222238325DECB2C27329
:10805800D4FB632D5BDEEE53BE286B9AAD97EA79AD
:10806800CD2050F6F9E72EABABA424F66F168DE8B9
:108078001E6893121457B14D717E345587AEE6A72A
:10808800A63BAABC6EEC9E05E78E91412C7808B7FA
:108098002538348AA75EB11605A0ED1D18277EF392
:1080A800D010053DA190D8D6235D2F79557015E7DE
:1080B8007828418FF9D4AF49CAF3594B62043B7011
:1080C800131BC486B3157C5B4062961A5C965E3DB2
:1080D8006140DDBEBB9EDF1D29121EB9FB3B842912
:1080E80096D48F2A99A6FBAEBECEC8F5F2A447E275
:1080F80064939E5E79FC36B8D3F9FC11A3EAB0A765
:108108009E0B3F6792289B9E67F5E793FC51CFDB58
:10811800FC3F5E4A1763C5AF9CCAE86D2252E5581A
:108128000777DBB525C90A9B6B43E6C0AA8AAB98DB
:1081380075C092E027793D7CA722D93AA835808B73
:108148009367BD05F75742B069FBCBB1301B1ADC0A
:10815800126EE833916E2FECD710121974C27EF5A7
:108168005FD711339A3927D0BB88062BB24C9F8230
:108178002E0BE08F790A57D5B57A9970AEFD7C2021
:10818800BE02680D1F4EB80AFB8AAB76ECA1E3FC71
:10819800552020CA400216E7203CCDF89B4A022908
:1081A80017B07F3FD82004C90415BF4C1765963413
:1081B80036B0370832C3C1DEC1D1CF20213C51B21D
:1081C80075470A62AE9182692BF2E0B5E16B115DE9
:1081D80036776ECA47805C6723DAD25774A1543A5F
:1081E800FD5FB17C3A11DB6176BD959E855CEB52F3
:1081F8005F8C40D85E6B49C0AB814812B20E988440
:10820800F4995F8A17282382C6C45E70EC43DFD0D6
:108218006FC1A0347FD448649B0D9D8B73D7A71979
:1082280053926142BEFE285755305A64A44B853696
:10823800ACCF5C39A36F3E7891BC850FB7ED985EE3
:10824800515975ED9ACA86607E724070D008919B2C
:10825800ED82F50EC3803C206F77199437F58901BC
:108268008E2D2F010BFF904EA57D0AE4507138B773
:1082780080C6FD822BFA2E9982B32CAEDB1187368D
:10828800C38FC318CFB99182F9C3F1412E6E6E1C0A
:1082980007E25D97D2DA93E2FF3CA230CF318E0835
:1082A800B4D69FA6036695FBB7DD54E5DA7F64551F
:1082B8002F3001AAD211910495FCC581BD37206CDD
:1082C8003ACC9AF84F19E0E63EE458471E0903EE07
:1082D800A8C545436F7DC04C7D6A417AA41BB4AAEA
:1082E800E7DD7AE44C699298F85AFC7C8AC00F461C
:1082F8003075DA0AA22C3F621677BA34ABC474948C
:108308001095F8AA8D51FB5BC5AA47E6DB420ABB6C
:1083180066248FED03BCC851E6E31B7E45CAB8331B
:1083280057BB53DCB49D4268817EB76BC032C91419
:1083380030B0EC0D371D3EBAC2A6AB8CA5C9B92327
:1083480045CB0AB381782F25C2BF3423A050A27130
:108358004BBA4EE8AEDE2915A6BB8B07D7DAD70095
:10836800D5E2525DA2D321058779AD348361D1D09E
:10837800F4CA2085D02B33B5BF4A1AC5E09F4B5E9F
:10838800B971B4C13491E8BB12C7C3B6B50E625512
:10839800578056DAE9BB38B4ACE4775574BF7F69C7
:1083A80071A1CC6FE7912FDBB8EFF3ABEF81132D01
:1083B80005DB3485717A0366F524A8CB04EBA2A209
:1083C8006465CCF89D2706732FFFD623F92348242C
:1083D800D40A0354C8C6C663B89F703495CF5FFCEF
:1083E800B36049A7E7C2F9816D14086A5B0AE99A84
:1083F800EE8D2F3C5B6D5B750FD36A1D28C4968B81
:10840800F81431767C8B7D5875642E3CAB59B31BC0
:10841800D18BA613EBBF9CEC13E4B2101E7A746BDD
:10842800D2B415E5CCBA5B1500B8E46FF0E7A894B0
:10843800092779DAB1D1715DC7D4C050808B6B1E22
:108448005966E7E9F5EB784EEA91D7C394DDBBE9C5
:10845800671A6BEE1BD7B848ADD3E5A8BD6EFEE82A
:108468008E3589F1CA841CD9F75CE58167CB8DD03C
:10847800028F29F71B6F1EA3538B1F812EF0DEB6C8
:1084880065DF8EA10FDDC3703DAA5784303BD5EE62
:108498002F9EC087791F01B2EDA0D4FD6982ACC7B9
:1084A80048E99FF4282332A9027899FAC3C4222103
:1084B800294BF666789D347CAF16C64F7DD8894F18
:1084C8004ACF745D096C5EDF067676EAD3A8A559B3
:1084D8001E23CA7096549FDA47CCAFE239FE88381B
:1084E800FDDC2BDB3723313EF863DDAE24816E09DA
:1084F800D3152D71D3B8CC5195FC86E213DA1FF74A
:10850800B138EFC4DC2054B30CF6CD9EDBB94F7BF9
:10851800A002C3B0A9FE6B136BFC778C34469F2E68
:10852800453ACF907FD61076257C4DFEF22F5580A8
:108538009B94E5B94D7C010E12CBE5057056CE9D96
:1085480082CDFBE3E55E1CC8F76337140F29EC9F67
:1085580041925819A5A1C2D05ABDC2ECD9E6E38F01
:10856800392CCB60FEF4D0ECD5B707883DB35579EC
:10857800F0FD26E0074B95C723BDA75DCCE2DA4B9B
:10858800FB534EE97046AF98BFF85B2A44E1A30C51
:108598005EF82209F95F390958589CC33C1C2EE73C
:1085A800EDE880BDE93200A26E0EF84E9F16BBE4DE
:1085B800A406DFFB34144DA5C45A001FB93C5CB3B4
:1085C800CCA28B7A986633EED673C959F8D38AE46D
:1085D8008F6FB274A5F91D79D0F052387C08647C8D
:1085E8001F930B673D000F8A31D611E21D36A47325
:1085F8004B14C8DB04F3798F0D737791BDA0B6CD0A
:10860800FA3F771A52ECC9B5EC16AC49A81D9B6A1B
:108618003D097A18E7BEDE2207E1F3B108BEED781E
:1086280027C4F10FBBC90A369235800F9A4488A532
:1086380076993719A22497E53BD0479126CC982BF9
:108648008264C4E443AFFDBD4E9AA6BDD4FB62DA92
:10865800B8E3BFF83EB5021F4A9800A91B85A1944C
:10866800BC30B77311CB7AB2AC84831515330DE7E0
:108678002D1301BBC6AA32FB8EEAE5358A5F102DA1
:1086880082FAFF4D7404A92C7B88BA266DA4C78D85
:10869800EE2B0DE9E50A84F7F3AA8D0ADA2DDB3A09
:1086A800CE964972EA33FB5E7D1F25F3408CDE9A35
:1086B80019A9E65201FC8C1204438418A4C5E4DF0E
:1086C800F29DC8C4C1C954EAB9E2AE2F7DF486EC64
:1086D800AD79D19C79EE56FB71E465E0A9B945689E
:1086E800214CA242587A22CA39C54FF46843A8AF30
:1086F8001786227F1EEC16816C71C6B5FDF66B8B52
:108708002823B507CD7E3C946AE916F13C314ABF6F
:108718005EDB84F7CBA090092CA380C5FB4D525497
:10872800089D8C1819A02617A43BAB4B867E099F81
:10873800EAA9997388C7D4A899CCD36659F5B84DD6
:108748009D3164B85F848F97588B79B56137A129BB
:108758000A2FF52B87346C77C34DBFA57CFA37BE3B
:108768006E935BF139296C7B63E2BB479DC7A819FF
:10877800121B757E35BF4CE5560542DC8CC5D1FC15
:108788003062B6779C0F07DA73D9F80591E2767FE5
:10879800F08417E62A07CF6BA991CF945A2853B7CC
:1087A800FF97AD33DB4A525287C02316F304B54511
:1087B800B1DFFE42E0F1A5AADD7000430039B2AA9C
:1087C800407F02434078BDAA39B505438061A1AA1C
:1087D800453E0A430049C1AA4C5D104380AAC5AA78
:1087E8004577184310D8B2AAD9252343001028A9E1
:1087F80053593143B0B694AA309A444380DECDAA87
:1088080089925F43F428A7AB78A78343A0DF1DAB09
:10881800CB52A34330F4042B40E4DC43E084BDAAEC
:108828003B083244D05A93AB404701459A069DC253
:108838002F96FAC4C098102BA10F22C4009EC3AA79
:10884800F8D2BCC3909C6DABEA1083C3C02F3FAA7B
:10885800C84746C3D0F83EAA27E41DC3A8EBA0AB7F
:10886800A41E02C3603914ABFACFDBC2404756AB33
:108878008525BDC2A048B0AAAD24A5C2405BCF2AB9
:10888800C0E291C2C8A601AB042082C20029922985
:1088980091066AC2AC7719ABD0E753C2E0039FAB2D
:1088A800080741C280B982ABB4C030C2007E69AB50
:1088B800309922C200F755A94B3116C24045942B76
:1088C800963E0BC20004B1280C8601C23040322B00
:1088D8009AB0F1C170690FAAD51DE2C1008934AB05
:1088E800D114D4C100A4FCAA8F61C7C1905F85AB25
:1088F800D2D8BBC1A474A9AB8556B1C1A08EA82A91
:1089080093BCA7C100FB02A94BF29EC130769FAB76
:10891800B4E496C10026CBAAC0898FC100DC96AB0F
:1089280019F388C1088FF32BA54884C12E6E1D3D0D
:1089380061FF71C12CC522AB5B686AC1004E4D2A2C
:10894800A0BC60C1849FA52CD15757C1F011292B19
:108958006E6F4EC1A0820EAB790846C1581BD4ABCE
:10896800DB1D3EC1E0130A2BE6A736C180C37CABF2
:10897800739E2FC1E8C4CCAB97F928C1D871102BCE
:10898800D7B122C1C018F22A41C01CC180E96EAB20
:10899800671E17C1208C6F2A53C611C1804D31AB99
:1089A80081B20CC194F46B2BC9DD07C180428AAB3C
:1089B800574303C1A2D19FAB2BBDFDC0402E122A45
:1089C8003356F5C040524EAB1649EDC050C20A2C82
:1089D8000C8DE5C0C023C1AAD518DEC020072DAB79
:1089E80030E2D6C080C7352AF4DCCFC0C008B6ABA9
:1089F8007AF9C8C0F02D5FABA221C2C0974DA6ACD2
:108A08009532BBC0D88B41AB45EEB3C000B6ADAA1A
:108A180028D4ABC0A0A8AB2AA59BA1C0C0CB3B2A39
:108A2800869890C088F6D02AB4A81DC04E3C0EBFC8
:108A380047FB00C120AF7EAB2C8CC0C040D260ABDE
:108A4800F13CB0C03098052B1813A7C0001AF2A843
:108A58006863A0C0C0EE50AA9FE69AC0B0218FAB51
:108A6800E41D96C0A89BD3AB39CD91C000A39AABA7
:108A78003BD48DC0403C982BA51F8AC00040EBA773
:108A88001CA386C08C99D2AC375683C07458E1AC0D
:108A9800F83280C0A0BE2A2BD4697AC0E83DBA2B30
:108AA8004EB174C0289340AB0E376FC00084AE2A15
:108AB800E5F669C03C32A0AB8AED64C094AA84ACE8
:108AC800771860C0C0C18FAAE5755BC0C0D0CB2A3B
:108AD800CE0457C0C0C67FAA13C552C0B81BA52C68
:108AE800C1B74EC0B87B83AB96DF4AC04044712BF8
:108AF800F94147C05012F62ADEE843C0A0FAC2AADC
:108B0800CAE640C0C8BCC02B2A603EC0007EB9A9D6
:108B1800C2A43CC0B0EC0CAB2D863CC04025C42A96
:108B28005D0841C0B0BF6DAB455865C07AA4813EB1
:108B3800B864D6BF002739AC17AF0FC0E086B7AB13
:108B4800048B14C0767D412D45F314C0000C6229B6
:108B580015EC13C0C0BEAC2A6C4712C0A0565DAB62
:108B68008A5510C00C1A7EAB703B0EC04094F9AB0E
:108B7800520C0CC012CA052CF5D209C0B0D926ABCC
:108B8800AF9507C08850EAAA525805C0002078ABB4
:108B9800251D03C07406122C73E500C0E00FD72B07
:108BA800A563FDBF00930FA9A904F9BF80D211AC3A
:108BB8002FADF4BF009EFDAA9F5BF0BF80F28DAB86
:108BC8007A0DECBF0C1A86AB2EBFE7BF00EC25ABC5
:108BD800C26BE3BF20519B29460CDFBF20BA6AABAA
:108BE800DF96DABF44F44D2B1EFDD5BF801A16ABB5
:108BF8000429D1BF664EE3AD3CF7CBBF645CDA2CE9
:108C0800FD2AC6BF28F812ABD451BFBF6026D4AB2B
:108C1800FC76B6BF575B1BACC11EA9BF80D6EC2B38
:108C2800762F8EBFE05B3AAB462D1EBE98BCFCBECD
:108C3800D28A3BC098320DACF6C6FCBFE0DD8AABE9
:108C4800E40DE2BFE07112AAF506D5BFC849672C4A
:108C58006A98CCBF80C9C5A97B46C6BF00D5A7A95D
:108C6800421CC1BFA03572AA24A7BCBFA0C3CBAB0E
:108C780022AAB8BF804B3B299D01B5BF80C8952A61
:108C88003597B1BF10FD22ABFD5BAEBF90FFBFAB08
:108C98007645ABBF74E5432BD64BA8BF2EEA062C0E
:108CA8000669A5BFA0AB192BFB97A2BF00BEAEAB50
:108CB80043D49FBF0884372BA7199DBF244BAE2BE5
:108CC800E0639ABF2011F32A3AAE97BF40F688AB0B
:108CD80031F394BF38F1D4ABDA2B92BF006AC4A841
:108CE800024F8FBF0000D328B34F8CBF605605AB2F
:108CF800991A89BF7CB6842B059185BFC0917FAB3B
:108D08007F7E81BF80AAD329010179BF4081002BD2
:108D180026896BBF44CB1E2CAA5056BFD006B4ABD5
:108D28004EB329BF18D69BAB98381C3E59D505BF02
:108D38000A500FC0E0E7F62A834DB6BF18F699AC83
:108D48002A1BA0BF8072962977A995BF28A74DAC8A
:108D580056268FBF8E9444AD796F8ABF623EA2AC0F
:108D68007EB286BF50CD8BABFB8C83BF80A4F12A2B
:108D78009CCA80BFD0A477ABAE997CBFF4C79DAC2A
:108D8800150178BFC09910ACF2B173BF4020B6AAE4
:108D9800659A6FBF8C84AD2B37AD6BBF484DE72B01
:108DA8001DE067BF929799AB982A64BF00ADB82CB5
:108DB8002C8560BFC08B68ABC7E85CBF048189ACF9
:108DC800334E59BF30D633AB83AD55BF001D37295D
:108DD8005FFD51BFC0CCDAAA06324EBFC474B92BAE
:108DE800C23B4ABF9872362C680446BF60E8892B9C
:108DF800CF6A41BFF89F992B3A3A3CBF3005C0ABC8
:108E0800641836BF646BACACAB5B2EBFF0A61C2DF0
:108E1800869923BF5CF60BAC9B2412BF5C028CAC1A
:108E28004006D9BE489E15ACC11B8D3E68A509BF3A
:108E3800BDE0E4BFA5377DAEEC5F8BBF586F87AB55
:108E48001D3D71BF48969A2B5CF65FBF80DD542AA2
:108E5800D87155BFC84EFEAB46024EBF408E82AB9E
:108E6800343D48BFFFE6E82C197943BF8092CCAB6C
:108E7800D05B3FBF006B1EAAC1B03BBFB0D232ABC4
:108E8800F25638BFD6023CAC693835BF8089092C08
:108E9800B04532BF60EDF72B4C732FBFE02F0F2D7D
:108EA80039B82CBF607F5F2BF30C2ABF00C80CAB0E
:108EB800BB6A27BF58E5CBAB13CB24BF702CAFAB35
:108EC800362722BF0056ADA78D771FBF2097DCAC91
:108ED800F8B21CBFF02C21ABCCCD19BFDCC6B62B29
:108EE80047B816BF041B83ABF85B13BFE023222CE3
:108EF8001D970FBFDC67E0ABCE330BBFB08466AB0A
:108F080086D505BFFFE5CD2C479CFDBE80BC27ABB1
:108F18004852E9BE1C22F5AB893DC7BE20AD9CACCA
:108F2800684E77BE8034522A08D9F23EBA4925BF26
:108F3800B364D3BFA02E1E2BCE976FBF10DDCA2AF5
:108F4800C3E949BFC60A97AB440B39BFA0762BAB20
:108F580024212FBF4C349FABF56328BF482100ABB9
:108F6800A45F23BF052A70AD9A661FBF50E323ACE8
:108F7800011D1CBF54E2462CC74D19BFA0505BAC65
:108F880032D816BF9641872B0EA714BF54F8042C6D
:108F980023AC12BF6505AFACABDD10BF50948FABEF
:108FA800DB340FBF43304FAD07AD0DBF00FB702C56
:108FB8001B430CBFF6EBAEAC50F50ABF3A97502DE9
:108FC80008C309BF40C92DABD0AC08BF8012DF2948
:108FD80088B407BFB04C3CABBFDD06BF88573AAB7F
:108FE800582E06BFF4FA43ACBBAF05BFF01ABB2C32
:108FF800007105BFB012292A348B05BFBE0A312C77
:109008003C2A06BFB475E0ABAAA107BFA044FCABDD
:109018004CA50ABF4200882B7F0911BFE07ECDAA6C
:10902800E48421BF072D88ADA58678BF431AB83ED2
:1090380038F4873D80AC71AA0A158CBEB24555AD8F
:109048001229ADBE4884F82B751DBABE803FBBAB54
:10905800A25FC0BE2C1150AB8F98C3BE3C644FAC0E
:109068002730C5BE11F6D12CEECDC5BEA0B3A12CBC
:109078002ACAC5BE96AEB62C8757C5BEF0AA74AB31
:10908800F194C4BE00C82CAA1696C3BE50DE1F2C8D
:10909800CD67C2BE3C7179AB8312C1BE80B4DCAA75
:1090A8009A9BBFBE48AFF42B3306BEBE00582B2B8D
:1090B800A353BCBEEC2025AC9D83BABE008C70AB1C
:1090C8003694B8BE1CA820ACAC81B6BEA238C12D5F
:1090D800F245B4BEB49956ABDDD7B1BE80A639AB64
:1090E800B829AFBE0091FAA8C426ACBE308C982B24
:1090F800B5AEA8BE283FA22BEF8CA4BE361C0AAC86
:1091080030669FBE804A622BC38D98BEB4B486ACCD
:1091180045918EBE54137D2DE35A7BBEA41542ACF7
:10912800432C30BE44B632ACDFC33C3E74C6D6BE18
:10913800B6C05FBF9B8994AC108304BF8051A7AAB7
:109148003968E3BE687F41AC327AD2BEE0DCE22BFC
:109158007C6FC8BE98FF80AB4984C1BEB09463AC35
:109168007B45BCBE4839EBAB7405B8BEC0D5092BEE
:10917800D067B4BE383533AC8836B1BEC4B3932C8F
:10918800954FAEBE20AA5A2C179CABBEC0A7F1AB18
:10919800B70BA9BE55C18DAC0B92A6BE0035322ABD
:1091A800F724A4BED503622CA3BBA1BE00DE502BBE
:1091B800AB4D9FBE202A852B77D29CBE727E8D2C0C
:1091C80084409ABE787457AB988C97BE1005822B52
:1091D800A3A894BEC077BCAA248291BE80829C2A90
:1091E80099FF8DBE0034CBA828FC89BEE09D8CABCE
:1091F800F03F85BE4022252B79E27EBE20C6B1AA6B
:1092080042EB6FBE70DFC12BEA535BBEF01C4B2CE8
:10921800AF3D3CBE7FE5972D2E0006BEB65DAE2C59
:10922800F33823BC97D136ACD232163F5E3C4BBFE5
:10923800D90E99BFD9430AADAC6319BF00BF58AA6C
:10924800DBF7F4BEC65FB4AC8FFBD9BEC05C92AB93
:10925800CF9ECABE0024EDABC98DC0BEB6913DAD50
:109268009D59B9BEC7E7D2ACC1DFB3BEB0968B2D4E
:109278009386AFBEB8F8E52B56F5ABBE06EB81ACCE
:1092880057F5A8BE53E584AC3763A6BE2A19052E48
:109298003C27A4BEFE05ACAC1E31A2BE98D20DABD5
:1092A8009375A0BE31CB90ACD8EC9EBE00FAC9AB8A
:1092B800D2919DBE1452022C8C619CBE1A9628AD88
:1092C800025B9BBEB636A62B197F9ABE80DA1C2A93
:1092D800E9D099BEA639882D475699BEF09B382CFF
:1092E800DD1899BE935BEFAC182899BEA0929B2B12
:1092F800BB9C99BE80E9092BD59F9ABE88B98A2C58
:1093080058799CBEE00FF5A93AB29FBE002F18AA63
:109318002871A5BE10BC80AAB8B5B0BE68780FADDC
:109328008E80CCBEE4926A2CA8EE2DBFC884D73EAE
:1093380019162D3E02CB87AC025BE3BD60CA442CF4
:10934800635729BE7706C62CE0FE3FBE96129DAD38
:109358004CA54BBEB88C18ABE74952BE66610C2DC4
:10936800213A56BE6C8F46AB078858BE78FC35ACA0
:10937800A0C359BED1C7D9AC363F5ABE28F7BD2BBA
:10938800832C5ABEE89D112CA1AA59BE607E662D79
:109398002CCD58BE3AD60AAC29A057BE333CD32CA4
:1093A8002F2A56BE38B291AB8F6D54BE00E7D4ACAD
:1093B800D86852BE68FD3D2CE81650BE8EFB20AC26
:1093C8007D6E4DBE942C942B4D614ABE40E076AB29
:1093D8005FDA46BE3143CCAC50BB42BEC8F464AC85
:1093E800B0D73DBE7B57AC2C14ED37BE50EA84ACE9
:1093F8009F9430BE22A90F2C3C2727BEB893B1AC4E
:1094080064831ABE8BFF6B2D438508BE0A530FADCC
:10941800C92BD9BDCAF2D12B5F146BBD4076562B30
:1094280045D4623D20CE16AB51F91D3F6E666EBF26
:10943800477288BFC4982DAC0A1B01BFF052D5AB48
:109448001C83C8BEA0EAB22BDEA9AFBE808DB2AB2A
:1094580062C6A1BEE843582B8CE098BE2829CCAB45
:10946800DAAC92BEC850AE2B5B198EBEE4B5882D1F
:1094780041958ABE39D4942CF1CC87BEB0735DACCB
:10948800E98C85BE62A405ADD5B383BE680F5C2C9C
:10949800562B82BEAB88D22D04E480BEADD203AD7C
:1094A80037A67FBE8061C62A29E27DBEE00E332D35
:1094B80092717CBEFD86862DE14D7BBE8E437A2E51
:1094C800AF737ABE6F9B2F2D8FE279BE8060382BE9
:1094D800379D79BE402371A91DAA79BE6080DAAB99
:1094E800AB147ABE78188EAC95EF7ABE1075392C0D
:1094F8001F597CBEB41CC3AC84837EBEB0A8D62BD7
:1095080052E380BEDEA0D82CAA6483BE00997BA952
:10951800CD7887BE6040952A2BF18EBE800BBD2A80
:10952800DB77A0BEA817CC2B5304F8BE6ECCA03EA8
:10953800648AE23C241F75AC830E13BE6C68022C4F
:1095480075AA36BED4CA19AC1B7346BE005166ACA8
:109558002DBF4FBEFC95F0AC0F3556BEC40FCE2CB8
:109568005F3F5BBE00B5A7AAC18A5FBE606FD6AC7D
:10957800577663BE3F38B62D4D3D67BE0028E72AB3
:10958800E4086BBE20A3B42A49F96EBEE1DF30AE11
:10959800792A73BEFEBF37AC60B777BE508505AC7D
:1095A80026BC7CBE145DEDAB202C81BE00A0C32878
:1095B800565884BE5729FD2D53F987BE8CF043AC0D
:1095C800A82B8CBE06002BAC6D1491BEF07C752CBC
:1095D80028E596BE4677562DD5E19DBE2035292B28
:1095E800BD6AA6BEAAD4EFAC300DB1BE00F88CABF4
:1095F800A3A1BEBE90D601AB8785D0BE44CA2CAC11
:109608004914E9BEC01B32ABCB6006BFD072AFAC09
:10961800BA8B22BF000D26A9927155BF0EBD89AC29
:109628005245A6BFC10DFF2C824468C0F19E9740E9
:1096380098655740586EA4ACFB88843FE88E312C5F
:10964800DCFE113F51817E2D2944BE3E006C16ABD5
:10965800E406863E445733AD14F2443E4CE8A6ABCC
:109668001E22143E8CCDDC2CA56FE13D50018FAC41
:10967800CDFBAB3D50BDB62BC476823DC4BE11AC0C
:10968800EF06433DD0A333AAE8E40D3D1493602CC4
:10969800F526C53C6850BE2B9E117C3C787685AD7E
:1096A800F405073CA137BFAD8CD71B3B005C10AA63
:1096B800C3931CBBF86316AB6FD6CABB14BFAA2CE6
:1096C800A34315BCE82636ABC57037BC6ADCD2AC00
:1096D800BD134CBCB28805ACCC9952BCC088EAA971
:1096E800178D49BC1926EEAC85362EBC602FC6AB4B
:1096F800D8D2F7BB3439022C7B7E2ABB9009D32BF6
:1097080091EDA73B8B3304ADE0AA8D3CA848E3ABB1
:10971800F5B6193DF01A86AA2D2E9A3D7550AFACB4
:10972800653D293E20C730ABA5BA1E3F0DE182BF7B
:10973800E98F3FBF48D315ACD32A96BED0308DAA47
:10974800FDB44FBED695562F3F5228BE1EEB9DAC9A
:10975800219F12BE571F482DF1E904BE605583AB07
:109768003FF1F6BD10F88DAA581CE9BDE41983AC89
:10977800177EDEBD61C8B72D9005D6BD0005AF299F
:109788005A09CFBD7907312C441AC9BD709A35AC36
:10979800B4EBC3BD64CCCBAB7246BFBD18E42CACF4
:1097A800D600BBBD1C1008AFD0F9B6BD008CF1AC1B
:1097B8009315B3BDE8ACED2B193BAFBD20D9D42B25
:1097C8001152ABBD7D9FCEADDD40A7BD50485CAC0E
:1097D80037EAA2BD0091CDAA132A9EBD40E2502AC5
:1097E800F5D098BD241817AC469C92BDE0C336ACA2
:1097F800D4288BBD01A5492D10D981BDE6AA8E2E8E
:10980800C83E6BBD003A072A590249BDC062082A02
:10981800018714BDFC7D2D2CAE505FBC80577CA900
:10982800239C1D3D30BE13ABD00C983E167223BF4F
:10983800BFF4F3BE0077FA2BCC365FBE56403DAC82
:1098480085DA29BEFECB4CAC91AD12BEDAD899AC04
:10985800818E05BE927888AB90FEF9BD74052FAC59
:1098680024C5EDBDE8156DAB6C76E4BD601E35AC66
:109878003A05DDBD52F8D92C85D4D6BDF155882DD1
:10988800C381D1BD68B6D42D2ECBCCBD00FF4329F2
:109898005582C8BD205D81A97E84C4BD70ADABACC6
:1098A80014B6C0BD30733C2DA1FFBCBD003BA1ABBD
:1098B800A74BB9BD9CFE5A2CD084B5BDC0C3FAAB2A
:1098C8003A94B1BD701A89AB765FADBD4CE514AD65
:1098D800FCC5A8BDDB4C2F2C699DA3BD107F2DAB0B
:1098E800A2AB9DBDFD2F8BAD079D96BD60890A2C4F
:1098F800EBF28DBDE2308FADFDE182BD48AB2FAB01
:109908006C1868BD7A263C2EA9BA3DBDB01A9F2CAA
:10991800EF3CF7BC52D341AC8865A1BAD63B96ACB4
:10992800E0A7873D2CDFB0ABD8A9CE3EFCFB6BBFD0
:109938002DE21BBFA7DC952C75128BBE9278D32C19
:109948006E4651BE12CC352DCCF633BE109A2DACD6
:10995800E4E223BEB0484C2CF0DD19BE717A382DF4
:10996800B42613BE00CA89285E750EBE802E2CABA5
:10997800CA1D0BBEB81F9B2BDABD08BEB83AF72B21
:10998800901A07BEE690C9AC6E0F06BE107A3E2D3F
:10999800F38505BE4129292DFE7005BE48808D2C12
:1099A80050CA05BEB08BEBAB3E9106BE806EB32BA2
:1099B80035CA07BE7CAE622BE07E09BE023851ADC7
:1099C800F1BE0BBE344D89ABA4A10EBE0032DF2917
:1099D8005E4812BE784AA92DFAE216BE80EBDFAACD
:1099E800F5B61CBE907F39ACCF2B24BE74B2C7AD80
:1099F8005FE12DBE46711D2DEBDA3ABEC335FF2C53
:109A080042D94CBE40EC0FAB1A2D67BEC09C93AB3D
:109A1800087988BE14C8492C1652AEBEE0786A2B65
:109A2800DA8203BF20F513AC47E6B0BFFCDF27405E
:109A380040C69C3FEDDA3FAC317DB63E38B70C2CC2
:109A48004F713B3E66171AADD717DF3DA018A32B01
:109A58002A038B3DDC1037AD83552B3D00697D2BE8
:109A68003854C33CFB4984AC69ED2E3C80CC772D3F
:109A7800C7A61F3AE0E923AA8A12F1BB9CA004AD4D
:109A8800FBC762BC1208D72B44B89DBCFC3D2AAD6D
:109A9800318FC3BCE2AC962C5991E4BC005618A98E
:109AA800E5FE00BD4E439AACBE670EBD0053FAAA50
:109AB80032EB1ABD785354ACD2E426BDB8ADFEAC37
:109AC80028AB32BD57869AACAF963EBD209DA9AB58
:109AD8008A094BBD2C54012C977958BD185A7E2CF5
:109AE800357F67BDF0EFEF2A44ED78BD48331A2D76
:109AF800A7FD86BD98769E2BE34A94BD8C48D02D51
:109B08008702A6BD31E216AD4839BFBD95A6BF2E66
:109B18001B84E6BDE985002D167D16BEA146AE2D37
:109B28001B9F68BE84A197ACEFDE20BFB6DFAB3FBA
:109B3800F26B133F40D2372BAAF2323ED09BA1AC36
:109B48000B20C23DE209702EDAD3783D48F89D2CEF
:109B5800EE442C3D41260D2D44D6F83C28D925ACA1
:109B68002C49B83C6D4872AD1CA48A3C305F972BD9
:109B780049DF523CB0CE0DAB3EE4213CD4B94CACED
:109B8800158BFB3BB888CFAA1F2BC73B28251C2C5D
:109B980030CCA23BEF4FA92CC1DB8B3B9024DAAB36
:109BA800A6A9803B00315329F32B803B001CE4AB72
:109BB80048DD893BC367352D17AD9D3B4CD2232C1F
:109BC80033FEBB3BC13451AD61B3E53BB049F92B22
:109BD8008B260E3C124CC9ACF50F313CC0B4A9AB76
:109BE800AF595D3C588DD82B0BDA8A3C20841B2B4F
:109BF800D329AF3C32239C2CF80ADF3C188137ACC0
:109C0800D939103D60864BAA2E573F3DE0B142AC92
:109C1800D17C843D5F9D3A2C4550C63D525F05ADD1
:109C2800E6722F3E882BDBAC6FBF0A3FA343B0BF61
:109C38009E5311BF7C3937AC339F49BEA03D08AB5A
:109C48004D16FABD5A5000ACF964B7BD10ACF7AB6D
:109C5800116891BD644B7AACF9B870BD66AFC1AC00
:109C6800535F4CBD59A2D22CA51230BDC04DAB2CB0
:109C7800AFC918BD1403B1ABA3BB04BDCE6972ADA7
:109C8800158CE5BCA42CDAAC5C45C4BC309B81AC1B
:109C98001C81A4BC361776AC315B85BC0EF007ACD2
:109CA8000A234CBCA7A888ACBEE10BBC001836AA96
:109CB800BC1691BBBC83C72C51D61BB8E316282D04
:109CC800CE599B3B80E797AB0A72243C00ACD8285E
:109CD8004C38833CFD80E7ACE6A8BB3CE40AA6AC64
:109CE8006017FE3CB62EFBADB61B273D80CF582C27
:109CF8009BD5583D000878297A608C3D88917FACC7
:109D0800BD55B73D9062B52C91A6F43D88ACC12CE9
:109D1800790A2A3E3073872AA44A7F3E74643EAC8F
:109D28001193E23E6316E22D23E7B33F9B0F80C0F9
:109D38001A77BDBF3B57AFAD556704BF08B4AF2B0B
:109D48005DD8A5BEB90F38ADA25676BE5C85EAAC23
:109D58006D7C46BE86FC69AC80A727BE041C4A2CD5
:109D680053F611BEDE24C3AC3EBA01BEEBC9002EC9
:109D7800FBFDE9BD1A13B12C4943D5BD5852652CDA
:109D880057D9C3BD06EEA1AD22D0B4BD903A50ADAF
:109D9800BE80A7BD60E71E2A5B719BBDD016BDAB18
:109DA8008E4490BD3C9C89ACB5AE85BD40290DACB8
:109DB80053DD76BD8C4C0E2D6A9062BD8200A8AC36
:109DC8007EFE4DBD665C9CACC5A538BD9077FD2C6C
:109DD80004EF21BD988DBEAB511D09BDA21C31AE4B
:109DE800B06ADABC6EB5932C16A999BC58DB832CE3
:109DF80044A317BC74F136AD8B992D3BBCBD16AD91
:109E08003D30963CCF9E992C1171253DF081B6AC22
:109E18006D4C983D80C9CAAB52E2093EE83FDEABC3
:109E2800A54D8C3E7889812D4AA9773F547D4FC036
:109E380047088EBFA0223CAA412AD5BEA8EFCD2B49
:109E480017EA8DBE83D0FB2DD96D5EBE60FED82B80
:109E5800CA173CBE4D0D272DED1426BE1E1D782CAD
:109E6800EFB916BE5CC9102C7F610BBE5A7E26ADB9
:109E780014A502BE502B932D696AF7BDDC6F89AC1F
:109E88003923ECBDF2A86EADBECDE2BDA841A02C31
:109E980020F9DABD24FD312DB856D4BDE03036ACFA
:109EA80087AECEBD0AD0882D3AD8C9BDE856502E07
:109EB800CDB6C5BD4AAEA2ACDB35C2BD9068E8AC34
:109EC800FE47BFBDF6D9A1AC0BE6BCBD5069E3ACFB
:109ED800F70EBBBD9959072DA0C8B9BD5E432BAC81
:109EE8009C21B9BDA0E98D2BE434B9BDF023B3ACF6
:109EF800CF30BABDB6864F2DD664BCBD804DFB2988
:109F0800A35EC0BD3BE11C2D332EC7BDF0E7FFACFF
:109F1800F41ED3BDE841C82B7B2DEABDD4B21EADDB
:109F28003A2A11BE100B542C5A5D90BE5CBF3F3FBD
:109F38004AD4103E00C4982A4F41953ADC773D2C0C
:109F4800BFDED8BCD55F502C4FC01BBD8BE9B22DEE
:109F5800664135BDBBA39AAD59F044BDD246552DD7
:109F6800F0694FBDFEE0F82BA4D556BDB4BFFAADDD
:109F780021585CBDF1DA4EAFD39B60BD8E037BAC3C
:109F88007A0B64BDEE1107AD42EE66BD6886162CED
:109F98007A7669BDC585A3ACDFC96BBD689331AC62
:109FA800A5066EBD3CB473ACC84670BD00A94D2D66
:109FB80076A272BD10E97A2B1C3275BD16AA31AD96
:109FC8005E1078BDC90E0D2D6D5C7BBDE8A344AC59
:109FD800183D7FBD0C51412CA2F281BD0010362ADC
:109FE8007CCD84BD800E93299A6188BD304D202C8C
:109FF80086FB8CBDB9AF3FAD0F1693BDB686552C09
:10A008008D849BBD2FD781AD66D5A7BD9A8768AED5
:10A01800775DBBBDCE9EAE2C2EC5DEBDD163462D71
:10A02800F5E418BE960193AD0784B4BED7069F3FEA
:10A03800DFF8833EF8283FAC412F5F3DCA38BE2C7D
:10A048005E3C643CCEAE17AC1B255EBB088CB12CC5
:10A05800C67E54BC2C3DAD2C98F39BBC3FF3282DF9
:10A068007F34BEBC0480962C683BD7BC1454732D37
:10A078004C55EABC149F2D2CE26CF9BC605D36AEE1
:10A08800CED902BDD8AF3FAB44F907BD4057D72B57
:10A098003F5A0CBD050A9BACD32E10BD400A022BBB
:10A0A800B89C13BD80C8832BAFC116BDE4D88FAD53
:10A0B8006EB619BD449E262DC4901CBD944434AD83
:10A0C80052651FBD7E54C92C2C4922BDA06D992C08
:10A0D800A65325BD00FBEDADADA028BD107781AC22
:10A0E80034542CBDA8D444ABC89F30BD8074C82A52
:10A0F8005CCC35BDE8A7F6ABE04C3CBD487386ACFC
:10A1080009E544BD80329E2B860351BDB0FCB5AB3A
:10A11800CDB663BD725A21AE967682BD9885212C44
:10A128006ADAA8BDE4B5E72C0DDF33BE25F2293F76
:10A138007AD8D33D8A05BC2CE882273C176C062DBB
:10A14800D1E20BBC0CFC632CC39388BC58BEB42C66
:10A158006542AEBC3057D2AB6ADAC6BCE8667CACA6
:10A168006A79D8BCC09903ADA2FDE5BC0CE8742D92
:10A1780085EFF0BCA02C06AB4736FABC25952C2EF3
:10A18800B13201BD29F5232DF3F004BD5BAE202DBE
:10A198000F7B08BD28F22AAD6AEE0BBD3CCB23AE7F
:10A1A8002B640FBDDAA110AEAFF312BDA0C0F4ACA2
:10A1B80077B416BDAF13612D01C01ABD70E66EAB42
:10A1C800CC331FBDA3BBB42CE73324BD63F506AF66
:10A1D80090EE29BD789DBE2C9CA130BD788120AD24
:10A1E80029A338BD306C22AB4E7042BD7812042DC5
:10A1F80068C74EBDA0AAE32B9BDA5EBDD1E4E3ACF1
:10A208005EB974BD0EBF36AC4D238ABD80D5462DD0
:10A218005EEAA2BD7284E1AC7982CFBD3AC234AEA7
:10A22800DBC81BBEB6A78A2CB9FACFBEE7730A40B3
:10A23800824CB63E4E32812D19D9D03D4B3D0D2D65
:10A24800BF94513DF9B4AB2C20CCF03CF0EFCA2CB4
:10A25800FBB38D3C003709AA6E3D1D3CE09A7FACEC
:10A268001B9E8B3B807451AA2B28B23980AC01AD60
:10A27800C9E62EBBDCD9D42B90B4A5BBF05E56AC96
:10A28800AD93E5BB39E7042D967C0DBC4AFC98AD2F
:10A29800E74A24BCE0D831AC062C38BC589E1DAC2B
:10A2A800D4D849BCD8764D2B8CE159BC58FD28AD83
:10A2B80035BC68BCF6F8B8ACEFCE76BCA0F73E2B40
:10A2C8000B3C82BC3E0D83ADDA0A89BCB86B14AC7A
:10A2D800AF0690BCD874462C246B97BC804465AA02
:10A2E800CC839FBC145FEF2BD2B7A8BC0066952C1B
:10A2F800279EB3BC2E7343ACEF23C1BCB5C6022E58
:10A3080054DCD2BC721DCDAD74BAEBBCC03CB42BCE
:10A31800CE0409BD3122882CA20F2BBD607633AC48
:10A3280045EA79BD5F919A2DF9B520BEBBC0803F43
:10A338008DBC053ED032FEACED1E0E3D3C6E43ADED
:10A348002FE57D3C60E7FF2BFEF5ED3B4863A02C35
:10A35800313B303BEAD6D7AC314361B9F83517AC5D
:10A36800D04011BB874712AC60C070BB2023062EBB
:10A3780038809CBB7BD9BDAC0A9AB8BBBCC2612CE7
:10A388004DE8CEBBE1E6202E04DFE0BBE0D05C2C3C
:10A39800A37AEFBB6F3B10ACF66BFBBB36CCE8ACDB
:10A3A800E09802BCD032462B299406BC0030D22952
:10A3B8009FC909BC219921AEC2510CBC1888EBABCE
:10A3C800AC3D0EBC6182E42D14980FBC6C11D1AC6D
:10A3D8009F6510BC141CCBAB6CA410BC1FDC94ADE7
:10A3E800974A10BC3FEEBDAC33430FBCC0229E2B36
:10A3F80051680DBC0870E8AB2D770ABC282BABACB4
:10A408001AF705BC33117B2D69FDFDBB0C83BF2CEE
:10A41800EE27E7BB10FE94AC5518BDBBDBDAEA2D7E
:10A42800CDAC33BB10FE2AAC96464C3CEB9D53BEDC
:10A4380006F507BDD276E32D203E93BC72CA83AEE3
:10A44800D48E74BC79FBA22C7F135FBC607FC5AD32
:10A458001C0D53BCC4F7152B854F4BBCA062842C34
:10A46800D6DE45BC3564A9AC52CF41BCB08CC62BF6
:10A4780063A53EBCDAEA2F2DB21A3CBC40E9582C41
:10A48800F5043ABC3C658CADF04938BC7CE34F2DF3
:10A498004AD936BC66F1922D34A935BC841D60AD0D
:10A4A8008CB434BCD7DAC82CE7F933BC308BDFACBA
:10A4B800197B33BC8080922C373D33BC3EFBB62CD5
:10A4C800F74833BCE0C7F4AA87AB33BC50344E2DF1
:10A4D8000B7834BC758E22AC14CA35BC540631AE28
:10A4E800C7C937BC009A4F2B06B33ABC87F0042F74
:10A4F8006AE23EBC96D59CAC41EE44BCA083742D68
:10A50800DEDA4DBCA69EE3ADC1945BBCECCC2FACAF
:10A518001B3C72BC364B202C12468EBC88C6402D84
:10A52800E6EFC0BC62DFC22CA81B61BD41311A3FF7
:10A5380075D4223D8282952C0DD2083CBC2CDA2D94
:10A548008C720E3BAC19442D8FB8D0B900CAADAA95
:10A55800D77DE7BA7C83502CF96F29BB60E6142AB3
:10A5680082A84BBB4207B5AC551762BBC0E291ABA2
:10A57800DFC970BB000933AB8F147ABB30C3E4ABBF
:10A58800F9637FBBBE06A6AD4CD080BB21E50D2E7E
:10A5980033B180BB26198D2D240D7FBBC7E620ADB6
:10A5A80075E07ABB8907CA2D0A0175BB4015B42C22
:10A5B800A17D6DBBC06D31AA045164BB1CAE4CAC0F
:10A5C8009F6159BB1C36952C8C7E4CBB807AD92C4C
:10A5D8006C593DBB90D5702B8D7B2BBB6E1C752E9B
:10A5E800393316BBC89D0E2C3FE6F8BAB0EBDCAC8D
:10A5F800352EB9BAC913492DF4C64FBA4C455BACD0
:10A608009ED708382DB6152D8EEE9C3AFC95042C55
:10A618003EF1433B392D122DC6DFC93BBC83C5AC87
:10A628008F905C3C626A34AE7B6F4B3D56B593BFEE
:10A63800ED2A70BDA77AF2AD63B9B7BC0C1CD92C52
:10A64800D6BA77BC2B41D42D0FA443BC20C5982B78
:10A658000C1626BCA8F083ACB5C412BC40A0912946
:10A668008AF504BC8C17FBABD5E7F4BBE89B122C2E
:10A678004F2AE4BB648E0D2C2459D6BBD8D438ACF1
:10A68800FB9ECABB9023272D2B71C0BB60C5A7AA10
:10A69800EF71B7BBD6BD252DDB5FAFBBD0CAA92BE9
:10A6A800350CA8BBBEC5192D1855A1BB78BF002D08
:10A6B800C6219BBB3655202D506095BB34CA432D0F
:10A6C800260490BBD940732C41058BBB54E0E3AC06
:10A6D800D25F86BB00F0222B7A1482BB0849982BE4
:10A6E8004E527CBB259D802EF75575BBF7CBD6AE59
:10A6F8002B646FBBE8F351AC27D26ABBD7D534AD16
:10A70800233A68BBF435F6AB5FC668BB70B964AC76
:10A7180040FD6EBBE7118EACE8BB80BB87B9472D07
:10A728005D399CBB2769B1AE2F8B1BBCA4ABEE3E39
:10A738008194AA3B903466AC56E2F9391426332D3D
:10A748001726C1B96033D8AC44E92CBA80EAEF2C9B
:10A75800090D49BA785A47ABB46E4FBAF01EAA2B06
:10A76800DA374ABA842B902CC8253EBA00DA412D34
:10A77800B8BA2DBA6C1D9A2CFA6A1ABA24A04EAD32
:10A788000C1E05BAAADBA9ACF7D8DCB9007E76ABFB
:10A798006880ADB9FD9AFCAE839A79B9F754A12EB9
:10A7A8002E6E16B93814832E160249B880858A8F02
:10A7B80094989DA2A6ABAFB3B8BCBFC3C7CACDD04F
:10A7C800D3D6D8DADCDEE0E1E2E3E4E4E4E4E4E38F
:10A7D800E2E1E0DEDCDAD8D6D3D0CDCAC7C3BFBC4D
:10A7E800B8B3AFABA6A29D98948F8A85807B76710B
:10A7F8006C68635E5A55514D4844413D3936333093
:10A808002D2A28262422201F1E1D1C1C1C1C1C1D32
:10A818001E1F20222426282A2D303336393D414454
:10A82800484D51555A5E63686C71767B0000004351
:10A8380096F347427D278F287CC0053CE501182800
:10A84800863E913DA1521328FC93BD3CB6BEB32869
:10A858008030103D2F8F6128ECE4FA3C253E8E288D
:10A868007367DB3C12D4AB2835A2E53C75768928A2
:10A87800DC26633CB0EB1B296DD86E3C32A9F1276E
:10A88800012ACE3C431CA328936B493C8B600F28BC
:10A898007403CF3CBEFA8B286BAE023CA09F5928AC
:10A8A8003921E83D4FD5862866CEBD3C7ECFBC28F1
:10A8B80039AD613CC55129283BD39B3C454CE02828
:10A8C80016F2543DEFF77529B138D23C1912C62655
:10A8D80003A2D03C0F8F08298A2E933DC1A5CA2810
:10A8E800F44A683D17580D2AC2BD513C470A1F2A31
:10A8F800AD72AA3C151BF128B3FA323C859A992906
:10A9080014A80F3DFCB482298DF5833C069A932840
:10A9180067C7563BB313CB285D5C1B3C7BA91C2A3D
:10A92800121C943C8975E1290DBEEE3B93832B28BC
:10A938000DBEEE3B6EA33728121C943C63E24F29F0
:10A948005D5C1B3C44C71D2A67C7563B3BC3AF2908
:10A958008DF5833C212E1C2A14A80F3D22B9FC2812
:10A96800B3FA323CCE58B428AD72AA3C6BA1A728E2
:10A97800C2BD513CC182A529F44A683D77E2CE297F
:10A988008A2E933DBC3AD62803A2D03C5B59552960
:10A99800B138D23C1EA61B2A16F2543D4953B029A1
:10A9A8003BD39B3C5F3E902A39AD613CBCEAFE2913
:10A9B80066CEBD3CEFBDBC293921E83D8274AC2987
:10A9C8006BAE023C97539B297403CF3CBE3E38299B
:10A9D800936B493C3F360329012ACE3CE3CA192A26
:10A9E8006DD86E3CBD2B0829DC26633CE2220A2A7E
:10A9F80035A2E53C1F96022A7367DB3C787EDB298B
:10AA0800ECE4FA3CFB4FD4298030103DF5BDB92A5F
:10AA1800FC93BD3CCA73792A863E913DE9AD8D2AE7
:10AA28007CC0053C5C563D2A96F34742B81C57D873
:10AA3800F1F5C17F190E279E86F781DEE155B05AE0
:10AA4800779FE741A12A6BFACDE47B230100000040
:10AA580002000000030000000200000001000000E6
:10AA680073717274000000007371727466000000E4
:10AA7800FB21F93FFB2109407CD91240FB211940F9
:10AA88007A6A1F407CD92240BBFD2540FB21294022
:10AA98003A462C407A6A2F405C4731407CD9324094
:10AAA8009C6B3440BBFD3540DB8F3740FB21394080
:10AAB8001BB43A403A463C405AD83D407A6A3F4037
:10AAC8004C7E40405C4741406C1042407CD942403B
:10AAD8008CA243409C6B4440AC344540BBFD454090
:10AAE800CBC64640DB8F4740EB584840FB214940E6
:10AAF80083F9A200444E6E00FC291500D1572700A7
:10AB0800DD34F50062DBC0003C99950041904300BC
:10AB18006351FE00BBDEAB00B761C5003A6E24008E
:10AB2800D24D42004906E00009EA2E001C92D100ED
:10AB3800EB1DFE0029B11C00E83EA700F535820098
:10AB480044BB2E009CE98400B4267000417E5F005F
:10AB5800D6913900538339009CF439008B5F840007
:10AB680028F9BD00F81F3B00DEFF97000F9805008D
:10AB7800112FEF000A5A8B006D1F6D00CF7E360033
:10AB880009CB2700464FB7009E663F002DEA5F00BD
:10AB9800BA277500E5EBC7003D7BF100F7390700E0
:10ABA80092528A00FB6BEA001FB15F00085D8D00BE
:10ABB800300356007BFC4600F0AB6B0020BCCF0096
:10ABC80036F49A00E3A91D005E619100081BE600B7
:10ABD80085996500A0145F008D40680080D8FF004B
:10ABE80027734D0006063100CA561500C9A8730020
:10ABF8007BE260006B8CC000000FC93F000F49402A
:10AC080000CB9640000FC9400053FB4000CB1641D3
:10AC180000ED2F41000F49410031624100537B4153
:10AC2800003A8A4100CB9641005CA34100EDAF4158
:10AC3800007EBC41000FC94100A0D5410031E2416E
:10AC480000C2EE410053FB4100F20342003A0A42BF
:10AC58000083104200CB164200141D42005C2342C0
:10AC680000A5294200ED2F4200363642007E3C42C4
:10AC780000C74242000F4942A2000000F90000004C
:10AC8800830000006E0000004E0000004400000039
:10AC98001500000029000000FC000000270000004B
:10ACA80057000000D1000000F5000000340000004B
:10ACB800DD000000C0000000DB00000062000000B2
:10ACC80095000000990000003C00000043000000CF
:10ACD8009000000041000000FE000000510000004C
:10ACE80063000000AB000000DE000000BB000000B5
:10ACF800C500000061000000B7000000240000004B
:10AD08006E0000003A000000420000004D00000004
:10AD1800D2000000E000000006000000490000002A
:10AD28002E000000EA00000009000000D100000029
:10AD3800920000001C000000FE0000001D00000042
:10AD4800EB0000001C000000B1000000290000001A
:10AD5800A70000003E000000E8000000820000009C
:10AD680035000000F50000002E000000BB000000C8
:10AD78004400000084000000E90000009C0000007E
:10AD88007000000026000000B40000005F00000012
:10AD98007E00000041000000390000009100000022
:10ADA800D6000000390000008300000053000000B6
:10ADB80039000000F40000009C000000840000003E
:10ADC8005F0000008B000000BD000000F9000000DB
:10ADD800280000003B0000001F000000F8000000F1
:10ADE80097000000FF000000DE00000005000000E2
:10ADF800980000000F000000EF0000002F00000086
:10AE0800110000008B0000005A0000000A0000003A
:10AE18006D0000001F0000006D00000036000000FB
:10AE28007E000000CF00000027000000CB000000DB
:10AE380009000000B70000004F00000046000000B5
:10AE48003F000000660000009E0000005F00000058
:10AE5800EA0000002D000000750000002700000037
:10AE6800BA000000C7000000EB000000E500000089
:10AE7800F10000007B0000003D000000070000001A
:10AE880039000000F70000008A00000052000000AE
:10AE980092000000EA0000006B000000FB000000C8
:10AEA8005F000000B10000001F0000008D000000DE
:10AEB8005D000000080000005600000003000000CC
:10AEC8003000000046000000FC0000007B0000008D
:10AED8006B000000AB000000F0000000CF00000095
:10AEE800BC000000200000009A000000F4000000F0
:10AEF800360000001D000000A9000000E30000006B
:10AF080091000000610000005E000000E600000003
:10AF18001B00000008000000650000009900000008
:10AF2800850000005F00000014000000A000000081
:10AF380068000000400000008D000000FF000000D5
:10AF4800D8000000800000004D00000073000000E1
:10AF58002700000031000000060000000600000085
:10AF68001500000056000000CA0000007300000031
:10AF7800A8000000C900000060000000E200000016
:10AF88007B000000C00000008C0000006B00000087
:10AF980000000040FB21F93F000000002D44743EF2
:10AFA800000000809846F83C0000006051CC783BD7
:10AFB80000000080831BF0390000004020257A380B
:10AFC800000000802282E336000000001DF369358E
:10AFD800020000000300000004000000060000005A
:10AFE8000000C93F0000F0390000DA370000A23342
:10AFF8000000842E0000502B0000C2270000D02241
:10B008000000C41F0000C61B000044170400000015
:08B01800070000000900000020
:10B020000024F400010000000C00002000000000DB
:10B030000000000000000000000000000000000010
:10B040000000000000000000000000000000000000
:10B0500000000000000000000000000000000000F0
:10B0600000000000000000000000000000000000E0
:10B0700000000000000000000000000000000000D0
:0CB08000000000000000000000000000C4
:0400000508000BBD27
:00000001FF
