:020000041000EA
:1000000000B5324B212058609868022188439860DF
:10001000D860186158612E4B002199600221596106
:100020000121F02299502B49196001219960352056
:1000300000F044F80222904214D00621196600F024
:1000400034F8196E01211966002018661A6600F04E
:100050002CF8196E196E196E052000F02FF8012189
:100060000842F9D1002199601B49196000215960AB
:100070001A491B48016001219960EB211966A021F2
:10008000196600F012F800219960164914480160C1
:100090000121996001BC002800D000471248134993
:1000A000086003C880F30888084703B5996A0420EC
:1000B0000142FBD001200142F8D103BD02B5186610
:1000C0001866FFF7F2FF186E186E02BD00000240BE
:1000D000000000180000070000035F00212200005C
:1000E000F4000018222000A00001001008ED00E03C
:1000F00000000000000000000000000074B24E7A12
:1001000000200420F7010010CB010010CD010010E9
:10011000C9010010C9010010C9010010C901001077
:10012000C9010010C9010010C9010010CF01001061
:10013000C9010010C9010010D1010010D301001045
:10014000C1010010C1010010C1010010C101001067
:10015000C1010010C1010010C1010010C101001057
:10016000C1010010C1010010C1010010C101001047
:10017000C1010010C1010010C1010010C101001037
:10018000C1010010C1010010C1010010C101001027
:10019000C1010010C1010010C1010010C101001017
:1001A000C1010010C1010010C1010010C101001007
:1001B000C1010010C1010010C1010010C1010010F7
:1001C000EFF30580103800BE00BE00BE00BE00BECA
:1001D00000BE00BEF2EB8871889D0010A49D001047
:1001E0003802001090A31AE71E481F49086006C88D
:1001F00081F3088810471D480068002801D019487D
:10020000F3E70DA40ECC002902D000F012F8F9E7B4
:100210001749184A002000E001C19142FCD116495B
:100220008847164988471649884700BEFDE701C937
:1002300001C29A42FBD37047A49D0010C000002069
:10024000280200200C9F0010000004200000042061
:100250000C9F00100010042000100420000000007B
:10026000704700000000000008ED00E0000000D032
:1002700028020020A0A30020B54B00102504001088
:10028000AD4B0010F8B5C046044B10B5002B03D0A1
:100290000349044800E000BF10BDC0460000000054
:1002A00004A10020D04E0010F0B505AC27781B0249
:1002B0007F023B43D2011343C2007820D02404259F
:1002C0001040FF222406A561266903437340920073
:1002D0001340E361BFF35F8F002901D06561F0BD7A
:1002E000A561FCE7174B10B51B78002B01D100204E
:1002F00010BD052002F010FF134B9842F7D1D02318
:100300001B061B68002BF2D1104B114A1B681340CF
:100310009342ECD180230F4A1B01516D1942E6D163
:10032000126E14001C401A42E1D1092002F0FAFEBC
:10033000094B9C46852360445B0083426441E0B2E4
:10034000D6E7C04638A10020406BED0700C0004052
:100350000100000100800040FDF8FDFF30B5FF25E1
:10036000D024AD0085B02406280002F0DFF923690F
:1003700019202B40E361656202F0B8F980239B04E9
:10038000A3610F48636202AA03AB01A902F02CFF2C
:10039000002812D00299039A019802F0E7FE094B57
:1003A000094A07201A6002F087FE082002F084FE46
:1003B0000122064B1A70FFF795FF05B030BDC0460D
:1003C0008807020000E000400100000138A1002081
:1003D000F0B5C646844600B5104B5A6A986A596A09
:1003E0008A42FAD11700FA22002306000021604653
:1003F000920004F0B7F980468C46084B5A6A986A16
:10040000596A8A42FAD11100801BB9418C45F5D84E
:1004100001D18045F2D804BC9046F0BD00400540B3
:1004200030BFFDE710B500F015F830BFFDE7C0465E
:10043000074B00B51860002383B000220021009311
:100440000133FFF731FFFFF7EBFF03B000BDC046FC
:100450009CA10020F0B5DE4657464E464546E0B525
:1004600083B0FFF77BFF002800D1B2E05D4B01268F
:100470009A46002398465C4B9B4643460022002147
:10048000002000930023FFF70FFFFFF72BFF00284A
:1004900000D19DE0042E7DD9082E00D896E0534966
:1004A00080223000120101F035FD002800D18FE0DC
:1004B000434600200093012200230021FFF7F4FEB1
:1004C000FA208000FFF784FF43460022002130001D
:1004D00000930023FFF7E8FE0120FFF779FFFFF705
:1004E00001FF041E74D0731E994653461F6843468D
:1004F00000220093012100233000FFF7D5FE0025E4
:10050000002F03D107E00135AF4241D0300001F0A8
:100510009FFD041EF7D143460022009300210023D3
:100520003000FFF7C1FE4B469B0099464A46304BD0
:10053000D550002C4CD0BD424AD1FFF7D3FE002845
:1005400046D0300001F08CFE002841D0300002F08F
:100550007DF84A46274B0136D05004239C46E2449E
:100560000D2E8AD1012400230122002100200094B5
:10057000FFF79AFEFA20C000FFF72AFF00230022AF
:10058000002100200094FFF78FFEFFF749FF22E0D3
:100590003D00C0E7802259463000120101F0BAFC4C
:1005A000002815D04346002000930122002300219B
:1005B000FFF77AFE701E43425841FA2340421B0166
:1005C0001840FA239B009C4660447BE70A4967E792
:1005D0003000FFF72DFF03B03CBC90469946A24681
:1005E000AB46F0BDD04E0010004F0010005F001071
:1005F0006CA100203CA1002000570010F0B5DE46A1
:1006000057464E4645460023E0B585B0C25CCC5CFB
:100610006240C2540133102BF8D19B469A468B445A
:10062000A031029182440300514603901A78564C3F
:10063000A25C1A7001339942F8D142794378427032
:10064000427A8A464271427B43734272827A83784D
:100650008270827B837283798271C27B8373C37859
:10066000C270C27A0400C273C279C3715B4683460A
:10067000C2720193237860789C46D9094B00C9184F
:10068000CB00C9186346C2095B0059405300D21819
:10069000D300D21843005A400300A678E77873408D
:1006A0009946F3095D005B19DD005B1975006B402D
:1006B000DBB20093FB0998465D00A8444346DD0089
:1006C00045447B005D404B46C9B27B40D2B24B40B3
:1006D0005340237063465E407E407240009E584007
:1006E000724062704B46624647405340EDB27740DD
:1006F00059406F404D40A770E5700434A245B9D110
:10070000019B58469B4600235C46C25CE15C4A4024
:10071000C2540133102BF8D19C46A346029BE344FC
:100720005B4580D15146039B1A78174CA25C1A7026
:1007300001339942F8D1427943784270427A029C5F
:100740004271427B43734272827A83788270827BE9
:10075000837283798271C27B8373C378C270C27AD9
:10076000C273C279C3710023C272E25CC15C4A40A9
:10077000C2540133102BF8D105B03CBC90469946C9
:10078000A246AB46F0BDC0462C680010F0B5C64688
:10079000802300B51E4F1B01FE5A8046002E33D029
:1007A000012464423A002500002307E0601C01D0C8
:1007B000A94221D001330832B34208DA1168A942B4
:1007C000F4D21C0001330D000832B342F6DBE40022
:1007D0002300FB18013E19689A88F3003C19FB18A6
:1007E00021CB21C480231B01FE52434640461960A1
:1007F0009A8004BC9046F0BDE10079189088898801
:100800008842D7D21C00D5E708235B421C00E0E7F2
:10081000EC240020F0B5DE464E4645465746002300
:10082000E0B580468C46914600209B4683B0002967
:1008300028DD43460122591ED21A01235B424B4454
:1008400061440193431C9C4531DD03000124434472
:1008500006E0FF2C0AD001340133E4B2994219D0EA
:100860001E785D78D7183800AE42F2D04D465E460D
:10087000AC550224A246D3445D461B78019C6355C7
:10088000BC45DFDC584603B03CBC90469946A246C6
:10089000AB46F0BD59464A46545442465B4649462B
:1008A000D25D0133CA5402239C46E344EAE7594629
:1008B00001234A46535401339C464346E344594678
:1008C0001B5C013A5354DDE770B50500081E0CD0DF
:1008D0002B786E1E13700123012906DDEC5CF15CA0
:1008E000641AD45401339842F8D170BDF0B54E4625
:1008F000DE4657464546E0B585B08146039200295D
:100900005ADD00239346984600221F0002934B466F
:100910004046185C5B461A705F70029B033301937C
:100920005B46987043465C1CA14235DDFE2C3EDDE3
:10093000032346469C46FE3EE3444B46981900235B
:100940009C469A464B461D19002306E0C75CEA5CAC
:10095000974205D10133FF2B02D01A198A42F5DBE9
:100960009A4502DAA21B94469A46731C013046450A
:1009700001D01E00E8E76346DAB253465444A0466D
:10098000DFB28C4210DB019803990A540298844626
:10099000421D614401920F71019805B03CBC904624
:1009A0009946A246AB46F0BD019B0293AFE70323F5
:1009B0009C460026E344C0E700230193ECE7C046D1
:1009C000F0B5DE4657464E464546E0B5AF4CA54429
:1009D000029001910392002800D1FDE08023019C48
:1009E0001B019C4200D9F7E0039D002D00D1F3E0EC
:1009F000842200212800520004F0AAF82900230ACA
:100A00004B700023251E0C708B70CB7000D1FDE065
:100A100000219F4A9F4804F09BF8802246ACD200F8
:100A20000021200004F094F800220298835C013237
:100A30009B001959013119519542F7DC80210901B8
:100A40008A46954980268946924923008C46012191
:100A500088469249E1448C468E4900228B46002507
:100A6000DC4476001C68002C10D08A4FD000BB46B6
:100A7000A9B25844046081805046013292B23A5281
:100A800044464846445564466800215201350433C3
:100A9000B542E7D1012A00D871E1A94606AB9846D4
:100AA0007F4C804BE61804A8FFF770FE4046FFF726
:100AB0006DFE4B4680205D1CABB2764945468C46A8
:100AC000CA469946734B00011B5A2D68DA006244EE
:100AD000AC46049901330091614411605146918004
:100AE0006C4A9BB213529B4604AB9B8880209C4669
:100AF00043469D88694B2900D218654600238C46E1
:100B0000400005E0614509D00133023283420ED036
:100B1000E15C0029F8D01188A942F3D15146118037
:100B2000F15C02320131F15401338342F0D15B4672
:100B3000012BB8D880200023002506A94000E25CE4
:100B4000002A01D04B55013501338342F7D1012DE5
:100B500051D02CDD6B1E9A460023984606AE7319C1
:100B6000C1461C00A84601239C46731CE1449C46D8
:100B7000C84505DC17E0954238D001339C4212D0BD
:100B8000494D3178AB46434A187852185A44157883
:100B9000404A12185A4412789542ECD930701970B4
:100BA00001339C42ECD16646D145DCD1454606ABCB
:100BB0009846002D00D17BE04246454402E00132D8
:100BC000954226D0334913788C46374963448C4686
:100BD00063441B78202BF2D901204042334B9D44C3
:100BE0003CBC90469946A246AB46F0BD8142C4D972
:100BF00030701970D4E7274A06AB944698462A4AC3
:100C00001B786344944663441D70D5E784204000FC
:100C1000E4E7254B1F4A0398D11880220830520080
:100C200003F09CFF4346204A18789446194B04AAC7
:100C30001B186344092494461B4E6444B44615496A
:100C40001B7809186144097800228B421BD20133BA
:100C5000DBB252009942FAD103000E488133844638
:100C6000FF33DB0063449A6019710132AC4228D033
:100C70000D4E2078B4460B00064901340918614432
:100C800009788B42E3D31900E6E7C046E4FAFFFF98
:100C900004140000EC240020020B000002090000F4
:100CA000EE2F002000FDFFFF020800001C050000E1
:100CB000344A354B0398D11880220830520003F093
:100CC0004DFF002300221C00029901982D4D8B5CE2
:100CD000AC468133FF33DB0063441B790132E418F7
:100CE0009042F3DC0399230A0A004B71230C8B71A9
:100CF0000932230ECB71FF3284230C71A0461400FD
:100D000000225B00CA540023994601339C4600230D
:100D10000021002007269A464A46029B9B5C1B4AFC
:100D2000DB009346174A5B4493465B441A785D6840
:100D3000013A02D216E0013A14D32B006746D340A1
:100D40003B40771ABB40275C01313B4323540829C1
:100D5000F1D101300021C3004345ECD25346235466
:100D6000013AEAD201239B46019BD9444B45D3DC8F
:100D7000CB17591AC90F08180930FF302EE7044C59
:100D8000D8E6C046EC24002002080000040C000055
:100D9000EE2F0020F0B5DE4657464E464546E0B5FC
:100DA000B5B08B4604A98C4603900F200292012215
:100DB0006044013B995C81540132112AFAD101232C
:100DC0009C4604AB013B019305AB99460F23984623
:100DD0004F4B10219A4664464E4F08AE04A80B2292
:100DE0008446012362445218D05C019DE8540133CB
:100DF000052BF9D143460B4250D004AB1B7804A815
:100E000084460A006244157801306B401374013245
:100E1000484507D00378157801306B4013740132D0
:100E20004845F7D10431B029D8D15B46002B6DDDA0
:100E3000013B1A0000930F239A435B46103B9B1A19
:100E40009846039B5D465B4499461023029F9A4651
:100E50000CE0310004A8FFF7D1FB103D3800102250
:100E600004A903F07BFE1037A8452FD02C00102DCD
:100E700000DD10244B462200591B04A803F06EFE2F
:100E80000F2DE6DC534604A922008C461B1BDBB267
:100E90006244137001329642FBD1DAE704ABD87892
:100EA0001A785B7804ADFB5CBA5C0093AD78385C73
:100EB0007D5DAC46634604AD6B705346EA701A5DC7
:100EC000009BA87053402B70013498E7009B1C09CD
:100ED000013424015B461B0710D1102204AB1A70A9
:100EE00001339E42FBD1310004A8FFF787FB029B30
:100EF0001022181904A903F031FE1034200035B077
:100F00003CBC90469946A246AB46F0BD0024E1E7C2
:100F1000206800102C680010F0B55746DE464E469B
:100F20004546E0B5CFB00EAF079038001EAC0B7849
:100F30004A781B0612041343CA7813438A78043193
:100F40001202134308C08442F1D1C02398463A00EC
:100F5000AF3B9C460A3BB8449B460B33474613269F
:100F60009A469046936B64461800E0411C00F44199
:100F7000604014689B0AA1465840536A51684B442C
:100F80005C46C0180B005546E3410C00EC41C90813
:100F900063404B40C318136404329742E2D1474682
:100FA000079B0197DA68596905929A691C6806924D
:100FB000434A5E6893467A1CFF320492069A9D6803
:100FC0009446059A18690392DB693E4A9A4691460F
:100FD000089409960A950B900C910D9302910CE0E0
:100FE0005F4608CFE2469946029B03950290350082
:100FF000BB4626009C4610000C000B210200062771
:10100000CA410100F941514002001337FA415140F1
:10101000029A1623024090466246474682437A402F
:10102000019F891804CF019789180D272200FA41E2
:1010300051444944914622000B3FFA414F467A40C1
:101040002700DF417A4037006F402740B9462F0024
:101050003740BA464F4653465F40B946039B9144DA
:10106000019FCA18049B4944BB42B9D1029B9846D0
:10107000089B9946079B49441960099989460A9932
:101080004C44894605994E4489460B994D448946FE
:101090004A441A610C9A5C6091461A0048449E606A
:1010A000DD605861069B434493610D9B6344D361AB
:1010B0004FB03CBC90469946A246AB46F0BDC046F8
:1010C00024670010982F8A42F0B546464F46D64610
:1010D000C0B598B06E4690463200414B81460C0038
:1010E00023CB23C223CB23C203CB03C23F2C00DC80
:1010F00074E040235B429A46A24457467F339F43A5
:101100004B464D464033DF19290030004035FFF78C
:1011100003FFAF42F8D15346980901308001814462
:10112000251A08AF2A004946380003F017FD80232E
:10113000681C7B5538284ADD40220021121A3818D5
:1011400003F006FD39003000FFF7E6FE38220021EB
:10115000380003F0FDFC5F222020E517630FED004F
:101160001D4381460023E1006A4407E02C00C4408F
:10117000200008331070013A402B0FD0202040424D
:101180001818F3D548462C00C01A84400800D840EF
:10119000083320431070013A402BEFD13900300062
:1011A0004446FFF7B9FE4246203408CE190E1170AE
:1011B000190C5170190A9170D37004329442F4D111
:1011C000202018B01CBC90469946A246F0BD38229B
:1011D0000021121A381803F0BBFCBCE72500A0E779
:1011E0000067001030B50D681C00AC46036863440E
:1011F000036025686B401025EB4123601568AC4601
:10120000634413600D686B401425EB410B60056867
:10121000AC4663440360206843401820C341236008
:1012200010688446634413600A6853401922D3410E
:101230000B6030BDF0B591B00E000A006D466B46F4
:10124000070010A802CA02C38342FBD10A246846E1
:101250000CAB08AA04A9FFF7C5FF0DAB09AA05A9A5
:1012600001A8FFF7BFFF0EAB0AAA06A902A8FFF765
:10127000B9FF0FAB0BAA07A903A8FFF7B3FF684696
:101280000FAB0AAA05A9FFF7ADFF0CAB0BAA06A985
:1012900001A8FFF7A7FF0DAB08AA07A902A8FFF74F
:1012A000A1FF013C0EAB09AA04A903A8FFF79AFF0E
:1012B000002CCCD1325908CD944663443B510434C0
:1012C000402CF7D111B0F0BDF0B557464E4645461B
:1012D000DE46E0B588466049A3B002915F49814689
:1012E00003915F49587804915E490002059119788D
:1012F0009246084399782C9A09040843D97809063C
:101300000143587906911979000208439979090433
:101310000843D97909060143587A0791197A0002DE
:101320000843997A09040843D97A09060143587B8E
:101330000891197B00020843997B09040843D97B73
:1013400009060143587C0991197C00020843997CE5
:1013500009040843D97C090601430A91197D587D87
:1013600000020843997D09040843D97D0906014319
:10137000587E0B91197E00020843997E09040843A8
:10138000D97E090601430C91597F187F0902084351
:10139000997FDB7F090401431B060B430D93012357
:1013A00051780E9313780902194393781B0419435B
:1013B000D3781B060B4351790F9313790902194314
:1013C00093791B041943D3791B060B43517A10936D
:1013D000137A09021943937A1B041943D37A1B0623
:1013E0000B4311934346002B32DD00230326009369
:1013F00012AD280002A9FFF71DFF4346009A9A1A72
:10140000402A00DD4022009900230800494450444E
:1014100037009C10A4001F402C59FF00FC40CF5CFB
:101420007C40C45401339A42F2D1009B9C469444C0
:1014300062460E9B0092019301330E93E045D8DC87
:10144000009823B03CBC90469946A246AB46F0BDFE
:1014500000230093F4E7C046657870616E64203322
:10146000322D62797465206B70B500291BDD012374
:101470000400461801200D4D5B4221784B400821A5
:1014800004E05B0801396B40002905D01842F8D10F
:1014900001395B080029F9D10134B442EDD1DB43B5
:1014A0000020136070BD0023FAE7C0462083B8ED2A
:1014B000F0B557464E46DE464546E0B599B0824601
:1014C00089461792002800D1A5E1002A00D1A2E1A7
:1014D0000B008022013B1201934200D39BE10A00E2
:1014E0001A401692194200D095E10B0000260129FE
:1014F00003D001365B10012BFBD100220023771EA5
:1015000093465246B846012537001E000092002F30
:1015100000D17CE10023002441462A009A40164273
:1015200003D02800CA1A9040044301339F42F4D1EB
:10153000BB4B88469A46BB4BA4009C46A2446444DD
:10154000009B985D03F085F9534618605B460136B1
:101550002360B145DBD11296002F00D10FE17B1C37
:1015600015930023B04CB14E08930994B04B0C93E3
:10157000012314938020012314990006844632002D
:101580008B4062440B921A009446042210938A40C6
:10159000DB0F63445B100D939B009A46002313926C
:1015A0009F4A11930F929F4A0E92109B012B00DCD1
:1015B000B6E00E9B002499460F9B984600239B465D
:1015C00000230093019400239A4C02930394434612
:1015D0005246985803F06AF94B4652460400985810
:1015E0000D0003F063F9029A039B06000F00200030
:1015F00029000694079502F046F8009A019B040022
:101600000D003000390002F03EF802000B0020000F
:10161000290002F008F8029A039B0490059130001B
:10162000390002F030F8009A019B04000D00069882
:10163000079902F028F802000B002000290001F0B1
:10164000FBFF434606900791186803F02FF94B46BD
:10165000040018680D0003F029F9220006000F00AD
:10166000049805992B0001F0E7FF02F08FF843463C
:10167000320018603B000698079901F0DDFF02F088
:1016800085F84B4629001860049A059B200001F05C
:10169000CAFF02F07BF8434651465850069A079B12
:1016A0003000390001F0BFFF02F070F84B4652469F
:1016B0009850029E039F089A099B3000390001F060
:1016C000E2FF009A019B04000D000C980B9901F0B9
:1016D000DAFF02000B002000290001F0A4FF089AA5
:1016E000099B029003910098019901F0CCFF04003E
:1016F0000D0032003B000C980B9901F0C4FF2B0049
:10170000220001F099FF01239C460333E3449C46E9
:101710000D9B00900191E044E1449B4500DA56E7BF
:10172000109A0F999446119B139A080063449446AB
:101730000E99129A6044614411930F900E91934256
:1017400000DA32E7149B1599013314938B4216D0BB
:101750000120984001F0EAFF02000B0036483749AB
:1017600001F073FF04000D0002F048F80C900E0029
:101770002000290002F02CF808900991FAE6284B85
:101780009846284B9946179B9A46129B9B004344C8
:101790009B46434601CB984603F088F84B4604002D
:1017A00001CB0D00994603F081F8220006000F00DE
:1017B0002B002000290001F066FF320004000D001C
:1017C0003B003000390001F05EFF02000B002000FA
:1017D000290001F031FF01F0E5FF040012980D002F
:1017E00001F0A4FF0B0002002900200001F02DFFF2
:1017F00001F0CCFF534601C39A46D845C9D116988B
:1018000019B03CBC90469946A246AB46F0BD044B8D
:10181000044C9A4694E601235B421693EFE7C046D8
:10182000F0580020F03800200000F0BF26A6A13CB0
:10183000075C14330000F03F182D4454FB2119407D
:10184000F8B55746DE464E4645468A46E0B59346CD
:10185000071E99463ED0002A3CD04B46002B39D07B
:1018600000292BDD0A9B4E465C42002398460A9BCA
:101870004B441D000A9A43460020002A26DD002B17
:1018800004DB5A42B15CFA5C4A438018013BA34234
:10189000F5D14B4600211A7801338918AB42FAD1B1
:1018A000002912D001F08AFE5B464246985401237B
:1018B0009C46E04401340136C245DBD100203CBCEB
:1018C00090469946A246AB46F8BDC0B25B4642463A
:1018D0009854ECE701204042F1E7C046F0B5454698
:1018E000DE4657464E46E0B58BB01D00039007918B
:1018F0000292002800D1E0E0002A00D1DDE0002DB6
:1019000000D1DAE0159B002B00D1D6E0149B002B10
:1019100000DCCDE05E19002200232F00A846140051
:101920001D00387801F002FF02000B0020002900A2
:1019300001F082FE013704000D00B742F1D1089496
:1019400009954546079B002B00DC91E0169B01950D
:101950005B429A46159B9B46149B5B42994600232B
:101960000693149B002B00DC91E00022002316005C
:101970001F004D46069C002C0FDB019A6342D35C8E
:10198000039A105D584301F0D1FE02000B003000B5
:10199000390001F051FE06000F00013CAC42EAD1D3
:1019A000169BA94604960597012B00DC77E0069B61
:1019B0000026013B984600274346002B19DB5A4678
:1019C0005B42D05C01F0AEFE4246029B0400985C94
:1019D0000D0001F0ABFE02000B002000290001F019
:1019E00052FE02000B003000390001F025FE060017
:1019F0000F0001235B429C46E044D045DCD1089CAB
:101A0000099D002200232000290001F085FE049A90
:101A1000059B002834D03000390001F00DFE220073
:101A20002B0001F012FE04000D00254B00222000C7
:101A3000290001F071FEFF23002808D100230022B5
:101A40002000290001F062FE002300282AD0069A17
:101A500002998B54531C01229446019A0693013239
:101A60000192079AE244E344E1449A4200D078E7C5
:101A700000200BB03CBC90469946A246AB46F0BD58
:101A80003000390001F0D8FD04000D00CDE700233F
:101A9000002404930594169B012B00DD87E70026A4
:101AA0000027ACE72000290001F058FEC3B2CEE7C2
:101AB000002300240893099444E701204042D8E71A
:101AC00000E06F40F0B54E464546DE465746E0B56D
:101AD00087B005000E00019002910392002869D0A2
:101AE000002A67D0002965DD080002F0B7FE011C5E
:101AF000041C02F057FE02F0D9FE02000B002F4832
:101B00002F4901F0A2FD01F041FE8146FE20211C7B
:101B1000800502F04AFE02F0D3FE05908020211CD1
:101B2000C00502F042FE02F0CBFEB446B20093467E
:101B300065440022AA4604900092009F00247B0086
:101B400098465E46019D3800310001F037FD0800DF
:101B500002F07FFE494602F03CFE02F0C1FE8346E1
:101B6000287802F076FE594602F033FE011C201C54
:101B700002F018FE0135041C4744AA45E3D1009B3E
:101B8000B346002B14D00498211C02F022FE009EC4
:101B9000039BB500029A5851731C00939A42CCD112
:101BA000002007B03CBC90469946A246AB46F0BD2B
:101BB0000598E9E701204042F3E7C046182D445458
:101BC000FB210940F0B55746DE464E464546924B4E
:101BD000E0B51B68914C9A468423A5445B009A4566
:101BE00006D38F4B1B689B468E4B5B689B4509D089
:101BF0000020B1239B009D443CBC90469946A246E0
:101C0000AB46F0BD874B9A68D31DDB080933FF3321
:101C100001929A45ECD15B465B019342E8D30DAC4F
:101C200084220021200002F093FF842200212EA8AC
:101C300002F08EFF842200214FA802F089FF79482C
:101C4000784A0D3000210C32FF3009E0002B04D01F
:101C50009B00E55801310135E5500132824203D045
:101C60001378202BF2D9C3E75B46002B62D0002902
:101C7000BED00023002299469C46002300258020E8
:101C80000292039353460127674940000B930A953C
:101C90006346049300230593049D059E029A039BCB
:101CA000521973414D4692185B4108920993029272
:101CB000039363195D68002306950793AC46029A67
:101CC000039B069D079EAD185E412A003D00330030
:101CD000203DA84626D446460125B540A846012504
:101CE000BD40434500D983E72AD0089A2EAB4B4428
:101CF0005A600A9D4FAB4B445D600023CA5CBA42F8
:101D000005D1C8260CAA7600921953550135013326
:101D10008342F3D101370A95212F14D0042398462A
:101D2000C144B5E72025ED1BA84601254646F540F0
:101D3000A846D4E7019B194348424841C0B258E73E
:101D4000AA42D2D954E70B9B9A46019B002B00D1A3
:101D50004EE786230020334A5B00D35C02900130BB
:101D6000012100228146DB1111E02E4DD008AC4646
:101D7000072560440D30FF300078954328414D46DB
:101D80005B00284001310343212900D130E788005E
:101D90002558002D23D088270CAEF6193658B446A6
:101DA0009E421CD89E1BB54219D902990D008B4545
:101DB00000D81DE70CAE8437F6193058C8261B181A
:101DC000604676001B1A0CA88019C05C174B0131C5
:101DD0005B5D984200D00BE702910023002101983F
:101DE00001328242C1D107200400144010420AD0BF
:101DF000082301221B1B52429A400A4B5344DB78B2
:101E0000934300D0F4E6029B00209B4500D0F0E60F
:101E100048424841EDE6C0461CA100203CFDFFFFC2
:101E2000FCA00020AC030020B8030020FC98002098
:101E3000F0B557464546DE464E462F4BE0B51F6887
:101E40002E4B80461B68002083B0BB4242D1002F3E
:101E500038D08023DB0000249946294D294E16E016
:101E6000B378002C43D06878C31870784000C3184A
:101E7000012C3CD030782A788018C018FF234845C0
:101E800037D30134AB7001360135A7421AD043462F
:101E9000002BE5D100200190B01C8446E0430122D4
:101EA000824619496046C05C424301988346934488
:101EB0005A4601921A1D14D0013B0431534510D0EB
:101EC0000A68EFE73A001149114802F073FF4342F4
:101ED0005841C0B203B03CBC90469946A246AB46BE
:101EE000F0BD0921019801F069FBC3B2C9E79B0865
:101EF000C7E78008C3B2C4E7FCA000201CA10020F3
:101F0000E61C0020FA980020909C0010B0030020EE
:101F1000E81C0020F0B50023C64617003E4A00B575
:101F200013703E4A3E4E13603E4A33601360431EB8
:101F3000040090460B2B23D880231B019F421FD8FF
:101F4000002917D009285DD00C281DD0002F1DD1E5
:101F5000354B364A364913605350364A364913607A
:101F600053500022354B1A700023354A012013705C
:101F7000346006E0002F03D1092801D00C28E7D1F6
:101F8000002004BC9046F0BD002FF9D02D4D3A0042
:101F9000280002F0E3FD4346244A25491F60224BF6
:101FA000535013602449234A5350136080231B016C
:101FB0009F42D6D12900244AEF1802E00131B942EC
:101FC00026D0530353405A0C53405A015A400878C4
:101FD000D3B29842F2D000228020184B80211A7090
:101FE0001A4A002394467F27000106E0013383420A
:101FF00010D03A0061461A40895CEA5C8A42F5D00A
:102000000023B2E7002FBBD07B1E1F42BED0B7E734
:102010000122E1E70123A8E73BA100201CA1002049
:10202000A8030020FCA00020216DA783F4780020E5
:1020300004200000AC0300200C19000039A100208E
:102040003AA10020FC9800204D3C2B1AF09900107A
:10205000F0B5CE464746002380B56D4A6D4D1268F7
:10206000040089B02B70824206D1002804D06A4E49
:102070006A4932688A4205D0002009B00CBC9046FB
:102080009946F0BD664971589142F5D1654A90462E
:1020900012688A42F0D14046634941589142EBD1DF
:1020A000624F3B600C2CE7D8614AA300D3589F468F
:1020B000604B614A196861489946FFF703FD0028A3
:1020C000DAD14B46186880000028D5DB534A3368C4
:1020D0009342D1D1524AB2589A42CDD143461B685D
:1020E0009342C9D14146504A8A589A42C4D1386075
:1020F000092C04D00C2C02D0514B9842BCDC01239B
:1021000001202B70B9E769464E4B4C481A888A82E9
:102110009B784D4A8B75118806AB198092789A701E
:10212000444A01939146032249460292009209686B
:10213000464A05ABFFF7D2FB00289DD14B461868F5
:10214000C2E7434A06AB11683C48069112791A71FE
:10215000384A914605224946009209683B4AFFF7F2
:102160006FFB0028EAD087E7324B334A19683348BF
:102170009946FFF79DF90028A3D07DE70023069339
:102180002C4B2E48196806AAFFF76EF9002800D0DC
:1021900072E7069B0420736098E7264B2B4A196868
:1021A0002C4B264800932C4BFFF78EF88CE7214BE5
:1021B000264A19682148FEF787FF85E71D4B234A09
:1021C00019681E48254BFEF7E5FD7DE7194B1F4AB0
:1021D00019681A48FEF7F4FB76E73200154B1748EA
:1021E000196808327160FEF781FB002800DA43E7C6
:1021F00004306BE70F4B154A19681048FEF764FB73
:1022000062E70C4B114A19680C48FEF703FB5BE7C9
:10221000A80300203BA10020AC030020216DA78370
:102220000C190000F4780020042000001CA10020FC
:102230003C690010FCA00020F8780020FC980020E9
:10224000081900002C69001030690010B00300204C
:1022500034690010D4690010B4690010A46900103A
:10226000F0B5DE4657464E464546E0B5CA4B04003B
:102270001B6883B0834208D1C84B1D78002D04D061
:10228000C74EC84A3368934208D00025280003B0DF
:102290003CBC90469946A246AB46F0BDC24AB258F5
:1022A0009A42F2D1C1490B689342EED1C04A8A5892
:1022B0009A42EAD10C28E8D8BE4A8300D3589F46F8
:1022C0000120FFF7B5FD0500E0E70020FFF7B0FDB6
:1022D0000500DBE7B84B1D78002DD6D0B74B196849
:1022E000B74B8A001B689A42CFD10029CED0B54A9D
:1022F000002792468B46A146019533E00F233B42CF
:1023000000D042E1B04A3B099B009B58AF495800BE
:102310004008984602F05DFAAD4902F043FA061C07
:1023200053461C6865006D08AA49281C02F085FA0E
:102330000028AAD1A749281C02F07AFA0028A4D1C3
:102340004146201C02F02BFA40004008311C02F0EC
:102350006FFA002899D104239C460137E244BB451B
:1023600000D116E14B460C2BC8D19B4ABB00D35879
:102370009649984653461C6843465800400802F068
:1023800028FA964902F00EFA061CCBE7944B1D780A
:10239000002D00D17AE78A4B00251B68042B00D062
:1023A00074E7904B75689C4665446B425D41EDB2A5
:1023B0006CE78B4B1D78002D00D167E7804B002523
:1023C0001B68202B00D061E720228749874802F054
:1023D000F1FC45426841C5B258E7814B1D78002D9C
:1023E00000D153E78123764A002512681B019A42E7
:1023F00000D04BE77E497D4802F0DCFC4542684155
:10240000C5B243E7FFF7DEFB05003FE76C4B1B68F7
:102410000193032B00D838E7684B1B689846736814
:10242000434500D031E704239C46E1464A46714BC0
:1024300000279A46704B4D469B46019B9B1A5B08B2
:102440005B004B449C46B84500D8DFE0654500D1B1
:102450001BE75346AC1C195D002975D1019BA946A9
:10246000A34200D811E703239C4634192379624A1A
:10247000E144D3554A46019B4D469B1A5B085B00DD
:102480004B449C460137DEE74C4B18684C4B1B68AD
:10249000834200D0F9E6002800D1F7E600210023AE
:1024A000524E564C03E00131884200D1EEE6725C98
:1024B0009B18625CDBB29A42F5D0E6E6404B1B68A3
:1024C0009C460123614662461940134200D0DCE677
:1024D000002A00D1A9E0394B444F99461B68484D6A
:1024E000984604235B429E1B3878002800D1CCE636
:1024F00043465B1A984200D9C7E60B007C7801334B
:10250000EA5CA24200D0C0E6CA1A1218002AF6D12C
:102510000237F219944500D88AE01900E4E7304BFD
:102520001D78002D00D1B1E68023254A00251268D0
:102530001B019A4200D0A9E632492C4802F03AFC2D
:1025400045426841C5B2A1E62F4B185D002800D175
:102550009BE6B84200D998E64346DB1B994200D976
:1025600093E6B946D9444A460023A1461400381AD6
:102570005844C25CE25401339942FAD87F184C4661
:10258000B84500D96AE74D465DE70023104E9846EE
:10259000C6E6019D7AE6C046A80300203BA10020C4
:1025A000AC030020216DA7830C190000F4780020F3
:1025B00004200000706900103AA10020FCA0002057
:1025C0001CA10020F8780020709A0010ACC5A73735
:1025D00017B7D138FFFF7F7FF07900100AD7233C6F
:1025E00039A10020CD65C162709C0010B0030020AD
:1025F000E0690010AF030020E81C0020FC980020D8
:10260000FB980020F0710010AE030020AC46019B47
:102610000025634500D039E642460949094802F0E1
:10262000C9FB45426841C5B230E6074A00239146DE
:102630004A461568ED1A6B425D41EDB226E6C0468A
:10264000FC980020E81C0020FCA000201E4B70B568
:102650001A680023824208D11C490978002904D055
:102660001B491C4C0868A04201D0180070BD1A4CD0
:102670000C598442F9D1194D2868A042F5D1184C63
:102680002C598442F1D1092A1CD00C2A1AD00D1DD4
:10269000144B1B68002BE8D0E81801230124124ECC
:1026A0005B422A7853400822210019405B08002928
:1026B00000D07340013A002AF6D10135A842F0D18A
:1026C000DB43D2E70435E3E7A80300203BA1002069
:1026D000AC030020216DA7830C190000F4780020C2
:1026E000042000001CA100202083B8ED0123D0228B
:1026F00083404021120693629361094A83009A182D
:102700001268C0005140C0220A4006498C4663440A
:102710001A60054B9C460523604443607047C046E1
:1027200004C0014004D00140004001404022F0B507
:10273000CE464746D02594463B3A80B50023012437
:10274000C02791462D06044214D022009A406646C6
:10275000AA62AA610B4A99008A18126872400A4E4E
:102760003A40B04641440A600849DA008846494682
:1027700042441160013340081E2BE4D10CBC90464A
:102780009946F0BD04C0014004D00140044001401E
:102790000FB400B5084883B002F0F2FA049B002B96
:1027A00007D005A91800019102F0E6F9034802F0EC
:1027B000E7FA012002F0F8F9A49C0010B49C001084
:1027C000F8B5EFF3108772B60E4E3368002BFCD0CD
:1027D000BFF35F8FCB08C4180725A446C45C012350
:1027E0000D40AB4018002040234208D162462343ED
:1027F0001370BFF35F8F306087F31088F8BD10004F
:10280000FFF7C6FF2C0100D0044A1078431CDBB24E
:10281000172B00D9102313707047C046E001002029
:102820000021044B044ABFF35F8F02C39342FAD1E5
:102830007047C046000100D0800100D0054B064A19
:102840001360064A136053609360D3601361536151
:10285000936170478080808000E400E004E400E041
:102860001F2318401E3B8340002905D0C021044A85
:102870004900535013607047802201498B50FAE79A
:1028800000E100E070B50D00EFF3108672B60F4A5C
:102890001368002BFCD0BFF35F8F0D4B10309B688B
:1028A00084001B590B4A934203D09D4201D000F093
:1028B00091FD074B9B681D51BFF35F8FBFF35F8F87
:1028C0000022024B1A6086F3108870BD240100D0EC
:1028D00000ED00E0C1010010024B9C4661448900FC
:1028E000016070474000003410B50400FFF78CFF12
:1028F00001002000FFF7F0FFFF232371BFF35F8F7C
:1029000010BDC04610B50400FFF77EFF0100200097
:10291000FFF7E2FFFF23A380BFF35F8F10BDC04628
:1029200070B5094C094DAC4208D223682000002B39
:1029300005D00834FFF7E6FFAC42F6D370BDFFF7D1
:10294000D3FF0834EFE7C046200200202802002011
:102950000A4B1968EFF3108072B60A68002AFCD09F
:10296000BFF35F8F1B68BFF35F8F00221A6080F395
:10297000108840BF002000217047C04634A10020CD
:10298000F0B5DE4657464E464546E0B585B0EFF316
:102990000582032313409A0011000392B64A52584D
:1029A000904601229A409146B44B1A604B46B44877
:1029B0004363434608229B5E9A46002B3EDA434619
:1029C0009B881BB2002B00DBA2E043469B79002BC7
:1029D00000D0F4E0434608241C5F002C24DB424670
:1029E0005269630094461B19DB0063449C68DD68F0
:1029F000631C00D110E1A248039B84466344826AB1
:102A000019001B69A61A9B1A9E4215D34A46036AEF
:102A10001A4211D09A4800F0CDFA241A8D41002DA7
:102A200002DCC3D1002CC1D040BF05B03CBC9046F5
:102A30009946A246AB46F0BD0C61EBE742465269AF
:102A40005B0093465344DB009B445B469E68DF6813
:102A500000F0B0FA801BB9410029B0DB002F00DA8A
:102A6000E5E05B46874A1B69934200D1D8E04146C6
:102A70005A460820085E5288000410435A4651699D
:102A8000984704000D0023002B4300D1CFE0002D18
:102A900000DBE8E0361BAF4134003D005B469C6044
:102AA000DD600021595E002900DA88E743465B6952
:102AB00022009C462B0048004018C00060448668F5
:102AC000C768921BBB41002B00DA78E74346664695
:102AD00002000094019519810CE07B00DB19DB00FA
:102AE000F318009801999C68DD68001BA941002932
:102AF00004DB1A000023D75E002FEEDA5B461F804E
:102B00005346138043469B881BB2002B00DA5CE7D8
:102B100043461A69EFF3108172B61368002BFCD09C
:102B2000BFF35F8F43469B8842461BB29A46012300
:102B30005B4293801369BFF35F8F00221A6081F3B9
:102B400010885346002B00DA3FE743465B699C46FA
:102B5000082343449B4653465F0043465744FF00C7
:102B600008229A5E67445E46BC68FD68002A19DB4D
:102B70003B000094019567469C4604E01E0000233C
:102B8000F25E002A0BDB0098019953009B18DB00D2
:102B9000FB189C68DD68001BA9410029EEDA63463A
:102BA000BC461F005346338000217B5E3A809A4624
:102BB000002BD0DA43469B79002B00D10AE7002393
:102BC00042469371434646460821595E08364B1CDF
:102BD00000D129E747468C46556902E006004B1CA8
:102BE00017D04B005B18DB00E8180A00E95E438849
:102BF0001BB2002BF2DA01235B42DC178360C46056
:102C00009445ECD031803B89944603803A814B1C3B
:102C1000E7D1B8466446E0E66B1C00D0EBE6F9E687
:102C20005B465C69200023699847002821D15B46F8
:102C300042461B8813811269EFF3108372B6116844
:102C40000029FCD0BFF35F8F4246594652880A8064
:102C50004246514651801269BFF35F8F00211160D7
:102C600083F31088ABE6064800F0A4F924184D4120
:102C700014E76568246806E720A100203C70054041
:102C80000040054081290010F0B5C646904600B5C9
:102C9000C16006001D000F00FFF7B6FD1B4BD022E0
:102CA0009C464346120633701268ABB27270012222
:102CB00060445242800073819B1830613281B2803F
:102CC0007380002D0BD06B005D197469ED00104B03
:102CD0002D192380013318349BB2AC42F9D14346FD
:102CE0009A000C4B0124D65043469C4040463C621F
:102CF0000949FFF7C7FD40460121FFF7B1FD074B2A
:102D00009C4667443C6004BC9046F0BD40000034E3
:102D1000FFFF000020A100208129001038200000C2
:102D200010B50A4C2369002B04D00A210848FFF78C
:102D3000D3FD10BD0321074800F032F91023032210
:102D400020000449FFF7A0FFEFE7C046E4010020A0
:102D500034A1002000400540F0B501000469EFF304
:102D6000108772B620680028FCD0BFF35F8F022066
:102D70000D5E48696C0084466419E4006444002DCB
:102D800001DB208848800869BFF35F8F002606605A
:102D900087F31088002D2EDBE360638805980133EC
:102DA00020615B0406985B0CA26060611A1C002B1A
:102DB0001FD090B22B04628018430A69EFF310868B
:102DC00072B61368002BFCD0BFF35F8F8B88238013
:102DD0008D800B69BFF35F8F00221A6086F3108825
:102DE0000B7801329A40CB6804498C4663441A60E0
:102DF000F0BD0122DDE701204042F9E73C20000060
:102E000070B582B01D0008AB1B7806001400002BC3
:102E100007D100F0D7F822002B00121A8B41002BAB
:102E20000ADB079B22000193069B300000932B00D6
:102E3000FFF792FF02B070BD0020FBE730B5438979
:102E40000A14934233DD53009B184269DB00944619
:102E500004696344EFF3108572B62268002AFCD03F
:102E6000BFF35F8F5A88090494B2090C8A4208D0D4
:102E70000369BFF35F8F00221A6085F3108800207A
:102E800030BD8022120214435C80012302698371E9
:102E9000BFF35F8F0021116085F310880549027828
:102EA0008C469340C268012062441360E8E700202A
:102EB000E6E7C0463C200000F0B5CE46474680B568
:102EC00004000D0085B0EFF30587002F0DD0314AC7
:102ED0000020536A8B4203D3926A0130A24249D345
:102EE00005B00CBC90469946F0BD2B4B9846DB686C
:102EF0009946434648461E7800F05CF80B00494668
:102F000002000436B600715820008E1A2900801A7B
:102F100099418F4211DC0ED020BF1E4A0020536A17
:102F2000AB42DDD3926A0130A242D9D2EB1A581ECD
:102F30008341D8B2D4E78642EED9002302930193AD
:102F4000164B2200009340462B00FFF759FF011E4D
:102F500015DD104B2E005A6A954218D89B6AA34281
:102F600013D34046FFF76AFF0A4A0020536A9E4285
:102F7000B6D8D7E75B1A581E8341D8B2B0E7054AE6
:102F80000020536AAB42ABD3CCE79542E9D120BFD6
:102F9000E7E7C04600400540E40100205129001049
:102FA00010B5024A0248FFF70BFC10BDB89C001098
:102FB000BC1C00200300416A0A00986A596A8A42D0
:102FC000FAD17047034B596A0A00986A596A9142CC
:102FD000FAD1704700400540F0B54F469946344B52
:102FE000DE4646469C4644002418A400C0B564440E
:102FF00016006368089A8B46934200D26260031FF2
:10300000DBB29846012B2ED9C0238022294F8500A0
:103010009B0179591201E3181A6000291AD122681C
:1030200076017240E0268023164042465B01E31899
:103030001E60012A2ED9802380229B01E3181201F1
:103040001A60089B63604B467B511CBC90469946B6
:10305000A346F0BD786900F0B1FA431C5800C018CF
:103060000338FDD2DBE75B46012BCDD1C023032221
:103070009B01E3181A60023AA3681A42FCD0E023CD
:103080002268760156401E4080235B01E318094FF9
:103090001E6085005A462168514003220A401A608A
:1030A00001235A469340A2681342FCD0C3E7C046AE
:1030B00000800040C01C0020064A43009446802245
:1030C0001B189B00634412011A600022024B80000F
:1030D000C250704700B00040C01C0020F0B583B063
:1030E00005000E0018000899170000F067FA089A0A
:1030F0000300140231003A0028000094FFF76CFF2F
:1031000003B0F0BD10B5802482B064000094FFF7D6
:1031100063FF02B010BDC046014B8000C05870472D
:10312000C01C0020802270B506000E4C5200A3691E
:103130001D0015401342FAD1FA210B4B8900186982
:1031400000F03CFA0A2310212060064A23610B3B61
:103150006560A360666193691942FCD0D06940093B
:1031600070BDC04680800040C01C0020F0B5C6463F
:10317000802506000F00140000B56D0082B0174BCB
:1031800001220121052000959846FFF725FF3B000D
:10319000320000940121124800F080F82100300034
:1031A000794300F00BFA04000022022104200D4BA9
:1031B0000095FFF711FF2300002201210520009553
:1031C000FFF70AFF43460222002106200095FFF781
:1031D00003FF02B004BC9046F0BDC046006CDC02A8
:1031E00000800240001BB700F0B5DE469B46264B30
:1031F00057469A46A0234E4645465B009946804670
:10320000E0B583B00091019201235B429C46E1440A
:103210004B460F2B35D01D4F1D4B072657449A4563
:103220002BD8340043463500B04674431E0004E0FA
:103230004346013DE41A002D19D02100380000F06A
:10324000BDF9B042F4D10029F2D14A464646114BAD
:1032500001205343009A1360019B1E605B461D6072
:1032600003B03CBC90469946A246AB46F0BD330045
:103270004646013E9846002ED3D1074B9C46E24479
:10328000C2E70020ECE7C04670F72E00B0710B00DB
:1032900050F80C00001BB70020D1FFFFF8B5040068
:1032A000204817001D000E0000F088F901003800CA
:1032B00000F084F9069A2B04120313432268002AB3
:1032C0001FDB194AA21851424A41802149018C460C
:1032D00052420A40154962440A6015490A6015497C
:1032E00017000D68AF43FBD1134A2660A1182122B5
:1032F000A0600A602268002AFCDAE36008230B6001
:10330000F8BD3F2221680A40B242DAD1A268120514
:10331000120D8242D5D1EE21E268C9020A409A42DA
:10332000CFD1EDE7001BB7000040FDBF00E000403B
:1033300000F0004008C00040043000008023024A32
:103340009B000B43D362704700800540142310B5E7
:103350000100188804331B88984710BD162310B548
:103360000100188802331B88984710BDF0B5C64687
:1033700000B5002916D0142304000125984618270B
:10338000890046184346216818883B88984701C43D
:10339000431E984140420540A642F3D1280004BC98
:1033A0009046F0BD0125F9E7AA23064A1B011360E8
:1033B0008D235B00D3600449044B19605368002BD4
:1033C000FCDA70470040024000B0FA0000600240A2
:1033D0007047C04610B50148FFF7DAF9DC9C0010D1
:1033E00070B5074B074C9C4209D2013B1D1BAD0831
:1033F0000135AD002D1908CC9847AC42FBD170BD0A
:10340000CC4E0010904E0010054B064A06491A603B
:10341000064A074B1A6010000B689843FBD17047AF
:1034200000E00040BFCDFBFE08C00040FE7F3C0036
:1034300000F00040044BDB6C002B03D18022034BD7
:10344000D2021A607047C046000011504C20115043
:10345000044A054B1A60054A1368DB018033FBD12F
:103460007047C046FFFFFF0100F0004008C0004069
:103470004022034B9A675A671A67DA667047C0465C
:1034800000F0014010B5FFF7CBF910BD70B50C4945
:103490000C4C0D4D641AA6103200302E00D930228B
:1034A0002800920001F05AFB2F2E06D82A00074967
:1034B0002C19C03202C49442FCD1054B9D6070BDF2
:1034C00000010010C001001000000020C101001028
:1034D00000ED00E0002310B5294C82B0A367FFF790
:1034E00063FF0122274B1A60636C012BFCD103227E
:1034F000254B1A60224A936B012BFCD101330093B8
:103500000121224A22480433FFF7C8FE0523012186
:103510000093204A2048FFF7C1FE00220221042028
:103520001E4BFFF7EFFD0022012105201C4BFFF78A
:10353000E9FD0022002107201A4BFFF7E3FD0022DE
:1035400000210820174BFFF7DDFD8023DB000093EF
:10355000002200210920134BFFF7C0FD0022104B71
:1035600000210620FFF7CEFD0420FFF7D5FD0E4910
:1035700000F024F801000020FFF7E0FE02B010BDCB
:10358000008000403CB0004030B00040002F68593F
:1035900000800240008C864700C00240001BB7003C
:1035A00040597307006CDC0240420F0001480421BF
:1035B000014B1847000200206D330010114A936F31
:1035C0009B0813D210665166002905D0FFE7FFE77C
:1035D000FFE7516F106F704704B5002801D000203D
:1035E000C04301F045FC002104BDC046F0B5146E97
:1035F000556E576F166FFFF7E5FF146655665767F0
:103600001667F0BD000000D044464D4656465F4662
:10361000F0B47047F0BCA046A946B246BB4670471E
:1036200048404140484018B41B4B5B68FC4601933E
:1036300008BD04DF733B001018B4174B1B68FC4631
:10364000019308BD00DF7D3B00109446134A926F42
:10365000920809D2624618B40F4BDB68FC4601930E
:1036600008BD0CDF353E00100C4AF0B5146E556EE7
:10367000576F166F6246FFF7EEFF084A14665566ED
:1036800057671667F0BD18B4034B9B68FC4601935F
:1036900008BD08DFD93C0010A0A10020000000D028
:1036A000FFB550404240504059404B40594000E027
:1036B000FFB5154F4C00640D03D0BC4204D10C0380
:1036C00014D80020090D09055C00640D03D0BC422C
:1036D00004D11C030AD800221B0D1B0501264B40F8
:1036E00009D44B4003D58B4200D18242FFBD9942A1
:1036F000FCD19042FFBD0B43DB1803431343F5D0CD
:10370000C9434918FFBD0000FF07000000B5FFF7DF
:10371000CFFF804100BDC04600B5FFF7C1FF80412B
:1037200000BD00000021002805D17047C1174840A6
:10373000401AFAD0C90713B5064B1B6898470CBC52
:10374000441CA2401005120B0349091B090519432B
:10375000114310BD30A100201F04000018B4044B19
:103760005B6AFC46019308BD24DF11420010000093
:10377000A0A1002018B4044B1B6EFC46019308BDA9
:1037800060DF1F4300100000A0A1002018B4044B0C
:10379000DB6FFC46019308BD7CDFA94200100000EE
:1037A000A0A1002018B4044B9B69FC46019308BDFE
:1037B00018DF014000100000A0A10020024A034BC6
:1037C00000B500F0B9F900BD182D4454FB21194093
:1037D0008A0002D3920D092A08DA18B4064BDB6B73
:1037E000FC46019308BD3CDF5344001000B5FFF7D1
:1037F000E5FF04BC9646F0E7A0A100208A0002D3B2
:10380000920D092A08DA18B4064B1B6CFC4601938A
:1038100008BD40DF6344001000B5FFF7CFFF04BCD4
:103820009646F0E7A0A10020132370B51C78012C68
:1038300019D014DD1148FFF791FD06001048FFF77D
:103840008DFD104D80223100280001F087F9022CF7
:1038500006D00D48FFF77AFD0C4B186070BD094D7E
:103860000B4AAA64F5E7074D094A29002B0080316D
:1038700004C38B42FCD1AA64EBE7C046534400006A
:1038800053460000A0A100204C33000030A10020CE
:10389000413B0010F0B557464E464546DE46E0B582
:1038A00085B01F000E9B04000D0016009A46002BE9
:1038B0005DDD012039114042FFF780FE00230390B7
:1038C0009B461BE022009A40019223004A46934007
:1038D000009343463200D91740463B0000F042FFB8
:1038E000009C019D5B464A46934043449B46534699
:1038F0009B1A241A8D419A46002B1DDD5346D14652
:103900000C2B01DD0C239946039AAB115343494616
:103910001D22521A1341202201335B105242984655
:103920008B18CFD5202322005B1ADA4013002A001F
:103930008A401A430192C8E7AF421CDC29D020001C
:103940002900801BB9418F4238DC35D002239C46C8
:10395000801BB941E3440F9B002B01D05A461A60EB
:1039600005B03CBC90469946A246AB46F0BD8F429E
:1039700017DD00239B462000291EECDA80197941CF
:10398000002909DA02235B429C4680197941E3440D
:10399000E1E7A642D3D9EEE701235B429C46E3442C
:1039A000D9E78F4201D18242E3D8200029000023C9
:1039B000801BB9419B4601E08642C7D901239C4642
:1039C000E344C8E7F0B54646D6464F461C0080465D
:1039D000C0B588B01000109A4B006500C4465B0D5E
:1039E0006D0D002A02D00022109E32604B4A934295
:1039F00052D0002D50D0002B57D0954262D06A1E75
:103A00009A425FDCCE0F0F03B1463E0BB2466646CC
:103A1000049680267603B4465746029060463E439D
:103A2000270305963E0B304303909A4240D04A4606
:103A3000002A06D0049E059F00227142BA410491DB
:103A400005920498059907AA5B1B01920093029ABC
:103A5000039BFFF71FFF06000F0002000B000298F8
:103A6000039992197B4194468B422FDC2CD0029A09
:103A7000944544D0002C02DA079B5B420793109BCD
:103A8000002B01D0079A1A60254A30003900521BDA
:103A9000FFF770FE060001E000262249300008B062
:103AA0001CBC90469946A246F0BD00260021F5E7D1
:103AB000059B834212DC029D039EB34202D1049B0C
:103AC000AB420BD84646E9E78242D0D9079B013387
:103AD0000299039A0793761A9741CBE74B46029EC9
:103AE000039F04980599B6197F41002B0ED1801BC6
:103AF000B941013306000F0015000793BAE7039A96
:103B00009342B7D1079BDA07B4D5E0E701235B42C4
:103B1000361A8F4115000793ACE7C046FF07000037
:103B2000330400000000F07F10B5002482B0009440
:103B3000FFF748FF02B010BD10B5FFF7F5FF10BD4D
:103B400007B5604601880A0A0230DF2AFAD1C9B2F5
:103B5000820804D3028840880004104300E0006813
:103B6000014A5050039007BDA0A100200FB403BC30
:103B70000CBCF0B50124E407634000E0F0B50C0D87
:103B8000CF0F661E3605891B640503D3C943404227
:103B900000D30131640D03D0661CF60A07D0E41B84
:103BA00000207F00791C89078912803C24031D0DA9
:103BB000DF0F6E1E36059B1B6D0503D3DB435242A0
:103BC00000D301336D0D03D06E1CF60A07D0ED1B38
:103BD00000227F007B1C9B079B12803D2D032F1B27
:103BE000661B58D4A446202E46DA20371400BC4069
:103BF0001D00BD40F24033412A4380185941CB0F8C
:103C000005D0C943C043002264425041514162463D
:103C10004D0D28D10D0D07D100281FD0241940418A
:103C20004941013A0D0DF9D0640006D3013000D3AB
:103C30000131002C01D140084000013A0BD4941C02
:103C4000E40A04D112051144DB071944F0BDD90779
:103C5000204B194300E0D9070020F0BD0029DDD139
:103C6000002CDBD1F0BD0132C6074008CD07284348
:103C70004908002EE1D0D9E73C2E29DA203E403712
:103C80001400BC4000D00124F24014431A00BB4091
:103C90001C43D317ACE7AC46202F08DA20360400CB
:103CA000B4400D00B540F84039412843A5E73C2F0A
:103CB0000CDA203F40360400B44000D00124F84024
:103CC00004430800B1400C43C117EAE71000190093
:103CD000002494E70000F07FF0B50C0D661E360559
:103CE000891BE60A6405640D02D0651CED0A04D048
:103CF000002001210905803C2403A4461C0D671EF9
:103D00003F05DB1BE70A6405640D02D0651CED0A64
:103D100004D0002201231B05803C24037740644427
:103D200097B484B296B27443070C7E43150C6F436C
:103D300080B26843361802D3012000043F183004D3
:103D4000350C00197D41844688B29AB250430C0C60
:103D500062431F0C7C438EB27E43921902D301262C
:103D60003604A4191604170C3618674101BC81B239
:103D70009AB25143040C62431B0C5C4380B258431B
:103D8000121802D30120000424181004130C401848
:103D900063412D185E410020474106BC88B293B2B2
:103DA00058430C0C6343120C544389B251435B18C3
:103DB00002D301210904641819041A0C091862417C
:103DC0006D1856410020474118BCF902720D11438D
:103DD000F0026A0D1043ED020A0D03D16D19404146
:103DE0004941013B124E9B1B7600B3420ED26D003F
:103DF00007D30130002671416646354301D14008A2
:103E000040001B05C918E4072144F0BD0BDA01335B
:103E100006D1013004D101314F0D01D04908F2E73C
:103E2000E1070020F0BD013631050020EBE700007E
:103E3000FF030000F0B51C0D671E3F05DB1BE70A02
:103E40006405640D02D0661CF60A04D0002201232A
:103E50001B05803C2403D0252D060026F6432E6644
:103E60001E096E66CE0FF619B44649004F0D02D0FA
:103E70007E1CF60A03D000200021403F3F033E1B7A
:103E8000B600B444013F7F05C91B49082E6F0136B7
:103E900076089C02950D25437543ED137543AD13CC
:103EA00001356D10F603761B0CB4CC02450D2C4386
:103EB000A2B2B3B25A43270C7B43350C6F43A4B272
:103EC0006C431B1902D3012424043F191C041D0C4C
:103ED000A4187D4124196D41009A91B2ACB261439E
:103EE000170C7C432B0C5F4392B25A43A41802D3A5
:103EF00001221204BF182204230C52187B41019C9A
:103F00006C431B19520ED9010A434401A01A81B215
:103F1000B2B2514303145A43360C734387B277430A
:103F2000D617D21900277E4136049B191704160CA8
:103F30007F185E417316ED18F3010026803375413A
:103F4000A90F06D16400690AE8055B0A184309D283
:103F50002FE00422944480337541A90AA8059B0AE6
:103F6000184326D3404149412404009A019B0D0087
:103F70005543641B4343E41A95B286B27543170C4C
:103F80007E43030C5F4392B25A43B61802D3012218
:103F90001204BF183204330C52197B4152429C4127
:103FA000002C02D40022013051414008CA071043BE
:103FB000490802B06246D7079210084BD218084B46
:103FC0009A4203D212058918C919F0BD0020002AAF
:103FD00001DC3900F0BD01331905F5E7FD030000F0
:103FE000FE07000007DA002107E0C90FC907520DDC
:103FF00003D0C91201E04C49090500207047C046B2
:104000004A00F2D2520D013A484B9A42EAD2F0B538
:104010001405091B520801D3001849419B08D21806
:104020001205944640A44A0CA25C0B095343534327
:104030001B1353435B131202D21A13005B435B0B37
:104040004C086343DB135343DB1501335B10D21A77
:10405000130CD21A13005B438902840D21438DB2E5
:104060009EB275430F0C7E431B0C5F438CB25C43C6
:10407000361902D3012424043F193404330C641983
:104080007B419D01A40E2C432034A5B2554324143A
:1040900054432D0C6419A411D203121B95B28EB295
:1040A0007543170C7E430C0C674393B26343F618B9
:1040B00002D301231B04FF183304340C5B197C4129
:1040C000DB186441DB18002363419EB276439DB246
:1040D0001F0C7D437F436C04ED0BA4197D41060248
:1040E0008F08361BAF417D07F6086E41B4B295B21A
:1040F0006C4337147D43120C5743B6B25643EA174C
:10410000AD19002672411204BF182E042A0C36196C
:104110007A410832521117D29D0A9C05D117101905
:1041200069416144F0BD0000FF070000FE07000088
:10413000F8EBDFD6CDC5BEB8B2ADA8A4A09C9995CA
:10414000928F8D8A8885838152415D0ADC05D11763
:1041500014194D412B006343A6B27643A2B2270C3B
:104160007A437F435104D20B89197A41D218D2186D
:1041700080054942904102D4002301345D4160082A
:104180006908ED0728436144F0BDC046624618CA7D
:1041900094465A46002A20DB04E0624618CA944638
:1041A00000291ADAC01861415B463B415C46B440C5
:1041B0005246FA40224344464D4662416B41904686
:1041C00099462B46B3403D41FC401C4352465B465A
:1041D000A241AB4192469B467047C01AA1414B4653
:1041E0003B414C46B4404246FA40224354465D4669
:1041F00062416B4192469B462B46B3403D41FC4099
:104200001C4342464B46A241AB41904699467047FB
:10421000002200B5203200F010F8080000BD002296
:1042200000B500F00CF8CA179A4200D100BDD8437F
:104230000121C907414000BD00220B150AD410B569
:10424000944600F0A7F81414013400DA0021CB17CB
:10425000144C20470020002170476244343A0CD4AB
:104260000C2A07DA04009140904052422032D44098
:10427000214310BDD843D94310BD203207D40C468A
:104280009440524220321141D040204310BD0800DA
:10429000C917203203D452422032104110BD1800F9
:1042A000190010BD5B4200104A00520D144BD21A87
:1042B00013DDFF2A1EDAD205CB0FDB071A43C3003A
:1042C000400F0903490A084310435B0001D301D0A2
:1042D000013070474308FBD2704702D0C80FC007B7
:1042E00070470A0312130132F8D1420F072AF5D1A1
:1042F000012200E0FF22C80F00028018C0057047AD
:104300008003000000210A00002104E000210A00CF
:10431000C11704E00022002306E0C0460022CB17AC
:1043200058405940C01A994130B5184CA21A00297A
:1043300003D1010010D00020203A4C1512D104D234
:10434000013A001849414C0DFAD3114CA24204D253
:1043500012058918DB07C91830BDD243520D002061
:104360000021F5E703D4013A00184941FBD50B328F
:104370004405C00A4D052843C90A640003D000243F
:1043800060416141E1E7E0D34408F8E7320400000E
:10439000FE0700000A0DCC0F531E1B05C91A52055B
:1043A00003D3C943404200D30131520D03D0531C03
:1043B000DB0A07D0121B00206400611C89078912E8
:1043C000803A1203014BD21A70470000FF0300002D
:1043D000023225D40C2A1CDA1125AD1A0B002B4110
:1043E000083207350600EE40904091403143F0CC52
:1043F00063431A1500235A41554356435743BF029E
:10440000F412760576196741ED177F19801BB941C3
:1044100070470C220020C917490001310905DBE76C
:104420000902030E194300025342203208D40C0043
:1044300019419440D84020430022504151417047D7
:104440000800C917203B2032F1D5002000210022AE
:104450007047F0B5FFF7D8F800F00EF800F030F82C
:1044600006E0F0B5FFF7D0F800F006F800F046F8E7
:10447000FFF7D0F8F0BD000000B5FFF78BFF30A4C8
:10448000FFF7A6FF00242C4D2C4ED20702D3F64393
:104490006D426641520004D2A246A346A846B146E8
:1044A00003E0A046A146AA46B3466EA4A44601274F
:1044B0001F26FFF772FE0137013E212FF9D100BD03
:1044C000594684B28DB26C43061475430B145E4397
:1044D00082B25A43AD18EA1700D7D2431204B61875
:1044E0002A042B0C12197341404649469D009B1724
:1044F000920F2A43904199413E2210E7494684B2E7
:104500008DB26C43061475430B145E4382B25A435A
:10451000AD18EA1700D7D2431204B6182A042B0CA0
:1045200012197341504659469D009B17920F2A431A
:10453000504159413E22F2E6BB4DF09DC556F6363C
:104540007D5100001A61140085880A00FB211900C2
:10455000F0B5FFF759F8404D0C002C4001D0AC42AB
:1045600002D1090D090500201C002C4001D0AC42ED
:1045700002D11B0D1B0500220026ED02002B04D5E5
:1045800002266B40694000D476424F1904D5994207
:104590000CDD0136694003E0BB4207DA013E6B40A7
:1045A000070010003A000F0019003B0040B4002A39
:1045B0000FD1002B0AD05C006415013409D14C00E6
:1045C0006415013402D10139013B02E000200021D1
:1045D0002EE0FFF72FFC3E22FFF722FE82468B469D
:1045E0000020002180460122920791461DA4A44686
:1045F00001271F26FFF7CAFD0137013E212FF9D100
:104600004A4653460C3A01246407002752081B000F
:1046100005D49341001979416408F7D104E053416E
:10462000001BB9416408F1D1CE074910400830435E
:1046300040BC002E0AD0094C094D01D5E443ED439E
:10464000F60701D100196941001969413D22FFF7C0
:1046500066FEFEF7DFFFF0BD0000F07F8D305A8868
:10466000A8F64332694FBB610567AC1DB16E409639
:10467000FCBAAD0F72DB0BABA66EF50739BD9FE53B
:1046800076ABFE034B6297BA5BD5FF01D694DBDDB8
:10469000AAFAFF005DEAEE5655FF7F006E77B7AAD3
:1046A000EAFF3F00BCBB5555FDFF1F00DEADAAAAC7
:1046B000FFFF0F006F5555F5FFFF0700ABAAAAFEDD
:1046C000FFFF03005555D5FFFFFF0100ABAAFAFF1E
:1046D000FFFF00005555FFFFFF7F0000ABEAFFFF23
:1046E000FF3F000055FDFFFFFF1F0000ABFFFFFF76
:1046F000FF0F0000F5FFFFFFFF070000FFFFFFFFB8
:10470000FF030000000000000002000000000000A5
:104710000001000000000000800000000000000018
:104720004000000000000000200000000000000029
:104730001000000000000000080000000000000061
:104740000400000000000000020000000000000063
:104750000100000000000080000000000000004098
:104760000000000051434343C9188C46110C83B22A
:104770004B4310B4040C614392B280B25043624385
:104780001C041B0C001910BC59411304120CC01856
:1047900051416144704700004840414048400E4B41
:1047A0005B6818470C4B1B6818470C4A936F9B08B3
:1047B00002D2094BDB681847F0B5146E556E576F7F
:1047C000166FFFF7F6FF054A1466556657671667BA
:1047D000F0BD014B9B681847A0A20020000000D04C
:1047E00007B548404140484001E0C04607B5420097
:1047F000120E03D0FF2A03D1420218D8C00DC00503
:104800004A00120E03D0FF2A03D14A020FD8C90D65
:10481000C9050122414005D4414001D5814207BD6F
:10482000884207BD0143491801D0C043001807BDA5
:1048300000B5FFF7D5FF804100BD01231B064200F4
:10484000D21804D84A00D21801D80020704701209D
:104850007047491A002807D108467047C10FC90799
:1048600000D54042002817D0F44603B40B4B1B6818
:10487000984706BC81409E384042803107D20B06E3
:1048800007D04900490AC00510430843604701307A
:10489000F8E7490A8902F5E77047000030A10020D7
:1048A000014B1B6B18470000A0A20020034BDB6FDD
:1048B000FC4618477CDF114B00100000A0A200202E
:1048C000C11502D4054B9B691847C843FF2801D185
:1048D000C0077047C817C00570470000A0A200209D
:1048E0004100090E862902DA044BDB6B18470449A4
:1048F00000B500F0F3F802BC8E46F5E7A0A2002058
:10490000DB0FC940132310B510481C78FEF726FDB5
:104910000100012C0AD003DD80220D4800F01EF9B1
:104920000C48FEF713FD0C4B186010BD084C5422C8
:10493000200000F013F923002100084A543380318D
:1049400004C38B42FCD12262E261E9E753460000D6
:10495000A0A200204C33000030A10020E54A001046
:10496000F8B54746CE46050080B516000F009846BC
:10497000002A2CDD0120C9114042FEF71FFE002253
:1049800081461D2033000C2E00DD0C2349466C129D
:104990009D404C43C11A0C41AC46013464102500C3
:1049A00061469A407D4312194D1BF61A002EE9DC30
:1049B000AF420FDCE81B874217DCC01B02324346C4
:1049C000002B00D01A600CBC90469946F8BD884276
:1049D00009DA0022281EF2DA781902D5C019023A43
:1049E000EDE7013AEBE70022E81B0132E7E7C046BA
:1049F000F0B54746CE46FF2480B5C30DCD0D160059
:104A000083B00F1C23402540002A01D000223260D1
:104A1000FF2B3ED0002D3CD0002B3DD0FF2D33D0BE
:104A20006A1E9A4230DC80242404A046C10F8946C5
:104A30004102490A0C43A44644467902490A0C4300
:104A4000A0469A422AD04A46002A02D062465242E2
:104A500094465A1B414601AB6046FFF781FF430075
:104A6000434527DD019B42460133801A0193002F05
:104A700002DA019B5B420193002E01D0019B33605F
:104A80009621491BFFF70CFF03B00CBC90469946DA
:104A9000F0BDFF20C005F7E70020F5E7A445F3DDF2
:104AA0004A46002A0CD162466000101A01221D00FD
:104AB0000192DCE74345DAD1019BDA07D7D5D2E78B
:104AC00062466000801A012252421D000192CEE728
:104AD00010B50022FFF78CFF10BDC04610B5FFF7E0
:104AE000F7FF10BD07B5604601880A0A0230DF2AC9
:104AF000FAD1C9B2820804D3028840880004104366
:104B000000E00068014A5050039007BDA0A20020B9
:104B1000C30FDB0741000A0E07D0FF2A08D009099E
:104B2000054A89181943400770471900002070474B
:104B30000249C918FAE70000000000380000F07FC1
:104B400001480421014B1847100200206D3300106A
:104B5000014B1B681847000010020020014B5B68E6
:104B6000184700001002002010B5002800D110BD29
:104B700000F0F8F8FBE7C04610B5094A03001468D6
:104B800084B0002C08D0012200910648524203A9AB
:104B9000A047012004B010BD00F0F2F80020F9E7B2
:104BA00000A10020694B001000BEFDE710B5FFF723
:104BB000FBFFC04670B5FEF713FC074C074B9C4249
:104BC00009D2013B1D1BAD080135AD002D1908CCE4
:104BD0009847AC42FBD170BDCC4E0010D04E0010B7
:104BE000030010B508001B681100984710BDC046AF
:104BF000F8B54746CE4680B5437D07000D00160048
:104C0000002B37D000240020002A1EDD4B1E9846C2
:104C10001B4B9946002C2BD043461B5D0D3B5A4243
:104C20005341DBB22A5D0A2A13D00134A642F1DCDB
:104C3000864203DD311A3B6828189847AD19013DBB
:104C40002B780D3B5A4253413B750CBC904699461C
:104C5000F8BD002BE9D1A04203DA211A3B682818DD
:104C60009847484602213B68013498472000DDE719
:104C70003B7DD7E70368110028009847E5E7C04669
:104C8000849D001010B5FEF79DF90023064A121806
:104C90004B41002B03DB054800F0F2F810BD012268
:104CA000034B5242F7E7C04640420F00200200206B
:104CB000FFFFFF7FF0B55746DE464E464546E0B55E
:104CC00083B007000D0091461C00FFF7DBFF824612
:104CD0006B1C03D1380000F091F80500002C30D196
:104CE0001B4B98461B4B1C68002C1FD00A231A4EE6
:104CF0009B4602E02469002C18D02368002BF9D0D1
:104D00003368002B01D0A342F4D12A0039002000DF
:104D1000C0474B46002BEDD06B465A462000DA7157
:104D2000D91D0122C0472469002CE6D15346002B2F
:104D30000AD1280003B03CBC90469946A246AB4637
:104D4000F0BD064B9846CDE7054800F089F8F0E73E
:104D5000E14B0010E8240020F0780020F14B001017
:104D60002002002010B582B06B4604000022D81D3E
:104D7000012101230470FFF79DFF200002B010BD48
:104D800070B5040000F03AF801230100050001228B
:104D90002000FFF78FFF064B1C68002C06D06368CD
:104DA000002B00D098472469002CF8D1280070BD52
:104DB000E824002030B5032A0CD903000B439B07DD
:104DC00019D103680C68A34215D1043A04300431A8
:104DD000032AF6D8551E002A0BD0002303E05A1CE4
:104DE0009D4206D01300C25CCC5CA242F7D0101BDF
:104DF00000E0002030BD551EEFE7C04610B5830728
:104E00000AD00300032102E001330B4205D01A78D7
:104E1000002AF9D1181A10BD030019680C4A0D4C6C
:104E20008A188A4322420FD15968094A04338A18E2
:104E30008A43224208D15968054A04338A188A43B2
:104E40002242F1D000E001331A78002AFBD1E1E7D9
:104E5000FFFEFEFE80808080F8B5C04600000000A6
:104E600001B40248844601BC604700BFA501002090
:104E700001B40248844601BC604700BFCD01002058
:104E800001B40248844601BC604700BF71010020A4
:104E90000934001035340010AD350010414B0010BE
:104EA0002938001005490010D53400105134001085
:104EB0007134001085340010212900108D34001049
:104EC000212D0010D13300103D2800108902001060
:104ED000B80B0000B80B0000C8000000F40100008F
:104EE00064000000F4010000B80B0000B80B0000E3
:104EF000140000002C01000032000000010000003E
:104F000000000000000000000000000000000000A1
:104F10000000000000000000000000000000000091
:104F2000FFFFFFFFFFFFFFFFFFFFFFFFFFFFFFFF91
:104F3000FFFFFFFFFFFFFFFFFFFFFFFFFFFFFFFF81
:104F4000000102030405060708090A0B0C0D0E0FE9
:104F5000101112131415161718191A1B1C1D1E1FD9
:104F6000202122232425262728292A2B2C2D2E2FC9
:104F7000303132333435363738393A3B3C3D3E3FB9
:104F8000000001010202030310203040AA55AA5577
:104F9000000001010202030310203040AA55AA5567
:104FA000000001010202030310203040AA55AA5557
:104FB000000001010202030310203040AA55AA5547
:104FC000000001010202030310203040AA55AA5537
:104FD000000001010202030310203040AA55AA5527
:104FE000000001010202030310203040AA55AA5517
:104FF000000001010202030310203040AA55AA5507
:1050000000000000000000000000000000000000A0
:105010000000000000000000000000000000000090
:10502000FFFFFFFFFFFFFFFFFFFFFFFFFFFFFFFF90
:10503000FFFFFFFFFFFFFFFFFFFFFFFFFFFFFFFF80
:10504000000102030405060708090A0B0C0D0E0FE8
:10505000101112131415161718191A1B1C1D1E1FD8
:10506000202122232425262728292A2B2C2D2E2FC8
:10507000303132333435363738393A3B3C3D3E3FB8
:10508000000001010202030310203040AA55AA5576
:10509000000001010202030310203040AA55AA5566
:1050A000000001010202030310203040AA55AA5556
:1050B000000001010202030310203040AA55AA5546
:1050C000000001010202030310203040AA55AA5536
:1050D000000001010202030310203040AA55AA5526
:1050E000000001010202030310203040AA55AA5516
:1050F000000001010202030310203040AA55AA5506
:10510000000000000000000000000000000000009F
:10511000000000000000000000000000000000008F
:10512000FFFFFFFFFFFFFFFFFFFFFFFFFFFFFFFF8F
:10513000FFFFFFFFFFFFFFFFFFFFFFFFFFFFFFFF7F
:10514000000102030405060708090A0B0C0D0E0FE7
:10515000101112131415161718191A1B1C1D1E1FD7
:10516000202122232425262728292A2B2C2D2E2FC7
:10517000303132333435363738393A3B3C3D3E3FB7
:10518000000001010202030310203040AA55AA5575
:10519000000001010202030310203040AA55AA5565
:1051A000000001010202030310203040AA55AA5555
:1051B000000001010202030310203040AA55AA5545
:1051C000000001010202030310203040AA55AA5535
:1051D000000001010202030310203040AA55AA5525
:1051E000000001010202030310203040AA55AA5515
:1051F000000001010202030310203040AA55AA5505
:10520000000000000000000000000000000000009E
:10521000000000000000000000000000000000008E
:10522000FFFFFFFFFFFFFFFFFFFFFFFFFFFFFFFF8E
:10523000FFFFFFFFFFFFFFFFFFFFFFFFFFFFFFFF7E
:10524000000102030405060708090A0B0C0D0E0FE6
:10525000101112131415161718191A1B1C1D1E1FD6
:10526000202122232425262728292A2B2C2D2E2FC6
:10527000303132333435363738393A3B3C3D3E3FB6
:10528000000001010202030310203040AA55AA5574
:10529000000001010202030310203040AA55AA5564
:1052A000000001010202030310203040AA55AA5554
:1052B000000001010202030310203040AA55AA5544
:1052C000000001010202030310203040AA55AA5534
:1052D000000001010202030310203040AA55AA5524
:1052E000000001010202030310203040AA55AA5514
:1052F000000001010202030310203040AA55AA5504
:10530000000000000000000000000000000000009D
:10531000000000000000000000000000000000008D
:10532000FFFFFFFFFFFFFFFFFFFFFFFFFFFFFFFF8D
:10533000FFFFFFFFFFFFFFFFFFFFFFFFFFFFFFFF7D
:10534000000102030405060708090A0B0C0D0E0FE5
:10535000101112131415161718191A1B1C1D1E1FD5
:10536000202122232425262728292A2B2C2D2E2FC5
:10537000303132333435363738393A3B3C3D3E3FB5
:10538000000001010202030310203040AA55AA5573
:10539000000001010202030310203040AA55AA5563
:1053A000000001010202030310203040AA55AA5553
:1053B000000001010202030310203040AA55AA5543
:1053C000000001010202030310203040AA55AA5533
:1053D000000001010202030310203040AA55AA5523
:1053E000000001010202030310203040AA55AA5513
:1053F000000001010202030310203040AA55AA5503
:10540000000000000000000000000000000000009C
:10541000000000000000000000000000000000008C
:10542000FFFFFFFFFFFFFFFFFFFFFFFFFFFFFFFF8C
:10543000FFFFFFFFFFFFFFFFFFFFFFFFFFFFFFFF7C
:10544000000102030405060708090A0B0C0D0E0FE4
:10545000101112131415161718191A1B1C1D1E1FD4
:10546000202122232425262728292A2B2C2D2E2FC4
:10547000303132333435363738393A3B3C3D3E3FB4
:10548000000001010202030310203040AA55AA5572
:10549000000001010202030310203040AA55AA5562
:1054A000000001010202030310203040AA55AA5552
:1054B000000001010202030310203040AA55AA5542
:1054C000000001010202030310203040AA55AA5532
:1054D000000001010202030310203040AA55AA5522
:1054E000000001010202030310203040AA55AA5512
:1054F000000001010202030310203040AA55AA5502
:10550000000000000000000000000000000000009B
:10551000000000000000000000000000000000008B
:10552000FFFFFFFFFFFFFFFFFFFFFFFFFFFFFFFF8B
:10553000FFFFFFFFFFFFFFFFFFFFFFFFFFFFFFFF7B
:10554000000102030405060708090A0B0C0D0E0FE3
:10555000101112131415161718191A1B1C1D1E1FD3
:10556000202122232425262728292A2B2C2D2E2FC3
:10557000303132333435363738393A3B3C3D3E3FB3
:10558000000001010202030310203040AA55AA5571
:10559000000001010202030310203040AA55AA5561
:1055A000000001010202030310203040AA55AA5551
:1055B000000001010202030310203040AA55AA5541
:1055C000000001010202030310203040AA55AA5531
:1055D000000001010202030310203040AA55AA5521
:1055E000000001010202030310203040AA55AA5511
:1055F000000001010202030310203040AA55AA5501
:10560000000000000000000000000000000000009A
:10561000000000000000000000000000000000008A
:10562000FFFFFFFFFFFFFFFFFFFFFFFFFFFFFFFF8A
:10563000FFFFFFFFFFFFFFFFFFFFFFFFFFFFFFFF7A
:10564000000102030405060708090A0B0C0D0E0FE2
:10565000101112131415161718191A1B1C1D1E1FD2
:10566000202122232425262728292A2B2C2D2E2FC2
:10567000303132333435363738393A3B3C3D3E3FB2
:10568000000001010202030310203040AA55AA5570
:10569000000001010202030310203040AA55AA5560
:1056A000000001010202030310203040AA55AA5550
:1056B000000001010202030310203040AA55AA5540
:1056C000000001010202030310203040AA55AA5530
:1056D000000001010202030310203040AA55AA5520
:1056E000000001010202030310203040AA55AA5510
:1056F000000001010202030310203040AA55AA5500
:105700001C36C84190A1EDB4A79DD47EF3AA3907F9
:10571000677CA4C371BA8E78AE7C94B222C84ED591
:105720008214F46417E45E9BA46A61680E8E098497
:1057300079FA7CEF525FD641D2E2D9CEBBE6D650A1
:105740005F5BCECE9346BF79689DD27F5E8E13AEEF
:105750004507B95818FBC9077903AF61EFF0E15865
:10576000C5D0EEE761711FDB60C472AF8ED35740C6
:10577000FF34873E5FEFCCABC8D9CCD3A27234E004
:1057800034030301E052C478729B75E168B0A6F45B
:105790008DF3A439E4C9396E94DA7BD9FBB663D1B1
:1057A0007AFEAD4B68AAF7A245BDA9D22709D276E9
:1057B000069EB199C854F05BB4C6EAD7B272419D57
:1057C000BEC10C7D6DC82EF499298F0A2EAA12C66F
:1057D000F9F6AFC68337BB6AC629C3748271FC91E0
:1057E00046E33380286840F1C154B54DB8DA8F8460
:1057F000163BC98DCE8674A0A6AEB421DDABAACA75
:105800006E4D83A45981098FEC5611DA8A1F59F81D
:105810001E7D97824BDD4516CF832A58C90367DC6E
:105820006EF3919880FEC5E1A03FE85A97FE869AF4
:10583000E7415F502EA9E2FA9BD26C6E50765C7DF8
:1058400041ED022A6161FEA889E37FCD98FD8D6755
:10585000333D7AE24193BF1248D62FC29869013294
:10586000C19BD521DB9EB2A15EB9304B9C46B3A152
:1058700043F0DDEA996E6D96D9DCAB804F51841A06
:10588000E84595FC0A40C0C60F3B9C3D66A87C0DD0
:105890000ADC99EA7832215C4A8909DD34082E5CF9
:1058A0008700AC99C124AA54B37F2CD0E4D38A20BA
:1058B00000280B535A87C8892EDF96D21186DCB890
:1058C0005515289351518F6C5CFCAF4D8E878D79A7
:1058D000DDEEC71FE3A74F48131940E5CA597AB751
:1058E000A0A156980B20DBBB1755DCE7DE62CD2A62
:1058F00002CFE3673655DBED7A1E869FCFEA15505F
:10590000E1D25910368FDCE701222207EDA119B64A
:10591000A039A7BE84C31C5ECD81B038AB5DBE622A
:10592000D7437D8961155A569C60627614A5375A13
:1059300022B8374E783F1F67F9C6B8E6852C81E25A
:10594000062E7CB4A79D55155AE51D0425A0837627
:105950004424CE7F46A9F1066F08C1A348B7119130
:1059600039BB25E99272EAE49FB89DE995E2E3CA62
:10597000AA8D87D0A7D47FD67027815B8741AAAA3A
:10598000EBF97E6490709D0D63E52D484FFDF61D8B
:10599000F1FCAAE41BEA5C3D81BC9952F7F3DBEA17
:1059A0003BD62C89B8F4F5B67BFA6284EB1076AE60
:1059B0001F951221E2F2DC7828DC0D988BA0395873
:1059C0005A4CCC835B98B97D5E917A324945C6EFDB
:1059D000BED730AF93FA366D4CE90CFF92910A783E
:1059E0007ADA54C2FFA24D8E0D9540983337750B6D
:1059F00002327FC961294F1A16EFCE77C584F27241
:105A000010AC2522BB85675808E7C43B641A864260
:105A1000B7DA816379218E1811EF924E29B6A295DB
:105A200034F1D625CED823516ECC08795CB4DB9EF8
:105A3000F5375A88A6FEA6EE65D1F5ED65485BFA06
:105A400023EF9BADA25DFB812EEDA063C5E4BE4EAE
:105A500005C736E3C95E47E6A4430A39B6BC000D64
:105A60004080C1E62BE6D51B8CEE9F63EFC371C46B
:105A700066598ED81299B458D4B9341C2407B1AEE3
:105A80004ACFAE83398B68F2FA926CD34DA31EAE27
:105A9000242668F67510A96CF3FE186EAFA8A68BC5
:105AA000DD89D341B015F918881CF79192974D35CF
:105AB000E0CAA43137ABC2954218FC21CAE5814443
:105AC00083781A28E33ED04BB229B7E19BAB4D92C5
:105AD000685B52752277174B6F94C2A3FFD99F184A
:105AE0008C1B06F508A05D8D2B1553E316837EA055
:105AF0002C408450840B5B7B0B772D91D8B297524E
:105B000001495D965B98DF6A94006DD31A113A5D86
:105B10008492B609698C52BFD5099106C3F559B56F
:105B2000719F0D7525B189A97979E01B4080F91B1A
:105B3000401D4A9CE443E2B871A3AC47BBA7856B08
:105B40000F1E5397580FF44A93935B10FAAE0786D3
:105B5000620A13B39AAB645AD85AF17EEBD48D0C17
:105B6000721E04301A7CEEAF4AB9C8E7F405ACEEF9
:105B70009163CE75450896466DC5142909676E9FD9
:105B8000F266B3201C6B6A39C38F327D0D105999B0
:105B9000B1D21A8BD15E4DDCEB182A822DE43D5D2B
:105BA0001B16FB9F935DF6FDA067D0FE68EFA90F63
:105BB000383E2436EAF1E70905E3B6A9EA9FCF1893
:105BC0001BE2607A47687A2F50E533C61333C40F5F
:105BD0003CCD7197517955CC4DF54F0D1E019F91DC
:105BE0004C5621CCF9C278E868D83CBD4CD720ABE4
:105BF000123D4CC810C23846D6FFD2440FAC1577C0
:105C00000C55BF530302B467C18F4A70C3E817B085
:105C10000F8B06C11D1452E7DB973F5443DDA915D6
:105C2000D55BF7F58B7F0EA28A59BEB955A9EA0C50
:105C3000DB6BAA6BFD56861F274C6FA23336012FF4
:105C4000657C2D2DF9274595160EEC4265CF3BAAB4
:105C50009DCA155D4B0567FD80F246639EAA72BE24
:105C60007353A7CD7FE66E6C9EAFC5FC16434DC245
:105C7000642180C01850BAB26038EF9B6FA9F3D589
:105C800014EE00F5B9306CE2707E42E6C711FB1EDF
:105C900052AD730E1BB6C13EFFF6D591F078E2E629
:105CA0009E13353FD71B6B6BE3FC0A61B703379D2F
:105CB000B4936301B838046B2D4514093B1432D7F3
:105CC000D2BD7E4683E7DFAE5F4414036FC04B7ADC
:105CD000F16A7BF60DB82EF62FEE0608DF30DCFFFA
:105CE0002A9A223E7B4B4619A9A1166A017E0CD640
:105CF000A425BDB93B685394948CD55FEFC592D170
:105D000065E34D06A0A5C4856BF825215EAC951012
:105D1000955AB25B17F47A9CAA9D7323E58073179A
:105D20008CB696E7E5FF92B0EA2AFE0F968327131A
:105D3000CBD7DED188BA135A8385F64ED69A333D37
:105D4000EA0EC5AA6237C13922F9EE8B3AF60F6A1C
:105D50006757F0C69FC22A5816C04FFBE2E5C848F5
:105D60008B95B5F72A01F6C07B56E5C0C728DBE561
:105D7000F11CE9A26DD2630EE1970FD788D98E0A84
:105D8000FD3393A065C1CB8ECFB2C201B76F1E1990
:105D900025B6503371B47529B04AF10BE2C054F402
:105DA0009390646AB9CB89E7A9EEA76CCA079D3DB9
:105DB00056FC9EDAACB67A7EF20F4E508B11144E22
:105DC000F69FCFC012FBF9124751464BDE80FD080B
:105DD000006B974BFA9B5F5E90758E61ACB4F5C219
:105DE0007D21834377961AF05202A673E2B11FA970
:105DF0001D3F72692C27A57C2A0F766B499AB1BD8D
:105E0000FC763B16A0351EAF6AF0433AB6E28688B0
:105E100075D28B2CF323886481E76621753C62750B
:105E2000B998DCB40FBAB5C73B7A037D53F8643236
:105E30004874790648EBC582A603AA7AFF0070630E
:105E4000883F44D282A580D3404A7E8CB55E13AC95
:105E50001386B4B588965562E9BD22B498F5F2D799
:105E6000646781DF56462707A4D07031D2351EDF24
:105E7000F71C05E2137D38752AF0FAF401C1970189
:105E8000C7893ECD1EF5E555D50C1DA5BDFC047D8D
:105E900038A8032A47B9E7BF71B2B472671B592704
:105EA00028B45200F41661AD295FBC66389469CD00
:105EB000177DB21E1660446F795C84CEA358A73557
:105EC00015E1348C1E9BE2C6FB2037A99EF1927926
:105ED0004169DC6E1653D480CA03EBE3A01EF3BA0B
:105EE000A20B315CA4AE0190E18AC56BE7D9C46D09
:105EF000B37C9B8DDA8491B1B9AD82272E324DEB04
:105F000080858A8F94989DA2A6ABAFB3B8BCBFC35F
:105F1000C7CACDD0D3D6D8DADCDEE0E1E2E3E4E4F0
:105F2000E4E4E4E3E2E1E0DEDCDAD8D6D3D0CDCAC3
:105F3000C7C3BFBCB8B3AFABA6A29D98948F8A85E8
:105F4000807B76716C68635E5A55514D4844413D83
:105F5000393633302D2A28262422201F1E1D1C1CD2
:105F60001C1C1C1D1E1F20222426282A2D303336DF
:105F7000393D4144484D51555A5E63686C71767B9A
:105F800080858A8F94989DA2A6ABAFB3B8BCBFC3DF
:105F9000C7CACDD0D3D6D8DADCDEE0E1E2E3E4E470
:105FA000E4E4E4E3E2E1E0DEDCDAD8D6D3D0CDCA43
:105FB000C7C3BFBCB8B3AFABA6A29D98948F8A8568
:105FC000807B76716C68635E5A55514D4844413D03
:105FD000393633302D2A28262422201F1E1D1C1C52
:105FE0001C1C1C1D1E1F20222426282A2D3033365F
:105FF000393D4144484D51555A5E63686C71767B1A
:1060000080858A8F94989DA2A6ABAFB3B8BCBFC35E
:10601000C7CACDD0D3D6D8DADCDEE0E1E2E3E4E4EF
:10602000E4E4E4E3E2E1E0DEDCDAD8D6D3D0CDCAC2
:10603000C7C3BFBCB8B3AFABA6A29D98948F8A85E7
:10604000807B76716C68635E5A55514D4844413D82
:10605000393633302D2A28262422201F1E1D1C1CD1
:106060001C1C1C1D1E1F20222426282A2D303336DE
:10607000393D4144484D51555A5E63686C71767B99
:1060800080858A8F94989DA2A6ABAFB3B8BCBFC3DE
:10609000C7CACDD0D3D6D8DADCDEE0E1E2E3E4E46F
:1060A000E4E4E4E3E2E1E0DEDCDAD8D6D3D0CDCA42
:1060B000C7C3BFBCB8B3AFABA6A29D98948F8A8567
:1060C000807B76716C68635E5A55514D4844413D02
:1060D000393633302D2A28262422201F1E1D1C1C51
:1060E0001C1C1C1D1E1F20222426282A2D3033365E
:1060F000393D4144484D51555A5E63686C71767B19
:1061000080858A8F94989DA2A6ABAFB3B8BCBFC35D
:10611000C7CACDD0D3D6D8DADCDEE0E1E2E3E4E4EE
:10612000E4E4E4E3E2E1E0DEDCDAD8D6D3D0CDCAC1
:10613000C7C3BFBCB8B3AFABA6A29D98948F8A85E6
:10614000807B76716C68635E5A55514D4844413D81
:10615000393633302D2A28262422201F1E1D1C1CD0
:106160001C1C1C1D1E1F20222426282A2D303336DD
:10617000393D4144484D51555A5E63686C71767B98
:1061800080858A8F94989DA2A6ABAFB3B8BCBFC3DD
:10619000C7CACDD0D3D6D8DADCDEE0E1E2E3E4E46E
:1061A000E4E4E4E3E2E1E0DEDCDAD8D6D3D0CDCA41
:1061B000C7C3BFBCB8B3AFABA6A29D98948F8A8566
:1061C000807B76716C68635E5A55514D4844413D01
:1061D000393633302D2A28262422201F1E1D1C1C50
:1061E0001C1C1C1D1E1F20222426282A2D3033365D
:1061F000393D4144484D51555A5E63686C71767B18
:1062000080858A8F94989DA2A6ABAFB3B8BCBFC35C
:10621000C7CACDD0D3D6D8DADCDEE0E1E2E3E4E4ED
:10622000E4E4E4E3E2E1E0DEDCDAD8D6D3D0CDCAC0
:10623000C7C3BFBCB8B3AFABA6A29D98948F8A85E5
:10624000807B76716C68635E5A55514D4844413D80
:10625000393633302D2A28262422201F1E1D1C1CCF
:106260001C1C1C1D1E1F20222426282A2D303336DC
:10627000393D4144484D51555A5E63686C71767B97
:1062800080858A8F94989DA2A6ABAFB3B8BCBFC3DC
:10629000C7CACDD0D3D6D8DADCDEE0E1E2E3E4E46D
:1062A000E4E4E4E3E2E1E0DEDCDAD8D6D3D0CDCA40
:1062B000C7C3BFBCB8B3AFABA6A29D98948F8A8565
:1062C000807B76716C68635E5A55514D4844413D00
:1062D000393633302D2A28262422201F1E1D1C1C4F
:1062E0001C1C1C1D1E1F20222426282A2D3033365C
:1062F000393D4144484D51555A5E63686C71767B17
:1063000080858A8F94989DA2A6ABAFB3B8BCBFC35B
:10631000C7CACDD0D3D6D8DADCDEE0E1E2E3E4E4EC
:10632000E4E4E4E3E2E1E0DEDCDAD8D6D3D0CDCABF
:10633000C7C3BFBCB8B3AFABA6A29D98948F8A85E4
:10634000807B76716C68635E5A55514D4844413D7F
:10635000393633302D2A28262422201F1E1D1C1CCE
:106360001C1C1C1D1E1F20222426282A2D303336DB
:10637000393D4144484D51555A5E63686C71767B96
:1063800080858A8F94989DA2A6ABAFB3B8BCBFC3DB
:10639000C7CACDD0D3D6D8DADCDEE0E1E2E3E4E46C
:1063A000E4E4E4E3E2E1E0DEDCDAD8D6D3D0CDCA3F
:1063B000C7C3BFBCB8B3AFABA6A29D98948F8A8564
:1063C000807B76716C68635E5A55514D4844413DFF
:1063D000393633302D2A28262422201F1E1D1C1C4E
:1063E0001C1C1C1D1E1F20222426282A2D3033365B
:1063F000393D4144484D51555A5E63686C71767B16
:1064000080858A8F94989DA2A6ABAFB3B8BCBFC35A
:10641000C7CACDD0D3D6D8DADCDEE0E1E2E3E4E4EB
:10642000E4E4E4E3E2E1E0DEDCDAD8D6D3D0CDCABE
:10643000C7C3BFBCB8B3AFABA6A29D98948F8A85E3
:10644000807B76716C68635E5A55514D4844413D7E
:10645000393633302D2A28262422201F1E1D1C1CCD
:106460001C1C1C1D1E1F20222426282A2D303336DA
:10647000393D4144484D51555A5E63686C71767B95
:1064800080858A8F94989DA2A6ABAFB3B8BCBFC3DA
:10649000C7CACDD0D3D6D8DADCDEE0E1E2E3E4E46B
:1064A000E4E4E4E3E2E1E0DEDCDAD8D6D3D0CDCA3E
:1064B000C7C3BFBCB8B3AFABA6A29D98948F8A8563
:1064C000807B76716C68635E5A55514D4844413DFE
:1064D000393633302D2A28262422201F1E1D1C1C4D
:1064E0001C1C1C1D1E1F20222426282A2D3033365A
:1064F000393D4144484D51555A5E63686C71767B15
:1065000080858A8F94989DA2A6ABAFB3B8BCBFC359
:10651000C7CACDD0D3D6D8DADCDEE0E1E2E3E4E4EA
:10652000E4E4E4E3E2E1E0DEDCDAD8D6D3D0CDCABD
:10653000C7C3BFBCB8B3AFABA6A29D98948F8A85E2
:10654000807B76716C68635E5A55514D4844413D7D
:10655000393633302D2A28262422201F1E1D1C1CCC
:106560001C1C1C1D1E1F20222426282A2D303336D9
:10657000393D4144484D51555A5E63686C71767B94
:1065800080858A8F94989DA2A6ABAFB3B8BCBFC3D9
:10659000C7CACDD0D3D6D8DADCDEE0E1E2E3E4E46A
:1065A000E4E4E4E3E2E1E0DEDCDAD8D6D3D0CDCA3D
:1065B000C7C3BFBCB8B3AFABA6A29D98948F8A8562
:1065C000807B76716C68635E5A55514D4844413DFD
:1065D000393633302D2A28262422201F1E1D1C1C4C
:1065E0001C1C1C1D1E1F20222426282A2D30333659
:1065F000393D4144484D51555A5E63686C71767B14
:1066000080858A8F94989DA2A6ABAFB3B8BCBFC358
:10661000C7CACDD0D3D6D8DADCDEE0E1E2E3E4E4E9
:10662000E4E4E4E3E2E1E0DEDCDAD8D6D3D0CDCABC
:10663000C7C3BFBCB8B3AFABA6A29D98948F8A85E1
:10664000807B76716C68635E5A55514D4844413D7C
:10665000393633302D2A28262422201F1E1D1C1CCB
:106660001C1C1C1D1E1F20222426282A2D303336D8
:10667000393D4144484D51555A5E63686C71767B93
:1066800080858A8F94989DA2A6ABAFB3B8BCBFC3D8
:10669000C7CACDD0D3D6D8DADCDEE0E1E2E3E4E469
:1066A000E4E4E4E3E2E1E0DEDCDAD8D6D3D0CDCA3C
:1066B000C7C3BFBCB8B3AFABA6A29D98948F8A8561
:1066C000807B76716C68635E5A55514D4844413DFC
:1066D000393633302D2A28262422201F1E1D1C1C4B
:1066E0001C1C1C1D1E1F20222426282A2D30333658
:1066F000393D4144484D51555A5E63686C71767B13
:1067000067E6096A85AE67BB72F36E3C3AF54FA542
:106710007F520E518C68059BABD9831F19CDE05B6E
:10672000982F8A4291443771CFFBC0B5A5DBB5E9FC
:106730005BC25639F111F159A4823F92D55E1CAB70
:1067400098AA07D8015B8312BE853124C37D0C55FE
:10675000745DBE72FEB1DE80A706DC9B74F19BC146
:10676000C1699BE48647BEEFC69DC10FCCA10C2436
:106770006F2CE92DAA84744ADCA9B05CDA88F9761A
:1067800052513E986DC631A8C82703B0C77F59BF84
:10679000F30BE0C64791A7D55163CA0667292914B0
:1067A000850AB72738211B2EFC6D2C4D130D38534D
:1067B00054730A65BB0A6A762EC9C281852C72920F
:1067C000A1E8BFA24B661AA8708B4BC2A3516CC73D
:1067D00019E892D1240699D685350EF470A06A1076
:1067E00016C1A419086C371E4C774827B5BCB034C5
:1067F000B30C1C394AAAD84E4FCA9C5BF36F2E6863
:10680000EE828F746F63A5781478C8840802C78CF1
:10681000FAFFBE90EB6C50A4F7A3F9BEF27871C6F4
:106820008D01020408102040801B3600637C777BBA
:10683000F26B6FC53001672BFED7AB76CA82C97D7C
:10684000FA5947F0ADD4A2AF9CA472C0B7FD93260D
:10685000363FF7CC34A5E5F171D8311504C723C311
:106860001896059A071280E2EB27B27509832C1A55
:106870001B6E5AA0523BD6B329E32F8453D100EDAF
:1068800020FCB15B6ACBBE394A4C58CFD0EFAAFB93
:10689000434D338545F9027F503C9FA851A3408F5B
:1068A000929D38F5BCB6DA2110FFF3D2CD0C13EC73
:1068B0005F974417C4A77E3D645D197360814FDC08
:1068C000222A908846EEB814DE5E0BDBE0323A0AEC
:1068D0004906245CC2D3AC629195E479E7C8376D70
:1068E0008DD54EA96C56F4EA657AAE08BA78252E95
:1068F0001CA6B4C6E8DD741F4BBD8B8A703EB5661E
:106900004803F60E613557B986C11D9EE1F898110E
:1069100069D98E949B1E87E9CE5528DF8CA1890DFD
:10692000BFE6426841992D0FB054BB160102010029
:1069300001010100010203020100000078200010A3
:1069400002220010F4210010DA210010CC210010E6
:10695000BC210010AE2100109A2100107C210010F3
:10696000682100104221001006210010B020001004
:106970008A220010BC240010882400100C2400106F
:1069800004240010DA230010B22300101E2500108A
:106990008C230010D4220010CA220010C022001044
:1069A000D422001030313233343536373839616211
:1069B0006364656630313233343536373839616275
:1069C0006364656630313233343536373839616265
:1069D0006364656600000000000000000000000025
:1069E0003B7DD85D2526561DC10709B950718F44DE
:1069F00077805F094A4FB7DA57F4EF77EF08B59021
:106A00004109FC85C77508C5692C8D7331D995007E
:106A10009CBA175E199F1963C2CE3FB66B00A405DE
:106A20008981BFCEABD9787A96C9227DDF2B8A9D2A
:106A30007EEE93A1F2C20254B08930388CE3FC2977
:106A400099A1E02229B39E97E324611152CEC4C1DB
:106A50009CA4D3B71B19F75BFA584B6FC787A17D6E
:106A600018639D4A21E433A32CDCC94F385F61DAF7
:106A70005D11AFB3F3AB6F1FEF002CF9353BCA5478
:106A80002FCADAA99EDBE33DF22A9896869FB87E4C
:106A900075888DA4DA5FEB84C02270C9FDC3D04B2A
:106AA00004D8B0F85F3FD32D9A1A440A1520C713B3
:106AB00056129B2B118E4332ADC6A8C155CF07E8A5
:106AC000FBA98BF2EC247A8CA7BF3CD18C05252C3A
:106AD000BA57FBF6BD5C9A0A03614624CF320648DA
:106AE0001B743E9E896E2AB27CF70C4AE2F5DB5D90
:106AF0006756E93745A45CE4562F0D3EDAD61FC72A
:106B0000D6ED7B0F981EF93CF7C23AB02974E03BF2
:106B100030E119764BD46A75DDE8308163182E1A9E
:106B200013F142530B93F1B534DDAF14C10177DE9D
:106B3000B3BEE3946274FDD1ED332A00C9D2392784
:106B40009587B745D0116772B2A794E588CE1A81B0
:106B5000D815DFC43B0D803E1FAEF60EC165B89E52
:106B60002E9EC5FB5295DEDD08B306908626581B87
:106B700093E42C94EB5C9FA8ACB0C46AB787606CBC
:106B8000B7A7500508C686B02179D127C7AF9EA008
:106B9000F93DCBC67DBB9E675CC5DCE24F34D2E4D9
:106BA0000EA5039E5B64B260057D78FD66C714C8C0
:106BB0007AC092C2A78C6FA235CE7214D27E3C19D5
:106BC0008BFB5354B9D99836F32498B8FC5722AEAE
:106BD000DD93F868D05871C7646F932596DBD112A6
:106BE000B5F16F9FCB1641D91063EB485FF02C16BF
:106BF0007E6EE951A6D33AF44A3E9C68F50A36FB0C
:106C000063161411756752A9880AB842FAB857C9B1
:106C100014C194AD4A241828892A6A5D7ACBCEC261
:106C2000BD256EC97A6264DA0A113F5E78993CAE7E
:106C30001972AE44528ED58C917AF2838467BC3A35
:106C4000F190E9C38ECB47061AE43F47DF7DA00FE2
:106C50009A864F4D6B460CF2942E990822B0325210
:106C6000B245B665ABAFBDDE67835A234B6F1F8459
:106C7000315EAB063649537A9EB0CDA532CE4DA8D3
:106C80007DBBEA7C2425591BD888244DFE9D469067
:106C9000128A76EBC2CBF74B64367B82F434207DCC
:106CA0008B5285F43652A997D53A813D355D814E98
:106CB0008DD2DECC6B423D4A9574DBBE868621A721
:106CC0003989DEBB7C97CC38E9C5B331292C3A240D
:106CD00016D593BBE3DF3A4E53C91DB374F38BA9AA
:106CE0004441DF232DA04987FCC5FDF628960DB948
:106CF00094C250FD32E62BFC55BBECC97E3C317C86
:106D000099DB43AF50B4633B6F953537D71CE359DC
:106D1000B973338645A8631DDD76106546A9CCADF1
:106D20003CB087D4AC475B2EEF6EA869639B968F0F
:106D3000BB8A062C53B066ADA8E4F18A0A7B1358CF
:106D4000D11FE860108D18C06710239139DD956E52
:106D500038D734DD135B6EECF6C1DD36D2C0CF9090
:106D6000F7017476451E3694C2F7BDBE59FA5A86AD
:106D700056C268CFE892863F55F52E05790E723ED1
:106D8000CAD623AB561746BAD6998736D79F6274B0
:106D9000A528D6D022A1FA451E9B94C908E2A60ACE
:106DA000172B3E5CC53C01C2D3A9DC88A104ABAE65
:106DB0003468A38AAA2E70CCCBE56EA697D7D91DCE
:106DC0009D0A95AE9A88713AA20DE18896B9374925
:106DD0006D63CC258B299DE63871E6A6C9F07AD87B
:106DE000347E591F117A230AA6F06649E5C1566F11
:106DF000AF5DC86E1DE83EFCBE6A608CAA1A3F9B60
:106E000092242228566825975E200C453883ABE3F0
:106E100069BE8F9780C8F6C299682842D4C4A21868
:106E2000AC6EF85808AEC6C57C63BC57D1095B8C04
:106E3000437C26E5288DE521F3DB200CB42CB13F03
:106E4000A96C5EC5177022A6BAC9ADCF729ECC736D
:106E50001587A41F00C9511C1522CB870C8D3E44F9
:106E60008C1D8342EFA4442B55554D9F115B41303F
:106E7000295D55C6C55344DB7FEBD12D0D055F68F9
:106E80003E8767BC600DD97C04F20FFF26C683D312
:106E9000AA56005FB1411A1227169176F41A9BE6A2
:106EA0009930A08427052C5C4BC5EED60592992A13
:106EB00080B3E8384C61AC68D72E59879476A682A7
:106EC000349471E8075D34A5F0C33D57BD81562663
:106ED0002765670B2A031C44F13B10F4FEA925EB40
:106EE000D7C50C2E354ABFBDBB38A97AA2AF4A6AB6
:106EF0006E4395C1DC12BE37A469C68F592FC46793
:106F0000A70C70D969177B20CCE3251338F4DA7D00
:106F10007A6A56337BC07FE3AB2819BB2767A3612E
:106F2000E4DA8E0F14897B4E91EC3A983EC9AD2E6F
:106F3000C4B9B4063008CF9586A10EE7A884C5234E
:106F4000CBD81FB6687829B9EBA187E5040714FAF6
:106F5000FBF68336150F087693FBE104BEBEF87D81
:106F6000D2898F73C970A199CC1E540BE40B0AB758
:106F7000A757A003A1CC303D6A3F99EBBC6276C90C
:106F8000960FFD620D5B4953135C79830A172C320F
:106F90003484740A693738F27C600A3C51405338B3
:106FA000C9437DAD812D269256B3D118C4BF458506
:106FB00009556311618558D67DB27BC01F8FCE7392
:106FC0004152219939A00B27864553ABB580620603
:106FD00041020856135409945DCE40A27A239C0EB8
:106FE000D73938AFBD98ADF0E9ACF9954F78A35AD1
:106FF00048AD54AF85BD84C8C4DEB9CA63551BAF64
:10700000A22566CBDF7F68F235767CD987FC94DFDA
:10701000F7BEC4DDA4992E635E0F157E8254A67D53
:10702000A8949D36BB3B99AF87A139D6AD8615B6DE
:107030009671A5FD886F8630B2C1BF39090937271F
:1070400066819518F4CE134379FCA957A8ADEC2BB3
:1070500085DC803919D154F9E10A98D3884A9DC654
:10706000B37FCCAAAFCF4214410C3E285E6F83742D
:1070700042FAB7DDD06AA38B20E5167A913293CB22
:10708000B407A60AE6C898B9F03A6FC510DC49FD06
:10709000DE9E8194205464771E78ACC2723BAA15A0
:1070A000B65199A65514015AAF755DE24A6FCA658B
:1070B0006A11EA4A6C2C981DEDB41ECFBD4880427F
:1070C00081A6593F847AE95AB04C4B7E98027FD210
:1070D000626C2B1E1348D8ED9B6402D494C4BDFC93
:1070E000AA19616330A60263723B7BBF6DE8149FEF
:1070F000C5C4662B9AA5699D5A174F0624D8A5A426
:10710000F54C8A36FDD3DA9BE3DDA9C72D6DAE16AB
:1071100096D24A8B121D005F45C113701728BF1904
:10712000CF19F49FB212941818CA7731A80C7D8831
:10713000DD0A64B6084E525A1D5CB6C4951E0BC2D9
:10714000CF1BA6A19C6D9F14B368C1703ABE23E605
:1071500049E44E22E5777FD9DBC515BF663BFCE8E5
:107160003BE4A7B983669B791151D6EF523ABC60D4
:10717000E8528F3E6E72011F1EFB17B7BB6DD55CC8
:107180006CB252767C05671E2BF188DF6BD5CAE0A6
:1071900012F6B014378F69C1B58538303150AD273C
:1071A000542C447072CF4A9148CC0EA7C5E9DA42FC
:1071B000B0D9EE341B6C4EE6B6A702EBB392A40432
:1071C000BEAA2415E19750D3EAA7ABD1D45B2BB864
:1071D0006A9C2D91EC7D1E7561DF5BFC0B0AEBC296
:1071E000377222E061A924C591CD9C27EA163ED4CE
:1071F000C1318D81240FCDC6C3C5690E2C5A9C7038
:107200004DF1CD524928B974340EB6949775834F19
:107210001271439EA463B37AE6B27FD4AE523204B5
:10722000488A8893CFB08D1E24A49A794FF335AB4A
:107230002C885BE175E0775657BA5237F467CE5623
:107240005153D9110682B1AFD61143D372CA116519
:10725000721D8C2F11C61B62056A6E1AB93E6BD95E
:107260005CCEAEC7247A4337599E7B0AB68CFE3873
:10727000FC0BF9B3BB4DF9B52C28B1ABA163E9AD5B
:10728000E81458A48548C98A47BA00222238325DDA
:10729000ECB2C273D4FB632D5BDEEE53BE286B9A57
:1072A000AD97EA79CD2050F6F9E72EABABA424F6E2
:1072B0006F168DE81E6893121457B14D717E3455C8
:1072C00087AEE6A7A63BAABC6EEC9E05E78E914171
:1072D0002C7808B72538348AA75EB11605A0ED1DB5
:1072E00018277EF3D010053DA190D8D6235D2F79C5
:1072F000557015E77828418FF9D4AF49CAF3594B37
:1073000062043B70131BC486B3157C5B4062961A03
:107310005C965E3D6140DDBEBB9EDF1D29121EB93D
:10732000FB3B842996D48F2A99A6FBAEBECEC8F526
:10733000F2A447E264939E5E79FC36B8D3F9FC115F
:10734000A3EAB0A79E0B3F6792289B9E67F5E79341
:10735000FC51CFDBFC3F5E4A1763C5AF9CCAE86DAA
:107360002252E5580777DBB525C90A9B6B43E6C077
:10737000AA8AAB9875C092E027793D7CA722D93ABA
:10738000A835808B9367BD05F75742B069FBCBB139
:10739000301B1ADC126EE833916E2FECD7101219E5
:1073A00074C27EF55FD711339A3927D0BB88062B7C
:1073B000B24C9F822E0BE08F790A57D5B57A99701F
:1073C000AEFD7C20BE02680D1F4EB80AFB8AAB766C
:1073D000ECA1E3FC552020CA400216E7203CCDF882
:1073E0009B4A022917B07F3FD82004C90415BF4C1F
:1073F0001765963436B0370832C3C1DEC1D1CF200D
:10740000213C51B275470A62AE9182692BF2E0B518
:10741000E16B115D36776ECA47805C6723DAD2571D
:1074200074A1543AFD5FB17C3A11DB6176BD959E43
:10743000855CEB525F8C40D85E6B49C0AB814812D3
:10744000B20E9884F4995F8A17282382C6C45E70AE
:10745000EC43DFD06FC1A0347FD448649B0D9D8B7B
:1074600073D7A71953926142BEFE285755305A640C
:10747000A44B8536ACCF5C39A36F3E7891BC850FA9
:10748000B7ED985E515975ED9ACA86607E7240706C
:10749000D008919BED82F50EC3803C206F77199444
:1074A00037F589018E2D2F010BFF904EA57D0AE443
:1074B000507138B780C6FD822BFA2E9982B32CAE5C
:1074C000DB118736C38FC318CFB99182F9C3F1415D
:1074D0002E6E6E1C07E25D97D2DA93E2FF3CA2307B
:1074E000CF318E08B4D69FA6036695FBB7DD54E571
:1074F000DA7F64552F3001AAD211910495FCC58121
:10750000BD37206C3ACC9AF84F19E0E63EE4584774
:107510001E0903EEA8C545436F7DC04C7D6A417AC4
:10752000A41BB4AAE7DD7AE44C699298F85AFC7C73
:107530008AC00F463075DA0AA22C3F621677BA3439
:10754000ABC474941095F8AA8D51FB5BC5AA47E6AD
:10755000DB420ABB66248FED03BCC851E6E31B7E09
:1075600045CAB83357BB53DCB49D4268817EB76BC4
:10757000C032C91430B0EC0D371D3EBAC2A6AB8C78
:10758000A5C9B92345CB0AB381782F25C2BF3423BF
:10759000A050A2714BBA4EE8AEDE2915A6BB8B07F0
:1075A000D7DAD700D5E2525DA2D321058779AD3471
:1075B0008361D1D0F4CA2085D02B33B5BF4A1AC518
:1075C000E09F4B5EB971B4C13491E8BB12C7C3B63A
:1075D000B50E6255578056DAE9BB38B4ACE477553E
:1075E00074BF7F6971A1CC6FE7912FDBB8EFF3AB6C
:1075F000EF81132D05DB3485717A0366F524A8CB62
:1076000004EBA2A26465CCF89D2706732FFFD62356
:10761000F9234824D40A0354C8C6C663B89F7034FB
:1076200095CF5FFCB36049A7E7C2F9816D14086A82
:107630005B0AE99AEE8D2F3C5B6D5B750FD36A1D7B
:1076400028C4968BF81431767C8B7D5875642E3C5B
:10765000AB59B31BD18BA613EBBF9CEC13E4B21058
:107660001E7A746BD2B415E5CCBA5B1500B8E46F22
:10767000F0E7A894092779DAB1D1715DC7D4C05079
:10768000808B6B1E5966E7E9F5EB784EEA91D7C31C
:1076900094DDBBE9671A6BEE1BD7B848ADD3E5A8FC
:1076A000BD6EFEE88E3589F1CA841CD9F75CE58190
:1076B00067CB8DD0028F29F71B6F1EA3538B1F81C1
:1076C0002EF0DEB665DF8EA10FDDC3703DAA5784B4
:1076D000303BD5EE2F9EC087791F01B2EDA0D4FDBF
:1076E0006982ACC748E99FF4282332A9027899FA45
:1076F000C3C42221294BF666789D347CAF16C64F51
:107700007DD8894F4ACF745D096C5EDF067676EAD4
:10771000D3A8A5591E23CA7096549FDA47CCAFE26E
:1077200039FE8838FDDC2BDB3723313EF863DDAED4
:1077300024816E09D3152D71D3B8CC5195FC86E206
:1077400013DA1FF7B138EFC4DC2054B30CF6CD9E2A
:10775000DBB94F7BA002C3B0A9FE6B136BFC778C27
:1077600034469F2E453ACF907FD61076257C4DFE2D
:10777000F22F55809B94E5B94D7C010E12CBE505A7
:107780007056CE9D82CDFBE3E55E1CC8F7633714CF
:107790000F29EC9F41925819A5A1C2D05ABDC2EC45
:1077A000D9E6E38F392CCB60FEF4D0ECD5B707884F
:1077B0003DB35579F0FD26E0074B95C723BDA75D86
:1077C000CCE2DA4BFB534EE97046AF98BFF85B2A28
:1077D00044E1A30C5EF82209F95F390958589CC3AB
:1077E0003C1C2EE7EDE880BDE93200A26E0EF84E9B
:1077F0009F16BBE4A406DFFB34144DA5C45A001F3A
:10780000B93C5CB3CCA28B7A986633EED673C95977
:10781000F8D38AE48F6FB274A5F91D79D0F052388D
:107820007C08647C1F930B673D000F8A31D611E200
:107830001D36A4734B14C8DB04F3798F0D73779155
:10784000BDA0B6CDFA3F771A52ECC9B5EC16AC49DB
:10785000A81D9B6A3D097A18E7BEDE2207E1F3B155
:1078600008BEED7827C4F10FBBC90A369235800FE8
:107870009A4488A576993719A22497E53BD0479179
:1078800026CC982B8264C4E443AFFDBD4E9AA6BDBE
:10789000D4FB62DAB8E3BFF83EB5021F4A9800A9EC
:1078A0001B85A194BC30B77311CB7AB2AC8483151D
:1078B00015330DE72D1301BBC6AA32FB8EEAE53561
:1078C0008A5F102D82FAFF4D7404A92C7B88BA269A
:1078D0006DA4C78DEE2B0DE9E50A84F7F3AA8D0A96
:1078E000DA2DDB3ACE964972EA33FB5E7D1F25F333
:1078F000408CDE9A19A9E65201FC8C1204438418CC
:10790000A4C5E4DFF29DC8C4C1C954EAB9E2AE2FF0
:107910007DF486ECAD79D19C79EE56FB71E465E09F
:10792000A9B94568214CA242587A22CA39C54FF4F8
:107930006843A8AF1786227F1EEC16816C71C6B50E
:10794000FDF66B8B2823B507CD7E3C946AE916F1D2
:107950003C314ABF5EDB84F7CBA090092CA380C5E5
:10796000FB4D5254089D8C1819A02617A43BAB4B15
:10797000867E099FEAA9997388C7D4A899CCD36653
:1079800059F5B84D9D3164B85F848F97588B79B5A0
:107990006137A1290A2FF52B87346C77C34DBFA51A
:1079A0007CFA37BE6E935BF139296C7B63E2BB478F
:1079B0009DC7A819121B757E35BF4CE5560542DCE4
:1079C0008CC5D1FC3062B6779C0F07DA73D9F80505
:1079D00091E2767FF08417E62A07CF6BA991CF94C6
:1079E0005A2853B7FF97AD33DB4A525287C023164C
:1079F000F304B545B1DFFE42E0F1A5AADD70004316
:107A00000039B2AA407F02434078BDAA39B5054388
:107A10008061A1AA453E0A430049C1AA4C5D1043BA
:107A200080AAC5AA4577184310D8B2AAD9252343FE
:107A3000001028A953593143B0B694AA309A444350
:107A400080DECDAA89925F43F428A7AB78A7834351
:107A5000A0DF1DABCB52A34330F4042B40E4DC4346
:107A6000E084BDAA3B083244D05A93AB404701455D
:107A70009A069DC22F96FAC4C098102BA10F22C45B
:107A8000009EC3AAF8D2BCC3909C6DABEA1083C31E
:107A9000C02F3FAAC84746C3D0F83EAA27E41DC35B
:107AA000A8EBA0ABA41E02C3603914ABFACFDBC2B3
:107AB000404756AB8525BDC2A048B0AAAD24A5C29B
:107AC000405BCF2AC0E291C2C8A601AB042082C2AB
:107AD0000029922991066AC2AC7719ABD0E753C24C
:107AE000E0039FAB080741C280B982ABB4C030C28B
:107AF000007E69AB309922C200F755A94B3116C2FE
:107B00004045942B963E0BC20004B1280C8601C25E
:107B10003040322B9AB0F1C170690FAAD51DE2C175
:107B2000008934ABD114D4C100A4FCAA8F61C7C1B1
:107B3000905F85ABD2D8BBC1A474A9AB8556B1C147
:107B4000A08EA82A93BCA7C100FB02A94BF29EC13C
:107B500030769FABB4E496C10026CBAAC0898FC112
:107B600000DC96AB19F388C1088FF32BA54884C1BC
:107B70002E6E1D3D61FF71C12CC522AB5B686AC1D1
:107B8000004E4D2AA0BC60C1849FA52CD15757C17F
:107B9000F011292B6E6F4EC1A0820EAB790846C141
:107BA000581BD4ABDB1D3EC1E0130A2BE6A736C140
:107BB00080C37CAB739E2FC1E8C4CCAB97F928C1BE
:107BC000D871102BD7B122C1C018F22A41C01CC1F4
:107BD00080E96EAB671E17C1208C6F2A53C611C196
:107BE000804D31AB81B20CC194F46B2BC9DD07C160
:107BF00080428AAB574303C1A2D19FAB2BBDFDC0CE
:107C0000402E122A3356F5C040524EAB1649EDC0F5
:107C100050C20A2C0C8DE5C0C023C1AAD518DEC005
:107C200020072DAB30E2D6C080C7352AF4DCCFC0A8
:107C3000C008B6AB7AF9C8C0F02D5FABA221C2C0B4
:107C4000974DA6AC9532BBC0D88B41AB45EEB3C0C7
:107C500000B6ADAA28D4ABC0A0A8AB2AA59BA1C0F2
:107C6000C0CB3B2A869890C088F6D02AB4A81DC005
:107C70004E3C0EBF47FB00C120AF7EAB2C8CC0C07A
:107C800040D260ABF13CB0C03098052B1813A7C0B0
:107C9000001AF2A86863A0C0C0EE50AA9FE69AC07E
:107CA000B0218FABE41D96C0A89BD3AB39CD91C05A
:107CB00000A39AAB3BD48DC0403C982BA51F8AC033
:107CC0000040EBA71CA386C08C99D2AC375683C06A
:107CD0007458E1ACF83280C0A0BE2A2BD4697AC0B7
:107CE000E83DBA2B4EB174C0289340AB0E376FC03D
:107CF0000084AE2AE5F669C03C32A0AB8AED64C0D0
:107D000094AA84AC771860C0C0C18FAAE5755BC027
:107D1000C0D0CB2ACE0457C0C0C67FAA13C552C05C
:107D2000B81BA52CC1B74EC0B87B83AB96DF4AC049
:107D30004044712BF94147C05012F62ADEE843C097
:107D4000A0FAC2AACAE640C0C8BCC02B2A603EC086
:107D5000007EB9A9C2A43CC0B0EC0CAB2D863CC0DF
:107D60004025C42A5D0841C0B0BF6DAB455865C011
:107D70007AA4813EB864D6BF002739AC17AF0FC0D4
:107D8000E086B7AB048B14C0767D412D45F314C05B
:107D9000000C622915EC13C0C0BEAC2A6C4712C09F
:107DA000A0565DAB8A5510C00C1A7EAB703B0EC05E
:107DB0004094F9AB520C0CC012CA052CF5D209C084
:107DC000B0D926ABAF9507C08850EAAA525805C073
:107DD000002078AB251D03C07406122C73E500C08B
:107DE000E00FD72BA563FDBF00930FA9A904F9BF2E
:107DF00080D211AC2FADF4BF009EFDAA9F5BF0BFF7
:107E000080F28DAB7A0DECBF0C1A86AB2EBFE7BFAC
:107E100000EC25ABC26BE3BF20519B29460CDFBFB2
:107E200020BA6AABDF96DABF44F44D2B1EFDD5BFF6
:107E3000801A16AB0429D1BF664EE3AD3CF7CBBF29
:107E4000645CDA2CFD2AC6BF28F812ABD451BFBF40
:107E50006026D4ABFC76B6BF575B1BACC11EA9BF76
:107E600080D6EC2B762F8EBFE05B3AAB462D1EBE44
:107E700098BCFCBED28A3BC098320DACF6C6FCBFA3
:107E8000E0DD8AABE40DE2BFE07112AAF506D5BFD2
:107E9000C849672C6A98CCBF80C9C5A97B46C6BFB4
:107EA00000D5A7A9421CC1BFA03572AA24A7BCBF98
:107EB000A0C3CBAB22AAB8BF804B3B299D01B5BF65
:107EC00080C8952A3597B1BF10FD22ABFD5BAEBFD0
:107ED00090FFBFAB7645ABBF74E5432BD64BA8BF35
:107EE0002EEA062C0669A5BFA0AB192BFB97A2BFF3
:107EF00000BEAEAB43D49FBF0884372BA7199DBFEC
:107F0000244BAE2BE0639ABF2011F32A3AAE97BF01
:107F100040F688AB31F394BF38F1D4ABDA2B92BF83
:107F2000006AC4A8024F8FBF0000D328B34F8CBF94
:107F3000605605AB991A89BF7CB6842B059185BF25
:107F4000C0917FAB7F7E81BF80AAD329010179BF19
:107F50004081002B26896BBF44CB1E2CAA5056BFF4
:107F6000D006B4AB4EB329BF18D69BAB98381C3E95
:107F700059D505BF0A500FC0E0E7F62A834DB6BFBA
:107F800018F699AC2A1BA0BF8072962977A995BFD5
:107F900028A74DAC56268FBF8E9444AD796F8ABF0B
:107FA000623EA2AC7EB286BF50CD8BABFB8C83BF52
:107FB00080A4F12A9CCA80BFD0A477ABAE997CBFC5
:107FC000F4C79DAC150178BFC09910ACF2B173BF76
:107FD0004020B6AA659A6FBF8C84AD2B37AD6BBFBE
:107FE000484DE72B1DE067BF929799AB982A64BF75
:107FF00000ADB82C2C8560BFC08B68ABC7E85CBFF8
:10800000048189AC334E59BF30D633AB83AD55BFF5
:10801000001D37295FFD51BFC0CCDAAA06324EBF22
:10802000C474B92BC23B4ABF9872362C680446BF51
:1080300060E8892BCF6A41BFF89F992B3A3A3CBF41
:108040003005C0AB641836BF646BACACAB5B2EBF05
:10805000F0A61C2D869923BF5CF60BAC9B2412BFA7
:108060005C028CAC4006D9BE489E15ACC11B8D3E4F
:1080700068A509BFBDE0E4BFA5377DAEEC5F8BBF4F
:10808000586F87AB1D3D71BF48969A2B5CF65FBF5A
:1080900080DD542AD87155BFC84EFEAB46024EBF94
:1080A000408E82AB343D48BFFFE6E82C197943BFD0
:1080B0008092CCABD05B3FBF006B1EAAC1B03BBF70
:1080C000B0D232ABF25638BFD6023CAC693835BFBD
:1080D0008089092CB04532BF60EDF72B4C732FBF60
:1080E000E02F0F2D39B82CBF607F5F2BF30C2ABF18
:1080F00000C80CABBB6A27BF58E5CBAB13CB24BF82
:10810000702CAFAB362722BF0056ADA78D771FBFAF
:108110002097DCACF8B21CBFF02C21ABCCCD19BF42
:10812000DCC6B62B47B816BF041B83ABF85B13BF86
:10813000E023222C1D970FBFDC67E0ABCE330BBFD3
:10814000B08466AB86D505BFFFE5CD2C479CFDBE50
:1081500080BC27AB4852E9BE1C22F5AB893DC7BEA7
:1081600020AD9CAC684E77BE8034522A08D9F23ECE
:10817000BA4925BFB364D3BFA02E1E2BCE976FBFC5
:1081800010DDCA2AC3E949BFC60A97AB440B39BF01
:10819000A0762BAB24212FBF4C349FABF56328BFB7
:1081A000482100ABA45F23BF052A70AD9A661FBFAC
:1081B00050E323AC011D1CBF54E2462CC74D19BF30
:1081C000A0505BAC32D816BF9641872B0EA714BFC8
:1081D00054F8042C23AC12BF6505AFACABDD10BF67
:1081E00050948FABDB340FBF43304FAD07AD0DBFA5
:1081F00000FB702C1B430CBFF6EBAEAC50F50ABF76
:108200003A97502D08C309BF40C92DABD0AC08BF69
:108210008012DF2988B407BFB04C3CABBFDD06BF7E
:1082200088573AAB582E06BFF4FA43ACBBAF05BF34
:10823000F01ABB2C007105BFB012292A348B05BF80
:10824000BE0A312C3C2A06BFB475E0ABAAA107BF19
:10825000A044FCAB4CA50ABF4200882B7F0911BF8C
:10826000E07ECDAAE48421BF072D88ADA58678BF26
:10827000431AB83E38F4873D80AC71AA0A158CBE0B
:10828000B24555AD1229ADBE4884F82B751DBABE56
:10829000803FBBABA25FC0BE2C1150AB8F98C3BE5A
:1082A0003C644FAC2730C5BE11F6D12CEECDC5BE17
:1082B000A0B3A12C2ACAC5BE96AEB62C8757C5BEA0
:1082C000F0AA74ABF194C4BE00C82CAA1696C3BE23
:1082D00050DE1F2CCD67C2BE3C7179AB8312C1BE8C
:1082E00080B4DCAA9A9BBFBE48AFF42B3306BEBE57
:1082F00000582B2BA353BCBEEC2025AC9D83BABEEB
:10830000008C70AB3694B8BE1CA820ACAC81B6BE55
:10831000A238C12DF245B4BEB49956ABDDD7B1BE7B
:1083200080A639ABB829AFBE0091FAA8C426ACBE6E
:10833000308C982BB5AEA8BE283FA22BEF8CA4BEE4
:10834000361C0AAC30669FBE804A622BC38D98BE35
:10835000B4B486AC45918EBE54137D2DE35A7BBEDA
:10836000A41542AC432C30BE44B632ACDFC33C3E15
:1083700074C6D6BEB6C05FBF9B8994AC108304BFE1
:108380008051A7AA3968E3BE687F41AC327AD2BE79
:10839000E0DCE22B7C6FC8BE98FF80AB4984C1BE95
:1083A000B09463AC7B45BCBE4839EBAB7405B8BE3A
:1083B000C0D5092BD067B4BE383533AC8836B1BED2
:1083C000C4B3932C954FAEBE20AA5A2C179CABBEBB
:1083D000C0A7F1ABB70BA9BE55C18DAC0B92A6BE21
:1083E0000035322AF724A4BED503622CA3BBA1BE5C
:1083F00000DE502BAB4D9FBE202A852B77D29CBE32
:10840000727E8D2C84409ABE787457AB988C97BE40
:108410001005822BA3A894BEC077BCAA248291BE6B
:1084200080829C2A99FF8DBE0034CBA828FC89BE8F
:10843000E09D8CABF03F85BE4022252B79E27EBECD
:1084400020C6B1AA42EB6FBE70DFC12BEA535BBE00
:10845000F01C4B2CAF3D3CBE7FE5972D2E0006BE99
:10846000B65DAE2CF33823BC97D136ACD232163F72
:108470005E3C4BBFD90E99BFD9430AADAC6319BF5F
:1084800000BF58AADBF7F4BEC65FB4AC8FFBD9BE01
:10849000C05C92ABCF9ECABE0024EDABC98DC0BEFE
:1084A000B6913DAD9D59B9BEC7E7D2ACC1DFB3BEF1
:1084B000B0968B2D9386AFBEB8F8E52B56F5ABBEC4
:1084C00006EB81AC57F5A8BE53E584AC3763A6BE76
:1084D0002A19052E3C27A4BEFE05ACAC1E31A2BE57
:1084E00098D20DAB9375A0BE31CB90ACD8EC9EBEAC
:1084F00000FAC9ABD2919DBE1452022C8C619CBE75
:108500001A9628AD025B9BBEB636A62B197F9ABE83
:1085100080DA1C2AE9D099BEA639882D475699BE23
:10852000F09B382CDD1899BE935BEFAC182899BEF0
:10853000A0929B2BBB9C99BE80E9092BD59F9ABE2C
:1085400088B98A2C58799CBEE00FF5A93AB29FBE33
:10855000002F18AA2871A5BE10BC80AAB8B5B0BE5D
:1085600068780FAD8E80CCBEE4926A2CA8EE2DBF49
:10857000C884D73E19162D3E02CB87AC025BE3BD03
:1085800060CA442C635729BE7706C62CE0FE3FBE66
:1085900096129DAD4CA54BBEB88C18ABE74952BEA8
:1085A00066610C2D213A56BE6C8F46AB078858BECB
:1085B00078FC35ACA0C359BED1C7D9AC363F5ABE42
:1085C00028F7BD2B832C5ABEE89D112CA1AA59BEB9
:1085D000607E662D2CCD58BE3AD60AAC29A057BE77
:1085E000333CD32C2F2A56BE38B291AB8F6D54BE7C
:1085F00000E7D4ACD86852BE68FD3D2CE81650BEEA
:108600008EFB20AC7D6E4DBE942C942B4D614ABEEA
:1086100040E076AB5FDA46BE3143CCAC50BB42BEE5
:10862000C8F464ACB0D73DBE7B57AC2C14ED37BE5C
:1086300050EA84AC9F9430BE22A90F2C3C2727BE61
:10864000B893B1AC64831ABE8BFF6B2D438508BE13
:108650000A530FADC92BD9BDCAF2D12B5F146BBD24
:108660004076562B45D4623D20CE16AB51F91D3FC6
:108670006E666EBF477288BFC4982DAC0A1B01BFDF
:10868000F052D5AB1C83C8BEA0EAB22BDEA9AFBEA8
:10869000808DB2AB62C6A1BEE843582B8CE098BE79
:1086A0002829CCABDAAC92BEC850AE2B5B198EBE7B
:1086B000E4B5882D41958ABE39D4942CF1CC87BE7F
:1086C000B0735DACE98C85BE62A405ADD5B383BE45
:1086D000680F5C2C562B82BEAB88D22D04E480BE82
:1086E000ADD203AD37A67FBE8061C62A29E27DBE2A
:1086F000E00E332D92717CBEFD86862DE14D7BBE52
:108700008E437A2EAF737ABE6F9B2F2D8FE279BE88
:108710008060382B379D79BE402371A91DAA79BE90
:108720006080DAABAB147ABE78188EAC95EF7ABE67
:108730001075392C1F597CBEB41CC3AC84837EBE1B
:10874000B0A8D62B52E380BEDEA0D82CAA6483BE8C
:1087500000997BA9CD7887BE6040952A2BF18EBE0B
:10876000800BBD2ADB77A0BEA817CC2B5304F8BE24
:108770006ECCA03E648AE23C241F75AC830E13BE0F
:108780006C68022C75AA36BED4CA19AC1B7346BEDF
:10879000005166AC2DBF4FBEFC95F0AC0F3556BEF8
:1087A000C40FCE2C5F3F5BBE00B5A7AAC18A5FBED7
:1087B000606FD6AC577663BE3F38B62D4D3D67BE71
:1087C0000028E72AE4086BBE20A3B42A49F96EBE4C
:1087D000E1DF30AE792A73BEFEBF37AC60B777BE3B
:1087E000508505AC26BC7CBE145DEDAB202C81BE53
:1087F00000A0C328565884BE5729FD2D53F987BEC3
:108800008CF043ACA82B8CBE06002BAC6D1491BE33
:10881000F07C752C28E596BE4677562DD5E19DBE99
:108820002035292BBD6AA6BEAAD4EFAC300DB1BE4F
:1088300000F88CABA3A1BEBE90D601AB8785D0BE9D
:1088400044CA2CAC4914E9BEC01B32ABCB6006BF96
:10885000D072AFACBA8B22BF000D26A9927155BF62
:108860000EBD89AC5245A6BFC10DFF2C824468C025
:10887000F19E974098655740586EA4ACFB88843FA2
:10888000E88E312CDCFE113F51817E2D2944BE3E05
:10889000006C16ABE406863E445733AD14F2443EFA
:1088A0004CE8A6AB1E22143E8CCDDC2CA56FE13D1E
:1088B00050018FACCDFBAB3D50BDB62BC476823D95
:1088C000C4BE11ACEF06433DD0A333AAE8E40D3D8E
:1088D0001493602CF526C53C6850BE2B9E117C3C41
:1088E000787685ADF405073CA137BFAD8CD71B3B2F
:1088F000005C10AAC3931CBBF86316AB6FD6CABB4F
:1089000014BFAA2CA34315BCE82636ABC57037BCF0
:108910006ADCD2ACBD134CBCB28805ACCC9952BC5D
:10892000C088EAA9178D49BC1926EEAC85362EBC45
:10893000602FC6ABD8D2F7BB3439022C7B7E2ABB62
:108940009009D32B91EDA73B8B3304ADE0AA8D3C6E
:10895000A848E3ABF5B6193DF01A86AA2D2E9A3D2C
:108960007550AFAC653D293E20C730ABA5BA1E3F60
:108970000DE182BFE98F3FBF48D315ACD32A96BE25
:10898000D0308DAAFDB44FBED695562F3F5228BE8B
:108990001EEB9DAC219F12BE571F482DF1E904BE6E
:1089A000605583AB3FF1F6BD10F88DAA581CE9BDA8
:1089B000E41983AC177EDEBD61C8B72D9005D6BD26
:1089C0000005AF295A09CFBD7907312C441AC9BD1A
:1089D000709A35ACB4EBC3BD64CCCBAB7246BFBDB3
:1089E00018E42CACD600BBBD1C1008AFD0F9B6BD46
:1089F000008CF1AC9315B3BDE8ACED2B193BAFBDCA
:108A000020D9D42B1152ABBD7D9FCEADDD40A7BD8B
:108A100050485CAC37EAA2BD0091CDAA132A9EBD96
:108A200040E2502AF5D098BD241817AC469C92BD60
:108A3000E0C336ACD4288BBD01A5492D10D981BD2A
:108A4000E6AA8E2EC83E6BBD003A072A590249BDE0
:108A5000C062082A018714BDFC7D2D2CAE505FBC7E
:108A600080577CA9239C1D3D30BE13ABD00C983E93
:108A7000167223BFBFF4F3BE0077FA2BCC365FBE6D
:108A800056403DAC85DA29BEFECB4CAC91AD12BE52
:108A9000DAD899AC818E05BE927888AB90FEF9BD8C
:108AA00074052FAC24C5EDBDE8156DAB6C76E4BD47
:108AB000601E35AC3A05DDBD52F8D92C85D4D6BD43
:108AC000F155882DC381D1BD68B6D42D2ECBCCBD38
:108AD00000FF43295582C8BD205D81A97E84C4BDA5
:108AE00070ADABAC14B6C0BD30733C2DA1FFBCBDA6
:108AF000003BA1ABA74BB9BD9CFE5A2CD084B5BDA1
:108B0000C0C3FAAB3A94B1BD701A89AB765FADBD04
:108B10004CE514ADFCC5A8BDDB4C2F2C699DA3BD55
:108B2000107F2DABA2AB9DBDFD2F8BAD079D96BDDC
:108B300060890A2CEBF28DBDE2308FADFDE182BD84
:108B400048AB2FAB6C1868BD7A263C2EA9BA3DBD48
:108B5000B01A9F2CEF3CF7BC52D341AC8865A1BA48
:108B6000D63B96ACE0A7873D2CDFB0ABD8A9CE3E74
:108B7000FCFB6BBF2DE21BBFA7DC952C75128BBED7
:108B80009278D32C6E4651BE12CC352DCCF633BE26
:108B9000109A2DACE4E223BEB0484C2CF0DD19BE97
:108BA000717A382DB42613BE00CA89285E750EBEB0
:108BB000802E2CABCA1D0BBEB81F9B2BDABD08BE86
:108BC000B83AF72B901A07BEE690C9AC6E0F06BEF6
:108BD000107A3E2DF38505BE4129292DFE7005BE74
:108BE00048808D2C50CA05BEB08BEBAB3E9106BEC3
:108BF000806EB32B35CA07BE7CAE622BE07E09BE09
:108C0000023851ADF1BE0BBE344D89ABA4A10EBEEE
:108C10000032DF295E4812BE784AA92DFAE216BE5C
:108C200080EBDFAAF5B61CBE907F39ACCF2B24BEFB
:108C300074B2C7AD5FE12DBE46711D2DEBDA3ABEB1
:108C4000C335FF2C42D94CBE40EC0FAB1A2D67BE8A
:108C5000C09C93AB087988BE14C8492C1652AEBE8E
:108C6000E0786A2BDA8203BF20F513AC47E6B0BF89
:108C7000FCDF274040C69C3FEDDA3FAC317DB63E7D
:108C800038B70C2C4F713B3E66171AADD717DF3D36
:108C9000A018A32B2A038B3DDC1037AD83552B3D49
:108CA00000697D2B3854C33CFB4984AC69ED2E3CF4
:108CB00080CC772DC7A61F3AE0E923AA8A12F1BB20
:108CC0009CA004ADFBC762BC1208D72B44B89DBC66
:108CD000FC3D2AAD318FC3BCE2AC962C5991E4BC6B
:108CE000005618A9E5FE00BD4E439AACBE670EBD06
:108CF0000053FAAA32EB1ABD785354ACD2E426BD25
:108D0000B8ADFEAC28AB32BD57869AACAF963EBD2F
:108D1000209DA9AB8A094BBD2C54012C977958BDD5
:108D2000185A7E2C357F67BDF0EFEF2A44ED78BDF1
:108D300048331A2DA7FD86BD98769E2BE34A94BD35
:108D40008C48D02D8702A6BD31E216AD4839BFBD93
:108D500095A6BF2E1B84E6BDE985002D167D16BEA7
:108D6000A146AE2D1B9F68BE84A197ACEFDE20BF4D
:108D7000B6DFAB3FF26B133F40D2372BAAF2323E45
:108D8000D09BA1AC0B20C23DE209702EDAD3783D16
:108D900048F89D2CEE442C3D41260D2D44D6F83C40
:108DA00028D925AC2C49B83C6D4872AD1CA48A3C2E
:108DB000305F972B49DF523CB0CE0DAB3EE4213CF7
:108DC000D4B94CAC158BFB3BB888CFAA1F2BC73B43
:108DD00028251C2C30CCA23BEF4FA92CC1DB8B3BB0
:108DE0009024DAABA6A9803B00315329F32B803BBA
:108DF000001CE4AB48DD893BC367352D17AD9D3BB7
:108E00004CD2232C33FEBB3BC13451AD61B3E53BA7
:108E1000B049F92B8B260E3C124CC9ACF50F313CF6
:108E2000C0B4A9ABAF595D3C588DD82B0BDA8A3C46
:108E300020841B2BD329AF3C32239C2CF80ADF3C27
:108E4000188137ACD939103D60864BAA2E573F3D6B
:108E5000E0B142ACD17C843D5F9D3A2C4550C63D8B
:108E6000525F05ADE6722F3E882BDBAC6FBF0A3F29
:108E7000A343B0BF9E5311BF7C3937AC339F49BE6B
:108E8000A03D08AB4D16FABD5A5000ACF964B7BD11
:108E900010ACF7AB116891BD644B7AACF9B870BDFA
:108EA00066AFC1AC535F4CBD59A2D22CA51230BDE8
:108EB000C04DAB2CAFC918BD1403B1ABA3BB04BDEF
:108EC000CE6972AD158CE5BCA42CDAAC5C45C4BC93
:108ED000309B81AC1C81A4BC361776AC315B85BC61
:108EE0000EF007AC0A234CBCA7A888ACBEE10BBCB3
:108EF000001836AABC1691BBBC83C72C51D61BB830
:108F0000E316282DCE599B3B80E797AB0A72243C91
:108F100000ACD8284C38833CFD80E7ACE6A8BB3CCD
:108F2000E40AA6AC6017FE3CB62EFBADB61B273D8F
:108F300080CF582C9BD5583D000878297A608C3D0D
:108F400088917FACBD55B73D9062B52C91A6F43D9C
:108F500088ACC12C790A2A3E3073872AA44A7F3E06
:108F600074643EAC1193E23E6316E22D23E7B33FF7
:108F70009B0F80C01A77BDBF3B57AFAD556704BF8D
:108F800008B4AF2B5DD8A5BEB90F38ADA25676BEDA
:108F90005C85EAAC6D7C46BE86FC69AC80A727BECA
:108FA000041C4A2C53F611BEDE24C3AC3EBA01BEEB
:108FB000EBC9002EFBFDE9BD1A13B12C4943D5BD09
:108FC0005852652C57D9C3BD06EEA1AD22D0B4BD11
:108FD000903A50ADBE80A7BD60E71E2A5B719BBD75
:108FE000D016BDAB8E4490BD3C9C89ACB5AE85BD62
:108FF00040290DAC53DD76BD8C4C0E2D6A9062BDC0
:109000008200A8AC7EFE4DBD665C9CACC5A538BD9B
:109010009077FD2C04EF21BD988DBEAB511D09BD8D
:10902000A21C31AEB06ADABC6EB5932C16A999BCFD
:1090300058DB832C44A317BC74F136AD8B992D3BC0
:10904000BCBD16AD3D30963CCF9E992C1171253D8F
:10905000F081B6AC6D4C983D80C9CAAB52E2093E76
:10906000E83FDEABA54D8C3E7889812D4AA9773F3C
:10907000547D4FC047088EBFA0223CAA412AD5BECE
:10908000A8EFCD2B17EA8DBE83D0FB2DD96D5EBE28
:1090900060FED82BCA173CBE4D0D272DED1426BE01
:1090A0001E1D782CEFB916BE5CC9102C7F610BBE5B
:1090B0005A7E26AD14A502BE502B932D696AF7BDCA
:1090C000DC6F89AC3923ECBDF2A86EADBECDE2BD3C
:1090D000A841A02C20F9DABD24FD312DB856D4BD0D
:1090E000E03036AC87AECEBD0AD0882D3AD8C9BDA7
:1090F000E856502ECDB6C5BD4AAEA2ACDB35C2BDDA
:109100009068E8ACFE47BFBDF6D9A1AC0BE6BCBD8C
:109110005069E3ACF70EBBBD9959072DA0C8B9BD86
:109120005E432BAC9C21B9BDA0E98D2BE434B9BDC5
:10913000F023B3ACCF30BABDB6864F2DD664BCBDDC
:10914000804DFB29A35EC0BD3BE11C2D332EC7BD66
:10915000F0E7FFACF41ED3BDE841C82B7B2DEABD80
:10916000D4B21EAD3A2A11BE100B542C5A5D90BEDB
:109170005CBF3F3F4AD4103E00C4982A4F41953A05
:10918000DC773D2CBFDED8BCD55F502C4FC01BBD5B
:109190008BE9B22D664135BDBBA39AAD59F044BDF4
:1091A000D246552DF0694FBDFEE0F82BA4D556BD33
:1091B000B4BFFAAD21585CBDF1DA4EAFD39B60BDB0
:1091C0008E037BAC7A0B64BDEE1107AD42EE66BD3B
:1091D0006886162C7A7669BDC585A3ACDFC96BBDE0
:1091E000689331ACA5066EBD3CB473ACC84670BD87
:1091F00000A94D2D76A272BD10E97A2B1C3275BDE7
:1092000016AA31AD5E1078BDC90E0D2D6D5C7BBD0B
:10921000E8A344AC183D7FBD0C51412CA2F281BDA6
:109220000010362A7CCD84BD800E93299A6188BDBA
:10923000304D202C86FB8CBDB9AF3FAD0F1693BDD2
:10924000B686552C8D849BBD2FD781AD66D5A7BD25
:109250009A8768AE775DBBBDCE9EAE2C2EC5DEBDB7
:10926000D163462DF5E418BE960193AD0784B4BED4
:10927000D7069F3FDFF8833EF8283FAC412F5F3D84
:10928000CA38BE2C5E3C643CCEAE17AC1B255EBB20
:10929000088CB12CC67E54BC2C3DAD2C98F39BBCE5
:1092A0003FF3282D7F34BEBC0480962C683BD7BC8E
:1092B0001454732D4C55EABC149F2D2CE26CF9BC50
:1092C000605D36AECED902BDD8AF3FAB44F907BD25
:1092D0004057D72B3F5A0CBD050A9BACD32E10BD6F
:1092E000400A022BB89C13BD80C8832BAFC116BDAA
:1092F000E4D88FAD6EB619BD449E262DC4901CBD1A
:10930000944434AD52651FBD7E54C92C2C4922BDF6
:10931000A06D992CA65325BD00FBEDADADA028BDD9
:10932000107781AC34542CBDA8D444ABC89F30BD59
:109330008074C82A5CCC35BDE8A7F6ABE04C3CBDD8
:10934000487386AC09E544BD80329E2B860351BD2F
:10935000B0FCB5ABCDB663BD725A21AE967682BD78
:109360009885212C6ADAA8BDE4B5E72C0DDF33BE61
:1093700025F2293F7AD8D33D8A05BC2CE882273CC8
:10938000176C062DD1E20BBC0CFC632CC39388BC7C
:1093900058BEB42C6542AEBC3057D2AB6ADAC6BCFC
:1093A000E8667CAC6A79D8BCC09903ADA2FDE5BC87
:1093B0000CE8742D85EFF0BCA02C06AB4736FABC48
:1093C00025952C2EB13201BD29F5232DF3F004BDD6
:1093D0005BAE202D0F7B08BD28F22AAD6AEE0BBDD7
:1093E0003CCB23AE2B640FBDDAA110AEAFF312BDA0
:1093F000A0C0F4AC77B416BDAF13612D01C01ABD87
:1094000070E66EABCC331FBDA3BBB42CE73324BDD9
:1094100063F506AF90EE29BD789DBE2C9CA130BDB2
:10942000788120AD29A338BD306C22AB4E7042BD8F
:109430007812042D68C74EBDA0AAE32B9BDA5EBD4F
:10944000D1E4E3AC5EB974BD0EBF36AC4D238ABD2A
:1094500080D5462D5EEAA2BD7284E1AC7982CFBD93
:109460003AC234AEDBC81BBEB6A78A2CB9FACFBE4F
:10947000E7730A40824CB63E4E32812D19D9D03D59
:109480004B3D0D2DBF94513DF9B4AB2C20CCF03C9D
:10949000F0EFCA2CFBB38D3C003709AA6E3D1D3C92
:1094A000E09A7FAC1B9E8B3B807451AA2B28B2396B
:1094B00080AC01ADC9E62EBBDCD9D42B90B4A5BBE2
:1094C000F05E56ACAD93E5BB39E7042D967C0DBC40
:1094D0004AFC98ADE74A24BCE0D831AC062C38BC35
:1094E000589E1DACD4D849BCD8764D2B8CE159BCC4
:1094F00058FD28AD35BC68BCF6F8B8ACEFCE76BCEC
:10950000A0F73E2B0B3C82BC3E0D83ADDA0A89BC32
:10951000B86B14ACAF0690BCD874462C246B97BCC7
:10952000804465AACC839FBC145FEF2BD2B7A8BC44
:109530000066952C279EB3BC2E7343ACEF23C1BCB1
:10954000B5C6022E54DCD2BC721DCDAD74BAEBBCD4
:10955000C03CB42BCE0409BD3122882CA20F2BBDF8
:10956000607633AC45EA79BD5F919A2DF9B520BE9E
:10957000BBC0803F8DBC053ED032FEACED1E0E3D23
:109580003C6E43AD2FE57D3C60E7FF2BFEF5ED3BE8
:109590004863A02C313B303BEAD6D7AC314361B9AC
:1095A000F83517ACD04011BB874712AC60C070BB18
:1095B0002023062E38809CBB7BD9BDAC0A9AB8BB51
:1095C000BCC2612C4DE8CEBBE1E6202E04DFE0BB3F
:1095D000E0D05C2CA37AEFBB6F3B10ACF66BFBBB0F
:1095E00036CCE8ACE09802BCD032462B299406BCBD
:1095F0000030D2299FC909BC219921AEC2510CBCAF
:109600001888EBABAC3D0EBC6182E42D14980FBC06
:109610006C11D1AC9F6510BC141CCBAB6CA410BCFE
:109620001FDC94AD974A10BC3FEEBDAC33430FBC7A
:10963000C0229E2B51680DBC0870E8AB2D770ABC88
:10964000282BABAC1AF705BC33117B2D69FDFDBB94
:109650000C83BF2CEE27E7BB10FE94AC5518BDBBA6
:10966000DBDAEA2DCDAC33BB10FE2AAC96464C3C7F
:10967000EB9D53BE06F507BDD276E32D203E93BC8D
:1096800072CA83AED48E74BC79FBA22C7F135FBCEC
:10969000607FC5AD1C0D53BCC4F7152B854F4BBC6B
:1096A000A062842CD6DE45BC3564A9AC52CF41BC47
:1096B000B08CC62B63A53EBCDAEA2F2DB21A3CBC97
:1096C00040E9582CF5043ABC3C658CADF04938BCF7
:1096D0007CE34F2D4AD936BC66F1922D34A935BCB6
:1096E000841D60AD8CB434BCD7DAC82CE7F933BC28
:1096F000308BDFAC197B33BC8080922C373D33BC80
:109700003EFBB62CF74833BCE0C7F4AA87AB33BCAA
:1097100050344E2D0B7834BC758E22AC14CA35BC37
:10972000540631AEC7C937BC009A4F2B06B33ABCBA
:1097300087F0042F6AE23EBC96D59CAC41EE44BC57
:10974000A083742DDEDA4DBCA69EE3ADC1945BBC54
:10975000ECCC2FAC1B3C72BC364B202C12468EBC82
:1097600088C6402DE6EFC0BC62DFC22CA81B61BDDD
:1097700041311A3F75D4223D8282952C0DD2083C8E
:10978000BC2CDA2D8C720E3BAC19442D8FB8D0B99D
:1097900000CAADAAD77DE7BA7C83502CF96F29BBEC
:1097A00060E6142A82A84BBB4207B5AC551762BBD2
:1097B000C0E291ABDFC970BB000933AB8F147ABB39
:1097C00030C3E4ABF9637FBBBE06A6AD4CD080BB13
:1097D00021E50D2E33B180BB26198D2D240D7FBBC5
:1097E000C7E620AD75E07ABB8907CA2D0A0175BBB3
:1097F0004015B42CA17D6DBBC06D31AA045164BB72
:109800001CAE4CAC9F6159BB1C36952C8C7E4CBB5E
:10981000807AD92C6C593DBB90D5702B8D7B2BBB9E
:109820006E1C752E393316BBC89D0E2C3FE6F8BA58
:10983000B0EBDCAC352EB9BAC913492DF4C64FBA1A
:109840004C455BAC9ED708382DB6152D8EEE9C3A54
:10985000FC95042C3EF1433B392D122DC6DFC93B4C
:10986000BC83C5AC8F905C3C626A34AE7B6F4B3D71
:1098700056B593BFED2A70BDA77AF2AD63B9B7BCF8
:109880000C1CD92CD6BA77BC2B41D42D0FA443BCC9
:1098900020C5982B0C1626BCA8F083ACB5C412BC0E
:1098A00040A091298AF504BC8C17FBABD5E7F4BB2B
:1098B000E89B122C4F2AE4BB648E0D2C2459D6BB96
:1098C000D8D438ACFB9ECABB9023272D2B71C0BBCC
:1098D00060C5A7AAEF71B7BBD6BD252DDB5FAFBBB7
:1098E000D0CAA92B350CA8BBBEC5192D1855A1BBD4
:1098F00078BF002DC6219BBB3655202D506095BBEF
:1099000034CA432D260490BBD940732C41058BBB30
:1099100054E0E3ACD25F86BB00F0222B7A1482BB0A
:109920000849982B4E527CBB259D802EF75575BB60
:10993000F7CBD6AE2B646FBBE8F351AC27D26ABB32
:10994000D7D534AD233A68BBF435F6AB5FC668BBF8
:1099500070B964AC40FD6EBBE7118EACE8BB80BB58
:1099600087B9472D5D399CBB2769B1AE2F8B1BBCD6
:10997000A4ABEE3E8194AA3B903466AC56E2F93932
:109980001426332D1726C1B96033D8AC44E92CBA5C
:1099900080EAEF2C090D49BA785A47ABB46E4FBA3A
:1099A000F01EAA2BDA374ABA842B902CC8253EBA6F
:1099B00000DA412DB8BA2DBA6C1D9A2CFA6A1ABA7F
:1099C00024A04EAD0C1E05BAAADBA9ACF7D8DCB9B1
:1099D000007E76AB6880ADB9FD9AFCAE839A79B90A
:1099E000F754A12E2E6E16B93814832E160249B8DC
:1099F00080858A8F94989DA2A6ABAFB3B8BCBFC335
:109A0000C7CACDD0D3D6D8DADCDEE0E1E2E3E4E4C5
:109A1000E4E4E4E3E2E1E0DEDCDAD8D6D3D0CDCA98
:109A2000C7C3BFBCB8B3AFABA6A29D98948F8A85BD
:109A3000807B76716C68635E5A55514D4844413D58
:109A4000393633302D2A28262422201F1E1D1C1CA7
:109A50001C1C1C1D1E1F20222426282A2D303336B4
:109A6000393D4144484D51555A5E63686C71767B6F
:109A70000000004396F347427D278F287CC0053CB9
:109A8000E5011828863E913DA1521328FC93BD3C68
:109A9000B6BEB3288030103D2F8F6128ECE4FA3C2D
:109AA000253E8E287367DB3C12D4AB2835A2E53CFB
:109AB00075768928DC26633CB0EB1B296DD86E3C9B
:109AC00032A9F127012ACE3C431CA328936B493CC1
:109AD0008B600F287403CF3CBEFA8B286BAE023C20
:109AE000A09F59283921E83D4FD5862866CEBD3C38
:109AF0007ECFBC2839AD613CC55129283BD39B3C66
:109B0000454CE02816F2543DEFF77529B138D23CA8
:109B10001912C62603A2D03C0F8F08298A2E933D26
:109B2000C1A5CA28F44A683D17580D2AC2BD513C48
:109B3000470A1F2AAD72AA3C151BF128B3FA323C22
:109B4000859A992914A80F3DFCB482298DF5833C90
:109B5000069A932867C7563BB313CB285D5C1B3C22
:109B60007BA91C2A121C943C8975E1290DBEEE3B91
:109B700093832B280DBEEE3B6EA33728121C943C1A
:109B800063E24F295D5C1B3C44C71D2A67C7563BF7
:109B90003BC3AF298DF5833C212E1C2A14A80F3D11
:109BA00022B9FC28B3FA323CCE58B428AD72AA3C94
:109BB0006BA1A728C2BD513CC182A529F44A683DCA
:109BC00077E2CE298A2E933DBC3AD62803A2D03C18
:109BD0005B595529B138D23C1EA61B2A16F2543DBA
:109BE0004953B0293BD39B3C5F3E902A39AD613C41
:109BF000BCEAFE2966CEBD3CEFBDBC293921E83D5B
:109C00008274AC296BAE023C97539B297403CF3C02
:109C1000BE3E3829936B493C3F360329012ACE3C8E
:109C2000E3CA192A6DD86E3CBD2B0829DC26633C9B
:109C3000E2220A2A35A2E53C1F96022A7367DB3C22
:109C4000787EDB29ECE4FA3CFB4FD4298030103DD0
:109C5000F5BDB92AFC93BD3CCA73792A863E913D75
:109C6000E9AD8D2A7CC0053C5C563D2A96F34742FF
:109C7000B81C57D8F1F5C17F190E279E86F781DEF3
:109C8000E155B05A779FE741A12A6BFACDE47B23D7
:109C900001000000020000000300000002000000BC
:109CA000010000000A2A2A2A2050414E4943202A56
:109CB0002A2A0A000A00000048617264776172650E
:109CC00020616C61726D20256420616C7265616435
:109CD0007920636C61696D6564000000486172649D
:109CE000206173736572740052656C656173650001
:109CF000626F6F74325F7732357130383000000038
:109D0000322E322E300000007069636F00000000B8
:109D1000656E657267795F62656E63685F727032E7
:109D20003034300053657020203920323032360014
:109D300005005250DE65F4680C9F0010060052507A
:109D40005422A29D249D001006005250861C03023E
:109D5000109D001006005250BBFF3CB6089D00103D
:109D600006005250ABB36053009D001006005250E5
:109D7000E182887FF09C001006005250D3F07542BB
:089D8000E89C00100D0A000030
:109D8800309D00103C9D0010489D0010549D00100F
:0C9D9800609D00106C9D0010789D001074
:109DA400030010B50068EFF3108472B60268002A4D
:109DB400FCD0BFF35F8F04229A56002A0BDB0029E4
:109DC4000FD000200A601B68BFF35F8F00221A6067
:109DD40084F3108810BDD0221206126801201A7173
:109DE400F1E70020EFE7C046F0B51D00D023C646DA
:109DF4001B061B68040016009846002700B50BE0FC
:109E04002268BFF35F8F176083F310883000290046
:109E140000F04EF8002818D12068EFF3108372B6D2
:109E240001680029FCD0BFF35F8F21797F29E7D92E
:109E3400424622712268BFF35F8F0021116083F3D1
:109E44001088012004BC9046F0BD0020FAE7C0460B
:109E540070B582B001A9040016001D00FFF7A0FF31
:109E6400002807D1D0221206019B12785BB252B2AD
:109E7400934201D102B070BD32002B002000FFF7E5
:109E8400B3FFF7E70268EFF3108172B61368002B93
:109E9400FCD0BFF35F8FFF2303710368BFF35F8FB1
:109EA40000221A6081F3108840BF70477047C04693
:109EB40001B40248844601BC604700BFB92E0010BB
:109EC400100000000000000000000000000000007E
:109ED4000000000000000000280200200000000034
:109EE400503300004C330000543300005233000060
:109EF4004D5300004D430000533400004334000030
:089F0400000000000000000055
:04000005100001E9FD
:00000001FF
