:020000040800F2
:1000000000000220E9040008CD040008AD04000847
:10001000B5040008BD040008C50400080000000085
:10002000000000000000000000000000390500088A
:1000300039050008000000003905000839050008EE
:100040003905000839050008390500083905000898
:100050003905000839050008390500083905000888
:100060003905000839050008390500083905000878
:100070003905000839050008390500083905000868
:10008000390500083905000839050008000000009E
:10009000000000000000000000000000390500081A
:1000A0003905000839050008390500083905000838
:1000B0003905000839050008390500083905000828
:1000C0003905000839050008390500083905000818
:1000D000390500083905000839050008000000004E
:1000E000390500083905000839050008000000003E
:1000F00000000000000000000000000039050008BA
:10010000000000003905000839050008390500081D
:1001100000000000000000000000000000000000DF
:1001200039050008390500083905000839050008B7
:100130003905000800000000000000000000000079
:100140000000000000000000000000003905000869
:100150003905000839050008390500083905000887
:100160003905000839050008000000000000000003
:10017000000000000000000000000000000000007F
:100180000000000039050008000000000000000029
:080190003905000839050008DB
:10019800044B054A4FF4803199619A61BFF35F8F30
:1001A80000BFFDE7000002404000BF0030B49DF8EA
:1001B80008400D4DE40144EA8313400000F01E009E
:1001C80043EA42120243D3431B0403F47F031A4356
:1001D8004FF48033AB61AA61BFF35F8F09B101238C
:1001E800AB6130BC704700BF000002401D4B18785F
:1001F80028B11D4A1D4B11688B4301D00020704760
:1002080050681B4B1B4903408B42F7D193684FF64C
:10021800FC410B4041F208018B42EFD1164BD3F859
:10022800883003F47003B3F5700FE7D1134B1B68E4
:1002380003F00703032BE1D111490B6803F4404392
:10024800B3F5404FDAD14B6813F48043D6D0536BE3
:100258001B06D3D4126B0B4B1A420CBF0120002093
:10026800704700BF70000020003802400000020202
:10027800FF7F430F1932400500ED00E0003C0240CB
:1002880000700040001060006249634B0A6B6348CD
:1002980042F0050270B50A634FF47F020E6B9A6153
:1002A8001A685F4C5F4D224042F4AA4242F0550260
:1002B8001A605A6822F0FF025A609A6822409A60CF
:1002C800DA6822404FF40054DA6084610268564CC0
:1002D800564B22F0406242F08062026000222A609F
:1002E8000A6C42F080520A640A6C226842F4404266
:1002F80022600A6842F4803284B00A6002E0013B5E
:1003080000F085800A689503F9D50A68474B41488B
:1003180022F080720A6001E0013B78D00268940103
:10032800FAD4434B434A426040F203721A6082682F
:100338003E4B384922F47C4222F0F00242F48052CB
:100348008260026842F08072026001E0013B5ED088
:100358000A689001FAD5354B374901E0013B56D080
:100368000A685204FAD52B48304A8368334923F087
:10037800030343F00203836001E0013A47D00B68AE
:1003880003F00C03082BF8D100F0DEF82C4A2D4BB3
:1003980012689A423BD12C4AD2F8883043F4700351
:1003A800C2F88830BFF34F8FBFF36F8F4FF07F5283
:1003B8004FF0804301920293DDED017A9DED027AC0
:1003C80067EE877AB5EE007A77EE877AB0EE0A7A2A
:1003D800CDED037ADDED037AF4EE477AF1EE10FA0B
:1003E80015D10C4A1948116C41F0010111644FF004
:1003F8008043126C002142F20F7401221960D96007
:100408009C62027004B0BDE87040FFF7EFBE0020A8
:1004180004B070BD003802400000024000080240ED
:100428000000FFFF10E000E00070004000093D0000
:10043800003C024019324005047000400838024070
:100448000000002000E1F50500ED00E0700000204C
:1004580018B3F0B4DFF844C000252C464FF08043B1
:10046800012709266045014628BF614601EB810244
:100478005200013A1C60DA625C625F611C611E60B6
:100488001A69D20703D400BF1A69D207FBD5401AEC
:100498001D601D61E6D1F0BC70477047A086010061
:1004A80030BFFDE708B5FFF773FE00BF08B5FFF7DB
:1004B8006FFE00BF08B5FFF76BFE00BF08B5FFF77A
:1004C80067FE00BF08B5FFF763FE00BF08B500F080
:1004D80085F830BFFDE700BF704700BF704700BF19
:1004E800DFF834D000F026F80C480D490D4A0023F7
:1004F80002E0D458C4500433C4188C42F9D30A4AD1
:100508000A4C002301E013600432A242FBD304F03A
:100518007FFAFFF7DBFF7047000002200000002091
:100528006C000020E8A7000870000020089E00204A
:10053800FEE70000034AD2F8883043F47003C2F89B
:100548008830704700ED00E0164A936803F00C030A
:10055800042B0CD0082B0CD0134B124A134892686A
:100568001349C2F30312825CD3400B607047114BEE
:10057800F3E75068516852684302C2F388124CBFCF
:100588000C4B094B01F03F01B3FBF1F303FB02F302
:10059800044A5268C2F3014201325200B3FBF2F33B
:1005A800DBE700BF003802400024F400B054000824
:1005B8000000002040787D0130B583B00022064D50
:1005C8000092114601232860FFF7F0FD03B0BDE853
:1005D8003040FFF765BF00BF049E00202DE9F04FB3
:1005E80083B0FFF751FE002800F0A080DFF85C918F
:1005F800DFF85CB10126002300931A461946184615
:10060800FFF7D4FDFFF7F2FD002800F08E80042EDE
:100618004FF4006276D949493046082E98BF5946AA
:1006280001F024FC002300287FD018460093012203
:100638001946FFF7BBFD4FF47A700025FFF708FF56
:100648002B462A46294630460095FFF7AFFD012084
:10065800FFF7FEFEFFF7CAFD0446002865D059F8EB
:10066800047B06F1FF38012100952B462A463046C7
:10067800FFF79CFD1FB95EE00135AF423FD0304621
:1006880001F090FC0028F7D104464FF0000ACDF89D
:1006980000A05346524651463046FFF787FD284B87
:1006A80043F82850002C40D0BD423ED1FFF79EFDB4
:1006B80000283AD0304601F07DFDB0B3304601F055
:1006C8004DFF01361F4B0D2E43F8280093D101240E
:1006D80022465346514650460094FFF767FD4FF4B3
:1006E800FA60FFF7B5FE009453465246514650460D
:1006F800FFF75CFD03B0BDE8F04FFFF7D1BE04463D
:100708003D46C2E71049304601F0B0FB68B100230E
:100718001846009301221946FFF748FD012E41F2C1
:10072800883018BF4FF47A7087E7304603B0BDE8C9
:10073800F04FFFF741BF3D46A7E700BFF064000850
:10074800D49D0020A49D0020F0540008C054000847
:10075800F05C00082DE9F04F85B0431E02934C1E53
:1007680000F10F0C13F8012F14F8015F9C4582EA81
:1007780005021A70F6D101F10F03019301F19F03ED
:100788000393DFF860A100F110030093029B13F8B4
:10079800012F1AF802201A709C45F8D14578447B3D
:1007A800417A42798378877A867945734472857B62
:1007B800C47841714270C179C27A8372C37B8770F1
:1007C80086738571C471C172C273C370074697F886
:1007D80000907C78BE7897F803804FEAD915E10934
:1007E8006B00F2091D444B00194453001A444FEAA8
:1007F800D8134FEA430B5B4405EBC50501EBC10178
:1008080002EBC20284EA060E81EA440182EA460249
:1008180085EA490589EA040403EBC303EDB28EEACD
:10082800080BD2B289EA06068EEA090E88EA0404A1
:1008380083EA4803C9B25440DBB288EA060685EA6F
:100848000E0E4E405C4085EA0B0B83EA0E03FB70EC
:1008580081EA0B01009B397072407A70BC700437D2
:10086800BB42B4D1DDE9011313F8012F11F8014F90
:100878009C4582EA04021A70F6D1019B039A103350
:100888009A42019382D1029B13F8012F1AF8022091
:100898001A709C45F8D14278437A417B4273427979
:1008A8004371837A41724270817882798370C37808
:1008B8008172817B8273C279C371C37B8171C3707A
:1008C800C17A029BC272039AC17313F8011F12F80E
:1008D800010F9C4581EA00011970F6D105B0BDE809
:1008E800F08F00BF1C6E0008F0B41F4CB4F800680D
:1008F8008446A6B34FF0FF310D460023201D0EE0BD
:10090800B1F1FF3F08D0AA4206D104EBC1023F5A19
:100918009288974238BF19460133B3420AD054F837
:100928003320AA424FEAC307EAD219460133B34239
:100938001546F4D1CB001A46013E04EBC601A518B2
:1009480003C9AD88A258ACF80450234483E80300D7
:10095800A4F800686046F0BCCCF8002070476FF03F
:1009680007021346E8E700BF74000020002944DDB1
:100978002DE9F04F83B0834600F1FF394FF00008AE
:10098800531E40468944CBF1010A019308F1010343
:10099800994228DD0BEB0803012405E0FF2C0FD05A
:1009A80099455FFA8EF415D093F800C00AEB030559
:1009B8001E4613F8017FBC4504F1010EA846EDD090
:1009C8001454019C33780230A9422354DEDC03B06E
:1009D800BDE8F08F1454431C1BF80510D1540230A5
:1009E80003B0BDE8F08F0123135402301BF8083020
:1009F800013A135403B0BDE8F08F0020704700BFE0
:100A0800A1B103460129007810700FDD70B45E1E95
:100A18000E441D4601336C782D78B342A4EB0504CF
:100A280002F8014FF5D1084670BC70470846704778
:100A38002DE9F04F002985B0CDE902025BDD4FF0CA
:100A48000008C646CDF80480C446934600F1FF3A34
:100A5800029B13F80E308BF80230019B8BF8008054
:100A68000EF101060333B1428BF801C0009339DD62
:100A7800FE2E0BF1030B3CDDAEF1FE07029B4FF09F
:100A88000009CC4603EB0E080AEB07004246002398
:100A980008E010F8015F12F8014FA54205D10133B3
:100AA800FF2B02D09C198C42F3DB9C45BCBF9C46B3
:100AB800A6EB0709774507F1010301D01F46E3E7D5
:100AC8000CEB060E8E455FFA89F85FFA8CFC0DDB9D
:100AD800039A01990098531802F8008083F804C01B
:100AE8004B1D0093009805B0BDE8F08F009B019363
:100AF800AEE70027C2E700230093009805B0BDE8E1
:100B0800F08F00BF2DE9F04FADF21C5DCDE901205B
:100B1800002800F0EF80B1F5006F884600F2EA8007
:100B2800019C002C00F0E6804FF4847200212046DE
:100B380003F0AEFF00254FEA182384F800806370A5
:100B4800A570E570B8F1000F00F0E680294641F283
:100B58000442BB4803F09CFF2946029D46AC6B1E2D
:100B68001E4620464FF48062039303F091FF3146FE
:100B78000B4611F8010F023354F820205B1B013299
:100B8800984544F82020F3DCAD4D002305F60239E2
:100B980005F6021E1A4645A90DF214574FF0010C2E
:100BA80051F8040F05EBC3045E1C50B145F833003F
:100BB80090B2B3B2A080A5F8003802F809C02EF8A8
:100BC80012008F4202F10102EAD19E4E012B06F576
:100BD800807444D94FF4807906AF04A8FFF784FEE7
:100BE8003846FFF781FEB5F800E83968049A954B56
:100BF800BDF81400B7F804C005EBCE0B0A440EF19B
:100C0800010A45F83E209049ABF804901FFA8AFA89
:100C18006FF43062CE46A5F800A809F101099D18C5
:100C28001FFA89F9491B03E062450BD0A34213D090
:100C380013F8012F002AF9D031F813208242A3F5C6
:100C4800407BF1D121F813E09BF80020A34202F188
:100C580001028BF80020EBD1BAF1010FBDD8794B16
:100C68004FF0000906A913F8012F2AB15A1E921B4A
:100C780001F8092009F101099C42F4D1B9F1010FE9
:100C880043D025DD0DF1170303EB090709F1FF3EFA
:100C980006AE4FF0000C0CF1010CE145C8BF33461D
:100CA80003DC11E02CD09F420ED0327813F8011FDC
:100CB800AC18681894F8024890F802088442F1D9F0
:100CC80031701A709F42F0D1E64506F10106E2D173
:100CD800B9F1000F55D006AF3C4607EB09013A467B
:100CE80001E091421ED012F8013B2B4493F80238E0
:100CF800202BF6D94FF0FF300DF21C5DBDE8F08FC8
:100D08008A42D0D931701A70DCE79DF818302B442C
:100D180006AF83F80298DFE74FF484700DF21C5D8C
:100D2800BDE8F08F019B49494FF4807203F1080038
:100D380003F0A0FE17F801092B18291893F80238B8
:100D480091F802188B424FF00002B94417D20133D0
:100D5800DBB299424FEA4202F9D100F5C07305EBC4
:100D6800C303A1459A60197102F1010211D014F868
:100D7800010F0B46291891F802188B42E7D3194640
:100D8800EBE7019B31494FF4807203F1080003F04F
:100D980071FE0399029800260B4611F8012F05EB06
:100DA800C202023392F8042C1B1A98451644F3DC4D
:100DB800019C029F26714FEA166E002084F807E016
:100DC800330A310CDDF80CE084F80801C7F1010C96
:100DD8006371A1710246074604F58474A9461EF89A
:100DE800013FDB0003F6044309EB030119F8033064
:100DF8004D68591EBBB125FA01F314F800A0C2F1E1
:100E0800070B03F0010303FA0BF3013243EA0A0369
:100E1800082A235405D10130B6EBC00F88BF2754E8
:100E280000220139E7D20CEB0E039845D7DC002AE3
:100E3800C8BF013000F584700DF21C5DBDE8F08F6D
:100E480074000020750B0020FEF2FFFF76080020DA
:100E58002DE9F04FB3B08A460092013B06AA0AACCE
:100E680013F8011F02F8011BA242F9D1584EDFF80E
:100E780064E10DF123014FF0010C102203AF02AB26
:100E88000C4614F8015F03F8015BBB42F9D1130764
:100E98005FD09DF8083011F80B8C4D1D0DF1090439
:100EA80083EA0803BC4205F8013B09D014F8013B6A
:100EB80015F8108CBC4283EA080305F8013BF5D10C
:100EC8000432B02A01F10401D9D1BAF1000F7DDD55
:100ED8000AF1FF330193AAF1100923F00F03A9EBDC
:100EE8000309009B00EB0A08544603EB0A070DF1BF
:100EF800170613E006A902A8FFF72CFC0DF1080C51
:100F0800BCE80F00103C07EB050CA1457851CCF864
:100F18000410CCF80820CCF80C3036D0102CA3469E
:100F2800A8BF4FF0100B5A46A8EB040102A803F023
:100F3800A1FD0F2CC4F10005DCDCCBF110030BF193
:100F4800FF3202A9DBB20A4402F8013FB242FBD1E8
:100F5800D0E79DF809301EF80C809DF808909DF8A0
:100F68000B509DF80A40F35C16F80990755D345DE6
:100F78008DF80B9083EA08030CF1010C8DF808300A
:100F88008DF80A508DF8094085E7019B23F00F057D
:100F980010351AF00F0F15D10DF107030DF11701D8
:100FA800102203F8012F9942FBD106A902A802AC2E
:100FB800FFF7D0FB0FCC009E741970516160A260DE
:100FC800E3601035284633B0BDE8F08F0025E0E730
:100FD8001C6E0008106E00082DE9F04FCDB00DF121
:100FE8002C0C039062461BAE4B780D78CC78887831
:100FF8001B0443EA0563234343EA002342F8043F02
:10100800964201F10401EFD13CAD0CAA966B134650
:1010180052F8040F5C6A1F684FEAF64383EA764386
:101028004FEAB04183EA96233C4481EAF011234415
:1010380081EAD0010B449542D363E7D1039BDFF8E3
:10104800E8B0D96858699A691D685F689E681C6924
:10105800DB690493334B01934BAB0293DDF810909B
:10106800059506970796089109940A900B928A4667
:10107800804696465B460BE0B2463E462F461546EE
:10108800019AF146C646A0461C4652F8043F019212
:101098004FEAF4212EEA040081EAB41104EA0802B6
:1010A80081EA746142405CF8040F0A4487EA060B3F
:1010B8004FEA7531024481EAB5010BEA050B07EAEC
:1010C800060081EAB5518BEA0000084402994A44B7
:1010D8001A44614502EB0A030244CDD10599114433
:1010E8000A46069929440D46079939440F46089936
:1010F80031440E46099919440A9B23441C460B9B0C
:1011080043441846049B73448C461946039BC3E921
:101118000157C3E9036CC3E905401A60D9614DB0B2
:10112800BDE8F08F106D0008982F8A422DE9F04332
:101138003D4E0F46804614460FCE99B06D460FC5FA
:1011480096E80F003F2F85E80F006BDDA7F14006FA
:1011580026F03F0308F14009994445462946684668
:101168004035FFF739FFA945F8D126F03F0540354E
:10117800A8447D1B2A46414608A803F07BFC18AB0F
:101188002B4401358022382D03F8402C42DD08AB72
:10119800C5F140025819002103F07AFC08A96846F5
:1011A800FFF71AFF3822002108A803F071FCFB178B
:1011B800DE0046EA5776F90000230DF15F07C3F118
:1011C800200521FA03F2A3F1200006FA05F52A43C7
:1011D80026FA00F008330243402B07F80129EED124
:1011E80008A96846FFF7F8FE07AD2246ADF10401ED
:1011F80051F8043FD3701C0E180C8D424FEA13238C
:1012080014705070937002F10402F1D1202019B0CB
:10121800BDE8F08308ABC5F138025819002103F086
:1012280037FCC4E73D46A5E7F06C000830B4046815
:101238000D682C4404601D686C404FEA34441C60FF
:1012480015682C4414600D686C404FEA34540C60E7
:1012580005682C440460186860404FEA30601860E4
:101268001368034413600A6853404FEA736330BC41
:101278000B60704770B50D1F90B004462A466B4648
:1012880010A852F8041F43F8041B8342F9D10A2618
:101298000CAB08AA04A96846FFF7C8FF0DAB09AA5A
:1012A80005A901A8FFF7C2FF0EAB0AAA06A902A862
:1012B800FFF7BCFF0FAB0BAA07A903A8FFF7B6FF00
:1012C8000FAB0AAA05A96846FFF7B0FF0CAB0BAA3B
:1012D80006A901A8FFF7AAFF0DAB08AA07A902A84B
:1012E800FFF7A4FF0EAB09AA04A903A8FFF79EFF06
:1012F800013ECDD1201FADF104020FAC52F8043FDE
:1013080055F8041FA2420B4440F8043FF6D110B030
:1013180070BD00BF2DE9F047A0B01D6804955D6859
:1013280005959D680695DD6807951D69289C0895B3
:101338005D6909959D69DB6926680A950B93A5681F
:101348006368264C009404F11A64254F0E9304F147
:101358000F14244B019304F56D440123B1F10008E7
:10136800CDE902740D960F950C9332DD8246164630
:101378000027694610A8FFF77DFFA8EB070CBCF112
:10138800400F06EB0704A8BF4FF0400C7A1E0CEB89
:10139800040021465244631A23F0030E20ADAE44E4
:1013A80003F003035EF8405C12F8019FDB0025FAA6
:1013B80003F383EA090304F8013BA042EBD10C9B39
:1013C80067440133B8450C93D3DC384620B0BDE8F8
:1013D800F0870027384620B0BDE8F087657870614F
:1013E800322D62796E642033002917DD70B4441EF3
:1013F8000C4866184FF0FF3314F8015F08216B4062
:10140800DD074CBF80EA53035B080139F8D1B442C9
:10141800F2D1DB43002070BC1360704700231360D7
:10142800002070472083B8ED2DE9F04F2DED0C8B8F
:1014380091B00A910F92002800F0BF81002A00F0B5
:10144800BC8101F1FF3EBEF5006F0B4680F0B5810F
:101458001EEA01040E9440F0B081012900F0AB812E
:101468005B10012B04F10104FAD1DFF88083DFF867
:1014780078938644471EC0F1010C4FF0000BC2461A
:101488000120661E0CEB0705002C00F0918100235B
:10149800194600FA03F22A4203D0F21A00FA02F2BD
:1014A800114301339C42F4D1CF4B03EB810308EB8A
:1014B800810117F8012FC1F800B007EE902AF8EE65
:1014C800677ABE45C3ED007ADCD1002C00F0288194
:1014D80001239FEDBD7BBEA7D7E90067B0EE47DAD1
:1014E800F0EE67DA0C93E3180D930C9A012101FAD8
:1014F80002F3079303EBD3730B4104939B000B9305
:10150800042393400993B84B069307F10041B74B66
:1015180005930CEE106A00230CEE901A0893079BB3
:10152800012B40F3C4809FEDAC7B0B9B069A059D75
:10153800991800245BEC17AB4FF000084FF0000936
:1015480000915F1916460394009C206803F00CFC78
:1015580002460B46386843EC1A2B03F005FC52464A
:1015680041EC180B5B4651EC1A0BB0EE489AF0EEC2
:10157800689A03F051FC424641EC1B0B4B4651EC78
:10158800180B03F049FC02460B4651EC1B0B03F009
:101598008BFA524641EC180B5B4651EC190B03F0E1
:1015A8003BFC41EC170B42464B4651EC1A0BB0EE94
:1015B800479AF0EE679A03F02FFC02460B4651EC6F
:1015C800190B03F073FA02460B46306843EC1A2BEA
:1015D80003F0CAFB02460B46286843EC1B2B03F0BA
:1015E800C3FB41EC170B53EC1B2BB0EE479AF0EE04
:1015F800679A51EC180B03F059FA03F005FF53EC06
:10160800192B46F8040B51EC1A0B03F04FFA03F0B0
:10161800FBFE844653EC182B45F804CB51EC1B0B0E
:1016280003F042FA03F0F0FE844644F804CB53EC8E
:101638001A2B51EC190B009403F036FA03F0E4FE70
:1016480053EC1D2B47F8040B5946504603F0E4FBB6
:1016580042464B4641EC1A0B51EC1C0B03F0DCFBE9
:1016680002460B4651EC1A0B03F01EFA41EC170B1D
:1016780053EC1D2B40464946D046D9465BEC17AB88
:1016880003F0CAFB42464B468046894651EC1C0B88
:1016980003F0C2FB42464B4603F008FA039A049B48
:1016A80001329A42039280468946FFF64DAFDDE942
:1016B8000723069913440846099A05990893104484
:1016C80011440A9A06909A4205913FF728AF0C9B5D
:1016D8000D9901338B420C9322D0012202FA03F0B8
:1016E80003F030FB02460B463DA1D1E9000103F0AF
:1016F800BDFC41EC100B41EC180B00F0D9FFB0EE2B
:10170800407AF0EE607AB0EE480AF0EE680A57ECDC
:10171800176B00F079FFB0EE40DAF0EE60DAE4E63D
:101728000A9B314EDFF8C4800F9F06EB8309CDF882
:101738000C90994656F8040B03F016FB02460B462C
:1017480058F8040BCDE9002303F00EFBDDE9002374
:1017580082468B461046194603F05EFB5246044605
:101768000D465B465046594603F056FB02460B466B
:101778002046294603F09AF941EC100B01F038F89D
:10178800484655EC104B03F0DDFA0B460246294655
:10179800204603F06BFC03F037FE039B47F8040B6D
:1017A8009E42C7D10E9811B0BDEC0C8BBDE8F08FEE
:1017B80051464B467DE60E9C57E64FF0FF330E939D
:1017C800F0E700BFAFF30080000000000000F0BFAA
:1017D800075C143326A6A13C000000000000F03F7F
:1017E800182D4454FB211940783400207814002027
:1017F8002DE9F047DDF82090D8B3D2B3CBB3002958
:101808002FDD09F1FF3C9C44C9F100079E464FF0CB
:101818000008B9F1000FD8BF002527DD44464FF076
:10182800000A002CC4F1000504DB1EF80560055D04
:1018380006FB05AA013CBC42F3D15C1E002514F846
:10184800016F64453544FAD175B1BAFBF5F502F874
:10185800085008F10108414507F101070EF1010E92
:10186800D7D10020BDE8F0875FFA8AF502F8085062
:10187800EFE74FF0FF30F5E72DE9F04F2DED048B42
:1018880089B0CDE9060305910192002800F0DC80BB
:10189800002A00F0D980002B00F0D680179A002A81
:1018A80000F0D280169A002A9FED697B40F3C7802A
:1018B800551E57EC176B1D445C1E14F8010F03F0FE
:1018C80041FA02460B463046394603F0EFF8AC427F
:1018D80006460F46F1D147EC196B059B002B40F3E8
:1018E8009980189B5B420393169BC3F1000B00235E
:1018F8000293169B002B4FF000044FF000051BDDF0
:10190800029A079BDDF8188016469F18002EC6F12C
:1019180000030EDBF85C18F8063000FB03F003F058
:1019280011FA02460B462046294603F0BFF8044642
:101938000D46013E5E45E9D1189B012B4FF000068C
:101948004FF0000730DD029B179ACDF810B003F175
:10195800FF3ADDF80CB0D31845EC184B1D46BAF128
:10196800000FCAF1000317DBE85C03F0DBF9019B09
:10197800804613F80A00894603F0E4F902460B464C
:101988004046494603F048FA02460B463046394677
:1019980003F08CF806460F460AF1FF3ADA45DED125
:1019A80055EC184BDDF810B059EC198B00220023C8
:1019B80019EE100A494603F0BFFC22462B4688B3AD
:1019C8003046394603F072F819EE102A4B4603F0F8
:1019D8004DFB04460D4620A3D3E9002320462946A3
:1019E80003F0AAFC0646D8B900220023204629465F
:1019F80003F084FCE8B1019B039A19460132029B6B
:101A08000392059ACE5401339A4202930BF1010BCB
:101A18007FF46FAF002009B0BDEC048BBDE8F08FF8
:101A2800FF26E8E73046394603F040F804460D46FD
:101A3800D1E72046294603F0C7FCC6B2DBE7B0EE83
:101A4800479AF0EE679A48E74FF0FF30E3E700BFA8
:101A580000000000000000000000000000E06F40EF
:101A6800002874D02DE9F04F2DED048B174683B074
:101A7800002A69D00029884666DD07EE901AB8EE7C
:101A8800E78A814678EE087A17EE900A03F06CF937
:101A980002460B4633A1D1E9000103F0E7FA03F04F
:101AA800B3FCF7EE007A87EE880A08EE900AB5EEE6
:101AB800400AF1EE10FAB1EEC09A4ED4F0EE007A78
:101AC80087EE880AB5EE400AF1EE10FAF1EEC09AF8
:101AD80040D409F1FF3308F1FF354D4401934FEA33
:101AE80088090026DDF804B0B24674009FED1C8A10
:101AF800BAFBF9F309FB13A300EE103AB8EE400A5B
:101B0800A24420EE280A00F02BFE1BF8013F07EE46
:101B1800903AF8EE677A5D4527EE800A38EE008A3B
:101B2800E6D1002E14BFF0EE697AF0EE497A27EE7E
:101B3800888A0136B045A7EC018AD3D1002003B0CA
:101B4800BDEC048BBDE8F08F4FF0FF30F7E74FF0A6
:101B5800FF30704700F0AAFEBBE700F0A7FEADE734
:101B680000000000182D4454FB2109402DE9F04FD6
:101B7800834B1D68B5F5847FADF52F7D06D3814B6A
:101B8800814ED3F800807368984504D000200DF585
:101B98002F7DBDE8F08FB468E31DDB0803F584737F
:101BA8009D42F3D1B4EB481FF0D80BAF842200213B
:101BB800384602F06DFF842200212CA802F068FF4D
:101BC8004DA88422002102F063FF06F10B0E704637
:101BD80006F20B134FF0000C09E032B157F822104F
:101BE800013147F822100CF1010C984204D010F88A
:101BF800012F202AF1D9C9E7B8F1000F00F0B4800D
:101C0800BCF1000FC2D0002100208B46CDE90001B5
:101C1800CDE907582CA94FF0000C03914DA902916A
:101C28000122614606970DF5DC790994DC46009C93
:101C38000019019C4CEB04040494069C00180090C5
:101C480054F8040F0694049C4FF0010C6441A2F16F
:101C58002008C2F120052CFA05F50CFA08FB0194BE
:101C68004BEA050BDDE90045241845F100050CFA9F
:101C780002FAAB4508BFA2454FF0000C86D3039C7F
:101C88002546009C45F8044F029C039544F8041F20
:101C98000294744614F8015F954205D1651EA5EBC0
:101CA8000E0509F8015001319C42F3D10132212A75
:101CB800BDD1099CDDE90758002C52D096F80C11CB
:101CC8000023C9119C4601220BE099F80C0101324E
:101CD80040FA0EF000F00100212A40EA41013FF4E9
:101CE80055AF013357F822006FEA030E06EBD3090C
:101CF8000EF0070E10B30DF1B00A5AF822A08A456B
:101D0800A1EB0A0B1AD858450CF1010016D9E04589
:101D18007FF63CAF0DF59A7B5BF822B01B4A59441D
:101D2800A1EB0A0A6EA912F80CC011F80A10614555
:101D38004FF000027FF42AAF84461146A342C4D173
:101D480013F007030BD03544C3F10803E8784FF0CC
:101D5800FF3101FA03F330EA03037FF417AFE045DC
:101D680008D00022104612E75CEA04030CBF0120E9
:101D780000200CE7B2FA82F25209104607E700BFCA
:101D8800A09D0020989D00207C540020989500205C
:101D98002DE9F84F2D4A2E4B12681B68934230D11B
:101DA80032B32C4E2C4DDFF8BCC03146002402273C
:101DB80050B30B78002C45D095F8008011F801EC51
:101DC8004344012C17FB0E333CD011F802EC15F8F4
:101DD800018CC6447344B3F5806F39BFC3F38703DE
:101DE80001310131FF230134A24205F8013FDFD15F
:101DF8001A491B4802F030FEB0FA80F04009BDE8ED
:101E0800F88F0020BDE8F88F0131DFF85C808E463E
:101E180008F1100B1EF8019D4FF0010A0346C34557
:101E28000AFB093309D0B64507D058F804AB1EF8A9
:101E3800019DC3450AFB0933F5D1ACFB03E3C3F3AA
:101E48004703D0E79B080131CDE700BF989D0020EC
:101E5800A09D0020989500208B6D002080540020C4
:101E68008C6D0020398EE3381CA200082DE9F04162
:101E7800DFF828C13F4DDFF828E13F4E471E002319
:101E88000B2F2B608EF80030CCF80030336024D84C
:101E9800B2F5006F904620D8044600295DD0092885
:101EA80016D00C281CD0EAB93449354A354B0B609A
:101EB80042F2040641F60C108B5113501360324A5B
:101EC80000231370314A2C6013700120BDE8F081A3
:101ED800002A47D0501E104204D01846BDE8F081B1
:101EE800002A3FD02A48424602F0C4FD42F20407C5
:101EF80022482349C6F8008041F60C16214BC351ED
:101F0800B8F5006F8B5103600B60D8D12049214B85
:101F180001F500670A4601E0BA4229D083EA433353
:101F280083EA534312F8016B83EA4313D8B286421B
:101F3800F2D00022144B184E1A708020002303E0C0
:101F4800B3F5006F12D0B05C11F8012B0133824257
:101F580003F07F02F4D00023B4E72AB9092801D09E
:101F68000C28A1D14046B9E70846B7E70123A9E7FD
:101F78000122DFE778540020989D00208C7500200E
:101F88007C540020216DA78394950020959500200E
:101F9800989500204D3C2B1A789F0008A09D0020A2
:101FA8009C9D00202DE9F043714B724E1A68002366
:101FB800824289B0337006D1044620B16E4F6F4912
:101FC8003A688A4203D0002009B0BDE8F08341F6A0
:101FD8000C1179589142F6D1DFF8D091D9F8002048
:101FE8008A42F0D142F2040159F801109142EAD133
:101FF800DFF8BC81421EC8F8003013460B2BE2D82C
:10200800DFE803F0AFA89C958D867C6D645232069C
:102018005B4D5C4A29685C48FFF722FD0028D2D155
:10202800286880000028CEDB544A3B689342CAD116
:1020380041F60C12BA589A42C5D1D9F800309342E9
:10204800C1D142F2040259F802209A42BBD1092CAC
:10205800C8F8000005D00C2C03D041F608139842AC
:10206800B1DC01203070AFE7484B494A1B68444D4A
:10207800ADF814301B0CD2F800C08DF816300323CD
:1020880029680293009306AB01934FEA1C4E414A1C
:102098003D48ADF818C005AB8DF81AE0FFF7ECFB2A
:1020A800002890D12868BDE73B4B354D394A93E865
:1020B80003000523009306908DF81C103248296808
:1020C80006ABFFF795FB0028ECD07CE72C4D2D4A9A
:1020D80029682D48FFF7A8F90028A1D073E7284BF5
:1020E80029481968002506AA0695FFF77DF90028F2
:1020F8007FF469AF069B7B60042095E7204A274B55
:10210800116821480093234A254BFFF703F989E713
:102118001B4B204A19681C48FFF708F882E7184A41
:10212800204B116818481B4AFEF792FE7AE7144BB9
:10213800184A19681448FEF7E5FC73E7104B1A4A69
:10214800196811487960FEF773FC0028FFF63BAF69
:10215800043069E70A4B0F4A19680B48FEF750FC30
:1021680060E7074B0B4A19680748FEF7FFFB59E77A
:10217800785400209C9D00207C540020216DA7836A
:10218800989D002090750020989500201C6F0008ED
:10219800206F000880540020246F00085C6F00083E
:1021A8003C6F00082C6F0008845400208C750020B8
:1021B800A09D00202DE9F84FC34B1B68834207D12F
:1021C800C24B1A7822B1C24CC24923688B4203D051
:1021D80000221046BDE8F88F41F60C11615899426B
:1021E800F6D1BD4D2B688B42F2D142F204016958F9
:1021F8009942EDD1431E0B2BEAD8DFE813F0E40037
:10220800C90090008C002A011801790068001600A6
:1022180011000C001600BDE8F84F0120FFF7B8BD0B
:10222800BDE8F84F0020FFF7B3BDAC4B1A78002A81
:10223800CED0AB49AB4B0D681B68B3EB850FC7D14C
:10224800002DC6D0A849DFEDA94ADFEDA93AA94E6D
:102258009FEDA95AA94F9FEDAA4ADFEDAA5A00237C
:1022680026E01C0913F00F0F06EB840440F02681CA
:10227800D4ED006AB0EEE67A27EE057A37EE247AD6
:10228800D1ED007AB0EEE76AB4EE656AF1EE10FAC5
:1022980003F1010301F104019AD877EEE67AF0EE32
:1022A800E77AF4EEC77AF1EE10FA91DC9D4290D00D
:1022B8000C28D6D107EB8304D4ED006AD1ED007A5F
:1022C800B0EEE67A27EE057A37EE047ADAE78E4B37
:1022D8001A78002A3FF47DAF824B1B68042B7FF4E9
:1022E80077AF6268894BD21AB2FA82F2520970E764
:1022F800854B1A78002A3FF46CAF7A4B1A68B2F50E
:10230800006F7FF465AF8249824802F0A5FBB0FAFE
:1023180080F252095DE7BDE8F84FFFF727BC714B23
:10232800D3F800B0BBF1030F7FF652AF6C4A636875
:10233800126893427FF44CAF4FF0040EABEB0E09DA
:1023480029F00109DFF8E4A10026F14404EB0E0CA2
:10235800B24240F2ED80CE453FF43AAF9CF80570AA
:102368000EF10208002F40F08780C3457FF630AF9A
:102378000EF1030EA044ABEB0E0998F804300AF8EE
:10238800063029F001090136F14404EB0E0CDFE7B1
:10239800534B54491B680E689E427FF419AF002EB8
:1023A8003FF417AF5C485D4C0644002302E0B0429E
:1023B8003FF40FAF14F8015F10F8011B2B44DBB298
:1023C8009942F4D004E7474B1F6817F0010E7FF4D9
:1023D800FFAEDFF80CA1002F00F0B580DFF8F0C0E9
:1023E800DAF80080DFF8309174469CF80450002D2C
:1023F8003FF4EEAEA8EB04039D423FF6E9AE621E41
:102408009CF805604A44234612F8011F0133B14283
:10241800A4EB03007FF4DCAEE842F5D10EF1020E26
:1024280077450CF1020C40F28F801C46DDE7364BF5
:102438001A78002A3FF4CDAE2A4B1A68202A7FF476
:10244800C7AE3749334802F007FBB0FA80F25209A9
:10245800BFE62D4B1A78002A3FF4BBAE214B1A6811
:10246800B2F5016F7FF4B4AE2E492A4802F0F4FAAF
:10247800B0FA80F25209ACE69CF80430002B3FF425
:10248800A7AEB3423FF6A4AE911B8F423FF6A0AE73
:102498002548F11A0139731E8519514453443D44A6
:1024A80011F8010F03F8010F9D42F9D13E44B242E1
:1024B8000CF1020C3FF659AFC64649E7B0EE647A14
:1024C800F0EE636ADCE600BF785400209C9D002093
:1024D8007C540020216DA7838C75002095950020E1
:1024E800989D0020A09D00209075002017B7D13836
:1024F80000000000F89F0008ACC5A737787F0008E7
:102508000AD7233CFFFF7F7F94950020339A3E9D96
:102518007877000880540020989500207F54002088
:10252800F8A10008686F00088B6D00208C6D0020F2
:10253800F3457FF44DAE0749074802F08DFAB0FA2B
:1025480080F2520945E63B46DAF80020D31A5A428F
:102558005A413EE6989500208C6D0020224B1A685F
:10256800824207D1214B187830B1214B2148196894
:10257800814202D000207047704741F60C1018586D
:102588008842F7D130B41C4C2168814202D0002027
:1025980030BC704742F2040020588842F7D1092A1B
:1025A8001FD0043404330C2A18BF1C46134B186878
:1025B8000028EDD0431E1248E518013C4FF0FF33C8
:1025C80014F8011F08224B405908DB074CBF81EA69
:1025D80000030B46013AF7D1AC42F1D1D84330BCE5
:1025E80070470434E2E700BF785400209C9D002027
:1025F8007C540020216DA7838C750020A09D0020AD
:102608002083B8ED0000000000B551EC100B264AFD
:1026180021F00043934285B01EDD244A934209DD30
:1026280010EE102A0B4602F03FFA41EC100B05B0F1
:102638005DF804FB684600F093F900F003000128F8
:1026480011D0022825D0E8B19DED021B9DED000BAD
:10265800012001F035FBEAE79FED111B00F0C8FDF2
:1026680005B05DF804FB9DED021B9DED000B01F02C
:1026780027FB53EC102B03F1004300EE903A05B012
:102688005DF804FB9DED021B9DED000B00F0B0FD15
:10269800CDE79DED021B9DED000B00F0A9FDE8E7DD
:1026A8000000000000000000FB21E93FFFFFEF7F72
:1026B80000B551EC100B284A21F00043934285B035
:1026C80025DD264A934209DD10EE102A0B4602F05A
:1026D800EBF941EC100B05B05DF804FB684600F01F
:1026E8003FF900F00300012819D0022826D0E8B1EC
:1026F8009DED021B9DED000B00F07AFD53EC102BB5
:1027080003F1004300EE903A05B05DF804FB9FED3D
:10271800101B002001F0D4FA05B05DF804FB9DED14
:10272800021B9DED000B00F063FDD4E79DED021B3D
:102738009DED000B012001F0C3FACCE79DED021BD3
:102748009DED000B012001F0BBFAD7E7AFF3008045
:102758000000000000000000FB21E93FFFFFEF7FC1
:1027680000B510EE103A204A23F00043934283B09C
:1027780019DDB3F1FF4F04DB30EE400A03B05DF81A
:1027880004FB684600F0E6FB00F00300012811D0C6
:1027980002281FD0B8B1DDED010A9DED000A012025
:1027A80001F004FFEAE7DFED110A01F047FB03B08F
:1027B8005DF804FBDDED010A9DED000A01F0F6FE6F
:1027C800B1EE400ADAE7DDED010A9DED000A01F0FD
:1027D80035FBD3E7DDED010A9DED000A01F02EFB84
:1027E800B1EE400ACAE700BFD80F493F0000000019
:1027F8002DE9F0432DED028B8BB055EC104B00F01A
:10280800E5FA284BB0EE408AF0EE608A93F9007042
:102818007B1C12D022462B462046294602F096FD04
:10282800064650B94FF000084FF0000920462946E7
:1028380042464B4602F062FD40B9B0EE480AF0EE5F
:10284800680A0BB0BDEC028BBDE8F083164B089606
:102858000122CDE90445CDE902450092019397B1E3
:1028680042464B464046494602F000FC022FCDE95D
:1028780006010AD102F0C6F821230360089B63B958
:102888009DED068BD9E7CDE90689684601F064FF1E
:102898000028EFD0089B002BF2D002F0B3F8089B79
:1028A8000360EDE7040000202CA2000810B52DED10
:1028B800028B8AB0B0EE408A00F096FC254B93F963
:1028C8000040631C09D0B4EE488AF1EE10FA04D631
:1028D800B5EEC08AF1EE10FA03D40AB0BDEC028B53
:1028E80010BD01231C4A009318EE100A0023019220
:1028F800089302F039FA0022CDE90401CDE902017A
:102908000023BCB11046194602F0B0FB022CCDE9F9
:10291800060111D102F076F821230360089B9BB9C8
:10292800DDE9060102F070FD00EE100A0AB0BDEC08
:10293800028B10BDCDE90623684601F00DFF002883
:10294800E8D0089B002BEBD002F05CF8089B0360F2
:10295800E6E700BF0400002034A2000800000000E1
:102968002DE9F04F53EC102B2DED048B924923F0F9
:1029780000458D4289B0044640F38F808F498D42CF
:102988009B462DDCBBF1000F194610EE100A80A300
:10299800D3E9002340F3C78102F086F8884B9D42B3
:1029A80006460F4600F091807BA3D3E9002302F08E
:1029B8007BF802460B46C4E900233046394602F04C
:1029C80073F875A3D3E9002302F06EF8C4E9020195
:1029D8004FF0010A504609B0BDEC048BBDE8F08FFA
:1029E80078498D4240F3948077498D4210EE100A61
:1029F80061DC4FEA255AAAF2164AA5EB0A51164697
:102A08000F4602F0B9FC02F09DF98046894630462F
:102A1800394642464B46CDE9028902F045F86B4BF0
:102A2800002202F0F9F90F46064602F0A5FC054619
:102A380002F088F902460B4630463946CDE90423B0
:102A480002F032F8614B002202F0E6F902460B462A
:102A5800CDE906230022002302F046FC002800F0FE
:102A68006081002D0CBF01230223594A01920221E3
:102A78005246009102A8214600F0FAFCBBF1000F73
:102A88008246A7DA6268E36802F1004203F1004374
:102A9800C0F1000A6260E3609CE7002000214FF06B
:102AA800000AC4E90201504684ED000B09B0BDECF0
:102AB800048BBDE8F08F194601F0F6FF4FF0000ACD
:102AC800C4E90201C4E9000184E735A3D3E900237E
:102AD80001F0EAFF34A3D3E9002306460F4601F0CC
:102AE800E3FF02460B46C4E900233046394601F0AD
:102AF800DBFF2DA3D3E9002301F0D6FF4FF0010A35
:102B0800C4E90201504609B0BDEC048BBDE8F08F62
:102B180001F094FD57EC106B10EE100A24A3D3E9D2
:102B28000023394602F078F92A4B002201F0BEFF53
:102B380002F022FC824602F005F915A3D3E900232E
:102B48008046894602F068F902460B463046394607
:102B580001F0AAFF10A3D3E9002306460F4640461A
:102B6800494602F059F9BAF11F0F49EC198B47ECA5
:102B7800186B8046894631DC174B0AF1FF3253F84F
:102B88002230AB422AD002460B4630463946A4E0F2
:102B980000004054FB21F93F3163621A61B4D03D13
:102BA8000000601A61B4D03D7370032E8A19A33BEC
:102BB80083C8C96D305FE43FFB21E93F7BD9024000
:102BC800FB21F93FFB213941FFFFEF7F00007041F6
:102BD800BCA200080000E03F3CA2000842464B4669
:102BE80051EC180B01F060FF0A46C2F30A53C3EB1D
:102BF8001553102B0146064617464FEA255573DD37
:102C080069A3D3E9002351EC190B02F005F959EC3B
:102C1800188B06460F4632463B4618EE100A4946C0
:102C280001F042FF41EC180B404653EC182B494683
:102C380001F03AFF32463B4601F036FF5CA3D3E988
:102C4800002306460F4651EC190B02F0E5F8324610
:102C58003B4601F029FF8046894642464B4651ECE7
:102C6800180B01F021FF0A46C2F30A53ED1A312D61
:102C780001460646174637DD50A3D3E9002351EC39
:102C8800190B02F0C9F856EC185B80468946424693
:102C98004B4618EE100A314601F006FF41EC180BBE
:102CA800314653EC182B284601F0FEFE42464B46AF
:102CB80001F0FAFE43A3D3E9002306460F4651EC80
:102CC800190B02F0A9F832463B4601F0EDFE8046AA
:102CD800894651EC180B42464B4601F0E5FEC4E923
:102CE800000106460F4601E0C4E9001232463B46A1
:102CF80051EC180B01F0D8FE42464B4601F0D4FEC9
:102D0800BBF1000FC4E90201BFF664AE07F100454C
:102D180001F10043C4E90065C4E90203CAF1000AED
:102D280058E60323A1E601F0C1FE234B9D42064667
:102D38000F4616D01AA3D3E9002301F0B7FE0246C6
:102D48000B46C4E900233046394601F0ADFE14A312
:102D5800D3E9002301F0AAFE4FF0FF3AC4E90201CB
:102D680038E611A3D3E9002301F0A0FE10A3D3E9AC
:102D7800002306460F4601F099FE02460B46C4E9B9
:102D880000233046394601F08FFE09A3D3E900231A
:102D980001F08CFE4FF0FF3AC4E902011AE600BFC9
:102DA8003163621A61B4D03D0000601A61B4D03D4D
:102DB8007370032E8A19A33BFB21F93F0000002EF4
:102DC8008A19A33BC14920259A837B392DE9F04113
:102DD8005F4A57EC106BBA4300F09880002F10EE52
:102DE800104A3B464EDD39155BD0C3F31303CA07BF
:102DF80043F48013A1F2FF3E03D45B0003EBD473CA
:102E08006400E20F4FF0000C02EB43034FEA6E0E32
:102E18006400664616254FF40012B118994202DC88
:102E28005B1A8E1894445B00013D03EBD4734FEAA0
:102E380052024FEA4404F0D12F4620204FF00042BE
:102E480009E03ED0E10F01384FEA520201EB43039B
:102E58004FEA44043ED0B34202EB0501F1DD0029FC
:102E680001EB020509DBB0469B1BA14288BF03F1B9
:102E7800FF33641A17444646E4E7002DF3DB06F1F6
:102E88000108F1E727F00042324336D0002F4DD138
:102E98003946E20A153964051346002AF9D0D702E3
:102EA80051D400205B00DE02054600F10100F9D58F
:102EB8001A4623468440C0F12000C3401343491BEF
:102EC80093E7A142BED8002901EB0205D5DB98465D
:102ED8000023CEE7234312D178084FEA6C0101F1B1
:102EE8007F511CF0010F01F5001118BF40F00040A0
:102EF80001EB0E53024643EC102BBDE8F0817B1C1E
:102F080016BF781C0CF1010C4008E6E710EE102AF9
:102F180010EE100A3B46394601F07EFF32463B462A
:102F280001F0C4FD41EC100BBDE8F08110EE102A51
:102F38003046394601F0B8FD02460B4602F096F8D5
:102F480041EC100BD9E7234620204FF0FF35B4E7BA
:102F58000000F07F70B510EE103A954A23F0004457
:102F6800944286B0054668DD924A944210EE106A93
:102F78001ADC002BDFED907A904A24F00F0440F31E
:102F8800F180944270EE677A66D09FED8D7A77EE85
:102F9800C76A012077EEE67AC5ED006A77EEC77A50
:102FA800C5ED017A06B070BD864A944267DDB4F17A
:102FB800FF4F49DAE215863AA4EBC25307EE903A7E
:102FC800BDEEE77ADFED806AB8EEC77A77EEC77AAA
:102FD8008DED037A67EEA67ABDEEE77AB8EEC77A8A
:102FE80077EEC77A8DED047A67EEA67AF5EE407A29
:102FF800F1EE10FACDED057A40F0A380B5EE407AF7
:10300800F1EE10FA14BF0223012370490191022145
:10301800009103A8294600F093FF002EC2DA95ED2F
:10302800007AD5ED017AB1EE477AF1EE677A40423F
:1030380085ED007AC5ED017AB4E7002285ED000A36
:103048004260002006B070BD70EE407A0020C5EDE9
:10305800017AC5ED007AA5E7DFED5D6A9FED5D7A3F
:1030680077EEE67A012077EEC76A77EEE67AC5ED65
:10307800006A77EEC77AC5ED017A06B070BD01F037
:1030880001FCDFED556A9FED4C6A9FED4D7AF6EE37
:10309800007AE0EE267AFDEEE77A17EE900AF8EE6F
:1030A800E76A1F28A6EEC60A66EE877AB1EE666A58
:1030B8001EDC4A4A411E24F0FF0352F821209342A5
:1030C80016D030EE677A85ED007A30EE470A002E8A
:1030D80030EE670A85ED010ABFF664AFB1EE477AB4
:1030E800B1EE400A85ED007A85ED010A404259E7C4
:1030F80030EE677AE21517EE103AC3F3C753C3EB05
:10310800D454082CDFDDDFED327A9FED327AF0EE11
:10311800405AE6EE275A30EE650AA6EE270AF0EE88
:10312800407AD6EE877A35EEE77A17EE103AC3F38F
:10313800C753D21A192A06DC85ED007AB0EE650A63
:10314800C3E7032361E79FED267A9FED265AB0EE89
:10315800650AA6EE070A75EEC07AE6EE077AD6EE9D
:10316800857AAEE7944270EE277A0ED09FED147AF6
:1031780077EE876A4FF0FF3077EEE67AC5ED006AA2
:1031880077EE877AC5ED017A0CE7DFED116A9FEDDE
:10319800117A77EEA67A4FF0FF3077EE876A77EEEE
:1031A800E67AC5ED006A77EE877AC5ED017AF9E629
:1031B800D80F493FE3CB1640800FC93FD00FC93F16
:1031C80043443537800F49430000804344A4000836
:1031D8000044353708A3852E84F9223FC4A300088C
:1031E80000A3852E32318D24B1EEC00A704700BF8E
:1031F8002DE9F84F57EC106B27F00049B9F1795FCA
:103208002DED048B5BEC11AB71DA10EE100A394628
:1032180002F0B2F8002800F0F68032463B4630460D
:10322800394601F0F9FD7CA3D3E9002304460D4695
:1032380001F0F2FD7AA3D3E9002301F037FC22461E
:103248002B4601F0E9FD78A3D3E9002301F02CFC1B
:1032580022462B4601F0E0FD75A3D3E9002301F0D7
:1032680025FC22462B4601F0D7FD73A3D3E90023A2
:1032780001F01AFC22462B4601F0CEFD70A3D3E9DB
:10328800002301F013FC22462B4601F0C5FD41EC5A
:10329800180B714B00222046294601F0BDFD53EC66
:1032A800182B804689462046294601F0B5FD52462E
:1032B8005B4604460D463046394601F0ADFD0246F0
:1032C8000B462046294601F0EFFB02460B464046D6
:1032D800494601F0E9FB02460B4600205F4901F030
:1032E800E3FBBDEC048B41EC100BBDE8F88F10EE4E
:1032F800102A10EE100A3B46394601F08DFD46A310
:10330800D3E9002304460D4601F086FD44A3D3E922
:10331800002301F0CBFB22462B4601F07DFD42A3A2
:10332800D3E9002301F0C0FB22462B4601F074FDCF
:103338003FA3D3E9002301F0B9FB22462B4601F055
:103348006BFD3DA3D3E9002301F0AEFB22462B46DB
:1033580001F062FD3AA3D3E9002301F0A7FB2B4655
:10336800224601F059FD3E4B994541EC180B90DD82
:103378003C4B99453CDC0022A9F500133749002055
:103388009046994601F090FB41EC190B324B002214
:103398002046294601F040FD42464B4601F084FB99
:1033A80053EC182B804689462046294601F034FD07
:1033B80052465B4604460D463046394601F02CFD20
:1033C80002460B462046294601F06EFB02460B4694
:1033D8004046494601F068FB02460B4651EC190B82
:1033E80001F062FBBDEC048B41EC100BBDE8F88FDB
:1033F8009FED157BDFF87090B0EE479AF0EE679A74
:103408004FF00008C2E7BDEC048B9FED110BBDE83F
:10341800F88F00BFAFF30080D43888BEE9FAA8BDA2
:10342800C4B1B4BD9EEE213EAD529C804F7E923E0B
:103438009015CB19A001FA3E7751C1166CC1563FC1
:103448004C5555555555A53F000000000000E73F75
:10345800000000000000F03F0000E03F0000F03FE7
:103468003233D33F0000E93F0000D23F00000000A4
:103478002DE9F04FADF5197DBB4CA29D089354F88A
:1034880025400594013B12F1140F04900B9103930E
:10349800C0F22683B549D31E81FB0301DB17C3EBBA
:1034A800A10307930133A3EB8303DB00D31806932F
:1034B800079A039BD41A059AD6181AD40136A39FE3
:1034C8004FF000084FF00009264420AD08E057F8F7
:1034D800240001F037FC0134B442E5E8020108D0C9
:1034E800002CF4DA013440464946B442E5E80201CA
:1034F800F6D1059B002BC0F2C883089BDDF80C9021
:10350800DA000292059A1A440192049A20A901EB62
:10351800C30A0DF5E07B02EBC308039B002B4FF0B9
:1035280000044FF0000511DB049E574677E902239B
:10353800F6E8020101F070FC02460B4620462946D7
:1035480001F0B4FA464504460D46EFD1019B09F156
:1035580001099945EBE802450AF1080ADDD1059A07
:1035680004980CA901EB820302990144083B8B469D
:103578000BA90993134601EB82020A920193019A5F
:1035880098A901EBC203002A53E928452ADD0DF565
:10359800E07909EBC2080DF1300A754B002220468C
:1035A800294601F039FC01F0E7FE01F0CBFB714B35
:1035B800002206460F4601F02FFC02460B46204625
:1035C800294601F071FA01F0D7FE044678E9022392
:1035D8004AF8044B3046394601F068FAC8450446B3
:1035E8000D46DAD1DDF8189045EC104B484601F04D
:1035F800B7F855EC104B00224FF07F5310EE100A2D
:10360800294601F009FC41EC100B01F021F85A4B56
:1036180051EC100B002201F0FFFB02460B4620463E
:10362800294601F041FA0D46044601F0A5FE804600
:1036380001F088FB0B4602462946204601F034FA81
:103648004B46002B06460F4640F39880019A0CA97A
:10365800013AC9F1180351F8225045FA03F101FA69
:1036680003F3EB1AC9F117050CA843FA05F5002D69
:1036780040F82230884400F38B8000220023304633
:10368800394601F031FE002800F05682019B059A68
:1036980003F1FF3A524510DC03F180430CAA013BC9
:1036A8000A9802EB8303002253F80419834242EA82
:1036B8000102F9D1002A40F0DC80059B0CAA013BED
:1036C80052F82330002B40F0CF80099A012352F89A
:1036D800041901330029FAD001994A1CCB18029326
:1036E8009146079B089902EB030A019B0B449846F5
:1036F80020AB0AF1804A03EBC808A39B0AF1FF3A02
:1037080003EB8A0A70AB03EBC20301935AF8040F68
:1037180001F018FB0B46039902460029C8E900236B
:1037280047464FF0000408F108084FF0000511DB88
:10373800049E01E077E90223F6E8020101F06CFB40
:1037480002460B462046294601F0B0F95E4504467C
:103758000D46EFD1019BE3E802450193029B09F175
:1037680001099945D2DD09E7A0A70008ABAAAA2A52
:103778000000703E00007041000020406BD1019BAA
:103788000CAA013B52F82350ED15002D7FF775AFB9
:10379800019B002B08F1010840F3CC810C9C002C04
:1037A80051D1019B012B20D00CAB012253F8044FBF
:1037B800002C4BD0531C0CA9C4F1807441F8224052
:1037C8000199994210DD0CAA0CA852F8232000EBAD
:1037D800830300EB81006FF07F4100E01A688A1ACA
:1037E80043F8042B8342F9D10124069B002B0EDDFC
:1037F800012B00F06A81022B09D1019B5A1E0CABE8
:103808000CA953F82230C3F3150341F82230022DD6
:103818007FF433AF32463B46B949002001F044F902
:1038280006460F46002C3FF428AF06989FEDB00BD4
:1038380000F096FF3046394653EC102B01F034F96E
:1038480006460F4619E701230022B4E70199013221
:103858008A42ABD1C9E7AB4B002201F063FD0028D7
:1038680040F05681054608E7019B5A1C9146029292
:1038780037E70CAB069A53F82A30CDF81C80183A73
:103888000395069273B9019B03F18043023B0CA98F
:1038980001EB830353F804190AF1FF3A183A002997
:1038A800F8D006929FED920B069800F059FFBAF1F6
:1038B800000F55EC104BC0F2DE8170AB03EBCA0B66
:1038C8000CAA0AF10103069302EB83084FEACA0324
:1038D8000BF10809049358F8040D01F033FA224655
:1038E8002B4601F099FA06460F46874B2046294693
:1038F80069E90267002201F08FFA0CAB984504468B
:103908000D46E8D148ABCDE9013ADDF814A0BAF18B
:10391800000F4FF000092CDB77A3D3E90023DFF871
:10392800EC815F4600240025002603E0B14510DB4A
:10393800F8E80223F7E8020101F06EFA02460B46A6
:103948002046294601F0B2F80136B24504460D4634
:10395800ECDA019B029A03EBC9034A45C3E9004527
:10396800ABF1080B09F1010306D0BAF1000F994633
:10397800D2DA00240025ECE7A29BDDF808A0022B90
:103988001EDC002B00F30F8113D1049C019D083429
:10399800002000212C4474E9022301F087F8A54295
:1039A800F9D1039B13B101F1004319460B9BC3E9FD
:1039B8000001079B03F007000DF5197DBDE8F08FA6
:1039C800A29B032BF5D1BAF1000F00F07081019A88
:1039D800049BD318D3E9004502EBCA0B7BE90267C5
:1039E8002046294632463B4601F060F8A046A946E3
:1039F80004460D4622462B463046394601F054F817
:103A08004B46424601F052F8019B5B45CBE9004525
:103A1800CBE90201E2D1BAF1010F40F34881019AE2
:103A2800049B0AF1005A0AF1FF3A13444FEACA010B
:103A3800D3E9004501F1080A029192440DF5947BFF
:103A48007AE902672046294632463B4601F02EF8BD
:103A5800A046A94604460D4622462B46304639461E
:103A680001F022F842464B4601F020F8D345CAE956
:103A78000045CAE90201E3D1029C019B0026002708
:103A880010341C4403F110053046394674E902230A
:103A980001F00CF8A542F9D106460F46039B002B0E
:103AA80040F0BF80019A0B99D2E90045D2E9022380
:103AB800C1E90223079B03F00700C1E90467C1E9D4
:103AC80000450DF5197DBDE8F08F019B5A1E0CAB22
:103AD8000CA953F82230C3F3160341F8223096E6B6
:103AE80000216FF017030791E0E400BFAFF30080F7
:103AF800000000000000F03F00000040FB21F93FFB
:103B08000000F03F0000E03F0000703E68A700089A
:103B1800019B002B08F10108C8BF02253FF73EAE04
:103B280032463B466349002000F0BEFF02250646A8
:103B38000F46A2E5002458E6069B0395584247EC39
:103B4800106BCDF81C8000F00BFE55EC104B5A4B57
:103B580010EE100A0022294601F0E4FB002856D096
:103B6800564B00222046294601F056F901F004FC84
:103B7800064601F0E7F8504B002201F04DF90B46DC
:103B880002462946204600F08FFF01F0F5FB069B10
:103B9800019C183304F1010A06930CAB43F8240086
:103BA80043F82A607EE6019D069A002005EBC204D0
:103BB800002174E9022300F079FFA542F9D1039BA3
:103BC800002B48D10B9BC3E900010B460199024623
:103BD800D1E9000100F068FFBAF1000F0DDD4AAD30
:103BE8000124F5E80223013400F060FFA245F8DA69
:103BF800039B13B101F1004319460B9BC3E9020172
:103C0800079B03F007000DF5197DBDE8F08F2046EE
:103C1800294601F0B1FB019B0CAA9A4642F8230001
:103C280040E6019B19465A68DB680D688C680B9959
:103C380003F10043CB60079B0D6002F100424A602C
:103C480003F0070007F100428C600E614A610DF530
:103C5800197DBDE8F08F0B9C01F10043C4E9000316
:103C68000B4601990246D1E9000100F01DFFBAF1A7
:103C7800000FB4DCBEE7A29B022B0ADC002B11DC90
:103C88007FF497AE002000218BE6089BDB000293AF
:103C980065E4A29B032B7FF48CAE48AB002600277B
:103CA8000193FBE648AB00200021019387E700263B
:103CB8000027F3E60000F03F000070410000703E6E
:103CC8002DE9F04F55EC104B85B025F00043B3F1CA
:103CD800795F8DED001B039007DA10EE100A294674
:103CE80001F04AFB002800F0898022462B46204636
:103CF800294601F091F806460F4632463B462046D3
:103D0800294601F089F843A3D3E9002382468B466C
:103D18003046394601F080F840A3D3E9002300F08B
:103D2800C3FE32463B4601F077F83EA3D3E90023B1
:103D380000F0BCFE32463B4601F06EF83BA3D3E9E7
:103D4800002300F0B1FE32463B4601F065F839A386
:103D5800D3E9002300F0AAFE039B80468946ABB353
:103D6800DDE900012A4B002201F056F842464B4695
:103D7800804689465046594601F04EF802460B46A1
:103D88004046494600F090FE32463B4601F044F872
:103D9800DDE9002300F088FE1BA3D3E900230646D3
:103DA8000F465046594601F037F802460B46304652
:103DB800394600F07BFE02460B462046294600F0B5
:103DC80073FE41EC100B05B0BDE8F08F02460B46C0
:103DD8003046394601F020F80BA3D3E9002300F060
:103DE80063FE52465B4601F017F822462B4600F068
:103DF8005DFE41EC100B05B0BDE8F08F45EC104BB3
:103E080005B0BDE8F08F00BF495555555555C53F1C
:103E18000000E03F7CD5CF5A3AD9E53DEB9C2B8A90
:103E2800E6E55A3E7DFEB157E31DC73ED561C1198F
:103E3800A0012A3FA6F810111111813F10EE103A87
:103E480023F00043B3F1485F2CDAFDEEC07A17EE99
:103E5800903A002B60D020EE007ADFED314A9FEDDA
:103E6800315ADFED315A9FED316ADFED317ADFEDFE
:103E7800316AA7EE245AE7EE055AA7EE256AE7EE5F
:103E8800067AE7EE276A67EE266A60EEC00AF6EE63
:103E9800007AE7EE260AB7EE000AD7EE270A30EED8
:103EA800600A704720EE007ADFED1D4A9FED1D5A2B
:103EB800DFED1D5A9FED1D6ADFED1D7ADFED1D6AEE
:103EC8001D4AA7EE245A9342E5EE075AA5EE876AE3
:103ED800E6EE077AE7EE876A66EE876AD5DD174A67
:103EE800934214DC03F17F4307EE903AB7EE006A81
:103EF80036EE676A60EEC00AF6EE005AE7EE260A6A
:103F0800D7EE257A77EEE00A36EE600A7047B6EE0D
:103F1800076AF5EE027AEDE7B7EE000A704700BFD0
:103F28004ED747ADF6740F317CF293B4010DD037FC
:103F3800610BB6BAABAA2A3D9999993E0000483F51
:103F48002DE9F04F2DED048BDBB0D74C689D079120
:103F5800111D54F8256004930992834603F1FF3933
:103F6800C0F29D82D31E44BF13460433DB10039373
:103F78000133DB000893DDE908239B1A0693039BB2
:103F880016EB0901A3EB090316D401319FEDC77A9B
:103F9800699819441EAA002BA4BF50F8234007EEC5
:103FA800904A03F10103ACBFF8EEE77AF0EE477AE6
:103FB8008B42E2EC017AEED1002EC0F2E082049B43
:103FC8001EA901EB830446AD4FEA830C4846F71857
:103FD8000BEB8301B9F1000FDFEDB47A09DB224660
:103FE8005B46F3EC016A32ED017A8B42E6EE877AA2
:103FF800F7D10130B842E5EC017A04F10404E9D1C3
:104008000DF1280808EB8603083B05939FEDA99A54
:10401800DFEDA78A0698009609AB03EB860A0BEB3F
:104028000C0446AF5B465AAA02EB8602002E12ED3C
:10403800140A4FEA860B16DD07EB8602414660EE4E
:10404800097AB0EE407AFDEEE77A72ED016AF8EE91
:10405800E77ABA42A7EEE87A37EEA60ABDEEC77A43
:10406800A1EC017AEBD1CDE9010300F059FCB0EEE7
:10407800408AB4EE000A28EE000A00F00BFCF2EECB
:10408800007AA0EE678A0198029BFDEEC89A002884
:10409800F8EEE97A38EE678A78DD06F1FF3CC0F180
:1040A800080258F82C5045FA02F101FA02F2AA1A4D
:1040B80048F82C20C0F1070519EE90CA42FA05F518
:1040C8008C44002D09EE90CA68DCB5EE408AF1EE0A
:1040D80010FA40F0B680009A06F1FF3E724510DCF7
:1040E80006F18042013A08EB820200219C4652F810
:1040F8000439524541EA0301F9D16346002940F0E9
:10410800F280009A013A58F82220002A40F0E6800E
:10411800059A4FF0010C52F804190CF1010C002912
:10412800F9D006F1010BB444DE460499039A8D19BF
:104138005A441EA902F1804201EB85056999013AAA
:1041480001EB820607EB8B0BD6ED017A9FED577AD0
:10415800F8EEE77AB9F1000F06F104062946C5ED35
:10416800007A05F1040509DB1A4601E071ED017AD0
:10417800F2EC016AA242A6EEA77AF7D10EF1010E7F
:10418800E645ABEC017ADFDD66464CE740F09C8003
:10419800721E58F822502D12002D96DD19EE902A25
:1041A800002E02F1010209EE902A40F38E81D8F820
:1041B8000010002974D1012E1CD042464FF0010C8A
:1041C80052F8041F002979D00CF10102C1F5807161
:1041D800964248F82C100CDD58F82210C34408EB1E
:1041E800820200E01168C1F1FF0142F8041B5A4540
:1041F800F8D1012100280CDD012800F047810228B0
:1042080007D106F1FF3C58F82C2002F03F0248F88D
:104218002C20022D7FF459AFB7EE000A30EE488A01
:1042280000293FF452AFCDE9010300F079FB38EEE5
:10423800408ADDE90103B5EE408AF1EE10FA3FF459
:104248004AAFDDE90832B0EE480A981A029601959D
:10425800009E00F065FB9FED167AB4EEC70AF1EEFA
:1042680010FADDE90123C0F25781DFED127A0699D1
:1042780060EE277A0831FDEEE77A0691F8EEE77AE4
:104288005D1CA7EEC70AFDEEE77ABDEEC00A10EE88
:10429800101A48F8231017EE903A48F8253039E0FC
:1042A80001224FF0000C91E7DCA700080000000095
:1042B800000080430000803B0000C93F0CF1010C66
:1042C800B4457FF47DAF95E7F6EE007AB4EEE78A61
:1042D800F1EE10FA80F2E8800025F6E606F1010B0F
:1042E800DE46DC4621E7069858F82E100838334693
:1042F8002A46009E0690754661B903F18043023B49
:1043080008EB8303014653F80409013D08390028E6
:10431800F9D0069106980092B7EE000A00F000FB6B
:10432800002D009AC0F21E814FEA850E46AB03EBC2
:104338000E070EF1040C1FED217A08EB0C03391D52
:1043480073ED017AF8EEE77A434567EE807A20EE5E
:10435800070A61ED017AF3D1002E1FED296A4FF0AB
:10436800000420DB8F48DFED907A3946B0EE467ABC
:10437800002303E09C4208DBB0EC017AF1EC016A0F
:1043880001339E42E6EE877AF4DA5AAB03EB8403F4
:10439800A54243ED287AA7F1040704F1010305D0EB
:1043A800002E1C46DEDADFED807AEEE768990229F6
:1043B8001CDC002900F38B800FD132ABDFED7A7A59
:1043C8009C443CED017A634577EE877AF9D10AB1CE
:1043D800F1EE677A079BC3ED007A19EE903A03F085
:1043E80007005BB0BDEC048BBDE8F08F689B032B26
:1043F800F3D1002D00F0CB805AAB734432A913EDF2
:10440800287A01EB850373ED017AF0EE476A37EEFF
:10441800277A994277EEC77A83ED007A77EEA67A03
:10442800C3ED017AEFD1012D40F3B18005F180454C
:104438005AAB013D9E44AD002B1D1EED287A0B445E
:1044480033A873ED017AF0EE476A37EE277A98427F
:1044580077EEC77A83ED007A77EEA67AC3ED017A14
:10446800EFD10835DFED507A4B19083133ED017A79
:10447800994277EE877AF9D1002A55D10799329A6D
:10448800339BC1ED027A0A604B60A6E706F1FF3C58
:1044980058F82C2002F07F0248F82C20B9E60823AF
:1044A80008930023039366E519EE902A002E02F183
:1044B800010209EE902AC8BF02253FF778AEF7EE51
:1044C800007A37EEC88A0225FFE5002192E632A974
:1044D800DFED357A01EB830333ED017A994277EE0C
:1044E800877AF9D192BB9DED327A079B002DC3EDF7
:1044F800007A77EE677A0BDD33A90123B1EC017AF4
:1045080001339D4277EE877AF8DA0AB1F1EE677ADD
:10451800079BC3ED017A60E7BDEEC00A1D4610EEA9
:10452800101A48F82310F5E6DDED326A9DED337A6E
:10453800079BF1EE677AF1EE666AB1EE477AC3ED52
:10454800027AC3ED006A83ED017A46E7DDED326A4F
:10455800079BB1EE677A002D76EEE77A83ED007A55
:10456800CADCD3E7689B022B0DDC002B14DC7FF43C
:1045780034AFDFED0D7A002A3FF42CAF28E7049B17
:104588004FEA830C3CE5689B032B7FF426AFDFEDF5
:10459800067A002AC8D171E7DFED037A002AA2D093
:1045A800D4E700BFB4A700080000000010EE103ADE
:1045B80023F00043B3F1485F04DAFDEEC07A17EE4A
:1045C800903A5BB360EE007A9FED155ADFED155A0D
:1045D8009FED156ADFED156A9FED157AE7EE855AAE
:1045E80020EE275AA5EEA76AE6EE276AA6EEA77A76
:1045F80030B9DFED106AE7EE876AA6EE850A7047E4
:1046080027EE457AF6EE006AA0EEA67ADFED0A6A92
:10461800D7EE270AE5EE260A30EE600A704700BF9B
:10462800D3C92E2F342FD7B21BEF3836010D50B90E
:104638008988083CABAA2ABEABAA2A3E51EC100BCB
:1046480010EE102A21F0004343EC102B704700BFF6
:1046580051EC100BF8B5C1F30A53A3F2FF35132D33
:1046680010EE106A0C4620DC002D3DDB384F2F4140
:1046780001EA070303431DD033A3D3E9002300F065
:1046880015FA0022002300F057FE48B1002C04DA86
:104698004FF4801343FA05F52C4424EA0704002656
:1046A8002346324643EC102BF8BD332D05DDB5F516
:1046B800806F29D041EC100BF8BDA3F213434FF0E3
:1046C800FF37DF400742F5D01FA3D3E9002300F0EE
:1046D800EDF90022002300F02FFE0028E0D0002C86
:1046E80023DB26EA0706DBE717A3D3E9002300F05C
:1046F800DDF90022002300F01FFE0028D0D0002C96
:104708000ADB00263446CBE710EE102A0B4600F0F1
:10471800CDF941EC100BF8BD24F000430D4A1E43BF
:10472800002E18BF14460026BAE7142D08D001231E
:10473800C5F1340503FA05F5AE1928BFE418D0E72A
:104748000134CEE7AFF300809C7500883CE4377EE7
:10475800FFFF0F000000F0BF0020704700000000BE
:1047680038B553EC102BC3F30A511C46054681BBE0
:1047780010EE101A23F00044214329D019460022D4
:104788003D4B3E4C10EE100A00F046FBA542024697
:104798000B4616DB0C46C1F30A513639294440F260
:1047A800FE70814221DC002947DC11F1350F34DA33
:1047B8004CF250318D4218DC002B27A1D1E90001C1
:1047C80044DB25A3D3E9002300F026FB41EC100BC2
:1047D80038BD40F2FF708142E0D110EE100A194650
:1047E80000F064F941EC100B38BD002B1CA1D1E995
:1047F800000107DB1AA3D3E9002300F00DFB41EC0D
:10480800100B38BD18A1D1E9000115A3D3E9002385
:1048180000F002FB41EC100BF3E724F0FF4424F412
:10482800E004363144EA0153104619460022144B7D
:1048380000F0F2FA41EC100B38BD24F0FF4424F4E8
:10484800E00444EA015343EC102B38BD08A1D1E938
:104858000001B6E7AFF3008059F3F8C21F6EA50157
:104868009C7500883CE4377E9C7500883CE437FEE4
:1048780059F3F8C21F6EA58100005043B03CFFFFFA
:104888000000903C10EE103A23F0004300EE103A7E
:10489800704700BF10EE102AC2F3C7537F3B162B98
:1048A80022F000411ADC002B1EDB1A4919410A428A
:1048B80027D0DFED197A70EE277AF5EEC07AF1EE9F
:1048C80010FA1EDD002A04DA4FF4000040FA03F360
:1048D8001A4422EA010300EE103A7047B1F1FF4F83
:1048E8000FD330EE000A7047DFED0B7A70EE277AAF
:1048F800F5EEC07AF1EE10FA03DD002A02DB9FED37
:10490800070A70470029FFEE007A18BFB0EE670A61
:10491800704700BFFFFF7F00CAF249710000000026
:1049280082B08DED010A019B33F000422AD0B2F12A
:10493800FF4F23D213F0FF4F28D19DED017ADFED11
:104948002A7A2A4B67EE277A9842CDED017A37DB2F
:10495800019BC3F3C752193A0244FE2A1ADD9FEDA0
:10496800240A9FED247A019B002BF0EE407AB8BF11
:10497800B0EE470A20EE270A02B0704730EE000A70
:1049880002B070479DED010A02B07047D20D024493
:10499800FE2AE4DC002A0BDC12F1160F17DA4CF2BF
:1049A80050339842DBDC9FED140A9FED147ADAE766
:1049B80023F0FF4343EAC25300EE103A02B07047B7
:1049C8009FED0D0ADDED017A27EE800AD8E719324E
:1049D80023F0FF4343EAC253DFED097A07EE103AAA
:1049E80027EE270ACCE700BF0000004CB03CFFFFD1
:1049F800CAF24971CAF249F16042A20D6042A28D21
:104A080000000033014B1868704700BF0800002001
:104A180070B50D4D0D4C641BA4100026A64209D19B
:104A28000B4D0C4CFBF758FD641BA4100026A64246
:104A380005D170BD55F8043B98470136EEE755F8A7
:104A4800043B98470136F2E7E8A70008E8A7000802
:104A5800E8A70008E8A7000830B501390024A242F9
:104A680001D1002005E0035D01340D5DAB42F6D0B5
:104A7800581B30BD0A44914200F1FF3300D1704702
:104A880010B511F8014B03F8014F9142F9D110BD4F
:104A980002440346934200D1704703F8011BF9E72B
:104AA80081F0004102E000BF83F0004330B54FEAD7
:104AB80041044FEA430594EA050F08BF90EA020F44
:104AC8001FBF54EA000C55EA020C7FEA645C7FEAD7
:104AD800655C00F0E2804FEA5454D4EB5555B8BFFA
:104AE8006D420CDD2C4480EA020281EA030382EA6B
:104AF800000083EA010180EA020281EA0303362DFD
:104B080088BF30BD11F0004F4FEA01314FF4801CCF
:104B18004CEA113102D0404261EB410113F0004FE1
:104B28004FEA03334CEA133302D0524263EB430398
:104B380094EA050F00F0A780A4F10104D5F1200E36
:104B48000DDB02FA0EFC22FA05F2801841F1000191
:104B580003FA0EF2801843FA05F359410EE0A5F165
:104B680020050EF1200E012A03FA0EFC28BF4CF096
:104B7800020C43FA05F3C01851EBE37101F000454C
:104B880007D54FF0000EDCF1000C7EEB00006EEB59
:104B98000101B1F5801F1BD3B1F5001F0CD34908E3
:104BA8005FEA30004FEA3C0C04F101044FEA44523A
:104BB80012F5800F80F09A80BCF1004F08BF5FEAC1
:104BC800500C50F1000041EB045141EA050130BDA1
:104BD8005FEA4C0C404141EB0101013C28BFB1F5B3
:104BE800801FE9D291F0000F04BF01460020B1FAFE
:104BF80081F308BF2033A3F10B03B3F120020CDAD1
:104C08000C3208DD02F1140CC2F10C0201FA0CF0AE
:104C180021FA02F10CE002F11402D8BFC2F1200C13
:104C280001FA02F120FA0CFCDCBF41EA0C019040C9
:104C3800E41AA2BF01EB0451294330BD6FEA040412
:104C48001F3C1CDA0C340EDC04F11404C4F12002FD
:104C580020FA04F001FA02F340EA030021FA04F30F
:104C680045EA030130BDC4F10C04C4F1200220FA66
:104C780002F001FA04F340EA0300294630BD21FAA4
:104C880004F0294630BD94F0000F83F4801306BF6A
:104C980081F480110134013D4EE77FEA645C18BF5E
:104CA8007FEA655C29D094EA050F08BF90EA020FF5
:104CB80005D054EA000C04BF1946104630BD91EAED
:104CC800030F1EBF0021002030BD5FEA545C05D1F0
:104CD8004000494128BF41F0004130BD14F580042F
:104CE8003CBF01F5801130BD01F0004545F0FE41A3
:104CF80041F470014FF0000030BD7FEA645C1ABFD8
:104D0800194610467FEA655C1CBF0B46024650EA0E
:104D1800013406BF52EA033591EA030F41F400213A
:104D280030BD00BF90F0000F04BF0021704730B5C0
:104D38004FF4806404F132044FF000054FF0000195
:104D480050E700BF90F0000F04BF0021704730B556
:104D58004FF4806404F1320410F0004548BF40422B
:104D68004FF000013EE700BF42004FEAE2014FEA80
:104D780031014FEA02701FBF12F07F4393F07F4F5B
:104D880081F06051704732F07F4208BF704793F05E
:104D98007F4F04BF41F40021704730B54FF4607471
:104DA80001F0004521F000411CE700BF50EA010274
:104DB80008BF704730B54FF000050AE050EA01021D
:104DC80008BF704730B511F0004502D5404261EB8D
:104DD80041014FF4806404F132045FEA915C3FF4CE
:104DE800D8AE4FF003025FEADC0C18BF03325FEA6B
:104DF800DC0C18BF033202EBDC02C2F1200300FA1C
:104E080003FC20FA02F001FA03FE40EA0E0021FA40
:104E180002F11444BDE600BF70B54FF0FF0C4CF42E
:104E2800E06C1CEA11541DBF1CEA135594EA0C0FE0
:104E380095EA0C0F00F0DEF82C4481EA030621EA1B
:104E48004C5123EA4C5350EA013518BF52EA033556
:104E580041F4801143F4801338D0A0FB02CE4FF008
:104E68000005E1FB02E506F00042E0FB03E54FF038
:104E78000006E1FB03569CF0000F18BF4EF0010E30
:104E8800A4F1FF04B6F5007F64F5407404D25FEA2C
:104E98004E0E6D4146EB060642EAC62141EA5551DF
:104EA8004FEAC52040EA5E504FEACE2EB4F1FD0C21
:104EB80088BFBCF5E06F1ED8BEF1004F08BF5FEA9F
:104EC800500E50F1000041EB045170BD06F0004651
:104ED80046EA010140EA020081EA0301B4EB5C04FE
:104EE800C2BFD4EB0C0541EA045170BD41F48011F6
:104EF8004FF0000E013C00F3AB8014F1360FDEBF1B
:104F0800002001F0004170BDC4F10004203C35DAF6
:104F18000C341BDC04F11404C4F1200500FA05F379
:104F280020FA04F001FA05F240EA020001F000421A
:104F380021F0004110EBD37021FA04F642EB060190
:104F48005EEA430E08BF20EAD37070BDC4F10C04BA
:104F5800C4F1200500FA04F320FA05F001FA04F27E
:104F680040EA020001F0004110EBD37041F100016A
:104F78005EEA430E08BF20EAD37070BDC4F1200575
:104F880000FA05F24EEA020E20FA04F301FA05F2DD
:104F980043EA020321FA04F001F0004121FA04F285
:104FA80020EA020000EBD3705EEA430E08BF20EA55
:104FB800D37070BD94F0000F0FD101F0004640008F
:104FC80041EB010111F4801F08BF013CF7D041EA11
:104FD800060195F0000F18BF704703F00046520015
:104FE80043EB030313F4801F08BF013DF7D043EAE6
:104FF8000603704794EA0C0F0CEA135518BF95EA9C
:105008000C0F0CD050EA410618BF52EA4306D1D122
:1050180081EA030101F000414FF0000070BD50EA41
:10502800410606BF1046194652EA430619D094EACB
:105038000C0F02D150EA013613D195EA0C0F05D1B5
:1050480052EA03361CBF104619460AD181EA030109
:1050580001F0004141F0FE4141F470014FF00000C1
:1050680070BD41F0FE4141F4780170BD70B54FF05C
:10507800FF0C4CF4E06C1CEA11541DBF1CEA1355DC
:1050880094EA0C0F95EA0C0F00F0A7F8A4EB0504BE
:1050980081EA030E52EA03354FEA013100F08880B5
:1050A8004FEA03334FF0805545EA131343EA12637E
:1050B8004FEA022245EA111545EA10654FEA002633
:1050C8000EF000419D4208BF964244F1FD0404F5EC
:1050D800407402D25B084FEA3202B61A65EB030548
:1050E8005B084FEA32024FF480104FF4002CB6EB05
:1050F800020E75EB030E22BFB61A754640EA0C0085
:105108005B084FEA3202B6EB020E75EB030E22BFC4
:10511800B61A754640EA5C005B084FEA3202B6EB05
:10512800020E75EB030E22BFB61A754640EA9C00C4
:105138005B084FEA3202B6EB020E75EB030E22BF94
:10514800B61A754640EADC0055EA060E18D04FEA52
:10515800051545EA16754FEA06164FEAC30343EAF2
:1051680052734FEAC2025FEA1C1CC0D111F4801FBF
:105178000BD141EA00014FF000004FF0004CB6E7B8
:1051880011F4801F04BF01430020B4F1FD0C88BF57
:10519800BCF5E06F3FF6AFAEB5EB030C04BFB6EB62
:1051A800020C5FEA500C50F1000041EB045170BD55
:1051B8000EF0004E4EEA113114EB5C04C2BFD4EB82
:1051C8000C0541EA045170BD41F480114FF0000E06
:1051D800013C90E645EA060E8DE60CEA135594EA82
:1051E8000C0F08BF95EA0C0F3FF43BAF94EA0C0F85
:1051F8000AD150EA01347FF434AF95EA0C0F7FF4FA
:1052080025AF104619462CE795EA0C0F06D152EA4D
:1052180003353FF4FDAE1046194622E750EA410631
:1052280018BF52EA43067FF4C5AE50EA41047FF442
:105238000DAF52EA43057FF4EBAE12E74FF0FF3CA7
:1052480006E000BF4FF0010C02E000BF4FF0010C78
:105258004DF804CD4FEA410C7FEA6C5C4FEA430CF1
:1052680018BF7FEA6C5C1BD001B050EA410C0CBF40
:1052780052EA430C91EA030F02BF90EA020F0020A2
:10528800704710F1000F91EA030F58BF994208BF09
:1052980090422CBFD8176FEAE37040F001007047C6
:1052A8004FEA410C7FEA6C5C02D150EA013C07D11D
:1052B8004FEA430C7FEA6C5CD6D152EA033CD3D068
:1052C8005DF8040B704700BF8446104662468C4662
:1052D8001946634600E000BF01B5FFF7B7FF002895
:1052E80048BF10F1000F01BD4DF808EDFFF7F4FFBE
:1052F8000CBF012000205DF808FB00BF4DF808ED49
:10530800FFF7EAFF34BF012000205DF808FB00BF6B
:105318004DF808EDFFF7E0FF94BF012000205DF88D
:1053280008FB00BF4DF808EDFFF7CEFF94BF012042
:1053380000205DF808FB00BF4DF808EDFFF7C4FF3B
:1053480034BF012000205DF808FB00BF4FEA410C84
:105358007FEA6C5C02D150EA013C0AD14FEA430C67
:105368007FEA6C5C02D152EA033C02D14FF00000A4
:1053780070474FF0010070474FEA410212F50012E2
:1053880015D211D56FF47873B3EB625212D94FEA84
:10539800C12343F0004343EA505311F0004F23FA6E
:1053A80002F018BF404270474FF00000704750EAC3
:1053B800013005D111F0004008BF6FF00040704780
:1053C8004FF00000704700BF4A0011D212F50012DA
:1053D80011D20DD56FF47873B3EB62520ED44FEA45
:1053E800C12343F0004343EA505323FA02F07047C5
:1053F8004FF00000704750EA013002D14FF0FF3003
:1054080070474FF0000070474FEA4102B2F1E043A5
:1054180024BFB3F5001CDCF1FE5C0DD901F0004C93
:105428004FEAC0024CEA5070B2F1004F40EB8300E3
:1054380008BF20F00100704711F0804F21D113F10F
:105448003872BCBF01F00040704741F480114FEA48
:105458005252C2F11802C2F1200C10FA0CF320FAD1
:1054680002F018BF40F001004FEAC1234FEAD323EE
:1054780003FA0CFC40EA0C0023FA02F34FEA430358
:10548800CCE77FEA625307D150EA01331EBF4FF0E1
:10549800FE4040F44000704701F0004040F0FE40FC
:1054A80040F40000704700BF00000000000000004A
:1054B8000102030406070809B80B0000B80B000036
:1054C800C80000006400000064000000F40100004F
:1054D800B80B0000B80B0000140000002C010000FD
:1054E8003200000001000000000000000000000081
:1054F80000000000000000000000000000000000A4
:105508000000000000000000FFFFFFFFFFFFFFFF9B
:10551800FFFFFFFFFFFFFFFFFFFFFFFFFFFFFFFF93
:10552800FFFFFFFFFFFFFFFF00010203040506075F
:1055380008090A0B0C0D0E0F10111213141516176B
:1055480018191A1B1C1D1E1F20212223242526275B
:1055580028292A2B2C2D2E2F30313233343536374B
:1055680038393A3B3C3D3E3F00000101020203034B
:1055780010203040AA55AA55000001010202030379
:1055880010203040AA55AA55000001010202030369
:1055980010203040AA55AA55000001010202030359
:1055A80010203040AA55AA55000001010202030349
:1055B80010203040AA55AA55000001010202030339
:1055C80010203040AA55AA55000001010202030329
:1055D80010203040AA55AA55000001010202030319
:1055E80010203040AA55AA55000000000000000015
:1055F80000000000000000000000000000000000A3
:105608000000000000000000FFFFFFFFFFFFFFFF9A
:10561800FFFFFFFFFFFFFFFFFFFFFFFFFFFFFFFF92
:10562800FFFFFFFFFFFFFFFF00010203040506075E
:1056380008090A0B0C0D0E0F10111213141516176A
:1056480018191A1B1C1D1E1F20212223242526275A
:1056580028292A2B2C2D2E2F30313233343536374A
:1056680038393A3B3C3D3E3F00000101020203034A
:1056780010203040AA55AA55000001010202030378
:1056880010203040AA55AA55000001010202030368
:1056980010203040AA55AA55000001010202030358
:1056A80010203040AA55AA55000001010202030348
:1056B80010203040AA55AA55000001010202030338
:1056C80010203040AA55AA55000001010202030328
:1056D80010203040AA55AA55000001010202030318
:1056E80010203040AA55AA55000000000000000014
:1056F80000000000000000000000000000000000A2
:105708000000000000000000FFFFFFFFFFFFFFFF99
:10571800FFFFFFFFFFFFFFFFFFFFFFFFFFFFFFFF91
:10572800FFFFFFFFFFFFFFFF00010203040506075D
:1057380008090A0B0C0D0E0F101112131415161769
:1057480018191A1B1C1D1E1F202122232425262759
:1057580028292A2B2C2D2E2F303132333435363749
:1057680038393A3B3C3D3E3F000001010202030349
:1057780010203040AA55AA55000001010202030377
:1057880010203040AA55AA55000001010202030367
:1057980010203040AA55AA55000001010202030357
:1057A80010203040AA55AA55000001010202030347
:1057B80010203040AA55AA55000001010202030337
:1057C80010203040AA55AA55000001010202030327
:1057D80010203040AA55AA55000001010202030317
:1057E80010203040AA55AA55000000000000000013
:1057F80000000000000000000000000000000000A1
:105808000000000000000000FFFFFFFFFFFFFFFF98
:10581800FFFFFFFFFFFFFFFFFFFFFFFFFFFFFFFF90
:10582800FFFFFFFFFFFFFFFF00010203040506075C
:1058380008090A0B0C0D0E0F101112131415161768
:1058480018191A1B1C1D1E1F202122232425262758
:1058580028292A2B2C2D2E2F303132333435363748
:1058680038393A3B3C3D3E3F000001010202030348
:1058780010203040AA55AA55000001010202030376
:1058880010203040AA55AA55000001010202030366
:1058980010203040AA55AA55000001010202030356
:1058A80010203040AA55AA55000001010202030346
:1058B80010203040AA55AA55000001010202030336
:1058C80010203040AA55AA55000001010202030326
:1058D80010203040AA55AA55000001010202030316
:1058E80010203040AA55AA55000000000000000012
:1058F80000000000000000000000000000000000A0
:105908000000000000000000FFFFFFFFFFFFFFFF97
:10591800FFFFFFFFFFFFFFFFFFFFFFFFFFFFFFFF8F
:10592800FFFFFFFFFFFFFFFF00010203040506075B
:1059380008090A0B0C0D0E0F101112131415161767
:1059480018191A1B1C1D1E1F202122232425262757
:1059580028292A2B2C2D2E2F303132333435363747
:1059680038393A3B3C3D3E3F000001010202030347
:1059780010203040AA55AA55000001010202030375
:1059880010203040AA55AA55000001010202030365
:1059980010203040AA55AA55000001010202030355
:1059A80010203040AA55AA55000001010202030345
:1059B80010203040AA55AA55000001010202030335
:1059C80010203040AA55AA55000001010202030325
:1059D80010203040AA55AA55000001010202030315
:1059E80010203040AA55AA55000000000000000011
:1059F800000000000000000000000000000000009F
:105A08000000000000000000FFFFFFFFFFFFFFFF96
:105A1800FFFFFFFFFFFFFFFFFFFFFFFFFFFFFFFF8E
:105A2800FFFFFFFFFFFFFFFF00010203040506075A
:105A380008090A0B0C0D0E0F101112131415161766
:105A480018191A1B1C1D1E1F202122232425262756
:105A580028292A2B2C2D2E2F303132333435363746
:105A680038393A3B3C3D3E3F000001010202030346
:105A780010203040AA55AA55000001010202030374
:105A880010203040AA55AA55000001010202030364
:105A980010203040AA55AA55000001010202030354
:105AA80010203040AA55AA55000001010202030344
:105AB80010203040AA55AA55000001010202030334
:105AC80010203040AA55AA55000001010202030324
:105AD80010203040AA55AA55000001010202030314
:105AE80010203040AA55AA55000000000000000010
:105AF800000000000000000000000000000000009E
:105B08000000000000000000FFFFFFFFFFFFFFFF95
:105B1800FFFFFFFFFFFFFFFFFFFFFFFFFFFFFFFF8D
:105B2800FFFFFFFFFFFFFFFF000102030405060759
:105B380008090A0B0C0D0E0F101112131415161765
:105B480018191A1B1C1D1E1F202122232425262755
:105B580028292A2B2C2D2E2F303132333435363745
:105B680038393A3B3C3D3E3F000001010202030345
:105B780010203040AA55AA55000001010202030373
:105B880010203040AA55AA55000001010202030363
:105B980010203040AA55AA55000001010202030353
:105BA80010203040AA55AA55000001010202030343
:105BB80010203040AA55AA55000001010202030333
:105BC80010203040AA55AA55000001010202030323
:105BD80010203040AA55AA55000001010202030313
:105BE80010203040AA55AA5500000000000000000F
:105BF800000000000000000000000000000000009D
:105C08000000000000000000FFFFFFFFFFFFFFFF94
:105C1800FFFFFFFFFFFFFFFFFFFFFFFFFFFFFFFF8C
:105C2800FFFFFFFFFFFFFFFF000102030405060758
:105C380008090A0B0C0D0E0F101112131415161764
:105C480018191A1B1C1D1E1F202122232425262754
:105C580028292A2B2C2D2E2F303132333435363744
:105C680038393A3B3C3D3E3F000001010202030344
:105C780010203040AA55AA55000001010202030372
:105C880010203040AA55AA55000001010202030362
:105C980010203040AA55AA55000001010202030352
:105CA80010203040AA55AA55000001010202030342
:105CB80010203040AA55AA55000001010202030332
:105CC80010203040AA55AA55000001010202030322
:105CD80010203040AA55AA55000001010202030312
:105CE80010203040AA55AA551C36C84190A1EDB4E1
:105CF800A79DD47EF3AA3907677CA4C371BA8E78AE
:105D0800AE7C94B222C84ED58214F46417E45E9B2C
:105D1800A46A61680E8E098479FA7CEF525FD641D5
:105D2800D2E2D9CEBBE6D6505F5BCECE9346BF79E2
:105D3800689DD27F5E8E13AE4507B95818FBC90718
:105D48007903AF61EFF0E158C5D0EEE761711FDB71
:105D580060C472AF8ED35740FF34873E5FEFCCAB41
:105D6800C8D9CCD3A27234E034030301E052C4781A
:105D7800729B75E168B0A6F48DF3A439E4C9396E55
:105D880094DA7BD9FBB663D17AFEAD4B68AAF7A249
:105D980045BDA9D22709D276069EB199C854F05BB1
:105DA800B4C6EAD7B272419DBEC10C7D6DC82EF44F
:105DB80099298F0A2EAA12C6F9F6AFC68337BB6A8D
:105DC800C629C3748271FC9146E33380286840F188
:105DD800C154B54DB8DA8F84163BC98DCE8674A0F0
:105DE800A6AEB421DDABAACA6E4D83A45981098F32
:105DF800EC5611DA8A1F59F81E7D97824BDD45163D
:105E0800CF832A58C90367DC6EF3919880FEC5E1F9
:105E1800A03FE85A97FE869AE7415F502EA9E2FA1A
:105E28009BD26C6E50765C7D41ED022A6161FEA8C2
:105E380089E37FCD98FD8D67333D7AE24193BF12A8
:105E480048D62FC298690132C19BD521DB9EB2A1E9
:105E58005EB9304B9C46B3A143F0DDEA996E6D966E
:105E6800D9DCAB804F51841AE84595FC0A40C0C67E
:105E78000F3B9C3D66A87C0D0ADC99EA7832215CD0
:105E88004A8909DD34082E5C8700AC99C124AA54DC
:105E9800B37F2CD0E4D38A2000280B535A87C889B3
:105EA8002EDF96D21186DCB85515289351518F6C88
:105EB8005CFCAF4D8E878D79DDEEC71FE3A74F4899
:105EC800131940E5CA597AB7A0A156980B20DBBB35
:105ED8001755DCE7DE62CD2A02CFE3673655DBEDE6
:105EE8007A1E869FCFEA1550E1D25910368FDCE72B
:105EF80001222207EDA119B6A039A7BE84C31C5EF2
:105F0800CD81B038AB5DBE62D7437D8961155A56E5
:105F18009C60627614A5375A22B8374E783F1F67BF
:105F2800F9C6B8E6852C81E2062E7CB4A79D5515E6
:105F38005AE51D0425A083764424CE7F46A9F106A0
:105F48006F08C1A348B7119139BB25E99272EAE4F9
:105F58009FB89DE995E2E3CAAA8D87D0A7D47FD6DA
:105F68007027815B8741AAAAEBF97E6490709D0D2A
:105F780063E52D484FFDF61DF1FCAAE41BEA5C3DE4
:105F880081BC9952F7F3DBEA3BD62C89B8F4F5B615
:105F98007BFA6284EB1076AE1F951221E2F2DC7870
:105FA80028DC0D988BA039585A4CCC835B98B97D66
:105FB8005E917A324945C6EFBED730AF93FA366D57
:105FC8004CE90CFF92910A787ADA54C2FFA24D8EFE
:105FD8000D9540983337750B02327FC961294F1AE6
:105FE80016EFCE77C584F27210AC2522BB856758B0
:105FF80008E7C43B641A8642B7DA816379218E18B0
:1060080011EF924E29B6A29534F1D625CED8235158
:106018006ECC08795CB4DB9EF5375A88A6FEA6EEEE
:1060280065D1F5ED65485BFA23EF9BADA25DFB8179
:106038002EEDA063C5E4BE4E05C736E3C95E47E64C
:10604800A4430A39B6BC000D4080C1E62BE6D51B37
:106058008CEE9F63EFC371C466598ED81299B458F9
:10606800D4B9341C2407B1AE4ACFAE83398B68F259
:10607800FA926CD34DA31EAE242668F67510A96C4F
:10608800F3FE186EAFA8A68BDD89D341B015F918B9
:10609800881CF79192974D35E0CAA43137ABC29569
:1060A8004218FC21CAE5814483781A28E33ED04B84
:1060B800B229B7E19BAB4D92685B52752277174BBB
:1060C8006F94C2A3FFD99F188C1B06F508A05D8D9D
:1060D8002B1553E316837EA02C408450840B5B7BE6
:1060E8000B772D91D8B2975201495D965B98DF6A7C
:1060F80094006DD31A113A5D8492B609698C52BF27
:10610800D5099106C3F559B5719F0D7525B189A9B2
:106118007979E01B4080F91B401D4A9CE443E2B8B2
:1061280071A3AC47BBA7856B0F1E5397580FF44A52
:1061380093935B10FAAE0786620A13B39AAB645A5C
:10614800D85AF17EEBD48D0C721E04301A7CEEAF57
:106158004AB9C8E7F405ACEE9163CE754508964692
:106168006DC5142909676E9FF266B3201C6B6A39E6
:10617800C38F327D0D105999B1D21A8BD15E4DDC87
:10618800EB182A822DE43D5D1B16FB9F935DF6FDFF
:10619800A067D0FE68EFA90F383E2436EAF1E70978
:1061A80005E3B6A9EA9FCF181BE2607A47687A2F01
:1061B80050E533C61333C40F3CCD7197517955CC94
:1061C8004DF54F0D1E019F914C5621CCF9C278E830
:1061D80068D83CBD4CD720AB123D4CC810C23846DD
:1061E800D6FFD2440FAC15770C55BF530302B467E2
:1061F800C18F4A70C3E817B00F8B06C11D1452E750
:10620800DB973F5443DDA915D55BF7F58B7F0EA2CD
:106218008A59BEB955A9EA0CDB6BAA6BFD56861FD5
:10622800274C6FA23336012F657C2D2DF927459514
:10623800160EEC4265CF3BAA9DCA155D4B0567FD5E
:1062480080F246639EAA72BE7353A7CD7FE66E6C3A
:106258009EAFC5FC16434DC2642180C01850BAB227
:106268006038EF9B6FA9F3D514EE00F5B9306CE2F6
:10627800707E42E6C711FB1E52AD730E1BB6C13EBF
:10628800FFF6D591F078E2E69E13353FD71B6B6B8E
:10629800E3FC0A61B703379DB4936301B838046B14
:1062A8002D4514093B1432D7D2BD7E4683E7DFAEB5
:1062B8005F4414036FC04B7AF16A7BF60DB82EF673
:1062C8002FEE0608DF30DCFF2A9A223E7B4B461968
:1062D800A9A1166A017E0CD6A425BDB93B685394C2
:1062E800948CD55FEFC592D165E34D06A0A5C48512
:1062F8006BF825215EAC9510955AB25B17F47A9C21
:10630800AA9D7323E58073178CB696E7E5FF92B0D4
:10631800EA2AFE0F96832713CBD7DED188BA135A01
:106328008385F64ED69A333DEA0EC5AA6237C1393F
:1063380022F9EE8B3AF60F6A6757F0C69FC22A58C1
:1063480016C04FFBE2E5C8488B95B5F72A01F6C0A1
:106358007B56E5C0C728DBE5F11CE9A26DD2630EC8
:10636800E1970FD788D98E0AFD3393A065C1CB8EEC
:10637800CFB2C201B76F1E1925B6503371B4752953
:10638800B04AF10BE2C054F49390646AB9CB89E740
:10639800A9EEA76CCA079D3D56FC9EDAACB67A7E7C
:1063A800F20F4E508B11144EF69FCFC012FBF9120C
:1063B8004751464BDE80FD08006B974BFA9B5F5EAA
:1063C80090758E61ACB4F5C27D21834377961AF03F
:1063D8005202A673E2B11FA91D3F72692C27A57C42
:1063E8002A0F766B499AB1BDFC763B16A0351EAFD5
:1063F8006AF0433AB6E2868875D28B2CF323886418
:1064080081E76621753C6275B998DCB40FBAB5C7E7
:106418003B7A037D53F864324874790648EBC582A9
:10642800A603AA7AFF007063883F44D282A580D36E
:10643800404A7E8CB55E13AC1386B4B58896556217
:10644800E9BD22B498F5F2D7646781DF564627077D
:10645800A4D07031D2351EDFF71C05E2137D3875E4
:106468002AF0FAF401C19701C7893ECD1EF5E5551A
:10647800D50C1DA5BDFC047D38A8032A47B9E7BF84
:1064880071B2B472671B592728B45200F41661AD73
:10649800295FBC66389469CD177DB21E1660446FBB
:1064A800795C84CEA358A73515E1348C1E9BE2C6CF
:1064B800FB2037A99EF192794169DC6E1653D4808E
:1064C800CA03EBE3A01EF3BAA20B315CA4AE0190A1
:1064D800E18AC56BE7D9C46DB37C9B8DDA8491B131
:1064E800B9AD82272E324DEB80858A8F94989DA274
:1064F800A6ABAFB3B8BCBFC3C7CACDD0D3D6D8DA62
:10650800DCDEE0E1E2E3E4E4E4E4E4E3E2E1E0DE6B
:10651800DCDAD8D6D3D0CDCAC7C3BFBCB8B3AFAB0B
:10652800A6A29D98948F8A85807B76716C68635E3D
:106538005A55514D4844413D393633302D2A282685
:106548002422201F1E1D1C1C1C1C1C1D1E1F20225B
:106558002426282A2D303336393D4144484D51559B
:106568005A5E63686C71767B80858A8F94989DA249
:10657800A6ABAFB3B8BCBFC3C7CACDD0D3D6D8DAE1
:10658800DCDEE0E1E2E3E4E4E4E4E4E3E2E1E0DEEB
:10659800DCDAD8D6D3D0CDCAC7C3BFBCB8B3AFAB8B
:1065A800A6A29D98948F8A85807B76716C68635EBD
:1065B8005A55514D4844413D393633302D2A282605
:1065C8002422201F1E1D1C1C1C1C1C1D1E1F2022DB
:1065D8002426282A2D303336393D4144484D51551B
:1065E8005A5E63686C71767B80858A8F94989DA2C9
:1065F800A6ABAFB3B8BCBFC3C7CACDD0D3D6D8DA61
:10660800DCDEE0E1E2E3E4E4E4E4E4E3E2E1E0DE6A
:10661800DCDAD8D6D3D0CDCAC7C3BFBCB8B3AFAB0A
:10662800A6A29D98948F8A85807B76716C68635E3C
:106638005A55514D4844413D393633302D2A282684
:106648002422201F1E1D1C1C1C1C1C1D1E1F20225A
:106658002426282A2D303336393D4144484D51559A
:106668005A5E63686C71767B80858A8F94989DA248
:10667800A6ABAFB3B8BCBFC3C7CACDD0D3D6D8DAE0
:10668800DCDEE0E1E2E3E4E4E4E4E4E3E2E1E0DEEA
:10669800DCDAD8D6D3D0CDCAC7C3BFBCB8B3AFAB8A
:1066A800A6A29D98948F8A85807B76716C68635EBC
:1066B8005A55514D4844413D393633302D2A282604
:1066C8002422201F1E1D1C1C1C1C1C1D1E1F2022DA
:1066D8002426282A2D303336393D4144484D51551A
:1066E8005A5E63686C71767B80858A8F94989DA2C8
:1066F800A6ABAFB3B8BCBFC3C7CACDD0D3D6D8DA60
:10670800DCDEE0E1E2E3E4E4E4E4E4E3E2E1E0DE69
:10671800DCDAD8D6D3D0CDCAC7C3BFBCB8B3AFAB09
:10672800A6A29D98948F8A85807B76716C68635E3B
:106738005A55514D4844413D393633302D2A282683
:106748002422201F1E1D1C1C1C1C1C1D1E1F202259
:106758002426282A2D303336393D4144484D515599
:106768005A5E63686C71767B80858A8F94989DA247
:10677800A6ABAFB3B8BCBFC3C7CACDD0D3D6D8DADF
:10678800DCDEE0E1E2E3E4E4E4E4E4E3E2E1E0DEE9
:10679800DCDAD8D6D3D0CDCAC7C3BFBCB8B3AFAB89
:1067A800A6A29D98948F8A85807B76716C68635EBB
:1067B8005A55514D4844413D393633302D2A282603
:1067C8002422201F1E1D1C1C1C1C1C1D1E1F2022D9
:1067D8002426282A2D303336393D4144484D515519
:1067E8005A5E63686C71767B80858A8F94989DA2C7
:1067F800A6ABAFB3B8BCBFC3C7CACDD0D3D6D8DA5F
:10680800DCDEE0E1E2E3E4E4E4E4E4E3E2E1E0DE68
:10681800DCDAD8D6D3D0CDCAC7C3BFBCB8B3AFAB08
:10682800A6A29D98948F8A85807B76716C68635E3A
:106838005A55514D4844413D393633302D2A282682
:106848002422201F1E1D1C1C1C1C1C1D1E1F202258
:106858002426282A2D303336393D4144484D515598
:106868005A5E63686C71767B80858A8F94989DA246
:10687800A6ABAFB3B8BCBFC3C7CACDD0D3D6D8DADE
:10688800DCDEE0E1E2E3E4E4E4E4E4E3E2E1E0DEE8
:10689800DCDAD8D6D3D0CDCAC7C3BFBCB8B3AFAB88
:1068A800A6A29D98948F8A85807B76716C68635EBA
:1068B8005A55514D4844413D393633302D2A282602
:1068C8002422201F1E1D1C1C1C1C1C1D1E1F2022D8
:1068D8002426282A2D303336393D4144484D515518
:1068E8005A5E63686C71767B80858A8F94989DA2C6
:1068F800A6ABAFB3B8BCBFC3C7CACDD0D3D6D8DA5E
:10690800DCDEE0E1E2E3E4E4E4E4E4E3E2E1E0DE67
:10691800DCDAD8D6D3D0CDCAC7C3BFBCB8B3AFAB07
:10692800A6A29D98948F8A85807B76716C68635E39
:106938005A55514D4844413D393633302D2A282681
:106948002422201F1E1D1C1C1C1C1C1D1E1F202257
:106958002426282A2D303336393D4144484D515597
:106968005A5E63686C71767B80858A8F94989DA245
:10697800A6ABAFB3B8BCBFC3C7CACDD0D3D6D8DADD
:10698800DCDEE0E1E2E3E4E4E4E4E4E3E2E1E0DEE7
:10699800DCDAD8D6D3D0CDCAC7C3BFBCB8B3AFAB87
:1069A800A6A29D98948F8A85807B76716C68635EB9
:1069B8005A55514D4844413D393633302D2A282601
:1069C8002422201F1E1D1C1C1C1C1C1D1E1F2022D7
:1069D8002426282A2D303336393D4144484D515517
:1069E8005A5E63686C71767B80858A8F94989DA2C5
:1069F800A6ABAFB3B8BCBFC3C7CACDD0D3D6D8DA5D
:106A0800DCDEE0E1E2E3E4E4E4E4E4E3E2E1E0DE66
:106A1800DCDAD8D6D3D0CDCAC7C3BFBCB8B3AFAB06
:106A2800A6A29D98948F8A85807B76716C68635E38
:106A38005A55514D4844413D393633302D2A282680
:106A48002422201F1E1D1C1C1C1C1C1D1E1F202256
:106A58002426282A2D303336393D4144484D515596
:106A68005A5E63686C71767B80858A8F94989DA244
:106A7800A6ABAFB3B8BCBFC3C7CACDD0D3D6D8DADC
:106A8800DCDEE0E1E2E3E4E4E4E4E4E3E2E1E0DEE6
:106A9800DCDAD8D6D3D0CDCAC7C3BFBCB8B3AFAB86
:106AA800A6A29D98948F8A85807B76716C68635EB8
:106AB8005A55514D4844413D393633302D2A282600
:106AC8002422201F1E1D1C1C1C1C1C1D1E1F2022D6
:106AD8002426282A2D303336393D4144484D515516
:106AE8005A5E63686C71767B80858A8F94989DA2C4
:106AF800A6ABAFB3B8BCBFC3C7CACDD0D3D6D8DA5C
:106B0800DCDEE0E1E2E3E4E4E4E4E4E3E2E1E0DE65
:106B1800DCDAD8D6D3D0CDCAC7C3BFBCB8B3AFAB05
:106B2800A6A29D98948F8A85807B76716C68635E37
:106B38005A55514D4844413D393633302D2A28267F
:106B48002422201F1E1D1C1C1C1C1C1D1E1F202255
:106B58002426282A2D303336393D4144484D515595
:106B68005A5E63686C71767B80858A8F94989DA243
:106B7800A6ABAFB3B8BCBFC3C7CACDD0D3D6D8DADB
:106B8800DCDEE0E1E2E3E4E4E4E4E4E3E2E1E0DEE5
:106B9800DCDAD8D6D3D0CDCAC7C3BFBCB8B3AFAB85
:106BA800A6A29D98948F8A85807B76716C68635EB7
:106BB8005A55514D4844413D393633302D2A2826FF
:106BC8002422201F1E1D1C1C1C1C1C1D1E1F2022D5
:106BD8002426282A2D303336393D4144484D515515
:106BE8005A5E63686C71767B80858A8F94989DA2C3
:106BF800A6ABAFB3B8BCBFC3C7CACDD0D3D6D8DA5B
:106C0800DCDEE0E1E2E3E4E4E4E4E4E3E2E1E0DE64
:106C1800DCDAD8D6D3D0CDCAC7C3BFBCB8B3AFAB04
:106C2800A6A29D98948F8A85807B76716C68635E36
:106C38005A55514D4844413D393633302D2A28267E
:106C48002422201F1E1D1C1C1C1C1C1D1E1F202254
:106C58002426282A2D303336393D4144484D515594
:106C68005A5E63686C71767B80858A8F94989DA242
:106C7800A6ABAFB3B8BCBFC3C7CACDD0D3D6D8DADA
:106C8800DCDEE0E1E2E3E4E4E4E4E4E3E2E1E0DEE4
:106C9800DCDAD8D6D3D0CDCAC7C3BFBCB8B3AFAB84
:106CA800A6A29D98948F8A85807B76716C68635EB6
:106CB8005A55514D4844413D393633302D2A2826FE
:106CC8002422201F1E1D1C1C1C1C1C1D1E1F2022D4
:106CD8002426282A2D303336393D4144484D515514
:106CE8005A5E63686C71767B67E6096A85AE67BB36
:106CF80072F36E3C3AF54FA57F520E518C68059B96
:106D0800ABD9831F19CDE05B982F8A429144377124
:106D1800CFFBC0B5A5DBB5E95BC25639F111F15916
:106D2800A4823F92D55E1CAB98AA07D8015B831258
:106D3800BE853124C37D0C55745DBE72FEB1DE8004
:106D4800A706DC9B74F19BC1C1699BE48647BEEF33
:106D5800C69DC10FCCA10C246F2CE92DAA84744ABE
:106D6800DCA9B05CDA88F97652513E986DC631A834
:106D7800C82703B0C77F59BFF30BE0C64791A7D513
:106D88005163CA0667292914850AB72738211B2E9B
:106D9800FC6D2C4D130D385354730A65BB0A6A7683
:106DA8002EC9C281852C7292A1E8BFA24B661AA88F
:106DB800708B4BC2A3516CC719E892D1240699D69F
:106DC80085350EF470A06A1016C1A419086C371E18
:106DD8004C774827B5BCB034B30C1C394AAAD84EF6
:106DE8004FCA9C5BF36F2E68EE828F746F63A57831
:106DF8001478C8840802C78CFAFFBE90EB6C50A4C4
:106E0800F7A3F9BEF27871C68D010204081020407C
:106E1800801B3600637C777BF26B6FC53001672B74
:106E2800FED7AB76CA82C97DFA5947F0ADD4A2AF76
:106E38009CA472C0B7FD9326363FF7CC34A5E5F184
:106E480071D8311504C723C31896059A071280E232
:106E5800EB27B27509832C1A1B6E5AA0523BD6B386
:106E680029E32F8453D100ED20FCB15B6ACBBE39F6
:106E78004A4C58CFD0EFAAFB434D338545F9027FE2
:106E8800503C9FA851A3408F929D38F5BCB6DA219B
:106E980010FFF3D2CD0C13EC5F974417C4A77E3DC7
:106EA800645D197360814FDC222A908846EEB8141D
:106EB800DE5E0BDBE0323A0A4906245CC2D3AC62E0
:106EC8009195E479E7C8376D8DD54EA96C56F4EAEB
:106ED800657AAE08BA78252E1CA6B4C6E8DD741FFC
:106EE8004BBD8B8A703EB5664803F60E613557B9BF
:106EF80086C11D9EE1F8981169D98E949B1E87E979
:106F0800CE5528DF8CA1890DBFE6426841992D0F27
:106F1800B054BB1601020100010101000102030285
:106F28000100000030313233343536373839616288
:106F380063646566303132333435363738396162E7
:106F480063646566303132333435363738396162D7
:106F58006364656600000000000000000000000097
:106F68003B7DD85D2526561DC10709B950718F4450
:106F780077805F094A4FB7DA57F4EF77EF08B59093
:106F88004109FC85C77508C5692C8D7331D99500F1
:106F98009CBA175E199F1963C2CE3FB66B00A40551
:106FA8008981BFCEABD9787A96C9227DDF2B8A9D9D
:106FB8007EEE93A1F2C20254B08930388CE3FC29EA
:106FC80099A1E02229B39E97E324611152CEC4C14E
:106FD8009CA4D3B71B19F75BFA584B6FC787A17DE1
:106FE80018639D4A21E433A32CDCC94F385F61DA6A
:106FF8005D11AFB3F3AB6F1FEF002CF9353BCA54EB
:107008002FCADAA99EDBE33DF22A9896869FB87EBE
:1070180075888DA4DA5FEB84C02270C9FDC3D04B9C
:1070280004D8B0F85F3FD32D9A1A440A1520C71325
:1070380056129B2B118E4332ADC6A8C155CF07E817
:10704800FBA98BF2EC247A8CA7BF3CD18C05252CAC
:10705800BA57FBF6BD5C9A0A03614624CF3206484C
:107068001B743E9E896E2AB27CF70C4AE2F5DB5D02
:107078006756E93745A45CE4562F0D3EDAD61FC79C
:10708800D6ED7B0F981EF93CF7C23AB02974E03B65
:1070980030E119764BD46A75DDE8308163182E1A11
:1070A80013F142530B93F1B534DDAF14C10177DE10
:1070B800B3BEE3946274FDD1ED332A00C9D23927F7
:1070C8009587B745D0116772B2A794E588CE1A8123
:1070D800D815DFC43B0D803E1FAEF60EC165B89EC5
:1070E8002E9EC5FB5295DEDD08B306908626581BFA
:1070F80093E42C94EB5C9FA8ACB0C46AB787606C2F
:10710800B7A7500508C686B02179D127C7AF9EA07A
:10711800F93DCBC67DBB9E675CC5DCE24F34D2E44B
:107128000EA5039E5B64B260057D78FD66C714C832
:107138007AC092C2A78C6FA235CE7214D27E3C1947
:107148008BFB5354B9D99836F32498B8FC5722AE20
:10715800DD93F868D05871C7646F932596DBD11218
:10716800B5F16F9FCB1641D91063EB485FF02C1631
:107178007E6EE951A6D33AF44A3E9C68F50A36FB7E
:1071880063161411756752A9880AB842FAB857C924
:1071980014C194AD4A241828892A6A5D7ACBCEC2D4
:1071A800BD256EC97A6264DA0A113F5E78993CAEF1
:1071B8001972AE44528ED58C917AF2838467BC3AA8
:1071C800F190E9C38ECB47061AE43F47DF7DA00F55
:1071D8009A864F4D6B460CF2942E990822B0325283
:1071E800B245B665ABAFBDDE67835A234B6F1F84CC
:1071F800315EAB063649537A9EB0CDA532CE4DA846
:107208007DBBEA7C2425591BD888244DFE9D4690D9
:10721800128A76EBC2CBF74B64367B82F434207D3E
:107228008B5285F43652A997D53A813D355D814E0A
:107238008DD2DECC6B423D4A9574DBBE868621A793
:107248003989DEBB7C97CC38E9C5B331292C3A247F
:1072580016D593BBE3DF3A4E53C91DB374F38BA91C
:107268004441DF232DA04987FCC5FDF628960DB9BA
:1072780094C250FD32E62BFC55BBECC97E3C317CF8
:1072880099DB43AF50B4633B6F953537D71CE3594F
:10729800B973338645A8631DDD76106546A9CCAD64
:1072A8003CB087D4AC475B2EEF6EA869639B968F82
:1072B800BB8A062C53B066ADA8E4F18A0A7B135842
:1072C800D11FE860108D18C06710239139DD956EC5
:1072D80038D734DD135B6EECF6C1DD36D2C0CF9003
:1072E800F7017476451E3694C2F7BDBE59FA5A8620
:1072F80056C268CFE892863F55F52E05790E723E44
:10730800CAD623AB561746BAD6998736D79F627422
:10731800A528D6D022A1FA451E9B94C908E2A60A40
:10732800172B3E5CC53C01C2D3A9DC88A104ABAED7
:107338003468A38AAA2E70CCCBE56EA697D7D91D40
:107348009D0A95AE9A88713AA20DE18896B9374997
:107358006D63CC258B299DE63871E6A6C9F07AD8ED
:10736800347E591F117A230AA6F06649E5C1566F83
:10737800AF5DC86E1DE83EFCBE6A608CAA1A3F9BD2
:1073880092242228566825975E200C453883ABE363
:1073980069BE8F9780C8F6C299682842D4C4A218DB
:1073A800AC6EF85808AEC6C57C63BC57D1095B8C77
:1073B800437C26E5288DE521F3DB200CB42CB13F76
:1073C800A96C5EC5177022A6BAC9ADCF729ECC73E0
:1073D8001587A41F00C9511C1522CB870C8D3E446C
:1073E8008C1D8342EFA4442B55554D9F115B4130B2
:1073F800295D55C6C55344DB7FEBD12D0D055F686C
:107408003E8767BC600DD97C04F20FFF26C683D384
:10741800AA56005FB1411A1227169176F41A9BE614
:107428009930A08427052C5C4BC5EED60592992A85
:1074380080B3E8384C61AC68D72E59879476A68219
:10744800349471E8075D34A5F0C33D57BD815626D5
:107458002765670B2A031C44F13B10F4FEA925EBB2
:10746800D7C50C2E354ABFBDBB38A97AA2AF4A6A28
:107478006E4395C1DC12BE37A469C68F592FC46705
:10748800A70C70D969177B20CCE3251338F4DA7D73
:107498007A6A56337BC07FE3AB2819BB2767A361A1
:1074A800E4DA8E0F14897B4E91EC3A983EC9AD2EE2
:1074B800C4B9B4063008CF9586A10EE7A884C523C1
:1074C800CBD81FB6687829B9EBA187E5040714FA69
:1074D800FBF68336150F087693FBE104BEBEF87DF4
:1074E800D2898F73C970A199CC1E540BE40B0AB7CB
:1074F800A757A003A1CC303D6A3F99EBBC6276C97F
:10750800960FFD620D5B4953135C79830A172C3281
:107518003484740A693738F27C600A3C5140533825
:10752800C9437DAD812D269256B3D118C4BF458578
:1075380009556311618558D67DB27BC01F8FCE7304
:107548004152219939A00B27864553ABB580620675
:1075580041020856135409945DCE40A27A239C0E2A
:10756800D73938AFBD98ADF0E9ACF9954F78A35A43
:1075780048AD54AF85BD84C8C4DEB9CA63551BAFD6
:10758800A22566CBDF7F68F235767CD987FC94DF4D
:10759800F7BEC4DDA4992E635E0F157E8254A67DC6
:1075A800A8949D36BB3B99AF87A139D6AD8615B651
:1075B8009671A5FD886F8630B2C1BF390909372792
:1075C80066819518F4CE134379FCA957A8ADEC2B26
:1075D80085DC803919D154F9E10A98D3884A9DC6C7
:1075E800B37FCCAAAFCF4214410C3E285E6F8374A0
:1075F80042FAB7DDD06AA38B20E5167A913293CB95
:10760800B407A60AE6C898B9F03A6FC510DC49FD78
:10761800DE9E8194205464771E78ACC2723BAA1512
:10762800B65199A65514015AAF755DE24A6FCA65FD
:107638006A11EA4A6C2C981DEDB41ECFBD488042F1
:1076480081A6593F847AE95AB04C4B7E98027FD282
:10765800626C2B1E1348D8ED9B6402D494C4BDFC05
:10766800AA19616330A60263723B7BBF6DE8149F61
:10767800C5C4662B9AA5699D5A174F0624D8A5A498
:10768800F54C8A36FDD3DA9BE3DDA9C72D6DAE161E
:1076980096D24A8B121D005F45C113701728BF1977
:1076A800CF19F49FB212941818CA7731A80C7D88A4
:1076B800DD0A64B6084E525A1D5CB6C4951E0BC24C
:1076C800CF1BA6A19C6D9F14B368C1703ABE23E678
:1076D80049E44E22E5777FD9DBC515BF663BFCE858
:1076E8003BE4A7B983669B791151D6EF523ABC6047
:1076F800E8528F3E6E72011F1EFB17B7BB6DD55C3B
:107708006CB252767C05671E2BF188DF6BD5CAE018
:1077180012F6B014378F69C1B58538303150AD27AE
:10772800542C447072CF4A9148CC0EA7C5E9DA426E
:10773800B0D9EE341B6C4EE6B6A702EBB392A404A4
:10774800BEAA2415E19750D3EAA7ABD1D45B2BB8D6
:107758006A9C2D91EC7D1E7561DF5BFC0B0AEBC208
:10776800377222E061A924C591CD9C27EA163ED440
:10777800C1318D81240FCDC6C3C5690E2C5A9C70AA
:107788004DF1CD524928B974340EB6949775834F8C
:107798001271439EA463B37AE6B27FD4AE52320428
:1077A800488A8893CFB08D1E24A49A794FF335ABBD
:1077B8002C885BE175E0775657BA5237F467CE5696
:1077C8005153D9110682B1AFD61143D372CA11658C
:1077D800721D8C2F11C61B62056A6E1AB93E6BD9D1
:1077E8005CCEAEC7247A4337599E7B0AB68CFE38E6
:1077F800FC0BF9B3BB4DF9B52C28B1ABA163E9ADCE
:10780800E81458A48548C98A47BA00222238325D4C
:10781800ECB2C273D4FB632D5BDEEE53BE286B9AC9
:10782800AD97EA79CD2050F6F9E72EABABA424F654
:107838006F168DE81E6893121457B14D717E34553A
:1078480087AEE6A7A63BAABC6EEC9E05E78E9141E3
:107858002C7808B72538348AA75EB11605A0ED1D27
:1078680018277EF3D010053DA190D8D6235D2F7937
:10787800557015E77828418FF9D4AF49CAF3594BA9
:1078880062043B70131BC486B3157C5B4062961A76
:107898005C965E3D6140DDBEBB9EDF1D29121EB9B0
:1078A800FB3B842996D48F2A99A6FBAEBECEC8F599
:1078B800F2A447E264939E5E79FC36B8D3F9FC11D2
:1078C800A3EAB0A79E0B3F6792289B9E67F5E793B4
:1078D800FC51CFDBFC3F5E4A1763C5AF9CCAE86D1D
:1078E8002252E5580777DBB525C90A9B6B43E6C0EA
:1078F800AA8AAB9875C092E027793D7CA722D93A2D
:10790800A835808B9367BD05F75742B069FBCBB1AB
:10791800301B1ADC126EE833916E2FECD710121957
:1079280074C27EF55FD711339A3927D0BB88062BEE
:10793800B24C9F822E0BE08F790A57D5B57A997091
:10794800AEFD7C20BE02680D1F4EB80AFB8AAB76DE
:10795800ECA1E3FC552020CA400216E7203CCDF8F4
:107968009B4A022917B07F3FD82004C90415BF4C91
:107978001765963436B0370832C3C1DEC1D1CF207F
:10798800213C51B275470A62AE9182692BF2E0B58B
:10799800E16B115D36776ECA47805C6723DAD25790
:1079A80074A1543AFD5FB17C3A11DB6176BD959EB6
:1079B800855CEB525F8C40D85E6B49C0AB81481246
:1079C800B20E9884F4995F8A17282382C6C45E7021
:1079D800EC43DFD06FC1A0347FD448649B0D9D8BEE
:1079E80073D7A71953926142BEFE285755305A647F
:1079F800A44B8536ACCF5C39A36F3E7891BC850F1C
:107A0800B7ED985E515975ED9ACA86607E724070DE
:107A1800D008919BED82F50EC3803C206F771994B6
:107A280037F589018E2D2F010BFF904EA57D0AE4B5
:107A3800507138B780C6FD822BFA2E9982B32CAECE
:107A4800DB118736C38FC318CFB99182F9C3F141CF
:107A58002E6E6E1C07E25D97D2DA93E2FF3CA230ED
:107A6800CF318E08B4D69FA6036695FBB7DD54E5E3
:107A7800DA7F64552F3001AAD211910495FCC58193
:107A8800BD37206C3ACC9AF84F19E0E63EE45847E7
:107A98001E0903EEA8C545436F7DC04C7D6A417A37
:107AA800A41BB4AAE7DD7AE44C699298F85AFC7CE6
:107AB8008AC00F463075DA0AA22C3F621677BA34AC
:107AC800ABC474941095F8AA8D51FB5BC5AA47E620
:107AD800DB420ABB66248FED03BCC851E6E31B7E7C
:107AE80045CAB83357BB53DCB49D4268817EB76B37
:107AF800C032C91430B0EC0D371D3EBAC2A6AB8CEB
:107B0800A5C9B92345CB0AB381782F25C2BF342331
:107B1800A050A2714BBA4EE8AEDE2915A6BB8B0762
:107B2800D7DAD700D5E2525DA2D321058779AD34E3
:107B38008361D1D0F4CA2085D02B33B5BF4A1AC58A
:107B4800E09F4B5EB971B4C13491E8BB12C7C3B6AC
:107B5800B50E6255578056DAE9BB38B4ACE47755B0
:107B680074BF7F6971A1CC6FE7912FDBB8EFF3ABDE
:107B7800EF81132D05DB3485717A0366F524A8CBD4
:107B880004EBA2A26465CCF89D2706732FFFD623C9
:107B9800F9234824D40A0354C8C6C663B89F70346E
:107BA80095CF5FFCB36049A7E7C2F9816D14086AF5
:107BB8005B0AE99AEE8D2F3C5B6D5B750FD36A1DEE
:107BC80028C4968BF81431767C8B7D5875642E3CCE
:107BD800AB59B31BD18BA613EBBF9CEC13E4B210CB
:107BE8001E7A746BD2B415E5CCBA5B1500B8E46F95
:107BF800F0E7A894092779DAB1D1715DC7D4C050EC
:107C0800808B6B1E5966E7E9F5EB784EEA91D7C38E
:107C180094DDBBE9671A6BEE1BD7B848ADD3E5A86E
:107C2800BD6EFEE88E3589F1CA841CD9F75CE58102
:107C380067CB8DD0028F29F71B6F1EA3538B1F8133
:107C48002EF0DEB665DF8EA10FDDC3703DAA578426
:107C5800303BD5EE2F9EC087791F01B2EDA0D4FD31
:107C68006982ACC748E99FF4282332A9027899FAB7
:107C7800C3C42221294BF666789D347CAF16C64FC3
:107C88007DD8894F4ACF745D096C5EDF067676EA47
:107C9800D3A8A5591E23CA7096549FDA47CCAFE2E1
:107CA80039FE8838FDDC2BDB3723313EF863DDAE47
:107CB80024816E09D3152D71D3B8CC5195FC86E279
:107CC80013DA1FF7B138EFC4DC2054B30CF6CD9E9D
:107CD800DBB94F7BA002C3B0A9FE6B136BFC778C9A
:107CE80034469F2E453ACF907FD61076257C4DFEA0
:107CF800F22F55809B94E5B94D7C010E12CBE5051A
:107D08007056CE9D82CDFBE3E55E1CC8F763371441
:107D18000F29EC9F41925819A5A1C2D05ABDC2ECB7
:107D2800D9E6E38F392CCB60FEF4D0ECD5B70788C1
:107D38003DB35579F0FD26E0074B95C723BDA75DF8
:107D4800CCE2DA4BFB534EE97046AF98BFF85B2A9A
:107D580044E1A30C5EF82209F95F390958589CC31D
:107D68003C1C2EE7EDE880BDE93200A26E0EF84E0D
:107D78009F16BBE4A406DFFB34144DA5C45A001FAC
:107D8800B93C5CB3CCA28B7A986633EED673C959EA
:107D9800F8D38AE48F6FB274A5F91D79D0F0523800
:107DA8007C08647C1F930B673D000F8A31D611E273
:107DB8001D36A4734B14C8DB04F3798F0D737791C8
:107DC800BDA0B6CDFA3F771A52ECC9B5EC16AC494E
:107DD800A81D9B6A3D097A18E7BEDE2207E1F3B1C8
:107DE80008BEED7827C4F10FBBC90A369235800F5B
:107DF8009A4488A576993719A22497E53BD04791EC
:107E080026CC982B8264C4E443AFFDBD4E9AA6BD30
:107E1800D4FB62DAB8E3BFF83EB5021F4A9800A95E
:107E28001B85A194BC30B77311CB7AB2AC8483158F
:107E380015330DE72D1301BBC6AA32FB8EEAE535D3
:107E48008A5F102D82FAFF4D7404A92C7B88BA260C
:107E58006DA4C78DEE2B0DE9E50A84F7F3AA8D0A08
:107E6800DA2DDB3ACE964972EA33FB5E7D1F25F3A5
:107E7800408CDE9A19A9E65201FC8C12044384183E
:107E8800A4C5E4DFF29DC8C4C1C954EAB9E2AE2F63
:107E98007DF486ECAD79D19C79EE56FB71E465E012
:107EA800A9B94568214CA242587A22CA39C54FF46B
:107EB8006843A8AF1786227F1EEC16816C71C6B581
:107EC800FDF66B8B2823B507CD7E3C946AE916F145
:107ED8003C314ABF5EDB84F7CBA090092CA380C558
:107EE800FB4D5254089D8C1819A02617A43BAB4B88
:107EF800867E099FEAA9997388C7D4A899CCD366C6
:107F080059F5B84D9D3164B85F848F97588B79B512
:107F18006137A1290A2FF52B87346C77C34DBFA58C
:107F28007CFA37BE6E935BF139296C7B63E2BB4701
:107F38009DC7A819121B757E35BF4CE5560542DC56
:107F48008CC5D1FC3062B6779C0F07DA73D9F80577
:107F580091E2767FF08417E62A07CF6BA991CF9438
:107F68005A2853B7FF97AD33DB4A525287C02316BE
:107F7800F304B545B1DFFE42E0F1A5AADD70004388
:107F88000039B2AA407F02434078BDAA39B50543FB
:107F98008061A1AA453E0A430049C1AA4C5D10432D
:107FA80080AAC5AA4577184310D8B2AAD925234371
:107FB800001028A953593143B0B694AA309A4443C3
:107FC80080DECDAA89925F43F428A7AB78A78343C4
:107FD800A0DF1DABCB52A34330F4042B40E4DC43B9
:107FE800E084BDAA3B083244D05A93AB40470145D0
:107FF8009A069DC22F96FAC4C098102BA10F22C4CE
:10800800009EC3AAF8D2BCC3909C6DABEA1083C390
:10801800C02F3FAAC84746C3D0F83EAA27E41DC3CD
:10802800A8EBA0ABA41E02C3603914ABFACFDBC225
:10803800404756AB8525BDC2A048B0AAAD24A5C20D
:10804800405BCF2AC0E291C2C8A601AB042082C21D
:108058000029922991066AC2AC7719ABD0E753C2BE
:10806800E0039FAB080741C280B982ABB4C030C2FD
:10807800007E69AB309922C200F755A94B3116C270
:108088004045942B963E0BC20004B1280C8601C2D1
:108098003040322B9AB0F1C170690FAAD51DE2C1E8
:1080A800008934ABD114D4C100A4FCAA8F61C7C124
:1080B800905F85ABD2D8BBC1A474A9AB8556B1C1BA
:1080C800A08EA82A93BCA7C100FB02A94BF29EC1AF
:1080D80030769FABB4E496C10026CBAAC0898FC185
:1080E80000DC96AB19F388C1088FF32BA54884C12F
:1080F8002E6E1D3D61FF71C12CC522AB5B686AC144
:10810800004E4D2AA0BC60C1849FA52CD15757C1F1
:10811800F011292B6E6F4EC1A0820EAB790846C1B3
:10812800581BD4ABDB1D3EC1E0130A2BE6A736C1B2
:1081380080C37CAB739E2FC1E8C4CCAB97F928C130
:10814800D871102BD7B122C1C018F22A41C01CC166
:1081580080E96EAB671E17C1208C6F2A53C611C108
:10816800804D31AB81B20CC194F46B2BC9DD07C1D2
:1081780080428AAB574303C1A2D19FAB2BBDFDC040
:10818800402E122A3356F5C040524EAB1649EDC068
:1081980050C20A2C0C8DE5C0C023C1AAD518DEC078
:1081A80020072DAB30E2D6C080C7352AF4DCCFC01B
:1081B800C008B6AB7AF9C8C0F02D5FABA221C2C027
:1081C800974DA6AC9532BBC0D88B41AB45EEB3C03A
:1081D80000B6ADAA28D4ABC0A0A8AB2AA59BA1C065
:1081E800C0CB3B2A869890C088F6D02AB4A81DC078
:1081F8004E3C0EBF47FB00C120AF7EAB2C8CC0C0ED
:1082080040D260ABF13CB0C03098052B1813A7C022
:10821800001AF2A86863A0C0C0EE50AA9FE69AC0F0
:10822800B0218FABE41D96C0A89BD3AB39CD91C0CC
:1082380000A39AAB3BD48DC0403C982BA51F8AC0A5
:108248000040EBA71CA386C08C99D2AC375683C0DC
:108258007458E1ACF83280C0A0BE2A2BD4697AC029
:10826800E83DBA2B4EB174C0289340AB0E376FC0AF
:108278000084AE2AE5F669C03C32A0AB8AED64C042
:1082880094AA84AC771860C0C0C18FAAE5755BC09A
:10829800C0D0CB2ACE0457C0C0C67FAA13C552C0CF
:1082A800B81BA52CC1B74EC0B87B83AB96DF4AC0BC
:1082B8004044712BF94147C05012F62ADEE843C00A
:1082C800A0FAC2AACAE640C0C8BCC02B2A603EC0F9
:1082D800007EB9A9C2A43CC0B0EC0CAB2D863CC052
:1082E8004025C42A5D0841C0B0BF6DAB455865C084
:1082F8007AA4813EB864D6BF002739AC17AF0FC047
:10830800E086B7AB048B14C0767D412D45F314C0CD
:10831800000C622915EC13C0C0BEAC2A6C4712C011
:10832800A0565DAB8A5510C00C1A7EAB703B0EC0D0
:108338004094F9AB520C0CC012CA052CF5D209C0F6
:10834800B0D926ABAF9507C08850EAAA525805C0E5
:10835800002078AB251D03C07406122C73E500C0FD
:10836800E00FD72BA563FDBF00930FA9A904F9BFA0
:1083780080D211AC2FADF4BF009EFDAA9F5BF0BF69
:1083880080F28DAB7A0DECBF0C1A86AB2EBFE7BF1F
:1083980000EC25ABC26BE3BF20519B29460CDFBF25
:1083A80020BA6AABDF96DABF44F44D2B1EFDD5BF69
:1083B800801A16AB0429D1BF664EE3AD3CF7CBBF9C
:1083C800645CDA2CFD2AC6BF28F812ABD451BFBFB3
:1083D8006026D4ABFC76B6BF575B1BACC11EA9BFE9
:1083E80080D6EC2B762F8EBFE05B3AAB462D1EBEB7
:1083F80098BCFCBED28A3BC098320DACF6C6FCBF16
:10840800E0DD8AABE40DE2BFE07112AAF506D5BF44
:10841800C849672C6A98CCBF80C9C5A97B46C6BF26
:1084280000D5A7A9421CC1BFA03572AA24A7BCBF0A
:10843800A0C3CBAB22AAB8BF804B3B299D01B5BFD7
:1084480080C8952A3597B1BF10FD22ABFD5BAEBF42
:1084580090FFBFAB7645ABBF74E5432BD64BA8BFA7
:108468002EEA062C0669A5BFA0AB192BFB97A2BF65
:1084780000BEAEAB43D49FBF0884372BA7199DBF5E
:10848800244BAE2BE0639ABF2011F32A3AAE97BF74
:1084980040F688AB31F394BF38F1D4ABDA2B92BFF6
:1084A800006AC4A8024F8FBF0000D328B34F8CBF07
:1084B800605605AB991A89BF7CB6842B059185BF98
:1084C800C0917FAB7F7E81BF80AAD329010179BF8C
:1084D8004081002B26896BBF44CB1E2CAA5056BF67
:1084E800D006B4AB4EB329BF18D69BAB98381C3E08
:1084F80059D505BF0A500FC0E0E7F62A834DB6BF2D
:1085080018F699AC2A1BA0BF8072962977A995BF47
:1085180028A74DAC56268FBF8E9444AD796F8ABF7D
:10852800623EA2AC7EB286BF50CD8BABFB8C83BFC4
:1085380080A4F12A9CCA80BFD0A477ABAE997CBF37
:10854800F4C79DAC150178BFC09910ACF2B173BFE8
:108558004020B6AA659A6FBF8C84AD2B37AD6BBF30
:10856800484DE72B1DE067BF929799AB982A64BFE7
:1085780000ADB82C2C8560BFC08B68ABC7E85CBF6A
:10858800048189AC334E59BF30D633AB83AD55BF68
:10859800001D37295FFD51BFC0CCDAAA06324EBF95
:1085A800C474B92BC23B4ABF9872362C680446BFC4
:1085B80060E8892BCF6A41BFF89F992B3A3A3CBFB4
:1085C8003005C0AB641836BF646BACACAB5B2EBF78
:1085D800F0A61C2D869923BF5CF60BAC9B2412BF1A
:1085E8005C028CAC4006D9BE489E15ACC11B8D3EC2
:1085F80068A509BFBDE0E4BFA5377DAEEC5F8BBFC2
:10860800586F87AB1D3D71BF48969A2B5CF65FBFCC
:1086180080DD542AD87155BFC84EFEAB46024EBF06
:10862800408E82AB343D48BFFFE6E82C197943BF42
:108638008092CCABD05B3FBF006B1EAAC1B03BBFE2
:10864800B0D232ABF25638BFD6023CAC693835BF2F
:108658008089092CB04532BF60EDF72B4C732FBFD2
:10866800E02F0F2D39B82CBF607F5F2BF30C2ABF8A
:1086780000C80CABBB6A27BF58E5CBAB13CB24BFF4
:10868800702CAFAB362722BF0056ADA78D771FBF22
:108698002097DCACF8B21CBFF02C21ABCCCD19BFB5
:1086A800DCC6B62B47B816BF041B83ABF85B13BFF9
:1086B800E023222C1D970FBFDC67E0ABCE330BBF46
:1086C800B08466AB86D505BFFFE5CD2C479CFDBEC3
:1086D80080BC27AB4852E9BE1C22F5AB893DC7BE1A
:1086E80020AD9CAC684E77BE8034522A08D9F23E41
:1086F800BA4925BFB364D3BFA02E1E2BCE976FBF38
:1087080010DDCA2AC3E949BFC60A97AB440B39BF73
:10871800A0762BAB24212FBF4C349FABF56328BF29
:10872800482100ABA45F23BF052A70AD9A661FBF1E
:1087380050E323AC011D1CBF54E2462CC74D19BFA2
:10874800A0505BAC32D816BF9641872B0EA714BF3A
:1087580054F8042C23AC12BF6505AFACABDD10BFD9
:1087680050948FABDB340FBF43304FAD07AD0DBF17
:1087780000FB702C1B430CBFF6EBAEAC50F50ABFE8
:108788003A97502D08C309BF40C92DABD0AC08BFDC
:108798008012DF2988B407BFB04C3CABBFDD06BFF1
:1087A80088573AAB582E06BFF4FA43ACBBAF05BFA7
:1087B800F01ABB2C007105BFB012292A348B05BFF3
:1087C800BE0A312C3C2A06BFB475E0ABAAA107BF8C
:1087D800A044FCAB4CA50ABF4200882B7F0911BFFF
:1087E800E07ECDAAE48421BF072D88ADA58678BF99
:1087F800431AB83E38F4873D80AC71AA0A158CBE7E
:10880800B24555AD1229ADBE4884F82B751DBABEC8
:10881800803FBBABA25FC0BE2C1150AB8F98C3BECC
:108828003C644FAC2730C5BE11F6D12CEECDC5BE89
:10883800A0B3A12C2ACAC5BE96AEB62C8757C5BE12
:10884800F0AA74ABF194C4BE00C82CAA1696C3BE95
:1088580050DE1F2CCD67C2BE3C7179AB8312C1BEFE
:1088680080B4DCAA9A9BBFBE48AFF42B3306BEBEC9
:1088780000582B2BA353BCBEEC2025AC9D83BABE5D
:10888800008C70AB3694B8BE1CA820ACAC81B6BEC8
:10889800A238C12DF245B4BEB49956ABDDD7B1BEEE
:1088A80080A639ABB829AFBE0091FAA8C426ACBEE1
:1088B800308C982BB5AEA8BE283FA22BEF8CA4BE57
:1088C800361C0AAC30669FBE804A622BC38D98BEA8
:1088D800B4B486AC45918EBE54137D2DE35A7BBE4D
:1088E800A41542AC432C30BE44B632ACDFC33C3E88
:1088F80074C6D6BEB6C05FBF9B8994AC108304BF54
:108908008051A7AA3968E3BE687F41AC327AD2BEEB
:10891800E0DCE22B7C6FC8BE98FF80AB4984C1BE07
:10892800B09463AC7B45BCBE4839EBAB7405B8BEAC
:10893800C0D5092BD067B4BE383533AC8836B1BE44
:10894800C4B3932C954FAEBE20AA5A2C179CABBE2D
:10895800C0A7F1ABB70BA9BE55C18DAC0B92A6BE93
:108968000035322AF724A4BED503622CA3BBA1BECE
:1089780000DE502BAB4D9FBE202A852B77D29CBEA4
:10898800727E8D2C84409ABE787457AB988C97BEB3
:108998001005822BA3A894BEC077BCAA248291BEDE
:1089A80080829C2A99FF8DBE0034CBA828FC89BE02
:1089B800E09D8CABF03F85BE4022252B79E27EBE40
:1089C80020C6B1AA42EB6FBE70DFC12BEA535BBE73
:1089D800F01C4B2CAF3D3CBE7FE5972D2E0006BE0C
:1089E800B65DAE2CF33823BC97D136ACD232163FE5
:1089F8005E3C4BBFD90E99BFD9430AADAC6319BFD2
:108A080000BF58AADBF7F4BEC65FB4AC8FFBD9BE73
:108A1800C05C92ABCF9ECABE0024EDABC98DC0BE70
:108A2800B6913DAD9D59B9BEC7E7D2ACC1DFB3BE63
:108A3800B0968B2D9386AFBEB8F8E52B56F5ABBE36
:108A480006EB81AC57F5A8BE53E584AC3763A6BEE8
:108A58002A19052E3C27A4BEFE05ACAC1E31A2BEC9
:108A680098D20DAB9375A0BE31CB90ACD8EC9EBE1E
:108A780000FAC9ABD2919DBE1452022C8C619CBEE7
:108A88001A9628AD025B9BBEB636A62B197F9ABEF6
:108A980080DA1C2AE9D099BEA639882D475699BE96
:108AA800F09B382CDD1899BE935BEFAC182899BE63
:108AB800A0929B2BBB9C99BE80E9092BD59F9ABE9F
:108AC80088B98A2C58799CBEE00FF5A93AB29FBEA6
:108AD800002F18AA2871A5BE10BC80AAB8B5B0BED0
:108AE80068780FAD8E80CCBEE4926A2CA8EE2DBFBC
:108AF800C884D73E19162D3E02CB87AC025BE3BD76
:108B080060CA442C635729BE7706C62CE0FE3FBED8
:108B180096129DAD4CA54BBEB88C18ABE74952BE1A
:108B280066610C2D213A56BE6C8F46AB078858BE3D
:108B380078FC35ACA0C359BED1C7D9AC363F5ABEB4
:108B480028F7BD2B832C5ABEE89D112CA1AA59BE2B
:108B5800607E662D2CCD58BE3AD60AAC29A057BEE9
:108B6800333CD32C2F2A56BE38B291AB8F6D54BEEE
:108B780000E7D4ACD86852BE68FD3D2CE81650BE5C
:108B88008EFB20AC7D6E4DBE942C942B4D614ABE5D
:108B980040E076AB5FDA46BE3143CCAC50BB42BE58
:108BA800C8F464ACB0D73DBE7B57AC2C14ED37BECF
:108BB80050EA84AC9F9430BE22A90F2C3C2727BED4
:108BC800B893B1AC64831ABE8BFF6B2D438508BE86
:108BD8000A530FADC92BD9BDCAF2D12B5F146BBD97
:108BE8004076562B45D4623D20CE16AB51F91D3F39
:108BF8006E666EBF477288BFC4982DAC0A1B01BF52
:108C0800F052D5AB1C83C8BEA0EAB22BDEA9AFBE1A
:108C1800808DB2AB62C6A1BEE843582B8CE098BEEB
:108C28002829CCABDAAC92BEC850AE2B5B198EBEED
:108C3800E4B5882D41958ABE39D4942CF1CC87BEF1
:108C4800B0735DACE98C85BE62A405ADD5B383BEB7
:108C5800680F5C2C562B82BEAB88D22D04E480BEF4
:108C6800ADD203AD37A67FBE8061C62A29E27DBE9C
:108C7800E00E332D92717CBEFD86862DE14D7BBEC4
:108C88008E437A2EAF737ABE6F9B2F2D8FE279BEFB
:108C98008060382B379D79BE402371A91DAA79BE03
:108CA8006080DAABAB147ABE78188EAC95EF7ABEDA
:108CB8001075392C1F597CBEB41CC3AC84837EBE8E
:108CC800B0A8D62B52E380BEDEA0D82CAA6483BEFF
:108CD80000997BA9CD7887BE6040952A2BF18EBE7E
:108CE800800BBD2ADB77A0BEA817CC2B5304F8BE97
:108CF8006ECCA03E648AE23C241F75AC830E13BE82
:108D08006C68022C75AA36BED4CA19AC1B7346BE51
:108D1800005166AC2DBF4FBEFC95F0AC0F3556BE6A
:108D2800C40FCE2C5F3F5BBE00B5A7AAC18A5FBE49
:108D3800606FD6AC577663BE3F38B62D4D3D67BEE3
:108D48000028E72AE4086BBE20A3B42A49F96EBEBE
:108D5800E1DF30AE792A73BEFEBF37AC60B777BEAD
:108D6800508505AC26BC7CBE145DEDAB202C81BEC5
:108D780000A0C328565884BE5729FD2D53F987BE35
:108D88008CF043ACA82B8CBE06002BAC6D1491BEA6
:108D9800F07C752C28E596BE4677562DD5E19DBE0C
:108DA8002035292BBD6AA6BEAAD4EFAC300DB1BEC2
:108DB80000F88CABA3A1BEBE90D601AB8785D0BE10
:108DC80044CA2CAC4914E9BEC01B32ABCB6006BF09
:108DD800D072AFACBA8B22BF000D26A9927155BFD5
:108DE8000EBD89AC5245A6BFC10DFF2C824468C098
:108DF800F19E974098655740586EA4ACFB88843F15
:108E0800E88E312CDCFE113F51817E2D2944BE3E77
:108E1800006C16ABE406863E445733AD14F2443E6C
:108E28004CE8A6AB1E22143E8CCDDC2CA56FE13D90
:108E380050018FACCDFBAB3D50BDB62BC476823D07
:108E4800C4BE11ACEF06433DD0A333AAE8E40D3D00
:108E58001493602CF526C53C6850BE2B9E117C3CB3
:108E6800787685ADF405073CA137BFAD8CD71B3BA1
:108E7800005C10AAC3931CBBF86316AB6FD6CABBC1
:108E880014BFAA2CA34315BCE82636ABC57037BC63
:108E98006ADCD2ACBD134CBCB28805ACCC9952BCD0
:108EA800C088EAA9178D49BC1926EEAC85362EBCB8
:108EB800602FC6ABD8D2F7BB3439022C7B7E2ABBD5
:108EC8009009D32B91EDA73B8B3304ADE0AA8D3CE1
:108ED800A848E3ABF5B6193DF01A86AA2D2E9A3D9F
:108EE8007550AFAC653D293E20C730ABA5BA1E3FD3
:108EF8000DE182BFE98F3FBF48D315ACD32A96BE98
:108F0800D0308DAAFDB44FBED695562F3F5228BEFD
:108F18001EEB9DAC219F12BE571F482DF1E904BEE0
:108F2800605583AB3FF1F6BD10F88DAA581CE9BD1A
:108F3800E41983AC177EDEBD61C8B72D9005D6BD98
:108F48000005AF295A09CFBD7907312C441AC9BD8C
:108F5800709A35ACB4EBC3BD64CCCBAB7246BFBD25
:108F680018E42CACD600BBBD1C1008AFD0F9B6BDB8
:108F7800008CF1AC9315B3BDE8ACED2B193BAFBD3C
:108F880020D9D42B1152ABBD7D9FCEADDD40A7BDFE
:108F980050485CAC37EAA2BD0091CDAA132A9EBD09
:108FA80040E2502AF5D098BD241817AC469C92BDD3
:108FB800E0C336ACD4288BBD01A5492D10D981BD9D
:108FC800E6AA8E2EC83E6BBD003A072A590249BD53
:108FD800C062082A018714BDFC7D2D2CAE505FBCF1
:108FE80080577CA9239C1D3D30BE13ABD00C983E06
:108FF800167223BFBFF4F3BE0077FA2BCC365FBEE0
:1090080056403DAC85DA29BEFECB4CAC91AD12BEC4
:10901800DAD899AC818E05BE927888AB90FEF9BDFE
:1090280074052FAC24C5EDBDE8156DAB6C76E4BDB9
:10903800601E35AC3A05DDBD52F8D92C85D4D6BDB5
:10904800F155882DC381D1BD68B6D42D2ECBCCBDAA
:1090580000FF43295582C8BD205D81A97E84C4BD17
:1090680070ADABAC14B6C0BD30733C2DA1FFBCBD18
:10907800003BA1ABA74BB9BD9CFE5A2CD084B5BD13
:10908800C0C3FAAB3A94B1BD701A89AB765FADBD77
:109098004CE514ADFCC5A8BDDB4C2F2C699DA3BDC8
:1090A800107F2DABA2AB9DBDFD2F8BAD079D96BD4F
:1090B80060890A2CEBF28DBDE2308FADFDE182BDF7
:1090C80048AB2FAB6C1868BD7A263C2EA9BA3DBDBB
:1090D800B01A9F2CEF3CF7BC52D341AC8865A1BABB
:1090E800D63B96ACE0A7873D2CDFB0ABD8A9CE3EE7
:1090F800FCFB6BBF2DE21BBFA7DC952C75128BBE4A
:109108009278D32C6E4651BE12CC352DCCF633BE98
:10911800109A2DACE4E223BEB0484C2CF0DD19BE09
:10912800717A382DB42613BE00CA89285E750EBE22
:10913800802E2CABCA1D0BBEB81F9B2BDABD08BEF8
:10914800B83AF72B901A07BEE690C9AC6E0F06BE68
:10915800107A3E2DF38505BE4129292DFE7005BEE6
:1091680048808D2C50CA05BEB08BEBAB3E9106BE35
:10917800806EB32B35CA07BE7CAE622BE07E09BE7B
:10918800023851ADF1BE0BBE344D89ABA4A10EBE61
:109198000032DF295E4812BE784AA92DFAE216BECF
:1091A80080EBDFAAF5B61CBE907F39ACCF2B24BE6E
:1091B80074B2C7AD5FE12DBE46711D2DEBDA3ABE24
:1091C800C335FF2C42D94CBE40EC0FAB1A2D67BEFD
:1091D800C09C93AB087988BE14C8492C1652AEBE01
:1091E800E0786A2BDA8203BF20F513AC47E6B0BFFC
:1091F800FCDF274040C69C3FEDDA3FAC317DB63EF0
:1092080038B70C2C4F713B3E66171AADD717DF3DA8
:10921800A018A32B2A038B3DDC1037AD83552B3DBB
:1092280000697D2B3854C33CFB4984AC69ED2E3C66
:1092380080CC772DC7A61F3AE0E923AA8A12F1BB92
:109248009CA004ADFBC762BC1208D72B44B89DBCD8
:10925800FC3D2AAD318FC3BCE2AC962C5991E4BCDD
:10926800005618A9E5FE00BD4E439AACBE670EBD78
:109278000053FAAA32EB1ABD785354ACD2E426BD97
:10928800B8ADFEAC28AB32BD57869AACAF963EBDA2
:10929800209DA9AB8A094BBD2C54012C977958BD48
:1092A800185A7E2C357F67BDF0EFEF2A44ED78BD64
:1092B80048331A2DA7FD86BD98769E2BE34A94BDA8
:1092C8008C48D02D8702A6BD31E216AD4839BFBD06
:1092D80095A6BF2E1B84E6BDE985002D167D16BE1A
:1092E800A146AE2D1B9F68BE84A197ACEFDE20BFC0
:1092F800B6DFAB3FF26B133F40D2372BAAF2323EB8
:10930800D09BA1AC0B20C23DE209702EDAD3783D88
:1093180048F89D2CEE442C3D41260D2D44D6F83CB2
:1093280028D925AC2C49B83C6D4872AD1CA48A3CA0
:10933800305F972B49DF523CB0CE0DAB3EE4213C69
:10934800D4B94CAC158BFB3BB888CFAA1F2BC73BB5
:1093580028251C2C30CCA23BEF4FA92CC1DB8B3B22
:109368009024DAABA6A9803B00315329F32B803B2C
:10937800001CE4AB48DD893BC367352D17AD9D3B29
:109388004CD2232C33FEBB3BC13451AD61B3E53B1A
:10939800B049F92B8B260E3C124CC9ACF50F313C69
:1093A800C0B4A9ABAF595D3C588DD82B0BDA8A3CB9
:1093B80020841B2BD329AF3C32239C2CF80ADF3C9A
:1093C800188137ACD939103D60864BAA2E573F3DDE
:1093D800E0B142ACD17C843D5F9D3A2C4550C63DFE
:1093E800525F05ADE6722F3E882BDBAC6FBF0A3F9C
:1093F800A343B0BF9E5311BF7C3937AC339F49BEDE
:10940800A03D08AB4D16FABD5A5000ACF964B7BD83
:1094180010ACF7AB116891BD644B7AACF9B870BD6C
:1094280066AFC1AC535F4CBD59A2D22CA51230BD5A
:10943800C04DAB2CAFC918BD1403B1ABA3BB04BD61
:10944800CE6972AD158CE5BCA42CDAAC5C45C4BC05
:10945800309B81AC1C81A4BC361776AC315B85BCD3
:109468000EF007AC0A234CBCA7A888ACBEE10BBC25
:10947800001836AABC1691BBBC83C72C51D61BB8A2
:10948800E316282DCE599B3B80E797AB0A72243C04
:1094980000ACD8284C38833CFD80E7ACE6A8BB3C40
:1094A800E40AA6AC6017FE3CB62EFBADB61B273D02
:1094B80080CF582C9BD5583D000878297A608C3D80
:1094C80088917FACBD55B73D9062B52C91A6F43D0F
:1094D80088ACC12C790A2A3E3073872AA44A7F3E79
:1094E80074643EAC1193E23E6316E22D23E7B33F6A
:1094F8009B0F80C01A77BDBF3B57AFAD556704BF00
:1095080008B4AF2B5DD8A5BEB90F38ADA25676BE4C
:109518005C85EAAC6D7C46BE86FC69AC80A727BE3C
:10952800041C4A2C53F611BEDE24C3AC3EBA01BE5D
:10953800EBC9002EFBFDE9BD1A13B12C4943D5BD7B
:109548005852652C57D9C3BD06EEA1AD22D0B4BD83
:10955800903A50ADBE80A7BD60E71E2A5B719BBDE7
:10956800D016BDAB8E4490BD3C9C89ACB5AE85BDD4
:1095780040290DAC53DD76BD8C4C0E2D6A9062BD32
:109588008200A8AC7EFE4DBD665C9CACC5A538BD0E
:109598009077FD2C04EF21BD988DBEAB511D09BD00
:1095A800A21C31AEB06ADABC6EB5932C16A999BC70
:1095B80058DB832C44A317BC74F136AD8B992D3B33
:1095C800BCBD16AD3D30963CCF9E992C1171253D02
:1095D800F081B6AC6D4C983D80C9CAAB52E2093EE9
:1095E800E83FDEABA54D8C3E7889812D4AA9773FAF
:1095F800547D4FC047088EBFA0223CAA412AD5BE41
:10960800A8EFCD2B17EA8DBE83D0FB2DD96D5EBE9A
:1096180060FED82BCA173CBE4D0D272DED1426BE73
:109628001E1D782CEFB916BE5CC9102C7F610BBECD
:109638005A7E26AD14A502BE502B932D696AF7BD3C
:10964800DC6F89AC3923ECBDF2A86EADBECDE2BDAE
:10965800A841A02C20F9DABD24FD312DB856D4BD7F
:10966800E03036AC87AECEBD0AD0882D3AD8C9BD19
:10967800E856502ECDB6C5BD4AAEA2ACDB35C2BD4C
:109688009068E8ACFE47BFBDF6D9A1AC0BE6BCBDFF
:109698005069E3ACF70EBBBD9959072DA0C8B9BDF9
:1096A8005E432BAC9C21B9BDA0E98D2BE434B9BD38
:1096B800F023B3ACCF30BABDB6864F2DD664BCBD4F
:1096C800804DFB29A35EC0BD3BE11C2D332EC7BDD9
:1096D800F0E7FFACF41ED3BDE841C82B7B2DEABDF3
:1096E800D4B21EAD3A2A11BE100B542C5A5D90BE4E
:1096F8005CBF3F3F4AD4103E00C4982A4F41953A78
:10970800DC773D2CBFDED8BCD55F502C4FC01BBDCD
:109718008BE9B22D664135BDBBA39AAD59F044BD66
:10972800D246552DF0694FBDFEE0F82BA4D556BDA5
:10973800B4BFFAAD21585CBDF1DA4EAFD39B60BD22
:109748008E037BAC7A0B64BDEE1107AD42EE66BDAD
:109758006886162C7A7669BDC585A3ACDFC96BBD52
:10976800689331ACA5066EBD3CB473ACC84670BDF9
:1097780000A94D2D76A272BD10E97A2B1C3275BD59
:1097880016AA31AD5E1078BDC90E0D2D6D5C7BBD7E
:10979800E8A344AC183D7FBD0C51412CA2F281BD19
:1097A8000010362A7CCD84BD800E93299A6188BD2D
:1097B800304D202C86FB8CBDB9AF3FAD0F1693BD45
:1097C800B686552C8D849BBD2FD781AD66D5A7BD98
:1097D8009A8768AE775DBBBDCE9EAE2C2EC5DEBD2A
:1097E800D163462DF5E418BE960193AD0784B4BE47
:1097F800D7069F3FDFF8833EF8283FAC412F5F3DF7
:10980800CA38BE2C5E3C643CCEAE17AC1B255EBB92
:10981800088CB12CC67E54BC2C3DAD2C98F39BBC57
:109828003FF3282D7F34BEBC0480962C683BD7BC00
:109838001454732D4C55EABC149F2D2CE26CF9BCC2
:10984800605D36AECED902BDD8AF3FAB44F907BD97
:109858004057D72B3F5A0CBD050A9BACD32E10BDE1
:10986800400A022BB89C13BD80C8832BAFC116BD1C
:10987800E4D88FAD6EB619BD449E262DC4901CBD8C
:10988800944434AD52651FBD7E54C92C2C4922BD69
:10989800A06D992CA65325BD00FBEDADADA028BD4C
:1098A800107781AC34542CBDA8D444ABC89F30BDCC
:1098B8008074C82A5CCC35BDE8A7F6ABE04C3CBD4B
:1098C800487386AC09E544BD80329E2B860351BDA2
:1098D800B0FCB5ABCDB663BD725A21AE967682BDEB
:1098E8009885212C6ADAA8BDE4B5E72C0DDF33BED4
:1098F80025F2293F7AD8D33D8A05BC2CE882273C3B
:10990800176C062DD1E20BBC0CFC632CC39388BCEE
:1099180058BEB42C6542AEBC3057D2AB6ADAC6BC6E
:10992800E8667CAC6A79D8BCC09903ADA2FDE5BCF9
:109938000CE8742D85EFF0BCA02C06AB4736FABCBA
:1099480025952C2EB13201BD29F5232DF3F004BD48
:109958005BAE202D0F7B08BD28F22AAD6AEE0BBD49
:109968003CCB23AE2B640FBDDAA110AEAFF312BD12
:10997800A0C0F4AC77B416BDAF13612D01C01ABDF9
:1099880070E66EABCC331FBDA3BBB42CE73324BD4C
:1099980063F506AF90EE29BD789DBE2C9CA130BD25
:1099A800788120AD29A338BD306C22AB4E7042BD02
:1099B8007812042D68C74EBDA0AAE32B9BDA5EBDC2
:1099C800D1E4E3AC5EB974BD0EBF36AC4D238ABD9D
:1099D80080D5462D5EEAA2BD7284E1AC7982CFBD06
:1099E8003AC234AEDBC81BBEB6A78A2CB9FACFBEC2
:1099F800E7730A40824CB63E4E32812D19D9D03DCC
:109A08004B3D0D2DBF94513DF9B4AB2C20CCF03C0F
:109A1800F0EFCA2CFBB38D3C003709AA6E3D1D3C04
:109A2800E09A7FAC1B9E8B3B807451AA2B28B239DD
:109A380080AC01ADC9E62EBBDCD9D42B90B4A5BB54
:109A4800F05E56ACAD93E5BB39E7042D967C0DBCB2
:109A58004AFC98ADE74A24BCE0D831AC062C38BCA7
:109A6800589E1DACD4D849BCD8764D2B8CE159BC36
:109A780058FD28AD35BC68BCF6F8B8ACEFCE76BC5E
:109A8800A0F73E2B0B3C82BC3E0D83ADDA0A89BCA5
:109A9800B86B14ACAF0690BCD874462C246B97BC3A
:109AA800804465AACC839FBC145FEF2BD2B7A8BCB7
:109AB8000066952C279EB3BC2E7343ACEF23C1BC24
:109AC800B5C6022E54DCD2BC721DCDAD74BAEBBC47
:109AD800C03CB42BCE0409BD3122882CA20F2BBD6B
:109AE800607633AC45EA79BD5F919A2DF9B520BE11
:109AF800BBC0803F8DBC053ED032FEACED1E0E3D96
:109B08003C6E43AD2FE57D3C60E7FF2BFEF5ED3B5A
:109B18004863A02C313B303BEAD6D7AC314361B91E
:109B2800F83517ACD04011BB874712AC60C070BB8A
:109B38002023062E38809CBB7BD9BDAC0A9AB8BBC3
:109B4800BCC2612C4DE8CEBBE1E6202E04DFE0BBB1
:109B5800E0D05C2CA37AEFBB6F3B10ACF66BFBBB81
:109B680036CCE8ACE09802BCD032462B299406BC2F
:109B78000030D2299FC909BC219921AEC2510CBC21
:109B88001888EBABAC3D0EBC6182E42D14980FBC79
:109B98006C11D1AC9F6510BC141CCBAB6CA410BC71
:109BA8001FDC94AD974A10BC3FEEBDAC33430FBCED
:109BB800C0229E2B51680DBC0870E8AB2D770ABCFB
:109BC800282BABAC1AF705BC33117B2D69FDFDBB07
:109BD8000C83BF2CEE27E7BB10FE94AC5518BDBB19
:109BE800DBDAEA2DCDAC33BB10FE2AAC96464C3CF2
:109BF800EB9D53BE06F507BDD276E32D203E93BC00
:109C080072CA83AED48E74BC79FBA22C7F135FBC5E
:109C1800607FC5AD1C0D53BCC4F7152B854F4BBCDD
:109C2800A062842CD6DE45BC3564A9AC52CF41BCB9
:109C3800B08CC62B63A53EBCDAEA2F2DB21A3CBC09
:109C480040E9582CF5043ABC3C658CADF04938BC69
:109C58007CE34F2D4AD936BC66F1922D34A935BC28
:109C6800841D60AD8CB434BCD7DAC82CE7F933BC9A
:109C7800308BDFAC197B33BC8080922C373D33BCF2
:109C88003EFBB62CF74833BCE0C7F4AA87AB33BC1D
:109C980050344E2D0B7834BC758E22AC14CA35BCAA
:109CA800540631AEC7C937BC009A4F2B06B33ABC2D
:109CB80087F0042F6AE23EBC96D59CAC41EE44BCCA
:109CC800A083742DDEDA4DBCA69EE3ADC1945BBCC7
:109CD800ECCC2FAC1B3C72BC364B202C12468EBCF5
:109CE80088C6402DE6EFC0BC62DFC22CA81B61BD50
:109CF80041311A3F75D4223D8282952C0DD2083C01
:109D0800BC2CDA2D8C720E3BAC19442D8FB8D0B90F
:109D180000CAADAAD77DE7BA7C83502CF96F29BB5E
:109D280060E6142A82A84BBB4207B5AC551762BB44
:109D3800C0E291ABDFC970BB000933AB8F147ABBAB
:109D480030C3E4ABF9637FBBBE06A6AD4CD080BB85
:109D580021E50D2E33B180BB26198D2D240D7FBB37
:109D6800C7E620AD75E07ABB8907CA2D0A0175BB25
:109D78004015B42CA17D6DBBC06D31AA045164BBE4
:109D88001CAE4CAC9F6159BB1C36952C8C7E4CBBD1
:109D9800807AD92C6C593DBB90D5702B8D7B2BBB11
:109DA8006E1C752E393316BBC89D0E2C3FE6F8BACB
:109DB800B0EBDCAC352EB9BAC913492DF4C64FBA8D
:109DC8004C455BAC9ED708382DB6152D8EEE9C3AC7
:109DD800FC95042C3EF1433B392D122DC6DFC93BBF
:109DE800BC83C5AC8F905C3C626A34AE7B6F4B3DE4
:109DF80056B593BFED2A70BDA77AF2AD63B9B7BC6B
:109E08000C1CD92CD6BA77BC2B41D42D0FA443BC3B
:109E180020C5982B0C1626BCA8F083ACB5C412BC80
:109E280040A091298AF504BC8C17FBABD5E7F4BB9D
:109E3800E89B122C4F2AE4BB648E0D2C2459D6BB08
:109E4800D8D438ACFB9ECABB9023272D2B71C0BB3E
:109E580060C5A7AAEF71B7BBD6BD252DDB5FAFBB29
:109E6800D0CAA92B350CA8BBBEC5192D1855A1BB46
:109E780078BF002DC6219BBB3655202D506095BB61
:109E880034CA432D260490BBD940732C41058BBBA3
:109E980054E0E3ACD25F86BB00F0222B7A1482BB7D
:109EA8000849982B4E527CBB259D802EF75575BBD3
:109EB800F7CBD6AE2B646FBBE8F351AC27D26ABBA5
:109EC800D7D534AD233A68BBF435F6AB5FC668BB6B
:109ED80070B964AC40FD6EBBE7118EACE8BB80BBCB
:109EE80087B9472D5D399CBB2769B1AE2F8B1BBC49
:109EF800A4ABEE3E8194AA3B903466AC56E2F939A5
:109F08001426332D1726C1B96033D8AC44E92CBACE
:109F180080EAEF2C090D49BA785A47ABB46E4FBAAC
:109F2800F01EAA2BDA374ABA842B902CC8253EBAE1
:109F380000DA412DB8BA2DBA6C1D9A2CFA6A1ABAF1
:109F480024A04EAD0C1E05BAAADBA9ACF7D8DCB923
:109F5800007E76AB6880ADB9FD9AFCAE839A79B97C
:109F6800F754A12E2E6E16B93814832E160249B84E
:109F780080858A8F94989DA2A6ABAFB3B8BCBFC3A7
:109F8800C7CACDD0D3D6D8DADCDEE0E1E2E3E4E438
:109F9800E4E4E4E3E2E1E0DEDCDAD8D6D3D0CDCA0B
:109FA800C7C3BFBCB8B3AFABA6A29D98948F8A8530
:109FB800807B76716C68635E5A55514D4844413DCB
:109FC800393633302D2A28262422201F1E1D1C1C1A
:109FD8001C1C1C1D1E1F20222426282A2D30333627
:109FE800393D4144484D51555A5E63686C71767BE2
:109FF8000000004396F347427D278F287CC0053C2C
:10A00800E5011828863E913DA1521328FC93BD3CDA
:10A01800B6BEB3288030103D2F8F6128ECE4FA3C9F
:10A02800253E8E287367DB3C12D4AB2835A2E53C6D
:10A0380075768928DC26633CB0EB1B296DD86E3C0D
:10A0480032A9F127012ACE3C431CA328936B493C33
:10A058008B600F287403CF3CBEFA8B286BAE023C92
:10A06800A09F59283921E83D4FD5862866CEBD3CAA
:10A078007ECFBC2839AD613CC55129283BD39B3CD8
:10A08800454CE02816F2543DEFF77529B138D23C1B
:10A098001912C62603A2D03C0F8F08298A2E933D99
:10A0A800C1A5CA28F44A683D17580D2AC2BD513CBB
:10A0B800470A1F2AAD72AA3C151BF128B3FA323C95
:10A0C800859A992914A80F3DFCB482298DF5833C03
:10A0D800069A932867C7563BB313CB285D5C1B3C95
:10A0E8007BA91C2A121C943C8975E1290DBEEE3B04
:10A0F80093832B280DBEEE3B6EA33728121C943C8D
:10A1080063E24F295D5C1B3C44C71D2A67C7563B69
:10A118003BC3AF298DF5833C212E1C2A14A80F3D83
:10A1280022B9FC28B3FA323CCE58B428AD72AA3C06
:10A138006BA1A728C2BD513CC182A529F44A683D3C
:10A1480077E2CE298A2E933DBC3AD62803A2D03C8A
:10A158005B595529B138D23C1EA61B2A16F2543D2C
:10A168004953B0293BD39B3C5F3E902A39AD613CB3
:10A17800BCEAFE2966CEBD3CEFBDBC293921E83DCD
:10A188008274AC296BAE023C97539B297403CF3C75
:10A19800BE3E3829936B493C3F360329012ACE3C01
:10A1A800E3CA192A6DD86E3CBD2B0829DC26633C0E
:10A1B800E2220A2A35A2E53C1F96022A7367DB3C95
:10A1C800787EDB29ECE4FA3CFB4FD4298030103D43
:10A1D800F5BDB92AFC93BD3CCA73792A863E913DE8
:10A1E800E9AD8D2A7CC0053C5C563D2A96F3474272
:10A1F800B81C57D8F1F5C17F190E279E86F781DE66
:10A20800E155B05A779FE741A12A6BFACDE47B2349
:10A21800010000000200000003000000020000002E
:10A228000100000073717274000000007371727491
:10A2380066000000FB21F93FFB2109407CD9124050
:10A24800FB2119407A6A1F407CD92240BBFD25407A
:10A25800FB2129403A462C407A6A2F405C4731401E
:10A268007CD932409C6B3440BBFD3540DB8F374096
:10A27800FB2139401BB43A403A463C405AD83D404D
:10A288007A6A3F404C7E40405C4741406C104240F7
:10A298007CD942408CA243409C6B4440AC3445403E
:10A2A800BBFD4540CBC64640DB8F4740EB58484096
:10A2B800FB21494083F9A200444E6E00FC29150099
:10A2C800D1572700DD34F50062DBC0003C999500CA
:10A2D800419043006351FE00BBDEAB00B761C5008F
:10A2E8003A6E2400D24D42004906E00009EA2E00E9
:10A2F8001C92D100EB1DFE0029B11C00E83EA7000E
:10A30800F535820044BB2E009CE98400B426700019
:10A31800417E5F00D6913900538339009CF439009F
:10A328008B5F840028F9BD00F81F3B00DEFF970013
:10A338000F980500112FEF000A5A8B006D1F6D0052
:10A34800CF7E360009CB2700464FB7009E663F00F8
:10A358002DEA5F00BA277500E5EBC7003D7BF100E9
:10A36800F739070092528A00FB6BEA001FB15F00C1
:10A37800085D8D00300356007BFC4600F0AB6B0097
:10A3880020BCCF0036F49A00E3A91D005E6191005D
:10A39800081BE60085996500A0145F008D406800E1
:10A3A80080D8FF0027734D0006063100CA561500F5
:10A3B800C9A873007BE260006B8CC000000FC93F26
:10A3C800000F494000CB9640000FC9400053FB40A6
:10A3D80000CB164100ED2F41000F49410031624189
:10A3E80000537B41003A8A4100CB9641005CA3416F
:10A3F80000EDAF41007EBC41000FC94100A0D5412E
:10A408000031E24100C2EE410053FB4100F2034239
:10A41800003A0A420083104200CB164200141D4243
:10A42800005C234200A5294200ED2F420036364247
:10A43800007E3C4200C74242000F4942A200000091
:10A44800F9000000830000006E0000004E000000CC
:10A45800440000001500000029000000FC00000076
:10A468002700000057000000D1000000F5000000A0
:10A4780034000000DD000000C0000000DB00000028
:10A488006200000095000000990000003C000000F8
:10A49800430000009000000041000000FE000000A2
:10A4A8005100000063000000AB000000DE00000067
:10A4B800BB000000C500000061000000B7000000FC
:10A4C800240000006E0000003A0000004200000076
:10A4D8004D000000D2000000E0000000060000006F
:10A4E800490000002E000000EA00000009000000FA
:10A4F800D1000000920000001C000000FE000000D7
:10A508001D000000EB0000001C000000B10000006E
:10A5180029000000A70000003E000000E80000003D
:10A528008200000035000000F50000002E00000049
:10A53800BB0000004400000084000000E9000000A7
:10A548009C0000007000000026000000B40000001D
:10A558005F0000007E00000041000000390000009C
:10A5680091000000D60000003900000083000000C0
:10A578005300000039000000F40000009C000000B7
:10A58800840000005F0000008B000000BD00000098
:10A59800F9000000280000003B0000001F00000038
:10A5A800F800000097000000FF000000DE00000037
:10A5B80005000000980000000F000000EF000000F8
:10A5C8002F000000110000008B0000005A0000005E
:10A5D8000A0000006D0000001F0000006D00000070
:10A5E800360000007E000000CF00000027000000B9
:10A5F800CB00000009000000B70000004F00000079
:10A60800460000003F000000660000009E000000B9
:10A618005F000000EA0000002D0000007500000047
:10A6280027000000BA000000C7000000EB0000008F
:10A63800E5000000F10000007B0000003D00000084
:10A648000700000039000000F70000008A00000041
:10A658005200000092000000EA0000006B000000B9
:10A66800FB0000005F000000B10000001F000000B8
:10A678008D0000005D00000008000000560000008A
:10A68800030000003000000046000000FC0000004D
:10A698007B0000006B000000AB000000F000000031
:10A6A800CF000000BC000000200000009A0000005D
:10A6B800F4000000360000001D000000A9000000A2
:10A6C800E300000091000000610000005E0000004F
:10A6D800E60000001B000000080000006500000004
:10A6E80099000000850000005F00000014000000D1
:10A6F800A000000068000000400000008D0000007D
:10A70800FF000000D8000000800000004D0000009D
:10A718007300000027000000310000000600000060
:10A72800060000001500000056000000CA000000E6
:10A7380073000000A8000000C900000060000000CD
:10A74800E20000007B000000C00000008C00000058
:10A758006B0000000000000000000040FB21F93FF2
:10A76800000000002D44743E000000809846F83C2C
:10A778000000006051CC783B00000080831BF0395A
:10A788000000004020257A38000000802282E3364D
:10A79800000000001DF369350200000003000000FE
:10A7A80004000000060000000000C93F0000F03966
:10A7B8000000DA370000A2330000842E0000502B7E
:10A7C8000000C2270000D0220000C41F0000C61BE2
:10A7D8000000441704000000070000000900000002
:10A7E8000024F400010000000C000020000000001C
:10A7F8000000000000000000000000000000000051
:10A808000000000000000000000000000000000040
:10A818000000000000000000000000000000000030
:10A828000000000000000000000000000000000020
:10A838000000000000000000000000000000000010
:0CA8480000000000000000000000000004
:04000005080004E902
:00000001FF
