:020000040800F2
:10000000000002208D060008710600085106000855
:100010005906000861060008690600080000000093
:10002000000000000000000000000000DD060008E5
:10003000DD06000800000000DD060008DD060008FF
:10004000DD060008DD060008DD060008DD06000804
:10005000DD060008DD060008DD060008DD060008F4
:10006000DD060008DD060008DD060008DD060008E4
:10007000DD060008DD060008DD060008DD060008D4
:10008000DD060008DD060008DD060008DD060008C4
:10009000DD060008DD060008DD060008DD060008B4
:1000A000DD060008DD060008DD060008DD060008A4
:1000B000DD060008DD060008DD060008DD06000894
:1000C000DD060008DD060008DD060008DD06000884
:1000D000DD060008DD060008DD060008DD06000874
:1000E000DD060008DD060008DD060008DD06000864
:1000F000DD060008DD060008DD060008DD06000854
:10010000DD060008DD060008DD060008DD06000843
:10011000DD060008DD060008DD060008DD06000833
:10012000DD060008DD060008DD060008DD06000823
:10013000DD0600080000000000000000DD060008E9
:10014000DD060008DD060008DD060008DD06000803
:10015000DD060008DD060008DD060008DD060008F3
:10016000DD060008DD060008DD060008DD060008E3
:10017000DD060008DD060008DD06000800000000BE
:1001800000000000DD060008000000000000000084
:10019000DD0600080000000000000000DD06000889
:1001A000000000000000000000000000DD06000864
:1001B000DD060008DD060008DD060008DD06000893
:0401C000DD06000850
:1001C800BFF35F8F034B01229A61BFF35F8F00BFBC
:1001D800FDE700BF00080240BFF35F8F044B002813
:1001E80014BF01224FF480329A61BFF35F8F7047CA
:1001F800000802403B4B187838B13B4A3B4B126829
:100208009A4203D00020704718467047384B1B6845
:1002180040F22142C3F30B039342F3D1354B1B88C1
:100228009BB2B3F5007FEDD1334A344B10683449A3
:1002380003408B42E6D1136803F0F803802BE1D129
:100248005368304923F0802323F43C038B42D9D1EF
:1002580093684FF6FC410B4049F208418B42D1D1DB
:10026800D2F88C30DB01CDD4274BD3F8883003F497
:100278007003B3F5700FC5D1244B1B6840F20F72A1
:10028800134040F205729342BCD1214A136803F42B
:100298007033B3F5703FB5D1536803F45033B3F5F9
:1002A800503FAFD102F5E432136C13F00103ABD029
:1002B8004FF0804342F22731986A8842A2D1D86829
:1002C80000289FD1536B13F080039ED1106B114906
:1002D8000140002998D1106C80F40030C0F34040F0
:1002E800704700BF70000020000000200095BA0A87
:1002F800002004E0227AFF1F0038024002000102B9
:1003080002000002105A002500ED00E0003C024007
:100318000070004000106020A64AA74B106BA74948
:1003280070B5A74C002540F00500257010634FF408
:100338008030166B9861186820F0030040F00100C7
:100348001860586820F001005860986820F0030091
:100358009860D86820F00300D8604FF400138B61D0
:100368000B68984823F4406343F480630B6005608E
:10037800136C954823F4003323F0010313640B68CE
:1003880043F0F0030B60CB6823F0F003CB60036805
:1003980040F22141C3F30B038B4284B005D18B4B50
:1003A8001B889BB2B3F5007F02D0002004B070BD5B
:1003B800116B874B21F005011163116B116821F056
:1003C800F90141F08101116002E0013B00F0E58094
:1003D80011688907F9D590687D4B7E4920F00300A4
:1003E800906002E0013B00F0D1800A6812F00C0F27
:1003F800F8D17049764B0A6822F0867222F480326E
:100408000A6002E0013B00F0CE800A689201F9D44C
:100418000A6C714D6E4B714842F080520A640A6C46
:100428002A6822F4703242F440422A6002E0013B1A
:1004380000F0AC80026812F4403FF8D15D4A684B86
:1004480053601068624B654940F08070106002E0AC
:10045800013B00F09B800A685604F9D55E485C4B66
:1004680002685E4942F48032026002E0013B00F01B
:100478008D800A68D503F9D55748554B0268574906
:1004880042F40032026001E0013B7FD00A68900329
:10049800FAD554484E4A40F20571016040F20F7592
:1004A80001E0013A72D003682B408B42F9D14149EF
:1004B800474B8A6822F47C4222F0F00242F414424C
:1004C8008A60D1F88C2022F08072C1F88C2001E07B
:1004D800013B68D00A689201FAD58B683C4A3D48CE
:1004E80023F0030343F002038B6001E0013A4DD08F
:1004F800036803F00C03082BF8D100F0F7F82D4936
:10050800394A0B6B1068394A43F005030B63904274
:100518000B6B7FF44AAF364AD2F8883043F4700345
:10052800C2F88830BFF34F8FBFF36F8F4FF07F5201
:100538004FF0804301920293DDED017A9DED027A3E
:1005480067EE877AB5EE007A77EE877AB0EE0A7AA8
:10055800CDED037ADDED037AF4EE477AF1EE10FA89
:100568007FF423AF0A6C42F001020A644FF0804323
:10057800096C002242F2273001211A60DA60986281
:10058800217004B0BDE87040FFF734BE094B1A6B08
:1005980042F005021A631B6B07E7136B43F0050370
:1005A8001363136B01E70B6B43F005030B630B6BD2
:1005B800FBE600BF0038024000080240000002408D
:1005C8007000002010E000E0002004E0227AFF1F05
:1005D80000093D00083802400070004004700040E7
:1005E800105A0025003C0240000000200095BA0A7D
:1005F80000ED00E018B3F0B4DFF844C000252C4645
:100608004FF08043012709266045014628BF61460F
:1006180001EB81025200013A1C60DA625C625F61A0
:100628001C611E601A69D20703D400BF1A69D20779
:10063800FBD5401A1D601D61E6D1F0BC70477047BC
:10064800A086010030BFFDE708B5FFF7B9FD00BF80
:1006580008B5FFF7B5FD00BF08B5FFF7B1FD00BF4E
:1006680008B5FFF7ADFD00BF08B5FFF7A9FD00BF4E
:1006780008B500F073F830BFFDE700BF704700BF52
:10068800704700BFDFF834D000F026F80C480D4959
:100698000D4A002302E0D458C4500433C4188C42D5
:1006A800F9D30A4A0A4C002301E013600432A2423B
:1006B800FBD304F061FAFFF7DBFF7047000002206C
:1006C800000000206C00002050A9000870000020E5
:1006D800109E0020FEE70000034AD2F8883043F459
:1006E8007003C2F88830704700ED00E0164A93683E
:1006F80003F00C03042B0CD0082B0CD0134B124A1C
:10070800134892681349C2F30312825CD3400B600A
:100718007047114BF3E75068516852684302C2F3BF
:1007280088124CBF0C4B094B01F03F01B3FBF1F3AE
:1007380003FB02F3044A5268C2F301420132520039
:10074800B3FBF2F3DBE700BF003802400024F400FB
:10075800185600080000002040787D012DE9F84F68
:10076800FFF7DAFD00286CD00020FFF735FDDFF831
:100778003881DFF838B1DFF838A1DFF83891012582
:10078800FFF738FD002867D0042D58D9082D8CBFF5
:10079800514649464FF40062284601F01BFC0028E8
:1007A80066D0FFF727FD002867D0012D41F2883079
:1007B80018BF4FF47A7058F8046B6F1EFFF71AFFD2
:1007C8000120FFF709FDC6B1002402E00134A6426A
:1007D80013D0284601F09AFC0028F7D12E4A2F4B57
:1007E8002F4942F82740012005220D601A60FFF7C3
:1007F800F3FCBDE8F84FFFF725BF0020FFF7ECFC3E
:10080800254B43F82760FFF7F5FC00283AD0284627
:1008180001F084FD00283AD0284601F053FF214B0F
:10082800013543F827000D2D53F82730A8D14FF490
:10083800FA60FFF7DFFEBDE8F84FFFF703BF594640
:10084800A8E7174A154B106001201860FFF7C4FC91
:10085800BDE8F84FFFF7F6BE114A104B15600222AB
:1008680001201A60FFF7B8FCBDE8F84FFFF7EABEB1
:100878000B4A0A4B15600322F2E7094A074B156039
:100888000422EDE7064A054B15600722E8E7044A0B
:10089800024B15600822E3E7D89D0020A49D0020A4
:1008A800089E0020A89D00202856000858560008D9
:1008B80058660008585E00082DE9F04F85B0431EC1
:1008C80002934C1E00F10F0C13F8012F14F8015F6E
:1008D8009C4582EA05021A70F6D101F10F030193D3
:1008E80001F19F030393DFF860A100F11003009367
:1008F800029B13F8012F1AF802201A709C45F8D1B0
:100908004578447B417A42798378877A867945733A
:100918004472857BC47841714270C179C27A83720E
:10092800C37B877086738571C471C172C273C370CB
:10093800074697F800907C78BE7897F803804FEACE
:10094800D915E1096B00F2091D444B001944530005
:100958001A444FEAD8134FEA430B5B4405EBC5052D
:1009680001EBC10102EBC20284EA060E81EA4401EE
:1009780082EA460285EA490589EA040403EBC303CF
:10098800EDB28EEA080BD2B289EA06068EEA090EA3
:1009980088EA040483EA4803C9B25440DBB288EA0F
:1009A800060685EA0E0E4E405C4085EA0B0B83EA8C
:1009B8000E03FB7081EA0B01009B397072407A705C
:1009C800BC700437BB42B4D1DDE9011313F8012F21
:1009D80011F8014F9C4582EA04021A70F6D1019B76
:1009E800039A10339A42019382D1029B13F8012F84
:1009F8001AF802201A709C45F8D14278437A417B54
:100A0800427342794371837A417242708178827964
:100A18008370C3788172817B8273C279C371C37B0F
:100A28008171C370C17A029BC272039AC17313F8B1
:100A3800011F12F8010F9C4581EA00011970F6D1D7
:100A480005B0BDE8F08F00BF846F0008F0B41F4CFC
:100A5800B4F800688446A6B34FF0FF310D46002372
:100A6800201D0EE0B1F1FF3F08D0AA4206D104EBE9
:100A7800C1023F5A9288974238BF19460133B342A0
:100A88000AD054F83320AA424FEAC307EAD21946DB
:100A98000133B3421546F4D1CB001A46013E04EBAC
:100AA800C601A51803C9AD88A258ACF80450234460
:100AB80083E80300A4F800686046F0BCCCF8002086
:100AC80070476FF007021346E8E700BF7400002084
:100AD800002944DD2DE9F04F83B0834600F1FF394A
:100AE8004FF00008531E40468944CBF1010A019398
:100AF80008F10103994228DD0BEB0803012405E006
:100B0800FF2C0FD099455FFA8EF415D093F800C0EA
:100B18000AEB03051E4613F8017FBC4504F1010EDC
:100B2800A846EDD01454019C33780230A9422354CE
:100B3800DEDC03B0BDE8F08F1454431C1BF805102D
:100B4800D154023003B0BDE8F08F012313540230B2
:100B58001BF80830013A135403B0BDE8F08F0020A9
:100B6800704700BFA1B103460129007810700FDD5E
:100B780070B45E1E0E441D4601336C782D78B34266
:100B8800A4EB050402F8014FF5D1084670BC704784
:100B9800084670472DE9F04F002985B0CDE90202DB
:100BA8005BDD4FF00008C646CDF80480C446934686
:100BB80000F1FF3A029B13F80E308BF80230019BCC
:100BC8008BF800800EF101060333B1428BF801C0A7
:100BD800009339DDFE2E0BF1030B3CDDAEF1FE0771
:100BE800029B4FF00009CC4603EB0E080AEB070006
:100BF8004246002308E010F8015F12F8014FA542B1
:100C080005D10133FF2B02D09C198C42F3DB9C45A4
:100C1800BCBF9C46A6EB0709774507F1010301D045
:100C28001F46E3E70CEB060E8E455FFA89F85FFA7C
:100C38008CFC0DDB039A01990098531802F8008088
:100C480083F804C04B1D0093009805B0BDE8F08FF1
:100C5800009B0193AEE70027C2E7002300930098AA
:100C680005B0BDE8F08F00BF2DE9F04FADF21C5D77
:100C7800CDE90120002800F0EF80B1F5006F88462B
:100C880000F2EA80019C002C00F0E6804FF48472A8
:100C98000021204603F0B0FF00254FEA182384F80E
:100CA80000806370A570E570B8F1000F00F0E68071
:100CB800294641F20442BB4803F09EFF2946029DA3
:100CC80046AC6B1E1E4620464FF48062039303F029
:100CD80093FF31460B4611F8010F023354F82020D8
:100CE8005B1B0132984544F82020F3DCAD4D00230E
:100CF80005F6023905F6021E1A4645A90DF21457E3
:100D08004FF0010C51F8040F05EBC3045E1C50B101
:100D180045F8330090B2B3B2A080A5F8003802F8C5
:100D280009C02EF812008F4202F10102EAD19E4E4C
:100D3800012B06F5807444D94FF4807906AF04A8D6
:100D4800FFF784FE3846FFF781FEB5F800E83968FA
:100D5800049A954BBDF81400B7F804C005EBCE0B08
:100D68000A440EF1010A45F83E209049ABF8049078
:100D78001FFA8AFA6FF43062CE46A5F800A809F186
:100D880001099D181FFA89F9491B03E062450BD038
:100D9800A34213D013F8012F002AF9D031F81320F9
:100DA8008242A3F5407BF1D121F813E09BF80020A3
:100DB800A34202F101028BF80020EBD1BAF1010F36
:100DC800BDD8794B4FF0000906A913F8012F2AB1B5
:100DD8005A1E921B01F8092009F101099C42F4D11D
:100DE800B9F1010F43D025DD0DF1170303EB090716
:100DF80009F1FF3E06AE4FF0000C0CF1010CE14585
:100E0800C8BF334603DC11E02CD09F420ED03278A5
:100E180013F8011FAC18681894F8024890F80208F3
:100E28008442F1D931701A709F42F0D1E64506F13B
:100E38000106E2D1B9F1000F55D006AF3C4607EBE9
:100E480009013A4601E091421ED012F8013B2B44B9
:100E580093F80238202BF6D94FF0FF300DF21C5DC5
:100E6800BDE8F08F8A42D0D931701A70DCE79DF85E
:100E780018302B4406AF83F80298DFE74FF48470EC
:100E88000DF21C5DBDE8F08F019B49494FF480725B
:100E980003F1080003F0A2FE17F801092B1829181E
:100EA80093F8023891F802188B424FF00002B944C7
:100EB80017D20133DBB299424FEA4202F9D100F569
:100EC800C07305EBC303A1459A60197102F10102D1
:100ED80011D014F8010F0B46291891F802188B420B
:100EE800E7D31946EBE7019B31494FF4807203F1D0
:100EF800080003F073FE0399029800260B4611F8C8
:100F0800012F05EBC202023392F8042C1B1A9845F4
:100F18001644F3DC019C029F26714FEA166E0020EE
:100F280084F807E0330A310CDDF80CE084F8080196
:100F3800C7F1010C6371A1710246074604F5847478
:100F4800A9461EF8013FDB0003F6044309EB030141
:100F580019F803304D68591EBBB125FA01F314F88E
:100F680000A0C2F1070B03F0010303FA0BF30132EF
:100F780043EA0A03082A235405D10130B6EBC00F0F
:100F880088BF275400220139E7D20CEB0E0398459D
:100F9800D7DC002AC8BF013000F584700DF21C5D53
:100FA800BDE8F08F74000020750B0020FEF2FFFFF3
:100FB800760800202DE9F04FB3B08A460092013B35
:100FC80006AA0AAC13F8011F02F8011BA242F9D1C4
:100FD800584EDFF864E10DF123014FF0010C1022A7
:100FE80003AF02AB0C4614F8015F03F8015BBB4288
:100FF800F9D113075FD09DF8083011F80B8C4D1DFF
:101008000DF1090483EA0803BC4205F8013B09D045
:1010180014F8013B15F8108CBC4283EA080305F864
:10102800013BF5D10432B02A01F10401D9D1BAF15A
:10103800000F7DDD0AF1FF330193AAF1100923F0B7
:101048000F03A9EB0309009B00EB0A08544603EBC6
:101058000A070DF1170613E006A902A8FFF72CFCF2
:101068000DF1080CBCE80F00103C07EB050CA1457E
:101078007851CCF80410CCF80820CCF80C3036D0D5
:10108800102CA346A8BF4FF0100B5A46A8EB04013A
:1010980002A803F0A3FD0F2CC4F10005DCDCCBF1A2
:1010A80010030BF1FF3202A9DBB20A4402F8013F38
:1010B800B242FBD1D0E79DF809301EF80C809DF8AC
:1010C80008909DF80B509DF80A40F35C16F80990BB
:1010D800755D345D8DF80B9083EA08030CF1010C03
:1010E8008DF808308DF80A508DF8094085E7019B86
:1010F80023F00F0510351AF00F0F15D10DF1070366
:101108000DF11701102203F8012F9942FBD106A90E
:1011180002A802ACFFF7D0FB0FCC009E74197051E7
:101128006160A260E3601035284633B0BDE8F08FF7
:101138000025E0E7846F0008786F00082DE9F04F7C
:10114800CDB00DF12C0C039062461BAE4B780D7898
:10115800CC7888781B0443EA0563234343EA0023D9
:1011680042F8043F964201F10401EFD13CAD0CAACC
:10117800966B134652F8040F5C6A1F684FEAF643F1
:1011880083EA76434FEAB04183EA96233C4481EAF6
:10119800F011234481EAD0010B449542D363E7D18F
:1011A800039BDFF8E8B0D96858699A691D685F68D9
:1011B8009E681C69DB690493334B01934BAB029324
:1011C800DDF81090059506970796089109940A90FE
:1011D8000B928A46804696465B460BE0B2463E46F0
:1011E8002F461546019AF146C646A0461C4652F8B7
:1011F800043F01924FEAF4212EEA040081EAB41177
:1012080004EA080281EA746142405CF8040F0A4467
:1012180087EA060B4FEA7531024481EAB5010BEA09
:10122800050B07EA060081EAB5518BEA000008447D
:1012380002994A441A44614502EB0A030244CDD19B
:10124800059911440A46069929440D4607993944D7
:101258000F46089931440E46099919440A9B2344BC
:101268001C460B9B43441846049B73448C46194602
:10127800039BC3E90157C3E9036CC3E905401A603E
:10128800D9614DB0BDE8F08F786E0008982F8A427A
:101298002DE9F0433D4E0F46804614460FCE99B0D7
:1012A8006D460FC596E80F003F2F85E80F006BDDF0
:1012B800A7F1400626F03F0308F140099944454646
:1012C800294668464035FFF739FFA945F8D126F089
:1012D8003F054035A8447D1B2A46414608A803F02F
:1012E8007DFC18AB2B4401358022382D03F8402CA7
:1012F80042DD08ABC5F140025819002103F07CFC1F
:1013080008A96846FFF71AFF3822002108A803F049
:1013180073FCFB17DE0046EA5776F90000230DF14F
:101328005F07C3F1200521FA03F2A3F1200006FAB2
:1013380005F52A4326FA00F008330243402B07F844
:101348000129EED108A96846FFF7F8FE07AD224645
:10135800ADF1040151F8043FD3701C0E180C8D42F6
:101368004FEA132314705070937002F10402F1D104
:10137800202019B0BDE8F08308ABC5F13802581930
:10138800002103F039FCC4E73D46A5E7586E000884
:1013980030B404680D682C4404601D686C404FEA42
:1013A80034441C6015682C4414600D686C404FEA86
:1013B80034540C6005682C440460186860404FEA97
:1013C800306018601368034413600A6853404FEA9A
:1013D800736330BC0B60704770B50D1F90B0044646
:1013E8002A466B4610A852F8041F43F8041B834290
:1013F800F9D10A260CAB08AA04A96846FFF7C8FF6A
:101408000DAB09AA05A901A8FFF7C2FF0EAB0AAAEE
:1014180006A902A8FFF7BCFF0FAB0BAA07A903A8F0
:10142800FFF7B6FF0FAB0AAA05A96846FFF7B0FF9A
:101438000CAB0BAA06A901A8FFF7AAFF0DAB08AAD7
:1014480007A902A8FFF7A4FF0EAB09AA04A903A8DD
:10145800FFF79EFF013ECDD1201FADF104020FAC76
:1014680052F8043F55F8041FA2420B4440F8043FC9
:10147800F6D110B070BD00BF2DE9F047A0B01D68CF
:1014880004955D6805959D680695DD6807951D6955
:10149800289C08955D6909959D69DB6926680A9508
:1014A8000B93A5686368264C009404F11A64254FD1
:1014B8000E9304F10F14244B019304F56D4401239A
:1014C800B1F10008CDE902740D960F950C9332DD49
:1014D800824616460027694610A8FFF77DFFA8EB4D
:1014E800070CBCF1400F06EB0704A8BF4FF0400CF7
:1014F8007A1E0CEB040021465244631A23F0030EB3
:1015080020ADAE4403F003035EF8405C12F8019F7F
:10151800DB0025FA03F383EA090304F8013BA04240
:10152800EBD10C9B67440133B8450C93D3DC3846A8
:1015380020B0BDE8F0870027384620B0BDE8F08726
:1015480065787061322D62796E642033002917DD69
:1015580070B4441E0C4866184FF0FF3314F8015F4E
:1015680008216B40DD074CBF80EA53035B08013953
:10157800F8D1B442F2D1DB43002070BC136070474D
:1015880000231360002070472083B8ED000000009E
:101598002DE9F04F2DED0C8B91B00A910F92002898
:1015A80000F0BF81002A00F0BC8101F1FF3EBEF5CA
:1015B800006F0B4680F0B5811EEA01040E9440F0DE
:1015C800B081012900F0AB815B10012B04F101040B
:1015D800FAD1DFF88083DFF878938644471EC0F19C
:1015E800010C4FF0000BC2460120661E0CEB0705EC
:1015F800002C00F091810023194600FA03F22A42D8
:1016080003D0F21A00FA02F2114301339C42F4D1DA
:10161800CF4B03EB810308EB810117F8012FC1F8C9
:1016280000B007EE902AF8EE677ABE45C3ED007A5F
:10163800DCD1002C00F0288101239FEDBD7BBEA7E3
:10164800D7E90067B0EE47DAF0EE67DA0C93E318F3
:101658000D930C9A012101FA02F3079303EBD3735C
:101668000B4104939B000B93042393400993B84BBD
:10167800069307F10041B74B05930CEE106A00235F
:101688000CEE901A0893079B012B40F3C4809FED42
:10169800AC7B0B9B069A059D991800245BEC17AB55
:1016A8004FF000084FF0000900915F1916460394A7
:1016B800009C206803F00CFC02460B46386843EC9B
:1016C8001A2B03F005FC524641EC180B5B4651EC13
:1016D8001A0BB0EE489AF0EE689A03F051FC4246B5
:1016E80041EC1B0B4B4651EC180B03F049FC02462E
:1016F8000B4651EC1B0B03F08BFA524641EC180BCE
:101708005B4651EC190B03F03BFC41EC170B4246CE
:101718004B4651EC1A0BB0EE479AF0EE679A03F07D
:101728002FFC02460B4651EC190B03F073FA0246E4
:101738000B46306843EC1A2B03F0CAFB02460B46F3
:10174800286843EC1B2B03F0C3FB41EC170B53EC4D
:101758001B2BB0EE479AF0EE679A51EC180B03F08A
:1017680059FA03F005FF53EC192B46F8040B51EC1A
:101778001A0B03F04FFA03F0FBFE844653EC182BC8
:1017880045F804CB51EC1B0B03F042FA03F0F0FED2
:10179800844644F804CB53EC1A2B51EC190B0094F3
:1017A80003F036FA03F0E4FE53EC1D2B47F8040B64
:1017B8005946504603F0E4FB42464B4641EC1A0BAF
:1017C80051EC1C0B03F0DCFB02460B4651EC1A0BE8
:1017D80003F01EFA41EC170B53EC1D2B404649460B
:1017E800D046D9465BEC17AB03F0CAFB42464B46E2
:1017F8008046894651EC1C0B03F0C2FB42464B461F
:1018080003F008FA039A049B01329A420392804635
:101818008946FFF64DAFDDE90723069913440846CC
:10182800099A05990893104411440A9A06909A4215
:1018380005913FF728AF0C9B0D9901338B420C9310
:1018480022D0012202FA03F003F030FB02460B46D5
:101858003DA1D1E9000103F0BDFC41EC100B41ECC6
:10186800180B00F0D9FFB0EE407AF0EE607AB0EED7
:10187800480AF0EE680A57EC176B00F079FFB0EEF3
:1018880040DAF0EE60DAE4E60A9B314EDFF8C48015
:101898000F9F06EB8309CDF80C90994656F8040B78
:1018A80003F016FB02460B4658F8040BCDE900235B
:1018B80003F00EFBDDE9002382468B4610461946ED
:1018C80003F05EFB524604460D465B4650465946B9
:1018D80003F056FB02460B462046294603F09AF9C8
:1018E80041EC100B01F038F8484655EC104B03F06A
:1018F800DDFA0B4602462946204603F06BFC03F04E
:1019080037FE039B47F8040B9E42C7D10E9811B0CF
:10191800BDEC0C8BBDE8F08F51464B467DE60E9C26
:1019280057E64FF0FF330E93F0E700BFAFF30080A8
:10193800000000000000F0BF075C143326A6A13C9D
:10194800000000000000F03F182D4454FB2119400E
:1019580078340020781400202DE9F047DDF8209035
:10196800D8B3D2B3CBB300292FDD09F1FF3C9C4497
:10197800C9F100079E464FF00008B9F1000FD8BF23
:10198800002527DD44464FF0000A002CC4F100056D
:1019980004DB1EF80560055D06FB05AA013CBC4298
:1019A800F3D15C1E002514F8016F64453544FAD163
:1019B80075B1BAFBF5F502F8085008F10108414580
:1019C80007F101070EF1010ED7D10020BDE8F0871D
:1019D8005FFA8AF502F80850EFE74FF0FF30F5E7B5
:1019E8002DE9F04F2DED048B89B0CDE90603059163
:1019F8000192002800F0DC80002A00F0D980002B3A
:101A080000F0D680179A002A00F0D280169A002A91
:101A18009FED697B40F3C780551E57EC176B1D443B
:101A28005C1E14F8010F03F041FA02460B463046DB
:101A3800394603F0EFF8AC4206460F46F1D147ECC1
:101A4800196B059B002B40F39980189B5B4203930D
:101A5800169BC3F1000B00230293169B002B4FF03B
:101A680000044FF000051BDD029A079BDDF8188083
:101A780016469F18002EC6F100030EDBF85C18F816
:101A8800063000FB03F003F011FA02460B4620462D
:101A9800294603F0BFF804460D46013E5E45E9D1EC
:101AA800189B012B4FF000064FF0000730DD029B1A
:101AB800179ACDF810B003F1FF3ADDF80CB0D3183F
:101AC80045EC184B1D46BAF1000FCAF1000317DBAD
:101AD800E85C03F0DBF9019B804613F80A008946AD
:101AE80003F0E4F902460B464046494603F048FA3B
:101AF80002460B463046394603F08CF806460F4638
:101B08000AF1FF3ADA45DED155EC184BDDF810B092
:101B180059EC198B0022002319EE100A494603F0EC
:101B2800BFFC22462B4688B33046394603F072F88C
:101B380019EE102A4B4603F04DFB04460D4620A330
:101B4800D3E900232046294603F0AAFC0646D8B963
:101B5800002200232046294603F084FCE8B1019BBB
:101B6800039A19460132029B0392059ACE54013317
:101B78009A4202930BF1010B7FF46FAF002009B07A
:101B8800BDEC048BBDE8F08FFF26E8E73046394608
:101B980003F040F804460D46D1E72046294603F0F5
:101BA800C7FCC6B2DBE7B0EE479AF0EE679A48E7A3
:101BB8004FF0FF30E3E700BF000000000000000026
:101BC8000000000000E06F40002874D02DE9F04FBD
:101BD8002DED048B174683B0002A69D0002988466A
:101BE80066DD07EE901AB8EEE78A814678EE087A45
:101BF80017EE900A03F06CF902460B4633A1D1E9BF
:101C0800000103F0E7FA03F0B3FCF7EE007A87EE81
:101C1800880A08EE900AB5EE400AF1EE10FAB1EE25
:101C2800C09A4ED4F0EE007A87EE880AB5EE400AE4
:101C3800F1EE10FAF1EEC09A40D409F1FF3308F141
:101C4800FF354D4401934FEA88090026DDF804B0BA
:101C5800B24674009FED1C8ABAFBF9F309FB13A383
:101C680000EE103AB8EE400AA24420EE280A00F02E
:101C78002BFE1BF8013F07EE903AF8EE677A5D45B8
:101C880027EE800A38EE008AE6D1002E14BFF0EE67
:101C9800697AF0EE497A27EE888A0136B045A7ECD2
:101CA800018AD3D1002003B0BDEC048BBDE8F08FCE
:101CB8004FF0FF30F7E74FF0FF30704700F0AAFE13
:101CC800BBE700F0A7FEADE700000000182D445464
:101CD800FB2109402DE9F04F834B1D68B5F5847F42
:101CE800ADF52F7D06D3814B814ED3F80080736804
:101CF800984504D000200DF52F7DBDE8F08FB4681D
:101D0800E31DDB0803F584739D42F3D1B4EB481F50
:101D1800F0D80BAF84220021384602F06DFF8422F0
:101D280000212CA802F068FF4DA88422002102F0AF
:101D380063FF06F10B0E704606F20B134FF0000C12
:101D480009E032B157F82210013147F822100CF19E
:101D5800010C984204D010F8012F202AF1D9C9E7C4
:101D6800B8F1000F00F0B480BCF1000FC2D0002120
:101D780000208B46CDE90001CDE907582CA94FF08A
:101D8800000C03914DA902910122614606970DF5B9
:101D9800DC790994DC46009C0019019C4CEB040496
:101DA8000494069C0018009054F8040F0694049CB0
:101DB8004FF0010C6441A2F12008C2F120052CFA71
:101DC80005F50CFA08FB01944BEA050BDDE9004523
:101DD800241845F100050CFA02FAAB4508BFA245E4
:101DE8004FF0000C86D3039C2546009C45F8044F11
:101DF800029C039544F8041F0294744614F8015F8A
:101E0800954205D1651EA5EB0E0509F80150013173
:101E18009C42F3D10132212ABDD1099CDDE9075842
:101E2800002C52D096F80C110023C9119C460122AF
:101E38000BE099F80C01013240FA0EF000F00100B5
:101E4800212A40EA41013FF455AF013357F82200F7
:101E58006FEA030E06EBD3090EF0070E10B30DF16F
:101E6800B00A5AF822A08A45A1EB0A0B1AD858459D
:101E78000CF1010016D9E0457FF63CAF0DF59A7BD1
:101E88005BF822B01B4A5944A1EB0A0A6EA912F862
:101E98000CC011F80A1061454FF000027FF42AAF18
:101EA80084461146A342C4D113F007030BD035442E
:101EB800C3F10803E8784FF0FF3101FA03F330EA81
:101EC80003037FF417AFE04508D00022104612E75D
:101ED8005CEA04030CBF012000200CE7B2FA82F28E
:101EE8005209104607E700BFA09D0020989D0020DA
:101EF8007C540020989500202DE9F84F2D4A2E4B50
:101F080012681B68934230D132B32C4E2C4DDFF847
:101F1800BCC031460024022750B30B78002C45D0B2
:101F280095F8008011F801EC4344012C17FB0E339F
:101F38003CD011F802EC15F8018CC6447344B3F593
:101F4800806F39BFC3F3870301310131FF230134A7
:101F5800A24205F8013FDFD11A491B4802F030FEC2
:101F6800B0FA80F04009BDE8F88F0020BDE8F88F8E
:101F78000131DFF85C808E4608F1100B1EF8019DD8
:101F88004FF0010A0346C3450AFB093309D0B64599
:101F980007D058F804AB1EF8019DC3450AFB093366
:101FA800F5D1ACFB03E3C3F34703D0E79B0801314A
:101FB800CDE700BF989D0020A09D002098950020A7
:101FC8008B6D0020805400208C6D0020398EE33802
:101FD80084A300082DE9F041DFF828C13F4DDFF860
:101FE80028E13F4E471E00230B2F2B608EF8003050
:101FF800CCF80030336024D8B2F5006F904620D872
:10200800044600295DD0092816D00C281CD0EAB94E
:102018003449354A354B0B6042F2040641F60C1040
:102028008B5113501360324A00231370314A2C60CD
:1020380013700120BDE8F081002A47D0501E1042DD
:1020480004D01846BDE8F081002A3FD02A4842460D
:1020580002F0C4FD42F2040722482349C6F8008072
:1020680041F60C16214BC351B8F5006F8B51036034
:102078000B60D8D12049214B01F500670A4601E0E1
:10208800BA4229D083EA433383EA534312F8016BF7
:1020980083EA4313D8B28642F2D00022144B184E7A
:1020A8001A708020002303E0B3F5006F12D0B05CF3
:1020B80011F8012B0133824203F07F02F4D0002390
:1020C800B4E72AB9092801D00C28A1D14046B9E7BC
:1020D8000846B7E70123A9E70122DFE77854002083
:1020E800989D00208C7500207C540020216DA783CA
:1020F8009495002095950020989500204D3C2B1A2A
:10210800E0A00008A09D00209C9D00202DE9F04340
:10211800714B724E1A680023824289B0337006D11F
:10212800044620B16E4F6F493A688A4203D00020B6
:1021380009B0BDE8F08341F60C1179589142F6D107
:10214800DFF8D091D9F800208A42F0D142F2040198
:1021580059F801109142EAD1DFF8BC81421EC8F853
:10216800003013460B2BE2D8DFE803F0AFA89C95AC
:102178008D867C6D645232065B4D5C4A29685C48EA
:10218800FFF722FD0028D2D1286880000028CEDB86
:10219800544A3B689342CAD141F60C12BA589A4243
:1021A800C5D1D9F800309342C1D142F2040259F89E
:1021B80002209A42BBD1092CC8F8000005D00C2C8B
:1021C80003D041F608139842B1DC01203070AFE724
:1021D800484B494A1B68444DADF814301B0CD2F8E3
:1021E80000C08DF81630032329680293009306ABCC
:1021F80001934FEA1C4E414A3D48ADF818C005AB63
:102208008DF81AE0FFF7ECFB002890D12868BDE7AD
:102218003B4B354D394A93E803000523009306905C
:102228008DF81C103248296806ABFFF795FB00288B
:10223800ECD07CE72C4D2D4A29682D48FFF7A8F9EA
:102248000028A1D073E7284B29481968002506AA59
:102258000695FFF77BF900287FF469AF069B7B6042
:10226800042095E7204A274B116821480093234A08
:10227800254BFFF701F989E71B4B204A19681C48D1
:10228800FFF706F882E7184A204B116818481B4ADE
:10229800FEF790FE7AE7144B184A19681448FEF7BF
:1022A800E3FC73E7104B1A4A196811487960FEF786
:1022B80071FC0028FFF63BAF043069E70A4B0F4A70
:1022C80019680B48FEF74EFC60E7074B0B4A196884
:1022D8000748FEF7FDFB59E7785400209C9D002035
:1022E8007C540020216DA783989D002090750020C4
:1022F8009895002084700008887000088054002099
:102308008C700008C4700008A4700008947000085D
:10231800845400208C750020A09D00202DE9F84FE2
:10232800C34B1B68834207D1C24B1A7822B1C24CF7
:10233800C24923688B4203D000221046BDE8F88FBB
:1023480041F60C1161589942F6D1BD4D2B688B426C
:10235800F2D142F2040169589942EDD1431E0B2B88
:10236800EAD8DFE813F0E400C90090008C002A01E5
:10237800180179006800160011000C001600BDE86D
:10238800F84F0120FFF7B8BDBDE8F84F0020FFF770
:10239800B3BDAC4B1A78002ACED0AB49AB4B0D6815
:1023A8001B68B3EB850FC7D1002DC6D0A849DFED58
:1023B800A94ADFEDA93AA94E9FEDA95AA94F9FED69
:1023C800AA4ADFEDAA5A002326E01C0913F00F0FD2
:1023D80006EB840440F02681D4ED006AB0EEE67A7C
:1023E80027EE057A37EE247AD1ED007AB0EEE76A67
:1023F800B4EE656AF1EE10FA03F1010301F104018C
:102408009AD877EEE67AF0EEE77AF4EEC77AF1EE4C
:1024180010FA91DC9D4290D00C28D6D107EB8304AA
:10242800D4ED006AD1ED007AB0EEE67A27EE057AAF
:1024380037EE047ADAE78E4B1A78002A3FF47DAF3C
:10244800824B1B68042B7FF477AF6268894BD21AE2
:10245800B2FA82F2520970E7854B1A78002A3FF4E3
:102468006CAF7A4B1A68B2F5006F7FF465AF82499A
:10247800824802F0A5FBB0FA80F252095DE7BDE898
:10248800F84FFFF727BC714BD3F800B0BBF1030F2F
:102498007FF652AF6C4A6368126893427FF44CAF80
:1024A8004FF0040EABEB0E0929F00109DFF8E4A1A7
:1024B8000026F14404EB0E0CB24240F2ED80CE450A
:1024C8003FF43AAF9CF805700EF10208002F40F077
:1024D8008780C3457FF630AF0EF1030EA044ABEB07
:1024E8000E0998F804300AF8063029F00109013677
:1024F800F14404EB0E0CDFE7534B54491B680E689C
:102508009E427FF419AF002E3FF417AF5C485D4C34
:102518000644002302E0B0423FF40FAF14F8015F15
:1025280010F8011B2B44DBB29942F4D004E7474B67
:102538001F6817F0010E7FF4FFAEDFF80CA1002F23
:1025480000F0B580DFF8F0C0DAF80080DFF83091ED
:1025580074469CF80450002D3FF4EEAEA8EB04033B
:102568009D423FF6E9AE621E9CF805604A44234648
:1025780012F8011F0133B142A4EB03007FF4DCAE73
:10258800E842F5D10EF1020E77450CF1020C40F24B
:102598008F801C46DDE7364B1A78002A3FF4CDAE13
:1025A8002A4B1A68202A7FF4C7AE3749334802F00D
:1025B80007FBB0FA80F25209BFE62D4B1A78002AC1
:1025C8003FF4BBAE214B1A68B2F5016F7FF4B4AE8D
:1025D8002E492A4802F0F4FAB0FA80F25209ACE621
:1025E8009CF80430002B3FF4A7AEB3423FF6A4AEEC
:1025F800911B8F423FF6A0AE2548F11A0139731E90
:102608008519514453443D4411F8010F03F8010F53
:102618009D42F9D13E44B2420CF1020C3FF659AF4B
:10262800C64649E7B0EE647AF0EE636ADCE600BFBE
:10263800785400209C9D00207C540020216DA783A5
:102648008C75002095950020989D0020A09D002065
:102658009075002017B7D1380000000060A100086D
:10266800ACC5A737E08000080AD7233CFFFF7F7F6F
:1026780094950020339A3E9DE0780008805400200D
:10268800989500207F54002060A30008D0700008AF
:102698008B6D00208C6D0020F3457FF44DAE07490B
:1026A800074802F08DFAB0FA80F2520945E63B4637
:1026B800DAF80020D31A5A425A413EE6989500208B
:1026C8008C6D0020224B1A68824207D1214B187862
:1026D80030B1214B21481968814202D0002070474F
:1026E800704741F60C1018588842F7D130B41C4C8A
:1026F8002168814202D0002030BC704742F20400B9
:1027080020588842F7D1092A1FD0043404330C2AF0
:1027180018BF1C46134B18680028EDD0431E1248FA
:10272800E518013C4FF0FF3314F8011F08224B4015
:102738005908DB074CBF81EA00030B46013AF7D181
:10274800AC42F1D1D84330BC70470434E2E700BF53
:10275800785400209C9D00207C540020216DA78384
:102768008C750020A09D00202083B8ED000000009B
:1027780000B551EC100B264A21F00043934285B076
:102788001EDD244A934209DD10EE102A0B4602F0A2
:102798003FFA41EC100B05B05DF804FB684600F009
:1027A80093F900F00300012811D0022825D0E8B1E0
:1027B8009DED021B9DED000B012001F035FBEAE7C2
:1027C8009FED111B00F0C8FD05B05DF804FB9DED01
:1027D800021B9DED000B01F027FB53EC102B03F1BE
:1027E800004300EE903A05B05DF804FB9DED021B36
:1027F8009DED000B00F0B0FDCDE79DED021B9DEDBA
:10280800000B00F0A9FDE8E7000000000000000050
:10281800FB21E93FFFFFEF7F00B551EC100B284A81
:1028280021F00043934285B025DD264A934209DD15
:1028380010EE102A0B4602F0EBF941EC100B05B034
:102848005DF804FB684600F03FF900F0030001283A
:1028580019D0022826D0E8B19DED021B9DED000B92
:1028680000F07AFD53EC102B03F1004300EE903A90
:1028780005B05DF804FB9FED101B002001F0D4FAB1
:1028880005B05DF804FB9DED021B9DED000B00F00B
:1028980063FDD4E79DED021B9DED000B012001F0C7
:1028A800C3FACCE79DED021B9DED000B012001F062
:1028B800BBFAD7E7AFF3008000000000000000007B
:1028C800FB21E93FFFFFEF7F00B510EE103A204AE9
:1028D80023F00043934283B019DDB3F1FF4F04DBCB
:1028E80030EE400A03B05DF804FB684600F0E6FBF2
:1028F80000F00300012811D002281FD0B8B1DDED87
:10290800010A9DED000A012001F004FFEAE7DFED6E
:10291800110A01F047FB03B05DF804FBDDED010A85
:102928009DED000A01F0F6FEB1EE400ADAE7DDEDB2
:10293800010A9DED000A01F035FBD3E7DDED010A40
:102948009DED000A01F02EFBB1EE400ACAE700BF78
:10295800D80F493F000000002DE9F0432DED028B10
:102968008BB055EC104B00F0E5FA284BB0EE408ADE
:10297800F0EE608A93F900707B1C12D022462B4639
:102988002046294602F096FD064650B94FF0000849
:102998004FF000092046294642464B4602F062FDA8
:1029A80040B9B0EE480AF0EE680A0BB0BDEC028BF5
:1029B800BDE8F083164B08960122CDE90445CDE920
:1029C80002450092019397B142464B46404649461C
:1029D80002F000FC022FCDE906010AD102F0C6F888
:1029E80021230360089B63B99DED068BD9E7CDE9E8
:1029F8000689684601F064FF0028EFD0089B002B89
:102A0800F2D002F0B3F8089B0360EDE70400002061
:102A180094A3000810B52DED028B8AB0B0EE408A61
:102A280000F096FC254B93F90040631C09D0B4EEE6
:102A3800488AF1EE10FA04D6B5EEC08AF1EE10FA23
:102A480003D40AB0BDEC028B10BD01231C4A0093CD
:102A580018EE100A00230192089302F039FA0022B6
:102A6800CDE90401CDE902010023BCB110461946A5
:102A780002F0B0FB022CCDE9060111D102F076F884
:102A880021230360089B9BB9DDE9060102F070FD74
:102A980000EE100A0AB0BDEC028B10BDCDE906238A
:102AA800684601F00DFF0028E8D0089B002BEBD00A
:102AB80002F05CF8089B0360E6E700BF0400002012
:102AC8009CA30008000000002DE9F04F53EC102BE8
:102AD8002DED048B924923F000458D4289B00446C0
:102AE80040F38F808F498D429B462DDCBBF1000F50
:102AF800194610EE100A80A3D3E9002340F3C781DA
:102B080002F086F8884B9D4206460F4600F09180F9
:102B18007BA3D3E9002302F07BF802460B46C4E905
:102B280000233046394602F073F875A3D3E9002331
:102B380002F06EF8C4E902014FF0010A504609B0EC
:102B4800BDEC048BBDE8F08F78498D4240F394804A
:102B580077498D4210EE100A61DC4FEA255AAAF235
:102B6800164AA5EB0A5116460F4602F0B9FC02F0C8
:102B78009DF9804689463046394642464B46CDE95E
:102B8800028902F045F86B4B002202F0F9F90F4672
:102B9800064602F0A5FC054602F088F902460B46F7
:102BA80030463946CDE9042302F032F8614B002261
:102BB80002F0E6F902460B46CDE90623002200237F
:102BC80002F046FC002800F06081002D0CBF0123B4
:102BD8000223594A019202215246009102A8214635
:102BE80000F0FAFCBBF1000F8246A7DA6268E368DE
:102BF80002F1004203F10043C0F1000A6260E360A1
:102C08009CE7002000214FF0000AC4E90201504669
:102C180084ED000B09B0BDEC048BBDE8F08F1946BC
:102C280001F0F6FF4FF0000AC4E90201C4E900010F
:102C380084E735A3D3E9002301F0EAFF34A3D3E9FD
:102C4800002306460F4601F0E3FF02460B46C4E99F
:102C580000233046394601F0DBFF2DA3D3E90023DA
:102C680001F0D6FF4FF0010AC4E90201504609B04D
:102C7800BDEC048BBDE8F08F01F094FD57EC106BB0
:102C880010EE100A24A3D3E90023394602F078F99C
:102C98002A4B002201F0BEFF02F022FC824602F01D
:102CA80005F915A3D3E900238046894602F068F99F
:102CB80002460B463046394601F0AAFF10A3D3E975
:102CC800002306460F464046494602F059F9BAF134
:102CD8001F0F49EC198B47EC186B8046894631DC8D
:102CE800174B0AF1FF3253F82230AB422AD0024682
:102CF8000B4630463946A4E000004054FB21F93F1A
:102D08003163621A61B4D03D0000601A61B4D03DED
:102D18007370032E8A19A33B83C8C96D305FE43FE3
:102D2800FB21E93F7BD90240FB21F93FFB213941D7
:102D3800FFFFEF7F0000704124A400080000E03F7F
:102D4800A4A3000842464B4651EC180B01F060FF63
:102D58000A46C2F30A53C3EB1553102B0146064625
:102D680017464FEA255573DD69A3D3E9002351ECD3
:102D7800190B02F005F959EC188B06460F46324636
:102D88003B4618EE100A494601F042FF41EC180B89
:102D9800404653EC182B494601F03AFF32463B4671
:102DA80001F036FF5CA3D3E9002306460F4651EC39
:102DB800190B02F0E5F832463B4601F029FF804640
:102DC800894642464B4651EC180B01F021FF0A4652
:102DD800C2F30A53ED1A312D01460646174637DD70
:102DE80050A3D3E9002351EC190B02F0C9F856ECB3
:102DF800185B8046894642464B4618EE100A314613
:102E080001F006FF41EC180B314653EC182B28460D
:102E180001F0FEFE42464B4601F0FAFE43A3D3E919
:102E2800002306460F4651EC190B02F0A9F832466A
:102E38003B4601F0EDFE8046894651EC180B4246B0
:102E48004B4601F0E5FEC4E9000106460F4601E0E5
:102E5800C4E9001232463B4651EC180B01F0D8FE8B
:102E680042464B4601F0D4FEBBF1000FC4E9020113
:102E7800BFF664AE07F1004501F10043C4E90065FF
:102E8800C4E90203CAF1000A58E60323A1E601F0E7
:102E9800C1FE234B9D4206460F4616D01AA3D3E91E
:102EA800002301F0B7FE02460B46C4E90023304672
:102EB800394601F0ADFE14A3D3E9002301F0AAFEC0
:102EC8004FF0FF3AC4E9020138E611A3D3E9002321
:102ED80001F0A0FE10A3D3E9002306460F4601F037
:102EE80099FE02460B46C4E900233046394601F0F4
:102EF8008FFE09A3D3E9002301F08CFE4FF0FF3ABF
:102F0800C4E902011AE600BF3163621A61B4D03D18
:102F18000000601A61B4D03D7370032E8A19A33B78
:102F2800FB21F93F0000002E8A19A33BC149202547
:102F38009A837B392DE9F0415F4A57EC106BBA430D
:102F480000F09880002F10EE104A3B464EDD3915F0
:102F58005BD0C3F31303CA0743F48013A1F2FF3E07
:102F680003D45B0003EBD4736400E20F4FF0000C52
:102F780002EB43034FEA6E0E6400664616254FF4D3
:102F88000012B118994202DC5B1A8E1894445B0057
:102F9800013D03EBD4734FEA52024FEA4404F0D1E7
:102FA8002F4620204FF0004209E03ED0E10F0138C3
:102FB8004FEA520201EB43034FEA44043ED0B342C6
:102FC80002EB0501F1DD002901EB020509DBB04642
:102FD8009B1BA14288BF03F1FF33641A174446467E
:102FE800E4E7002DF3DB06F10108F1E727F00042E2
:102FF800324336D0002F4DD13946E20A15396405DF
:103008001346002AF9D0D70251D400205B00DE0213
:10301800054600F10100F9D51A4623468440C0F15F
:103028002000C3401343491B93E7A142BED800299F
:1030380001EB0205D5DB98460023CEE7234312D1E6
:1030480078084FEA6C0101F17F511CF0010F01F57E
:10305800001118BF40F0004001EB0E53024643EC4C
:10306800102BBDE8F0817B1C16BF781C0CF1010CFD
:103078004008E6E710EE102A10EE100A3B463946E3
:1030880001F07EFF32463B4601F0C4FD41EC100BD7
:10309800BDE8F08110EE102A3046394601F0B8FD3F
:1030A80002460B4602F096F841EC100BD9E723468E
:1030B80020204FF0FF35B4E70000F07F70B510EE28
:1030C800103A954A23F00044944286B0054668DDDC
:1030D800924A944210EE106A1ADC002BDFED907AC7
:1030E800904A24F00F0440F3F180944270EE677A1E
:1030F80066D09FED8D7A77EEC76A012077EEE67A83
:10310800C5ED006A77EEC77AC5ED017A06B070BDE5
:10311800864A944267DDB4F1FF4F49DAE215863AF0
:10312800A4EBC25307EE903ABDEEE77ADFED806A72
:10313800B8EEC77A77EEC77A8DED037A67EEA67A8E
:10314800BDEEE77AB8EEC77A77EEC77A8DED047AE6
:1031580067EEA67AF5EE407AF1EE10FACDED057A33
:1031680040F0A380B5EE407AF1EE10FA14BF0223C6
:103178000123704901910221009103A8294600F01A
:1031880093FF002EC2DA95ED007AD5ED017AB1EE03
:10319800477AF1EE677A404285ED007AC5ED017A0B
:1031A800B4E7002285ED000A4260002006B070BD39
:1031B80070EE407A0020C5ED017AC5ED007AA5E7EA
:1031C800DFED5D6A9FED5D7A77EEE67A012077EEB6
:1031D800C76A77EEE67AC5ED006A77EEC77AC5ED7D
:1031E800017A06B070BD01F001FCDFED556A9FED74
:1031F8004C6A9FED4D7AF6EE007AE0EE267AFDEE07
:10320800E77A17EE900AF8EEE76A1F28A6EEC60AD4
:1032180066EE877AB1EE666A1EDC4A4A411E24F0E1
:10322800FF0352F82120934216D030EE677A85EDDD
:10323800007A30EE470A002E30EE670A85ED010A63
:10324800BFF664AFB1EE477AB1EE400A85ED007A79
:1032580085ED010A404259E730EE677AE21517EE2C
:10326800103AC3F3C753C3EBD454082CDFDDDFEDAA
:10327800327A9FED327AF0EE405AE6EE275A30EE77
:10328800650AA6EE270AF0EE407AD6EE877A35EE82
:10329800E77A17EE103AC3F3C753D21A192A06DC95
:1032A80085ED007AB0EE650AC3E7032361E79FED79
:1032B800267A9FED265AB0EE650AA6EE070A75EE45
:1032C800C07AE6EE077AD6EE857AAEE7944270EEDB
:1032D800277A0ED09FED147A77EE876A4FF0FF3089
:1032E80077EEE67AC5ED006A77EE877AC5ED017A62
:1032F8000CE7DFED116A9FED117A77EEA67A4FF0B1
:10330800FF3077EE876A77EEE67AC5ED006A77EEEA
:10331800877AC5ED017AF9E6D80F493FE3CB164025
:10332800800FC93FD00FC93F43443537800F494309
:1033380000008043ACA500080044353708A3852E5B
:1033480084F9223F2CA5000800A3852E32318D2454
:10335800B1EEC00A704700BF2DE9F84F57EC106B6B
:1033680027F00049B9F1795F2DED048B5BEC11ABC7
:1033780071DA10EE100A394602F0B2F8002800F0AF
:10338800F68032463B463046394601F0F9FD7CA3CB
:10339800D3E9002304460D4601F0F2FD7AA3D3E9F0
:1033A800002301F037FC22462B4601F0E9FD78A303
:1033B800D3E9002301F02CFC22462B4601F0E0FD66
:1033C80075A3D3E9002301F025FC22462B4601F022
:1033D800D7FD73A3D3E9002301F01AFC22462B463C
:1033E80001F0CEFD70A3D3E9002301F013FC2246BF
:1033F8002B4601F0C5FD41EC180B714B002220460D
:10340800294601F0BDFD53EC182B8046894620461D
:10341800294601F0B5FD52465B4604460D46304646
:10342800394601F0ADFD02460B462046294601F01B
:10343800EFFB02460B464046494601F0E9FB0246CF
:103448000B4600205F4901F0E3FBBDEC048B41EC27
:10345800100BBDE8F88F10EE102A10EE100A3B464C
:10346800394601F08DFD46A3D3E9002304460D46F5
:1034780001F086FD44A3D3E9002301F0CBFB2246EB
:103488002B4601F07DFD42A3D3E9002301F0C0FBE8
:1034980022462B4601F074FD3FA3D3E9002301F037
:1034A800B9FB22462B4601F06BFD3DA3D3E900236F
:1034B80001F0AEFB22462B4601F062FD3AA3D3E9A8
:1034C800002301F0A7FB2B46224601F059FD3E4B95
:1034D800994541EC180B90DD3C4B99453CDC0022AA
:1034E800A9F50013374900209046994601F090FB52
:1034F80041EC190B324B00222046294601F040FDD1
:1035080042464B4601F084FB53EC182B8046894613
:103518002046294601F034FD52465B4604460D46D6
:103528003046394601F02CFD02460B462046294616
:1035380001F06EFB02460B464046494601F068FB27
:1035480002460B4651EC190B01F062FBBDEC048BF3
:1035580041EC100BBDE8F88F9FED157BDFF87090FC
:10356800B0EE479AF0EE679A4FF00008C2E7BDEC5C
:10357800048B9FED110BBDE8F88F00BFAFF30080FF
:10358800D43888BEE9FAA8BDC4B1B4BD9EEE213EC8
:10359800AD529C804F7E923E9015CB19A001FA3E09
:1035A8007751C1166CC1563F4C5555555555A53FD9
:1035B800000000000000E73F000000000000F03FAE
:1035C8000000E03F0000F03F3233D33F0000E93F06
:1035D8000000D23F000000002DE9F04FADF5197D45
:1035E800BB4CA29D089354F825400594013B12F169
:1035F800140F04900B910393C0F22683B549D31E90
:1036080081FB0301DB17C3EBA10307930133A3EB92
:103618008303DB00D3180693079A039BD41A059AF1
:10362800D6181AD40136A39F4FF000084FF00009AE
:10363800264420AD08E057F8240001F037FC013497
:10364800B442E5E8020108D0002CF4DA013440461F
:103658004946B442E5E80201F6D1059B002BC0F2C9
:10366800C883089BDDF80C90DA000292059A1A4488
:103678000192049A20A901EBC30A0DF5E07B02EB45
:10368800C308039B002B4FF000044FF0000511DB2B
:10369800049E574677E90223F6E8020101F070FC20
:1036A80002460B462046294601F0B4FA4645044630
:1036B8000D46EFD1019B09F101099945EBE8024557
:1036C8000AF1080ADDD1059A04980CA901EB8203D6
:1036D80002990144083B8B460BA90993134601EB59
:1036E80082020A920193019A98A901EBC203002A67
:1036F80053E928452ADD0DF5E07909EBC2080DF1FB
:10370800300A754B00222046294601F039FC01F0A9
:10371800E7FE01F0CBFB714B002206460F4601F095
:103728002FFC02460B462046294601F071FA01F0AB
:10373800D7FE044678E902234AF8044B3046394656
:1037480001F068FAC84504460D46DAD1DDF818904C
:1037580045EC104B484601F0B7F855EC104B0022E9
:103768004FF07F5310EE100A294601F009FC41EC96
:10377800100B01F021F85A4B51EC100B002201F00C
:10378800FFFB02460B462046294601F041FA0D464A
:10379800044601F0A5FE804601F088FB0B46024670
:1037A8002946204601F034FA4B46002B06460F46C0
:1037B80040F39880019A0CA9013AC9F1180351F80D
:1037C800225045FA03F101FA03F3EB1AC9F1170580
:1037D8000CA843FA05F5002D40F82230884400F380
:1037E8008B80002200233046394601F031FE002844
:1037F80000F05682019B059A03F1FF3A524510DC0E
:1038080003F180430CAA013B0A9802EB83030022D0
:1038180053F80419834242EA0102F9D1002A40F020
:10382800DC80059B0CAA013B52F82330002B40F0AA
:10383800CF80099A012352F8041901330029FAD0DC
:1038480001994A1CCB1802939146079B089902EBF1
:10385800030A019B0B44984620AB0AF1804A03EB0C
:10386800C808A39B0AF1FF3A03EB8A0A70AB03EB83
:10387800C20301935AF8040F01F018FB0B46039991
:1038880002460029C8E9002347464FF0000408F122
:1038980008084FF0000511DB049E01E077E90223D8
:1038A800F6E8020101F06CFB02460B462046294669
:1038B80001F0B0F95E4504460D46EFD1019BE3E8FF
:1038C80002450193029B09F101099945D2DD09E7F7
:1038D80008A90008ABAAAA2A0000703E000070419F
:1038E800000020406BD1019B0CAA013B52F82350E9
:1038F800ED15002D7FF775AF019B002B08F101082E
:1039080040F3CC810C9C002C51D1019B012B20D081
:103918000CAB012253F8044F002C4BD0531C0CA9BC
:10392800C4F1807441F822400199994210DD0CAA33
:103938000CA852F8232000EB830300EB81006FF002
:103948007F4100E01A688A1A43F8042B8342F9D1B0
:103958000124069B002B0EDD012B00F06A81022B4F
:1039680009D1019B5A1E0CAB0CA953F82230C3F3A2
:10397800150341F82230022D7FF433AF32463B461F
:10398800B949002001F044F906460F46002C3FF4DF
:1039980028AF06989FEDB00B00F096FF30463946E9
:1039A80053EC102B01F034F906460F4619E70123B2
:1039B8000022B4E7019901328A42ABD1C9E7AB4B87
:1039C800002201F063FD002840F05681054608E713
:1039D800019B5A1C9146029237E70CAB069A53F8A2
:1039E8002A30CDF81C80183A0395069273B9019BCA
:1039F80003F18043023B0CA901EB830353F804193C
:103A08000AF1FF3A183A0029F8D006929FED920B76
:103A1800069800F059FFBAF1000F55EC104BC0F2B0
:103A2800DE8170AB03EBCA0B0CAA0AF10103069303
:103A380002EB83084FEACA030BF10809049358F80C
:103A4800040D01F033FA22462B4601F099FA064696
:103A58000F46874B2046294669E90267002201F094
:103A68008FFA0CAB984504460D46E8D148ABCDE932
:103A7800013ADDF814A0BAF1000F4FF000092CDB71
:103A880077A3D3E90023DFF8EC815F460024002503
:103A9800002603E0B14510DBF8E80223F7E802014D
:103AA80001F06EFA02460B462046294601F0B2F8AC
:103AB8000136B24504460D46ECDA019B029A03EB47
:103AC800C9034A45C3E90045ABF1080B09F10103F5
:103AD80006D0BAF1000F9946D2DA00240025ECE7A7
:103AE800A29BDDF808A0022B1EDC002B00F30F813F
:103AF80013D1049C019D0834002000212C4474E952
:103B0800022301F087F8A542F9D1039B13B101F113
:103B1800004319460B9BC3E90001079B03F007000C
:103B28000DF5197DBDE8F08FA29B032BF5D1BAF1F5
:103B3800000F00F07081019A049BD318D3E9004567
:103B480002EBCA0B7BE902672046294632463B4610
:103B580001F060F8A046A94604460D4622462B46C9
:103B68003046394601F054F84B46424601F052F8C7
:103B7800019B5B45CBE90045CBE90201E2D1BAF1F3
:103B8800010F40F34881019A049B0AF1005A0AF197
:103B9800FF3A13444FEACA01D3E9004501F1080A84
:103BA800029192440DF5947B7AE9026720462946F2
:103BB80032463B4601F02EF8A046A94604460D467B
:103BC80022462B463046394601F022F842464B46FB
:103BD80001F020F8D345CAE90045CAE90201E3D15A
:103BE800029C019B0026002710341C4403F1100599
:103BF8003046394674E9022301F00CF8A542F9D1A0
:103C080006460F46039B002B40F0BF80019A0B9994
:103C1800D2E90045D2E90223C1E90223079B03F058
:103C28000700C1E90467C1E900450DF5197DBDE844
:103C3800F08F019B5A1E0CAB0CA953F82230C3F32A
:103C4800160341F8223096E600216FF0170307911A
:103C5800E0E400BFAFF30080000000000000F03F88
:103C680000000040FB21F93F0000F03F0000E03F6A
:103C78000000703ED0A80008019B002B08F1010845
:103C8800C8BF02253FF73EAE32463B466349002097
:103C980000F0BEFF022506460F46A2E5002458E6BE
:103CA800069B0395584247EC106BCDF81C8000F03A
:103CB8000BFE55EC104B5A4B10EE100A0022294609
:103CC80001F0E4FB002856D0564B00222046294636
:103CD80001F056F901F004FC064601F0E7F8504BF4
:103CE800002201F04DF90B4602462946204600F015
:103CF8008FFF01F0F5FB069B019C183304F1010AC4
:103D080006930CAB43F8240043F82A607EE6019D35
:103D1800069A002005EBC204002174E9022300F092
:103D280079FFA542F9D1039B002B48D10B9BC3E92E
:103D380000010B4601990246D1E9000100F068FF35
:103D4800BAF1000F0DDD4AAD0124F5E80223013474
:103D580000F060FFA245F8DA039B13B101F10043BC
:103D680019460B9BC3E90201079B03F007000DF5F9
:103D7800197DBDE8F08F2046294601F0B1FB019B73
:103D88000CAA9A4642F8230040E6019B19465A6855
:103D9800DB680D688C680B9903F10043CB60079BC7
:103DA8000D6002F100424A6003F0070007F100428B
:103DB8008C600E614A610DF5197DBDE8F08F0B9C92
:103DC80001F10043C4E900030B4601990246D1E919
:103DD800000100F01DFFBAF1000FB4DCBEE7A29BA2
:103DE800022B0ADC002B11DC7FF497AE00200021A7
:103DF8008BE6089BDB00029365E4A29B032B7FF410
:103E08008CAE48AB002600270193FBE648AB0020A8
:103E18000021019387E700260027F3E60000F03F22
:103E2800000070410000703E2DE9F04F55EC104B3A
:103E380085B025F00043B3F1795F8DED001B039049
:103E480007DA10EE100A294601F04AFB002800F0B4
:103E5800898022462B462046294601F091F80646DD
:103E68000F4632463B462046294601F089F843A3CF
:103E7800D3E9002382468B463046394601F080F864
:103E880040A3D3E9002300F0C3FE32463B4601F0CD
:103E980077F83EA3D3E9002300F0BCFE32463B4648
:103EA80001F06EF83BA3D3E9002300F0B1FE3246DF
:103EB8003B4601F065F839A3D3E9002300F0AAFED8
:103EC800039B80468946ABB3DDE900012A4B0022FB
:103ED80001F056F842464B468046894650465946B8
:103EE80001F04EF802460B464046494600F090FE67
:103EF80032463B4601F044F8DDE9002300F088FE35
:103F08001BA3D3E9002306460F465046594601F045
:103F180037F802460B463046394600F07BFE02462B
:103F28000B462046294600F073FE41EC100B05B005
:103F3800BDE8F08F02460B463046394601F020F8BE
:103F48000BA3D3E9002300F063FE52465B4601F061
:103F580017F822462B4600F05DFE41EC100B05B029
:103F6800BDE8F08F45EC104B05B0BDE8F08F00BF01
:103F7800495555555555C53F0000E03F7CD5CF5AAA
:103F88003AD9E53DEB9C2B8AE6E55A3E7DFEB157D2
:103F9800E31DC73ED561C119A0012A3FA6F810113B
:103FA8001111813F10EE103A23F00043B3F1485F3E
:103FB8002CDAFDEEC07A17EE903A002B60D020EE96
:103FC800007ADFED314A9FED315ADFED315A9FED2E
:103FD800316ADFED317ADFED316AA7EE245AE7EE78
:103FE800055AA7EE256AE7EE067AE7EE276A67EE36
:103FF800266A60EEC00AF6EE007AE7EE260AB7EE09
:10400800000AD7EE270A30EE600A704720EE007AE1
:10401800DFED1D4A9FED1D5ADFED1D5A9FED1D6A0C
:10402800DFED1D7ADFED1D6A1D4AA7EE245A934283
:10403800E5EE075AA5EE876AE6EE077AE7EE876AA5
:1040480066EE876AD5DD174A934214DC03F17F4395
:1040580007EE903AB7EE006A36EE676A60EEC00A7D
:10406800F6EE005AE7EE260AD7EE257A77EEE00A52
:1040780036EE600A7047B6EE076AF5EE027AEDE7AB
:10408800B7EE000A704700BF4ED747ADF6740F3140
:104098007CF293B4010DD037610BB6BAABAA2A3DB6
:1040A8009999993E0000483F2DE9F04F2DED048B7A
:1040B800DBB0D74C689D0791111D54F82560049317
:1040C8000992834603F1FF39C0F29D82D31E44BF93
:1040D80013460433DB1003930133DB000893DDE957
:1040E80008239B1A0693039B16EB0901A3EB09030C
:1040F80016D401319FEDC77A699819441EAA002B7E
:10410800A4BF50F8234007EE904A03F10103ACBF67
:10411800F8EEE77AF0EE477A8B42E2EC017AEED1DC
:10412800002EC0F2E082049B1EA901EB830446AD79
:104138004FEA830C4846F7180BEB8301B9F1000FDF
:10414800DFEDB47A09DB22465B46F3EC016A32ED17
:10415800017A8B42E6EE877AF7D10130B842E5EC76
:10416800017A04F10404E9D10DF1280808EB86036B
:10417800083B05939FEDA99ADFEDA78A069800965C
:1041880009AB03EB860A0BEB0C0446AF5B465AAA55
:1041980002EB8602002E12ED140A4FEA860B16DD9A
:1041A80007EB8602414660EE097AB0EE407AFDEEF2
:1041B800E77A72ED016AF8EEE77ABA42A7EEE87A92
:1041C80037EEA60ABDEEC77AA1EC017AEBD1CDE9AC
:1041D800010300F059FCB0EE408AB4EE000A28EE64
:1041E800000A00F00BFCF2EE007AA0EE678A019854
:1041F800029BFDEEC89A0028F8EEE97A38EE678A45
:1042080078DD06F1FF3CC0F1080258F82C5045FA59
:1042180002F101FA02F2AA1A48F82C20C0F10705A7
:1042280019EE90CA42FA05F58C44002D09EE90CAA1
:1042380068DCB5EE408AF1EE10FA40F0B680009ADC
:1042480006F1FF3E724510DC06F18042013A08EBA8
:10425800820200219C4652F80439524541EA030182
:10426800F9D16346002940F0F280009A013A58F8E3
:104278002220002A40F0E680059A4FF0010C52F8FF
:1042880004190CF1010C0029F9D006F1010BB44412
:10429800DE460499039A8D195A441EA902F18042F8
:1042A80001EB85056999013A01EB820607EB8B0B57
:1042B800D6ED017A9FED577AF8EEE77AB9F1000F5B
:1042C80006F104062946C5ED007A05F1040509DB67
:1042D8001A4601E071ED017AF2EC016AA242A6EEFB
:1042E800A77AF7D10EF1010EE645ABEC017ADFDDD6
:1042F80066464CE740F09C80721E58F822502D12FA
:10430800002D96DD19EE902A002E02F1010209EE29
:10431800902A40F38E81D8F80010002974D1012E1C
:104328001CD042464FF0010C52F8041F002979D0E6
:104338000CF10102C1F58071964248F82C100CDD91
:1043480058F82210C34408EB820200E01168C1F15A
:10435800FF0142F8041B5A45F8D1012100280CDD61
:10436800012800F04781022807D106F1FF3C58F8E0
:104378002C2002F03F0248F82C20022D7FF459AF80
:10438800B7EE000A30EE488A00293FF452AFCDE973
:10439800010300F079FB38EE408ADDE90103B5EE50
:1043A800408AF1EE10FA3FF44AAFDDE90832B0EE88
:1043B800480A981A02960195009E00F065FB9FED49
:1043C800167AB4EEC70AF1EE10FADDE90123C0F25D
:1043D8005781DFED127A069960EE277A0831FDEEF3
:1043E800E77A0691F8EEE77A5D1CA7EEC70AFDEEBC
:1043F800E77ABDEEC00A10EE101A48F8231017EE3F
:10440800903A48F8253039E001224FF0000C91E746
:1044180044A9000800000000000080430000803B21
:104428000000C93F0CF1010CB4457FF47DAF95E75E
:10443800F6EE007AB4EEE78AF1EE10FA80F2E88040
:104448000025F6E606F1010BDE46DC4621E7069874
:1044580058F82E10083833462A46009E06907546AE
:1044680061B903F18043023B08EB8303014653F82B
:104478000409013D08390028F9D0069106980092F0
:10448800B7EE000A00F000FB002D009AC0F21E8172
:104498004FEA850E46AB03EB0E070EF1040C1FED39
:1044A800217A08EB0C03391D73ED017AF8EEE77AEF
:1044B800434567EE807A20EE070A61ED017AF3D171
:1044C800002E1FED296A4FF0000420DB8F48DFED36
:1044D800907A3946B0EE467A002303E09C4208DB26
:1044E800B0EC017AF1EC016A01339E42E6EE877A7C
:1044F800F4DA5AAB03EB8403A54243ED287AA7F11B
:10450800040704F1010305D0002E1C46DEDADFEDB6
:10451800807AEEE7689902291CDC002900F38B8079
:104528000FD132ABDFED7A7A9C443CED017A6345DA
:1045380077EE877AF9D10AB1F1EE677A079BC3ED76
:10454800007A19EE903A03F007005BB0BDEC048BDB
:10455800BDE8F08F689B032BF3D1002D00F0CB80D2
:104568005AAB734432A913ED287A01EB850373ED36
:10457800017AF0EE476A37EE277A994277EEC77AE2
:1045880083ED007A77EEA67AC3ED017AEFD1012D9B
:1045980040F3B18005F180455AAB013D9E44AD0022
:1045A8002B1D1EED287A0B4433A873ED017AF0EE2B
:1045B800476A37EE277A984277EEC77A83ED007A12
:1045C80077EEA67AC3ED017AEFD10835DFED507AA0
:1045D8004B19083133ED017A994277EE877AF9D190
:1045E800002A55D10799329A339BC1ED027A0A60A5
:1045F8004B60A6E706F1FF3C58F82C2002F07F023A
:1046080048F82C20B9E6082308930023039366E5AD
:1046180019EE902A002E02F1010209EE902AC8BF75
:1046280002253FF778AEF7EE007A37EEC88A022502
:10463800FFE5002192E632A9DFED357A01EB83032D
:1046480033ED017A994277EE877AF9D192BB9DEDE5
:10465800327A079B002DC3ED007A77EE677A0BDD7F
:1046680033A90123B1EC017A01339D4277EE877AB1
:10467800F8DA0AB1F1EE677A079BC3ED017A60E7D1
:10468800BDEEC00A1D4610EE101A48F82310F5E6D4
:10469800DDED326A9DED337A079BF1EE677AF1EE34
:1046A800666AB1EE477AC3ED027AC3ED006A83ED1C
:1046B800017A46E7DDED326A079BB1EE677A002D95
:1046C80076EEE77A83ED007ACADCD3E7689B022BA3
:1046D8000DDC002B14DC7FF434AFDFED0D7A002AFB
:1046E8003FF42CAF28E7049B4FEA830C3CE5689B1A
:1046F800032B7FF426AFDFED067A002AC8D171E7D5
:10470800DFED037A002AA2D0D4E700BF1CA9000875
:104718000000000010EE103A23F00043B3F1485FA8
:1047280004DAFDEEC07A17EE903A5BB360EE007AD9
:104738009FED155ADFED155A9FED156ADFED156AE5
:104748009FED157AE7EE855A20EE275AA5EEA76A5F
:10475800E6EE276AA6EEA77A30B9DFED106AE7EE33
:10476800876AA6EE850A704727EE457AF6EE006A54
:10477800A0EEA67ADFED0A6AD7EE270AE5EE260A4A
:1047880030EE600A704700BFD3C92E2F342FD7B23E
:104798001BEF3836010D50B98988083CABAA2ABEF0
:1047A800ABAA2A3E51EC100B10EE102A21F0004360
:1047B80043EC102B704700BF51EC100BF8B5C1F358
:1047C8000A53A3F2FF35132D10EE106A0C4620DCB5
:1047D800002D3DDB384F2F4101EA070303431DD06D
:1047E80033A3D3E9002300F015FA0022002300F0D8
:1047F80057FE48B1002C04DA4FF4801343FA05F54C
:104808002C4424EA070400262346324643EC102BA6
:10481800F8BD332D05DDB5F5806F29D041EC100BBF
:10482800F8BDA3F213434FF0FF37DF400742F5D03E
:104838001FA3D3E9002300F0EDF90022002300F0C4
:104848002FFE0028E0D0002C23DB26EA0706DBE752
:1048580017A3D3E9002300F0DDF90022002300F0BC
:104868001FFE0028D0D0002C0ADB00263446CBE7F8
:1048780010EE102A0B4600F0CDF941EC100BF8BDF4
:1048880024F000430D4A1E43002E18BF144600268C
:10489800BAE7142D08D00123C5F1340503FA05F54C
:1048A800AE1928BFE418D0E70134CEE7AFF3008093
:1048B8009C7500883CE4377EFFFF0F000000F0BFC6
:1048C800002070470000000038B553EC102BC3F3EC
:1048D8000A511C46054681BB10EE101A23F000440D
:1048E800214329D0194600223D4B3E4C10EE100AB8
:1048F80000F046FBA54202460B4616DB0C46C1F308
:104908000A513639294440F2FE70814221DC0029DF
:1049180047DC11F1350F34DA4CF250318D4218DC96
:10492800002B27A1D1E9000144DB25A3D3E900230B
:1049380000F026FB41EC100B38BD40F2FF708142BD
:10494800E0D110EE100A194600F064F941EC100BA2
:1049580038BD002B1CA1D1E9000107DB1AA3D3E95C
:10496800002300F00DFB41EC100B38BD18A1D1E974
:10497800000115A3D3E9002300F002FB41EC100B62
:10498800F3E724F0FF4424F4E004363144EA015309
:10499800104619460022144B00F0F2FA41EC100BB5
:1049A80038BD24F0FF4424F4E00444EA015343EC06
:1049B800102B38BD08A1D1E90001B6E7AFF300809C
:1049C80059F3F8C21F6EA5019C7500883CE4377E38
:1049D8009C7500883CE437FE59F3F8C21F6EA58128
:1049E80000005043B03CFFFF0000903C10EE103A2E
:1049F80023F0004300EE103A704700BF10EE102A73
:104A0800C2F3C7537F3B162B22F000411ADC002B60
:104A18001EDB1A4919410A4227D0DFED197A70EED8
:104A2800277AF5EEC07AF1EE10FA1EDD002A04DAD4
:104A38004FF4000040FA03F31A4422EA010300EE9F
:104A4800103A7047B1F1FF4F0FD330EE000A7047AC
:104A5800DFED0B7A70EE277AF5EEC07AF1EE10FAF8
:104A680003DD002A02DB9FED070A70470029FFEEED
:104A7800007A18BFB0EE670A704700BFFFFF7F00DB
:104A8800CAF249710000000082B08DED010A019B55
:104A980033F000422AD0B2F1FF4F23D213F0FF4F78
:104AA80028D19DED017ADFED2A7A2A4B67EE277A25
:104AB8009842CDED017A37DB019BC3F3C752193A0F
:104AC8000244FE2A1ADD9FED240A9FED247A019BF9
:104AD800002BF0EE407AB8BFB0EE470A20EE270A66
:104AE80002B0704730EE000A02B070479DED010A2F
:104AF80002B07047D20D0244FE2AE4DC002A0BDC27
:104B080012F1160F17DA4CF250339842DBDC9FEDA6
:104B1800140A9FED147ADAE723F0FF4343EAC253FD
:104B280000EE103A02B070479FED0D0ADDED017AF4
:104B380027EE800AD8E7193223F0FF4343EAC2532D
:104B4800DFED097A07EE103A27EE270ACCE700BF17
:104B58000000004CB03CFFFFCAF24971CAF249F1AB
:104B68006042A20D6042A28D00000033014B18681C
:104B7800704700BF0800002070B50D4D0D4C641B38
:104B8800A4100026A64209D10B4D0C4CFBF776FD6C
:104B9800641BA4100026A64205D170BD55F8043B3D
:104BA80098470136EEE755F8043B98470136F2E797
:104BB80050A9000850A9000850A9000850A90008E9
:104BC80030B501390024A24201D1002005E0035D7F
:104BD80001340D5DAB42F6D0581B30BD0A449142FA
:104BE80000F1FF3300D1704710B511F8014B03F8FD
:104BF800014F9142F9D110BD02440346934200D1BE
:104C0800704703F8011BF9E781F0004102E000BF9B
:104C180083F0004330B54FEA41044FEA430594EA74
:104C2800050F08BF90EA020F1FBF54EA000C55EAAF
:104C3800020C7FEA645C7FEA655C00F0E2804FEA80
:104C48005454D4EB5555B8BF6D420CDD2C4480EA62
:104C5800020281EA030382EA000083EA010180EA92
:104C6800020281EA0303362D88BF30BD11F0004FE0
:104C78004FEA01314FF4801C4CEA113102D0404216
:104C880061EB410113F0004F4FEA03334CEA133351
:104C980002D0524263EB430394EA050F00F0A78069
:104CA800A4F10104D5F1200E0DDB02FA0EFC22FA64
:104CB80005F2801841F1000103FA0EF2801843FA58
:104CC80005F359410EE0A5F120050EF1200E012A49
:104CD80003FA0EFC28BF4CF0020C43FA05F3C01887
:104CE80051EBE37101F0004507D54FF0000EDCF100
:104CF800000C7EEB00006EEB0101B1F5801F1BD3A9
:104D0800B1F5001F0CD349085FEA30004FEA3C0CAC
:104D180004F101044FEA445212F5800F80F09A80A2
:104D2800BCF1004F08BF5FEA500C50F1000041EBA6
:104D3800045141EA050130BD5FEA4C0C404141EBAA
:104D48000101013C28BFB1F5801FE9D291F0000FA5
:104D580004BF01460020B1FA81F308BF2033A3F154
:104D68000B03B3F120020CDA0C3208DD02F1140C4B
:104D7800C2F10C0201FA0CF021FA02F10CE002F186
:104D88001402D8BFC2F1200C01FA02F120FA0CFC7F
:104D9800DCBF41EA0C019040E41AA2BF01EB0451C8
:104DA800294330BD6FEA04041F3C1CDA0C340EDCC6
:104DB80004F11404C4F1200220FA04F001FA02F309
:104DC80040EA030021FA04F345EA030130BDC4F1C7
:104DD8000C04C4F1200220FA02F001FA04F340EABC
:104DE8000300294630BD21FA04F0294630BD94F06D
:104DF800000F83F4801306BF81F480110134013D54
:104E08004EE77FEA645C18BF7FEA655C29D094EAC4
:104E1800050F08BF90EA020F05D054EA000C04BF42
:104E28001946104630BD91EA030F1EBF002100202D
:104E380030BD5FEA545C05D14000494128BF41F0CC
:104E4800004130BD14F580043CBF01F5801130BD30
:104E580001F0004545F0FE4141F470014FF00000BB
:104E680030BD7FEA645C1ABF194610467FEA655C6C
:104E78001CBF0B46024650EA013406BF52EA03350E
:104E880091EA030F41F4002130BD00BF90F0000FFC
:104E980004BF0021704730B54FF4806404F1320438
:104EA8004FF000054FF0000150E700BF90F0000FF1
:104EB80004BF0021704730B54FF4806404F1320418
:104EC80010F0004548BF40424FF000013EE700BFE8
:104ED80042004FEAE2014FEA31014FEA02701FBF78
:104EE80012F07F4393F07F4F81F06051704732F0AA
:104EF8007F4208BF704793F07F4F04BF41F4002101
:104F0800704730B54FF4607401F0004521F000415E
:104F18001CE700BF50EA010208BF704730B54FF0E8
:104F280000050AE050EA010208BF704730B511F0E9
:104F3800004502D5404261EB41014FF4806404F121
:104F480032045FEA915C3FF4D8AE4FF003025FEAA7
:104F5800DC0C18BF03325FEADC0C18BF033202EB2B
:104F6800DC02C2F1200300FA03FC20FA02F001FA85
:104F780003FE40EA0E0021FA02F11444BDE600BF28
:104F880070B54FF0FF0C4CF4E06C1CEA11541DBFD7
:104F98001CEA135594EA0C0F95EA0C0F00F0DEF8A2
:104FA8002C4481EA030621EA4C5123EA4C5350EA87
:104FB800013518BF52EA033541F4801143F48013D8
:104FC80038D0A0FB02CE4FF00005E1FB02E506F069
:104FD8000042E0FB03E54FF00006E1FB03569CF0BE
:104FE800000F18BF4EF0010EA4F1FF04B6F5007FC4
:104FF80064F5407404D25FEA4E0E6D4146EB060636
:1050080042EAC62141EA55514FEAC52040EA5E50BE
:105018004FEACE2EB4F1FD0C88BFBCF5E06F1ED868
:10502800BEF1004F08BF5FEA500E50F1000041EB9F
:10503800045170BD06F0004646EA010140EA02004C
:1050480081EA0301B4EB5C04C2BFD4EB0C0541EA6E
:10505800045170BD41F480114FF0000E013C00F383
:10506800AB8014F1360FDEBF002001F0004170BDA7
:10507800C4F10004203C35DA0C341BDC04F11404C0
:10508800C4F1200500FA05F320FA04F001FA05F24C
:1050980040EA020001F0004221F0004110EBD37019
:1050A80021FA04F642EB06015EEA430E08BF20EA45
:1050B800D37070BDC4F10C04C4F1200500FA04F3E8
:1050C80020FA05F001FA04F240EA020001F000417A
:1050D80010EBD37041F100015EEA430E08BF20EAED
:1050E800D37070BDC4F1200500FA05F24EEA020E35
:1050F80020FA04F301FA05F243EA020321FA04F064
:1051080001F0004121FA04F220EA020000EBD3701A
:105118005EEA430E08BF20EAD37070BD94F0000F1A
:105128000FD101F00046400041EB010111F4801F4E
:1051380008BF013CF7D041EA060195F0000F18BFFF
:10514800704703F00046520043EB030313F4801F3B
:1051580008BF013DF7D043EA0603704794EA0C0FF5
:105168000CEA135518BF95EA0C0F0CD050EA41060B
:1051780018BF52EA4306D1D181EA030101F0004188
:105188004FF0000070BD50EA410606BF10461946B0
:1051980052EA430619D094EA0C0F02D150EA0136BC
:1051A80013D195EA0C0F05D152EA03361CBF1046FD
:1051B80019460AD181EA030101F0004141F0FE419C
:1051C80041F470014FF0000070BD41F0FE4141F420
:1051D800780170BD70B54FF0FF0C4CF4E06C1CEA20
:1051E80011541DBF1CEA135594EA0C0F95EA0C0FD5
:1051F80000F0A7F8A4EB050481EA030E52EA033590
:105208004FEA013100F088804FEA03334FF08055B0
:1052180045EA131343EA12634FEA022245EA1115DD
:1052280045EA10654FEA00260EF000419D4208BF8E
:10523800964244F1FD0404F5407402D25B084FEA3B
:105248003202B61A65EB03055B084FEA32024FF4E7
:1052580080104FF4002CB6EB020E75EB030E22BF44
:10526800B61A754640EA0C005B084FEA3202B6EB04
:10527800020E75EB030E22BFB61A754640EA5C00B3
:105288005B084FEA3202B6EB020E75EB030E22BF43
:10529800B61A754640EA9C005B084FEA3202B6EB44
:1052A800020E75EB030E22BFB61A754640EADC0003
:1052B80055EA060E18D04FEA051545EA16754FEA65
:1052C80006164FEAC30343EA52734FEAC2025FEA83
:1052D8001C1CC0D111F4801F0BD141EA00014FF012
:1052E80000004FF0004CB6E711F4801F04BF0143E3
:1052F8000020B4F1FD0C88BFBCF5E06F3FF6AFAEFF
:10530800B5EB030C04BFB6EB020C5FEA500C50F18E
:10531800000041EB045170BD0EF0004E4EEA113111
:1053280014EB5C04C2BFD4EB0C0541EA045170BD18
:1053380041F480114FF0000E013C90E645EA060E5C
:105348008DE60CEA135594EA0C0F08BF95EA0C0F8A
:105358003FF43BAF94EA0C0F0AD150EA01347FF4D2
:1053680034AF95EA0C0F7FF425AF104619462CE7A9
:1053780095EA0C0F06D152EA03353FF4FDAE10460C
:10538800194622E750EA410618BF52EA43067FF45D
:10539800C5AE50EA41047FF40DAF52EA43057FF4ED
:1053A800EBAE12E74FF0FF3C06E000BF4FF0010CF8
:1053B80002E000BF4FF0010C4DF804CD4FEA410C5C
:1053C8007FEA6C5C4FEA430C18BF7FEA6C5C1BD029
:1053D80001B050EA410C0CBF52EA430C91EA030FAA
:1053E80002BF90EA020F0020704710F1000F91EA07
:1053F800030F58BF994208BF90422CBFD8176FEAD5
:10540800E37040F0010070474FEA410C7FEA6C5CA2
:1054180002D150EA013C07D14FEA430C7FEA6C5CA9
:10542800D6D152EA033CD3D05DF8040B704700BFD5
:105438008446104662468C461946634600E000BF23
:1054480001B5FFF7B7FF002848BF10F1000F01BDF5
:105458004DF808EDFFF7F4FF0CBF012000205DF8C0
:1054680008FB00BF4DF808EDFFF7EAFF34BF012045
:1054780000205DF808FB00BF4DF808EDFFF7E0FFDE
:1054880094BF012000205DF808FB00BF4DF808ED2F
:10549800FFF7CEFF94BF012000205DF808FB00BF96
:1054A8004DF808EDFFF7C4FF34BF012000205DF878
:1054B80008FB00BF4FEA410C7FEA6C5C02D150EA5E
:1054C800013C0AD14FEA430C7FEA6C5C02D152EAF4
:1054D800033C02D14FF0000070474FF001007047C5
:1054E8004FEA410212F5001215D211D56FF4787304
:1054F800B3EB625212D94FEAC12343F0004343EAA7
:10550800505311F0004F23FA02F018BF4042704781
:105518004FF00000704750EA013005D111F000400B
:1055280008BF6FF0004070474FF00000704700BFA1
:105538004A0011D212F5001211D20DD56FF478730A
:10554800B3EB62520ED44FEAC12343F0004343EA5F
:10555800505323FA02F070474FF00000704750EAAA
:10556800013002D14FF0FF3070474FF00000704714
:105578004FEA4102B2F1E04324BFB3F5001CDCF16D
:10558800FE5C0DD901F0004C4FEAC0024CEA5070A5
:10559800B2F1004F40EB830008BF20F001007047D4
:1055A80011F0804F21D113F13872BCBF01F00040D7
:1055B800704741F480114FEA5252C2F11802C2F109
:1055C800200C10FA0CF320FA02F018BF40F001008A
:1055D8004FEAC1234FEAD32303FA0CFC40EA0C003C
:1055E80023FA02F34FEA4303CCE77FEA625307D179
:1055F80050EA01331EBF4FF0FE4040F440007047B0
:1056080001F0004040F0FE4040F40000704700BF49
:10561800000000000000000001020304060708095A
:10562800B80B0000B80B0000C800000064000000C0
:1056380064000000F4010000B80B0000B80B000083
:10564800140000002C0100003200000001000000DE
:105658000000000000000000000000000000000042
:105668000000000000000000000000000000000032
:10567800FFFFFFFFFFFFFFFFFFFFFFFFFFFFFFFF32
:10568800FFFFFFFFFFFFFFFFFFFFFFFFFFFFFFFF22
:10569800000102030405060708090A0B0C0D0E0F8A
:1056A800101112131415161718191A1B1C1D1E1F7A
:1056B800202122232425262728292A2B2C2D2E2F6A
:1056C800303132333435363738393A3B3C3D3E3F5A
:1056D800000001010202030310203040AA55AA5518
:1056E800000001010202030310203040AA55AA5508
:1056F800000001010202030310203040AA55AA55F8
:10570800000001010202030310203040AA55AA55E7
:10571800000001010202030310203040AA55AA55D7
:10572800000001010202030310203040AA55AA55C7
:10573800000001010202030310203040AA55AA55B7
:10574800000001010202030310203040AA55AA55A7
:105758000000000000000000000000000000000041
:105768000000000000000000000000000000000031
:10577800FFFFFFFFFFFFFFFFFFFFFFFFFFFFFFFF31
:10578800FFFFFFFFFFFFFFFFFFFFFFFFFFFFFFFF21
:10579800000102030405060708090A0B0C0D0E0F89
:1057A800101112131415161718191A1B1C1D1E1F79
:1057B800202122232425262728292A2B2C2D2E2F69
:1057C800303132333435363738393A3B3C3D3E3F59
:1057D800000001010202030310203040AA55AA5517
:1057E800000001010202030310203040AA55AA5507
:1057F800000001010202030310203040AA55AA55F7
:10580800000001010202030310203040AA55AA55E6
:10581800000001010202030310203040AA55AA55D6
:10582800000001010202030310203040AA55AA55C6
:10583800000001010202030310203040AA55AA55B6
:10584800000001010202030310203040AA55AA55A6
:105858000000000000000000000000000000000040
:105868000000000000000000000000000000000030
:10587800FFFFFFFFFFFFFFFFFFFFFFFFFFFFFFFF30
:10588800FFFFFFFFFFFFFFFFFFFFFFFFFFFFFFFF20
:10589800000102030405060708090A0B0C0D0E0F88
:1058A800101112131415161718191A1B1C1D1E1F78
:1058B800202122232425262728292A2B2C2D2E2F68
:1058C800303132333435363738393A3B3C3D3E3F58
:1058D800000001010202030310203040AA55AA5516
:1058E800000001010202030310203040AA55AA5506
:1058F800000001010202030310203040AA55AA55F6
:10590800000001010202030310203040AA55AA55E5
:10591800000001010202030310203040AA55AA55D5
:10592800000001010202030310203040AA55AA55C5
:10593800000001010202030310203040AA55AA55B5
:10594800000001010202030310203040AA55AA55A5
:10595800000000000000000000000000000000003F
:10596800000000000000000000000000000000002F
:10597800FFFFFFFFFFFFFFFFFFFFFFFFFFFFFFFF2F
:10598800FFFFFFFFFFFFFFFFFFFFFFFFFFFFFFFF1F
:10599800000102030405060708090A0B0C0D0E0F87
:1059A800101112131415161718191A1B1C1D1E1F77
:1059B800202122232425262728292A2B2C2D2E2F67
:1059C800303132333435363738393A3B3C3D3E3F57
:1059D800000001010202030310203040AA55AA5515
:1059E800000001010202030310203040AA55AA5505
:1059F800000001010202030310203040AA55AA55F5
:105A0800000001010202030310203040AA55AA55E4
:105A1800000001010202030310203040AA55AA55D4
:105A2800000001010202030310203040AA55AA55C4
:105A3800000001010202030310203040AA55AA55B4
:105A4800000001010202030310203040AA55AA55A4
:105A5800000000000000000000000000000000003E
:105A6800000000000000000000000000000000002E
:105A7800FFFFFFFFFFFFFFFFFFFFFFFFFFFFFFFF2E
:105A8800FFFFFFFFFFFFFFFFFFFFFFFFFFFFFFFF1E
:105A9800000102030405060708090A0B0C0D0E0F86
:105AA800101112131415161718191A1B1C1D1E1F76
:105AB800202122232425262728292A2B2C2D2E2F66
:105AC800303132333435363738393A3B3C3D3E3F56
:105AD800000001010202030310203040AA55AA5514
:105AE800000001010202030310203040AA55AA5504
:105AF800000001010202030310203040AA55AA55F4
:105B0800000001010202030310203040AA55AA55E3
:105B1800000001010202030310203040AA55AA55D3
:105B2800000001010202030310203040AA55AA55C3
:105B3800000001010202030310203040AA55AA55B3
:105B4800000001010202030310203040AA55AA55A3
:105B5800000000000000000000000000000000003D
:105B6800000000000000000000000000000000002D
:105B7800FFFFFFFFFFFFFFFFFFFFFFFFFFFFFFFF2D
:105B8800FFFFFFFFFFFFFFFFFFFFFFFFFFFFFFFF1D
:105B9800000102030405060708090A0B0C0D0E0F85
:105BA800101112131415161718191A1B1C1D1E1F75
:105BB800202122232425262728292A2B2C2D2E2F65
:105BC800303132333435363738393A3B3C3D3E3F55
:105BD800000001010202030310203040AA55AA5513
:105BE800000001010202030310203040AA55AA5503
:105BF800000001010202030310203040AA55AA55F3
:105C0800000001010202030310203040AA55AA55E2
:105C1800000001010202030310203040AA55AA55D2
:105C2800000001010202030310203040AA55AA55C2
:105C3800000001010202030310203040AA55AA55B2
:105C4800000001010202030310203040AA55AA55A2
:105C5800000000000000000000000000000000003C
:105C6800000000000000000000000000000000002C
:105C7800FFFFFFFFFFFFFFFFFFFFFFFFFFFFFFFF2C
:105C8800FFFFFFFFFFFFFFFFFFFFFFFFFFFFFFFF1C
:105C9800000102030405060708090A0B0C0D0E0F84
:105CA800101112131415161718191A1B1C1D1E1F74
:105CB800202122232425262728292A2B2C2D2E2F64
:105CC800303132333435363738393A3B3C3D3E3F54
:105CD800000001010202030310203040AA55AA5512
:105CE800000001010202030310203040AA55AA5502
:105CF800000001010202030310203040AA55AA55F2
:105D0800000001010202030310203040AA55AA55E1
:105D1800000001010202030310203040AA55AA55D1
:105D2800000001010202030310203040AA55AA55C1
:105D3800000001010202030310203040AA55AA55B1
:105D4800000001010202030310203040AA55AA55A1
:105D5800000000000000000000000000000000003B
:105D6800000000000000000000000000000000002B
:105D7800FFFFFFFFFFFFFFFFFFFFFFFFFFFFFFFF2B
:105D8800FFFFFFFFFFFFFFFFFFFFFFFFFFFFFFFF1B
:105D9800000102030405060708090A0B0C0D0E0F83
:105DA800101112131415161718191A1B1C1D1E1F73
:105DB800202122232425262728292A2B2C2D2E2F63
:105DC800303132333435363738393A3B3C3D3E3F53
:105DD800000001010202030310203040AA55AA5511
:105DE800000001010202030310203040AA55AA5501
:105DF800000001010202030310203040AA55AA55F1
:105E0800000001010202030310203040AA55AA55E0
:105E1800000001010202030310203040AA55AA55D0
:105E2800000001010202030310203040AA55AA55C0
:105E3800000001010202030310203040AA55AA55B0
:105E4800000001010202030310203040AA55AA55A0
:105E58001C36C84190A1EDB4A79DD47EF3AA39079A
:105E6800677CA4C371BA8E78AE7C94B222C84ED532
:105E78008214F46417E45E9BA46A61680E8E098438
:105E880079FA7CEF525FD641D2E2D9CEBBE6D65042
:105E98005F5BCECE9346BF79689DD27F5E8E13AE90
:105EA8004507B95818FBC9077903AF61EFF0E15806
:105EB800C5D0EEE761711FDB60C472AF8ED3574067
:105EC800FF34873E5FEFCCABC8D9CCD3A27234E0A5
:105ED80034030301E052C478729B75E168B0A6F4FC
:105EE8008DF3A439E4C9396E94DA7BD9FBB663D152
:105EF8007AFEAD4B68AAF7A245BDA9D22709D2768A
:105F0800069EB199C854F05BB4C6EAD7B272419DF7
:105F1800BEC10C7D6DC82EF499298F0A2EAA12C60F
:105F2800F9F6AFC68337BB6AC629C3748271FC9180
:105F380046E33380286840F1C154B54DB8DA8F8400
:105F4800163BC98DCE8674A0A6AEB421DDABAACA15
:105F58006E4D83A45981098FEC5611DA8A1F59F8BE
:105F68001E7D97824BDD4516CF832A58C90367DC0F
:105F78006EF3919880FEC5E1A03FE85A97FE869A95
:105F8800E7415F502EA9E2FA9BD26C6E50765C7D99
:105F980041ED022A6161FEA889E37FCD98FD8D67F6
:105FA800333D7AE24193BF1248D62FC29869013235
:105FB800C19BD521DB9EB2A15EB9304B9C46B3A1F3
:105FC80043F0DDEA996E6D96D9DCAB804F51841AA7
:105FD800E84595FC0A40C0C60F3B9C3D66A87C0D71
:105FE8000ADC99EA7832215C4A8909DD34082E5C9A
:105FF8008700AC99C124AA54B37F2CD0E4D38A205B
:1060080000280B535A87C8892EDF96D21186DCB830
:106018005515289351518F6C5CFCAF4D8E878D7947
:10602800DDEEC71FE3A74F48131940E5CA597AB7F1
:10603800A0A156980B20DBBB1755DCE7DE62CD2A02
:1060480002CFE3673655DBED7A1E869FCFEA1550FF
:10605800E1D25910368FDCE701222207EDA119B6EB
:10606800A039A7BE84C31C5ECD81B038AB5DBE62CB
:10607800D7437D8961155A569C60627614A5375AB4
:1060880022B8374E783F1F67F9C6B8E6852C81E2FB
:10609800062E7CB4A79D55155AE51D0425A08376C8
:1060A8004424CE7F46A9F1066F08C1A348B71191D1
:1060B80039BB25E99272EAE49FB89DE995E2E3CA03
:1060C800AA8D87D0A7D47FD67027815B8741AAAADB
:1060D800EBF97E6490709D0D63E52D484FFDF61D2C
:1060E800F1FCAAE41BEA5C3D81BC9952F7F3DBEAB8
:1060F8003BD62C89B8F4F5B67BFA6284EB1076AE01
:106108001F951221E2F2DC7828DC0D988BA0395813
:106118005A4CCC835B98B97D5E917A324945C6EF7B
:10612800BED730AF93FA366D4CE90CFF92910A78DE
:106138007ADA54C2FFA24D8E0D9540983337750B0D
:1061480002327FC961294F1A16EFCE77C584F272E1
:1061580010AC2522BB85675808E7C43B641A864201
:10616800B7DA816379218E1811EF924E29B6A2957C
:1061780034F1D625CED823516ECC08795CB4DB9E99
:10618800F5375A88A6FEA6EE65D1F5ED65485BFAA7
:1061980023EF9BADA25DFB812EEDA063C5E4BE4E4F
:1061A80005C736E3C95E47E6A4430A39B6BC000D05
:1061B8004080C1E62BE6D51B8CEE9F63EFC371C40C
:1061C80066598ED81299B458D4B9341C2407B1AE84
:1061D8004ACFAE83398B68F2FA926CD34DA31EAEC8
:1061E800242668F67510A96CF3FE186EAFA8A68B66
:1061F800DD89D341B015F918881CF79192974D3570
:10620800E0CAA43137ABC2954218FC21CAE58144E3
:1062180083781A28E33ED04BB229B7E19BAB4D9265
:10622800685B52752277174B6F94C2A3FFD99F18EA
:106238008C1B06F508A05D8D2B1553E316837EA0F5
:106248002C408450840B5B7B0B772D91D8B29752EE
:1062580001495D965B98DF6A94006DD31A113A5D27
:106268008492B609698C52BFD5099106C3F559B510
:10627800719F0D7525B189A97979E01B4080F91BBB
:10628800401D4A9CE443E2B871A3AC47BBA7856BA9
:106298000F1E5397580FF44A93935B10FAAE078674
:1062A800620A13B39AAB645AD85AF17EEBD48D0CB8
:1062B800721E04301A7CEEAF4AB9C8E7F405ACEE9A
:1062C8009163CE75450896466DC5142909676E9F7A
:1062D800F266B3201C6B6A39C38F327D0D10599951
:1062E800B1D21A8BD15E4DDCEB182A822DE43D5DCC
:1062F8001B16FB9F935DF6FDA067D0FE68EFA90F04
:10630800383E2436EAF1E70905E3B6A9EA9FCF1833
:106318001BE2607A47687A2F50E533C61333C40FFF
:106328003CCD7197517955CC4DF54F0D1E019F917C
:106338004C5621CCF9C278E868D83CBD4CD720AB84
:10634800123D4CC810C23846D6FFD2440FAC157760
:106358000C55BF530302B467C18F4A70C3E817B026
:106368000F8B06C11D1452E7DB973F5443DDA91577
:10637800D55BF7F58B7F0EA28A59BEB955A9EA0CF1
:10638800DB6BAA6BFD56861F274C6FA23336012F95
:10639800657C2D2DF9274595160EEC4265CF3BAA55
:1063A8009DCA155D4B0567FD80F246639EAA72BEC5
:1063B8007353A7CD7FE66E6C9EAFC5FC16434DC2E6
:1063C800642180C01850BAB26038EF9B6FA9F3D52A
:1063D80014EE00F5B9306CE2707E42E6C711FB1E80
:1063E80052AD730E1BB6C13EFFF6D591F078E2E6CA
:1063F8009E13353FD71B6B6BE3FC0A61B703379DD0
:10640800B4936301B838046B2D4514093B1432D793
:10641800D2BD7E4683E7DFAE5F4414036FC04B7A7C
:10642800F16A7BF60DB82EF62FEE0608DF30DCFF9A
:106438002A9A223E7B4B4619A9A1166A017E0CD6E0
:10644800A425BDB93B685394948CD55FEFC592D110
:1064580065E34D06A0A5C4856BF825215EAC9510B3
:10646800955AB25B17F47A9CAA9D7323E58073173B
:106478008CB696E7E5FF92B0EA2AFE0F96832713BB
:10648800CBD7DED188BA135A8385F64ED69A333DD8
:10649800EA0EC5AA6237C13922F9EE8B3AF60F6ABD
:1064A8006757F0C69FC22A5816C04FFBE2E5C84896
:1064B8008B95B5F72A01F6C07B56E5C0C728DBE502
:1064C800F11CE9A26DD2630EE1970FD788D98E0A25
:1064D800FD3393A065C1CB8ECFB2C201B76F1E1931
:1064E80025B6503371B47529B04AF10BE2C054F4A3
:1064F8009390646AB9CB89E7A9EEA76CCA079D3D5A
:1065080056FC9EDAACB67A7EF20F4E508B11144EC2
:10651800F69FCFC012FBF9124751464BDE80FD08AB
:10652800006B974BFA9B5F5E90758E61ACB4F5C2B9
:106538007D21834377961AF05202A673E2B11FA910
:106548001D3F72692C27A57C2A0F766B499AB1BD2D
:10655800FC763B16A0351EAF6AF0433AB6E2868851
:1065680075D28B2CF323886481E76621753C6275AC
:10657800B998DCB40FBAB5C73B7A037D53F86432D7
:106588004874790648EBC582A603AA7AFF007063AF
:10659800883F44D282A580D3404A7E8CB55E13AC36
:1065A8001386B4B588965562E9BD22B498F5F2D73A
:1065B800646781DF56462707A4D07031D2351EDFC5
:1065C800F71C05E2137D38752AF0FAF401C197012A
:1065D800C7893ECD1EF5E555D50C1DA5BDFC047D2E
:1065E80038A8032A47B9E7BF71B2B472671B5927A5
:1065F80028B45200F41661AD295FBC66389469CDA1
:10660800177DB21E1660446F795C84CEA358A735F7
:1066180015E1348C1E9BE2C6FB2037A99EF19279C6
:106628004169DC6E1653D480CA03EBE3A01EF3BAAB
:10663800A20B315CA4AE0190E18AC56BE7D9C46DA9
:10664800B37C9B8DDA8491B1B9AD82272E324DEBA4
:1066580080858A8F94989DA2A6ABAFB3B8BCBFC300
:10666800C7CACDD0D3D6D8DADCDEE0E1E2E3E4E491
:10667800E4E4E4E3E2E1E0DEDCDAD8D6D3D0CDCA64
:10668800C7C3BFBCB8B3AFABA6A29D98948F8A8589
:10669800807B76716C68635E5A55514D4844413D24
:1066A800393633302D2A28262422201F1E1D1C1C73
:1066B8001C1C1C1D1E1F20222426282A2D30333680
:1066C800393D4144484D51555A5E63686C71767B3B
:1066D80080858A8F94989DA2A6ABAFB3B8BCBFC380
:1066E800C7CACDD0D3D6D8DADCDEE0E1E2E3E4E411
:1066F800E4E4E4E3E2E1E0DEDCDAD8D6D3D0CDCAE4
:10670800C7C3BFBCB8B3AFABA6A29D98948F8A8508
:10671800807B76716C68635E5A55514D4844413DA3
:10672800393633302D2A28262422201F1E1D1C1CF2
:106738001C1C1C1D1E1F20222426282A2D303336FF
:10674800393D4144484D51555A5E63686C71767BBA
:1067580080858A8F94989DA2A6ABAFB3B8BCBFC3FF
:10676800C7CACDD0D3D6D8DADCDEE0E1E2E3E4E490
:10677800E4E4E4E3E2E1E0DEDCDAD8D6D3D0CDCA63
:10678800C7C3BFBCB8B3AFABA6A29D98948F8A8588
:10679800807B76716C68635E5A55514D4844413D23
:1067A800393633302D2A28262422201F1E1D1C1C72
:1067B8001C1C1C1D1E1F20222426282A2D3033367F
:1067C800393D4144484D51555A5E63686C71767B3A
:1067D80080858A8F94989DA2A6ABAFB3B8BCBFC37F
:1067E800C7CACDD0D3D6D8DADCDEE0E1E2E3E4E410
:1067F800E4E4E4E3E2E1E0DEDCDAD8D6D3D0CDCAE3
:10680800C7C3BFBCB8B3AFABA6A29D98948F8A8507
:10681800807B76716C68635E5A55514D4844413DA2
:10682800393633302D2A28262422201F1E1D1C1CF1
:106838001C1C1C1D1E1F20222426282A2D303336FE
:10684800393D4144484D51555A5E63686C71767BB9
:1068580080858A8F94989DA2A6ABAFB3B8BCBFC3FE
:10686800C7CACDD0D3D6D8DADCDEE0E1E2E3E4E48F
:10687800E4E4E4E3E2E1E0DEDCDAD8D6D3D0CDCA62
:10688800C7C3BFBCB8B3AFABA6A29D98948F8A8587
:10689800807B76716C68635E5A55514D4844413D22
:1068A800393633302D2A28262422201F1E1D1C1C71
:1068B8001C1C1C1D1E1F20222426282A2D3033367E
:1068C800393D4144484D51555A5E63686C71767B39
:1068D80080858A8F94989DA2A6ABAFB3B8BCBFC37E
:1068E800C7CACDD0D3D6D8DADCDEE0E1E2E3E4E40F
:1068F800E4E4E4E3E2E1E0DEDCDAD8D6D3D0CDCAE2
:10690800C7C3BFBCB8B3AFABA6A29D98948F8A8506
:10691800807B76716C68635E5A55514D4844413DA1
:10692800393633302D2A28262422201F1E1D1C1CF0
:106938001C1C1C1D1E1F20222426282A2D303336FD
:10694800393D4144484D51555A5E63686C71767BB8
:1069580080858A8F94989DA2A6ABAFB3B8BCBFC3FD
:10696800C7CACDD0D3D6D8DADCDEE0E1E2E3E4E48E
:10697800E4E4E4E3E2E1E0DEDCDAD8D6D3D0CDCA61
:10698800C7C3BFBCB8B3AFABA6A29D98948F8A8586
:10699800807B76716C68635E5A55514D4844413D21
:1069A800393633302D2A28262422201F1E1D1C1C70
:1069B8001C1C1C1D1E1F20222426282A2D3033367D
:1069C800393D4144484D51555A5E63686C71767B38
:1069D80080858A8F94989DA2A6ABAFB3B8BCBFC37D
:1069E800C7CACDD0D3D6D8DADCDEE0E1E2E3E4E40E
:1069F800E4E4E4E3E2E1E0DEDCDAD8D6D3D0CDCAE1
:106A0800C7C3BFBCB8B3AFABA6A29D98948F8A8505
:106A1800807B76716C68635E5A55514D4844413DA0
:106A2800393633302D2A28262422201F1E1D1C1CEF
:106A38001C1C1C1D1E1F20222426282A2D303336FC
:106A4800393D4144484D51555A5E63686C71767BB7
:106A580080858A8F94989DA2A6ABAFB3B8BCBFC3FC
:106A6800C7CACDD0D3D6D8DADCDEE0E1E2E3E4E48D
:106A7800E4E4E4E3E2E1E0DEDCDAD8D6D3D0CDCA60
:106A8800C7C3BFBCB8B3AFABA6A29D98948F8A8585
:106A9800807B76716C68635E5A55514D4844413D20
:106AA800393633302D2A28262422201F1E1D1C1C6F
:106AB8001C1C1C1D1E1F20222426282A2D3033367C
:106AC800393D4144484D51555A5E63686C71767B37
:106AD80080858A8F94989DA2A6ABAFB3B8BCBFC37C
:106AE800C7CACDD0D3D6D8DADCDEE0E1E2E3E4E40D
:106AF800E4E4E4E3E2E1E0DEDCDAD8D6D3D0CDCAE0
:106B0800C7C3BFBCB8B3AFABA6A29D98948F8A8504
:106B1800807B76716C68635E5A55514D4844413D9F
:106B2800393633302D2A28262422201F1E1D1C1CEE
:106B38001C1C1C1D1E1F20222426282A2D303336FB
:106B4800393D4144484D51555A5E63686C71767BB6
:106B580080858A8F94989DA2A6ABAFB3B8BCBFC3FB
:106B6800C7CACDD0D3D6D8DADCDEE0E1E2E3E4E48C
:106B7800E4E4E4E3E2E1E0DEDCDAD8D6D3D0CDCA5F
:106B8800C7C3BFBCB8B3AFABA6A29D98948F8A8584
:106B9800807B76716C68635E5A55514D4844413D1F
:106BA800393633302D2A28262422201F1E1D1C1C6E
:106BB8001C1C1C1D1E1F20222426282A2D3033367B
:106BC800393D4144484D51555A5E63686C71767B36
:106BD80080858A8F94989DA2A6ABAFB3B8BCBFC37B
:106BE800C7CACDD0D3D6D8DADCDEE0E1E2E3E4E40C
:106BF800E4E4E4E3E2E1E0DEDCDAD8D6D3D0CDCADF
:106C0800C7C3BFBCB8B3AFABA6A29D98948F8A8503
:106C1800807B76716C68635E5A55514D4844413D9E
:106C2800393633302D2A28262422201F1E1D1C1CED
:106C38001C1C1C1D1E1F20222426282A2D303336FA
:106C4800393D4144484D51555A5E63686C71767BB5
:106C580080858A8F94989DA2A6ABAFB3B8BCBFC3FA
:106C6800C7CACDD0D3D6D8DADCDEE0E1E2E3E4E48B
:106C7800E4E4E4E3E2E1E0DEDCDAD8D6D3D0CDCA5E
:106C8800C7C3BFBCB8B3AFABA6A29D98948F8A8583
:106C9800807B76716C68635E5A55514D4844413D1E
:106CA800393633302D2A28262422201F1E1D1C1C6D
:106CB8001C1C1C1D1E1F20222426282A2D3033367A
:106CC800393D4144484D51555A5E63686C71767B35
:106CD80080858A8F94989DA2A6ABAFB3B8BCBFC37A
:106CE800C7CACDD0D3D6D8DADCDEE0E1E2E3E4E40B
:106CF800E4E4E4E3E2E1E0DEDCDAD8D6D3D0CDCADE
:106D0800C7C3BFBCB8B3AFABA6A29D98948F8A8502
:106D1800807B76716C68635E5A55514D4844413D9D
:106D2800393633302D2A28262422201F1E1D1C1CEC
:106D38001C1C1C1D1E1F20222426282A2D303336F9
:106D4800393D4144484D51555A5E63686C71767BB4
:106D580080858A8F94989DA2A6ABAFB3B8BCBFC3F9
:106D6800C7CACDD0D3D6D8DADCDEE0E1E2E3E4E48A
:106D7800E4E4E4E3E2E1E0DEDCDAD8D6D3D0CDCA5D
:106D8800C7C3BFBCB8B3AFABA6A29D98948F8A8582
:106D9800807B76716C68635E5A55514D4844413D1D
:106DA800393633302D2A28262422201F1E1D1C1C6C
:106DB8001C1C1C1D1E1F20222426282A2D30333679
:106DC800393D4144484D51555A5E63686C71767B34
:106DD80080858A8F94989DA2A6ABAFB3B8BCBFC379
:106DE800C7CACDD0D3D6D8DADCDEE0E1E2E3E4E40A
:106DF800E4E4E4E3E2E1E0DEDCDAD8D6D3D0CDCADD
:106E0800C7C3BFBCB8B3AFABA6A29D98948F8A8501
:106E1800807B76716C68635E5A55514D4844413D9C
:106E2800393633302D2A28262422201F1E1D1C1CEB
:106E38001C1C1C1D1E1F20222426282A2D303336F8
:106E4800393D4144484D51555A5E63686C71767BB3
:106E580067E6096A85AE67BB72F36E3C3AF54FA5E3
:106E68007F520E518C68059BABD9831F19CDE05B0F
:106E7800982F8A4291443771CFFBC0B5A5DBB5E99D
:106E88005BC25639F111F159A4823F92D55E1CAB11
:106E980098AA07D8015B8312BE853124C37D0C559F
:106EA800745DBE72FEB1DE80A706DC9B74F19BC1E7
:106EB800C1699BE48647BEEFC69DC10FCCA10C24D7
:106EC8006F2CE92DAA84744ADCA9B05CDA88F976BB
:106ED80052513E986DC631A8C82703B0C77F59BF25
:106EE800F30BE0C64791A7D55163CA066729291451
:106EF800850AB72738211B2EFC6D2C4D130D3853EE
:106F080054730A65BB0A6A762EC9C281852C7292AF
:106F1800A1E8BFA24B661AA8708B4BC2A3516CC7DD
:106F280019E892D1240699D685350EF470A06A1016
:106F380016C1A419086C371E4C774827B5BCB03465
:106F4800B30C1C394AAAD84E4FCA9C5BF36F2E6803
:106F5800EE828F746F63A5781478C8840802C78C92
:106F6800FAFFBE90EB6C50A4F7A3F9BEF27871C695
:106F78008D01020408102040801B3600637C777B5B
:106F8800F26B6FC53001672BFED7AB76CA82C97D1D
:106F9800FA5947F0ADD4A2AF9CA472C0B7FD9326AE
:106FA800363FF7CC34A5E5F171D8311504C723C3B2
:106FB8001896059A071280E2EB27B27509832C1AF6
:106FC8001B6E5AA0523BD6B329E32F8453D100ED50
:106FD80020FCB15B6ACBBE394A4C58CFD0EFAAFB34
:106FE800434D338545F9027F503C9FA851A3408FFC
:106FF800929D38F5BCB6DA2110FFF3D2CD0C13EC14
:107008005F974417C4A77E3D645D197360814FDCA8
:10701800222A908846EEB814DE5E0BDBE0323A0A8C
:107028004906245CC2D3AC629195E479E7C8376D10
:107038008DD54EA96C56F4EA657AAE08BA78252E35
:107048001CA6B4C6E8DD741F4BBD8B8A703EB566BE
:107058004803F60E613557B986C11D9EE1F89811AF
:1070680069D98E949B1E87E9CE5528DF8CA1890D9E
:10707800BFE6426841992D0FB054BB1601020100CA
:107088000101010001020302010000003031323326
:107098003435363738396162636465663031323386
:1070A8003435363738396162636465663031323376
:1070B800343536373839616263646566000000002C
:1070C80000000000000000003B7DD85D2526561D0D
:1070D800C10709B950718F4477805F094A4FB7DA01
:1070E80057F4EF77EF08B5904109FC85C77508C5D7
:1070F800692C8D7331D995009CBA175E199F196355
:10710800C2CE3FB66B00A4058981BFCEABD9787AD1
:1071180096C9227DDF2B8A9D7EEE93A1F2C202548E
:10712800B08930388CE3FC2999A1E02229B39E97D5
:10713800E324611152CEC4C19CA4D3B71B19F75BD9
:10714800FA584B6FC787A17D18639D4A21E433A382
:107158002CDCC94F385F61DA5D11AFB3F3AB6F1F39
:10716800EF002CF9353BCA542FCADAA99EDBE33D60
:10717800F22A9896869FB87E75888DA4DA5FEB848C
:10718800C02270C9FDC3D04B04D8B0F85F3FD32DDF
:107198009A1A440A1520C71356129B2B118E433294
:1071A800ADC6A8C155CF07E8FBA98BF2EC247A8CB1
:1071B800A7BF3CD18C05252CBA57FBF6BD5C9A0AB3
:1071C80003614624CF3206481B743E9E896E2AB25C
:1071D8007CF70C4AE2F5DB5D6756E93745A45CE4C9
:1071E800562F0D3EDAD61FC7D6ED7B0F981EF93CF9
:1071F800F7C23AB02974E03B30E119764BD46A758E
:10720800DDE8308163182E1A13F142530B93F1B560
:1072180034DDAF14C10177DEB3BEE3946274FDD1EF
:10722800ED332A00C9D239279587B745D01167723F
:10723800B2A794E588CE1A81D815DFC43B0D803EED
:107248001FAEF60EC165B89E2E9EC5FB5295DEDDBB
:1072580008B306908626581B93E42C94EB5C9FA8F1
:10726800ACB0C46AB787606CB7A7500508C686B0CB
:107278002179D127C7AF9EA0F93DCBC67DBB9E67BC
:107288005CC5DCE24F34D2E40EA5039E5B64B260B9
:10729800057D78FD66C714C87AC092C2A78C6FA214
:1072A80035CE7214D27E3C198BFB5354B9D998361B
:1072B800F32498B8FC5722AEDD93F868D05871C70C
:1072C800646F932596DBD112B5F16F9FCB1641D928
:1072D8001063EB485FF02C167E6EE951A6D33AF4A2
:1072E8004A3E9C68F50A36FB63161411756752A965
:1072F800880AB842FAB857C914C194AD4A24182864
:10730800892A6A5D7ACBCEC2BD256EC97A6264DAF3
:107318000A113F5E78993CAE1972AE44528ED58CF4
:10732800917AF2838467BC3AF190E9C38ECB470621
:107338001AE43F47DF7DA00F9A864F4D6B460CF24B
:10734800942E990822B03252B245B665ABAFBDDE75
:1073580067835A234B6F1F84315EAB063649537AD5
:107368009EB0CDA532CE4DA87DBBEA7C2425591B05
:10737800D888244DFE9D4690128A76EBC2CBF74BF7
:1073880064367B82F434207D8B5285F43652A9977B
:10739800D53A813D355D814E8DD2DECC6B423D4A7A
:1073A8009574DBBE868621A73989DEBB7C97CC38ED
:1073B800E9C5B331292C3A2416D593BBE3DF3A4EFD
:1073C80053C91DB374F38BA94441DF232DA049870A
:1073D800FCC5FDF628960DB994C250FD32E62BFC8B
:1073E80055BBECC97E3C317C99DB43AF50B4633B61
:1073F8006F953537D71CE359B973338645A8631D94
:10740800DD76106546A9CCAD3CB087D4AC475B2E81
:10741800EF6EA869639B968FBB8A062C53B066AD46
:10742800A8E4F18A0A7B1358D11FE860108D18C0B0
:107438006710239139DD956E38D734DD135B6EEC18
:10744800F6C1DD36D2C0CF90F7017476451E36946A
:10745800C2F7BDBE59FA5A8656C268CFE892863F2F
:1074680055F52E05790E723ECAD623AB561746BA85
:10747800D6998736D79F6274A528D6D022A1FA4517
:107488001E9B94C908E2A60A172B3E5CC53C01C2A4
:10749800D3A9DC88A104ABAE3468A38AAA2E70CC29
:1074A800CBE56EA697D7D91D9D0A95AE9A88713AF5
:1074B800A20DE18896B937496D63CC258B299DE6E5
:1074C8003871E6A6C9F07AD8347E591F117A230A92
:1074D800A6F06649E5C1566FAF5DC86E1DE83EFC73
:1074E800BE6A608CAA1A3F9B922422285668259768
:1074F8005E200C453883ABE369BE8F9780C8F6C21F
:1075080099682842D4C4A218AC6EF85808AEC6C50B
:107518007C63BC57D1095B8C437C26E5288DE5212B
:10752800F3DB200CB42CB13FA96C5EC5177022A602
:10753800BAC9ADCF729ECC731587A41F00C9511C60
:107548001522CB870C8D3E448C1D8342EFA4442B1F
:1075580055554D9F115B4130295D55C6C55344DBD8
:107568007FEBD12D0D055F683E8767BC600DD97C28
:1075780004F20FFF26C683D3AA56005FB1411A1240
:1075880027169176F41A9BE69930A08427052C5C7F
:107598004BC5EED60592992A80B3E8384C61AC68A1
:1075A800D72E59879476A682349471E8075D34A55E
:1075B800F0C33D57BD8156262765670B2A031C4437
:1075C800F13B10F4FEA925EBD7C50C2E354ABFBDFB
:1075D800BB38A97AA2AF4A6A6E4395C1DC12BE379E
:1075E800A469C68F592FC467A70C70D969177B2067
:1075F800CCE3251338F4DA7D7A6A56337BC07FE30F
:10760800AB2819BB2767A361E4DA8E0F14897B4E78
:1076180091EC3A983EC9AD2EC4B9B4063008CF955E
:1076280086A10EE7A884C523CBD81FB6687829B9E8
:10763800EBA187E5040714FAFBF68336150F0876E5
:1076480093FBE104BEBEF87DD2898F73C970A199FE
:10765800CC1E540BE40B0AB7A757A003A1CC303DAE
:107668006A3F99EBBC6276C9960FFD620D5B495380
:10767800135C79830A172C323484740A693738F218
:107688007C600A3C51405338C9437DAD812D269218
:1076980056B3D118C4BF458509556311618558D6BD
:1076A8007DB27BC01F8FCE734152219939A00B2721
:1076B800864553ABB58062064102085613540994B7
:1076C8005DCE40A27A239C0ED73938AFBD98ADF075
:1076D800E9ACF9954F78A35A48AD54AF85BD84C835
:1076E800C4DEB9CA63551BAFA22566CBDF7F68F23B
:1076F80035767CD987FC94DFF7BEC4DDA4992E6368
:107708005E0F157E8254A67DA8949D36BB3B99AF2B
:1077180087A139D6AD8615B69671A5FD886F8630D6
:10772800B2C1BF390909372766819518F4CE1343CA
:1077380079FCA957A8ADEC2B85DC803919D154F90F
:10774800E10A98D3884A9DC6B37FCCAAAFCF42142A
:10775800410C3E285E6F837442FAB7DDD06AA38B72
:1077680020E5167A913293CBB407A60AE6C898B9F1
:10777800F03A6FC510DC49FDDE9E81942054647791
:107788001E78ACC2723BAA15B65199A65514015A77
:10779800AF755DE24A6FCA656A11EA4A6C2C981D9A
:1077A800EDB41ECFBD48804281A6593F847AE95A7C
:1077B800B04C4B7E98027FD2626C2B1E1348D8EDDA
:1077C8009B6402D494C4BDFCAA19616330A6026309
:1077D800723B7BBF6DE8149FC5C4662B9AA5699D53
:1077E8005A174F0624D8A5A4F54C8A36FDD3DA9B40
:1077F800E3DDA9C72D6DAE1696D24A8B121D005F28
:1078080045C113701728BF19CF19F49FB2129418E5
:1078180018CA7731A80C7D88DD0A64B6084E525A1A
:107828001D5CB6C4951E0BC2CF1BA6A19C6D9F14F0
:10783800B368C1703ABE23E649E44E22E5777FD9A2
:10784800DBC515BF663BFCE83BE4A7B983669B79BB
:107858001151D6EF523ABC60E8528F3E6E72011F4A
:107868001EFB17B7BB6DD55C6CB252767C05671EE4
:107878002BF188DF6BD5CAE012F6B014378F69C1D7
:10788800B58538303150AD27542C447072CF4A91A9
:1078980048CC0EA7C5E9DA42B0D9EE341B6C4EE6E7
:1078A800B6A702EBB392A404BEAA2415E19750D35D
:1078B800EAA7ABD1D45B2BB86A9C2D91EC7D1E75E1
:1078C80061DF5BFC0B0AEBC2377222E061A924C5B9
:1078D80091CD9C27EA163ED4C1318D81240FCDC6A7
:1078E800C3C5690E2C5A9C704DF1CD524928B97404
:1078F800340EB6949775834F1271439EA463B37A7E
:10790800E6B27FD4AE523204488A8893CFB08D1E37
:1079180024A49A794FF335AB2C885BE175E0775650
:1079280057BA5237F467CE565153D9110682B1AFC0
:10793800D61143D372CA1165721D8C2F11C61B62F2
:10794800056A6E1AB93E6BD95CCEAEC7247A433746
:10795800599E7B0AB68CFE38FC0BF9B3BB4DF9B5C2
:107968002C28B1ABA163E9ADE81458A48548C98AAD
:1079780047BA00222238325DECB2C273D4FB632DC1
:107988005BDEEE53BE286B9AAD97EA79CD2050F6B0
:10799800F9E72EABABA424F66F168DE81E68931298
:1079A8001457B14D717E345587AEE6A7A63BAABCE5
:1079B8006EEC9E05E78E91412C7808B72538348AFD
:1079C800A75EB11605A0ED1D18277EF3D010053D62
:1079D800A190D8D6235D2F79557015E77828418F67
:1079E800F9D4AF49CAF3594B62043B70131BC486E0
:1079F800B3157C5B4062961A5C965E3D6140DDBEC5
:107A0800BB9EDF1D29121EB9FB3B842996D48F2A01
:107A180099A6FBAEBECEC8F5F2A447E264939E5E7B
:107A280079FC36B8D3F9FC11A3EAB0A79E0B3F67DF
:107A380092289B9E67F5E793FC51CFDBFC3F5E4A9B
:107A48001763C5AF9CCAE86D2252E5580777DBB5C6
:107A580025C90A9B6B43E6C0AA8AAB9875C092E019
:107A680027793D7CA722D93AA835808B9367BD0535
:107A7800F75742B069FBCBB1301B1ADC126EE83302
:107A8800916E2FECD710121974C27EF55FD711339F
:107A98009A3927D0BB88062BB24C9F822E0BE08FD9
:107AA800790A57D5B57A9970AEFD7C20BE02680D6B
:107AB8001F4EB80AFB8AAB76ECA1E3FC552020CA1E
:107AC800400216E7203CCDF89B4A022917B07F3FB9
:107AD800D82004C90415BF4C1765963436B037084A
:107AE80032C3C1DEC1D1CF20213C51B275470A62F1
:107AF800AE9182692BF2E0B5E16B115D36776ECA03
:107B080047805C6723DAD25774A1543AFD5FB17C91
:107B18003A11DB6176BD959E855CEB525F8C40D84F
:107B28005E6B49C0AB814812B20E9884F4995F8AA3
:107B380017282382C6C45E70EC43DFD06FC1A0341F
:107B48007FD448649B0D9D8B73D7A71953926142CC
:107B5800BEFE285755305A64A44B8536ACCF5C39E5
:107B6800A36F3E7891BC850FB7ED985E515975EDBE
:107B78009ACA86607E724070D008919BED82F50E9D
:107B8800C3803C206F77199437F589018E2D2F011A
:107B98000BFF904EA57D0AE4507138B780C6FD8270
:107BA8002BFA2E9982B32CAEDB118736C38FC318FC
:107BB800CFB99182F9C3F1412E6E6E1C07E25D9731
:107BC800D2DA93E2FF3CA230CF318E08B4D69FA61A
:107BD800036695FBB7DD54E5DA7F64552F3001AABB
:107BE800D211910495FCC581BD37206C3ACC9AF826
:107BF8004F19E0E63EE458471E0903EEA8C5454381
:107C08006F7DC04C7D6A417AA41BB4AAE7DD7AE493
:107C18004C699298F85AFC7C8AC00F463075DA0A8B
:107C2800A22C3F621677BA34ABC474941095F8AAA4
:107C38008D51FB5BC5AA47E6DB420ABB66248FED84
:107C480003BCC851E6E31B7E45CAB83357BB53DCB7
:107C5800B49D4268817EB76BC032C91430B0EC0D58
:107C6800371D3EBAC2A6AB8CA5C9B92345CB0AB30A
:107C780081782F25C2BF3423A050A2714BBA4EE899
:107C8800AEDE2915A6BB8B07D7DAD700D5E2525D41
:107C9800A2D321058779AD348361D1D0F4CA208578
:107CA800D02B33B5BF4A1AC5E09F4B5EB971B4C13A
:107CB8003491E8BB12C7C3B6B50E6255578056DA81
:107CC800E9BB38B4ACE4775574BF7F6971A1CC6F58
:107CD800E7912FDBB8EFF3ABEF81132D05DB34858C
:107CE800717A0366F524A8CB04EBA2A26465CCF8EC
:107CF8009D2706732FFFD623F9234824D40A03545B
:107D0800C8C6C663B89F703495CF5FFCB36049A7F7
:107D1800E7C2F9816D14086A5B0AE99AEE8D2F3C77
:107D28005B6D5B750FD36A1D28C4968BF81431768A
:107D38007C8B7D5875642E3CAB59B31BD18BA61335
:107D4800EBBF9CEC13E4B2101E7A746BD2B415E549
:107D5800CCBA5B1500B8E46FF0E7A894092779DA84
:107D6800B1D1715DC7D4C050808B6B1E5966E7E9ED
:107D7800F5EB784EEA91D7C394DDBBE9671A6BEE51
:107D88001BD7B848ADD3E5A8BD6EFEE88E3589F19E
:107D9800CA841CD9F75CE58167CB8DD0028F29F79F
:107DA8001B6F1EA3538B1F812EF0DEB665DF8EA1DD
:107DB8000FDDC3703DAA5784303BD5EE2F9EC08798
:107DC800791F01B2EDA0D4FD6982ACC748E99FF4E0
:107DD800282332A9027899FAC3C42221294BF666CE
:107DE800789D347CAF16C64F7DD8894F4ACF745DD5
:107DF800096C5EDF067676EAD3A8A5591E23CA70F9
:107E080096549FDA47CCAFE239FE8838FDDC2BDB8D
:107E18003723313EF863DDAE24816E09D3152D7109
:107E2800D3B8CC5195FC86E213DA1FF7B138EFC40A
:107E3800DC2054B30CF6CD9EDBB94F7BA002C3B057
:107E4800A9FE6B136BFC778C34469F2E453ACF9076
:107E58007FD61076257C4DFEF22F55809B94E5B990
:107E68004D7C010E12CBE5057056CE9D82CDFBE30D
:107E7800E55E1CC8F76337140F29EC9F4192581927
:107E8800A5A1C2D05ABDC2ECD9E6E38F392CCB608C
:107E9800FEF4D0ECD5B707883DB35579F0FD26E060
:107EA800074B95C723BDA75DCCE2DA4BFB534EE9E0
:107EB8007046AF98BFF85B2A44E1A30C5EF822092C
:107EC800F95F390958589CC33C1C2EE7EDE880BD82
:107ED800E93200A26E0EF84E9F16BBE4A406DFFB43
:107EE80034144DA5C45A001FB93C5CB3CCA28B7A9C
:107EF800986633EED673C959F8D38AE48F6FB27493
:107F0800A5F91D79D0F052387C08647C1F930B6763
:107F18003D000F8A31D611E21D36A4734B14C8DB1D
:107F280004F3798F0D737791BDA0B6CDFA3F771A18
:107F380052ECC9B5EC16AC49A81D9B6A3D097A18E4
:107F4800E7BEDE2207E1F3B108BEED7827C4F10FE2
:107F5800BBC90A369235800F9A4488A57699371995
:107F6800A22497E53BD0479126CC982B8264C4E4A1
:107F780043AFFDBD4E9AA6BDD4FB62DAB8E3BFF8A5
:107F88003EB5021F4A9800A91B85A194BC30B7735F
:107F980011CB7AB2AC84831515330DE72D1301BBD1
:107FA800C6AA32FB8EEAE5358A5F102D82FAFF4DAC
:107FB8007404A92C7B88BA266DA4C78DEE2B0DE915
:107FC800E50A84F7F3AA8D0ADA2DDB3ACE964972D0
:107FD800EA33FB5E7D1F25F3408CDE9A19A9E65231
:107FE80001FC8C1204438418A4C5E4DFF29DC8C4C4
:107FF800C1C954EAB9E2AE2F7DF486ECAD79D19CC3
:1080080079EE56FB71E465E0A9B94568214CA242B6
:10801800587A22CA39C54FF46843A8AF1786227F19
:108028001EEC16816C71C6B5FDF66B8B2823B5075F
:10803800CD7E3C946AE916F13C314ABF5EDB84F799
:10804800CBA090092CA380C5FB4D5254089D8C18D9
:1080580019A02617A43BAB4B867E099FEAA9997302
:1080680088C7D4A899CCD36659F5B84D9D3164B862
:108078005F848F97588B79B56137A1290A2FF52B23
:1080880087346C77C34DBFA57CFA37BE6E935BF11E
:1080980039296C7B63E2BB479DC7A819121B757E03
:1080A80035BF4CE5560542DC8CC5D1FC3062B6774D
:1080B8009C0F07DA73D9F80591E2767FF08417E60A
:1080C8002A07CF6BA991CF945A2853B7FF97AD339E
:1080D800DB4A525287C02316F304B545B1DFFE428E
:1080E800E0F1A5AADD7000430039B2AA407F02433F
:1080F8004078BDAA39B505438061A1AA453E0A4327
:108108000049C1AA4C5D104380AAC5AA4577184307
:1081180010D8B2AAD9252343001028A953593143AE
:10812800B0B694AA309A444380DECDAA89925F43C0
:10813800F428A7AB78A78343A0DF1DABCB52A3439A
:1081480030F4042B40E4DC43E084BDAA3B0832440D
:10815800D05A93AB404701459A069DC22F96FAC460
:10816800C098102BA10F22C4009EC3AAF8D2BCC38A
:10817800909C6DABEA1083C3C02F3FAAC84746C383
:10818800D0F83EAA27E41DC3A8EBA0ABA41E02C3E7
:10819800603914ABFACFDBC2404756AB8525BDC268
:1081A800A048B0AAAD24A5C2405BCF2AC0E291C2C4
:1081B800C8A601AB042082C20029922991066AC28E
:1081C800AC7719ABD0E753C2E0039FAB080741C2B5
:1081D80080B982ABB4C030C2007E69AB309922C28C
:1081E80000F755A94B3116C24045942B963E0BC259
:1081F8000004B1280C8601C23040322B9AB0F1C17C
:1082080070690FAAD51DE2C1008934ABD114D4C15D
:1082180000A4FCAA8F61C7C1905F85ABD2D8BBC14F
:10822800A474A9AB8556B1C1A08EA82A93BCA7C1D6
:1082380000FB02A94BF29EC130769FABB4E496C115
:108248000026CBAAC0898FC100DC96AB19F388C180
:10825800088FF32BA54884C12E6E1D3D61FF71C1A7
:108268002CC522AB5B686AC1004E4D2AA0BC60C118
:10827800849FA52CD15757C1F011292B6E6F4EC181
:10828800A0820EAB790846C1581BD4ABDB1D3EC19A
:10829800E0130A2BE6A736C180C37CAB739E2FC1BF
:1082A800E8C4CCAB97F928C1D871102BD7B122C13B
:1082B800C018F22A41C01CC180E96EAB671E17C105
:1082C800208C6F2A53C611C1804D31AB81B20CC1CD
:1082D80094F46B2BC9DD07C180428AAB574303C1B5
:1082E800A2D19FAB2BBDFDC0402E122A3356F5C03C
:1082F80040524EAB1649EDC050C20A2C0C8DE5C059
:10830800C023C1AAD518DEC020072DAB30E2D6C0E5
:1083180080C7352AF4DCCFC0C008B6AB7AF9C8C02C
:10832800F02D5FABA221C2C0974DA6AC9532BBC061
:10833800D88B41AB45EEB3C000B6ADAA28D4ABC0CC
:10834800A0A8AB2AA59BA1C0C0CB3B2A869890C009
:1083580088F6D02AB4A81DC04E3C0EBF47FB00C10A
:1083680020AF7EAB2C8CC0C040D260ABF13CB0C01B
:108378003098052B1813A7C0001AF2A86863A0C08C
:10838800C0EE50AA9FE69AC0B0218FABE41D96C0FC
:10839800A89BD3AB39CD91C000A39AAB3BD48DC079
:1083A800403C982BA51F8AC00040EBA71CA386C0A1
:1083B8008C99D2AC375683C07458E1ACF83280C07F
:1083C800A0BE2A2BD4697AC0E83DBA2B4EB174C03E
:1083D800289340AB0E376FC00084AE2AE5F669C01B
:1083E8003C32A0AB8AED64C094AA84AC771860C014
:1083F800C0C18FAAE5755BC0C0D0CB2ACE0457C0D8
:10840800C0C67FAA13C552C0B81BA52CC1B74EC0A1
:10841800B87B83AB96DF4AC04044712BF94147C013
:108428005012F62ADEE843C0A0FAC2AACAE640C043
:10843800C8BCC02B2A603EC0007EB9A9C2A43CC0FB
:10844800B0EC0CAB2D863CC04025C42A5D0841C069
:10845800B0BF6DAB455865C07AA4813EB864D6BF3D
:10846800002739AC17AF0FC0E086B7AB048B14C038
:10847800767D412D45F314C0000C622915EC13C01C
:10848800C0BEAC2A6C4712C0A0565DAB8A5510C05E
:108498000C1A7EAB703B0EC04094F9AB520C0CC06A
:1084A80012CA052CF5D209C0B0D926ABAF9507C0C2
:1084B8008850EAAA525805C0002078AB251D03C091
:1084C8007406122C73E500C0E00FD72BA563FDBF1F
:1084D80000930FA9A904F9BF80D211AC2FADF4BF46
:1084E800009EFDAA9F5BF0BF80F28DAB7A0DECBFBA
:1084F8000C1A86AB2EBFE7BF00EC25ABC26BE3BFFF
:1085080020519B29460CDFBF20BA6AABDF96DABF41
:1085180044F44D2B1EFDD5BF801A16AB0429D1BFDC
:10852800664EE3AD3CF7CBBF645CDA2CFD2AC6BFD0
:1085380028F812ABD451BFBF6026D4ABFC76B6BFC7
:10854800575B1BACC11EA9BF80D6EC2B762F8EBF04
:10855800E05B3AAB462D1EBE98BCFCBED28A3BC03F
:1085680098320DACF6C6FCBFE0DD8AABE40DE2BF85
:10857800E07112AAF506D5BFC849672C6A98CCBF26
:1085880080C9C5A97B46C6BF00D5A7A9421CC1BFE3
:10859800A03572AA24A7BCBFA0C3CBAB22AAB8BF80
:1085A800804B3B299D01B5BF80C8952A3597B1BF3F
:1085B80010FD22ABFD5BAEBF90FFBFAB7645ABBFF6
:1085C80074E5432BD64BA8BF2EEA062C0669A5BF37
:1085D800A0AB192BFB97A2BF00BEAEAB43D49FBF85
:1085E8000884372BA7199DBF244BAE2BE0639ABF95
:1085F8002011F32A3AAE97BF40F688AB31F394BF07
:1086080038F1D4ABDA2B92BF006AC4A8024F8FBFEF
:108618000000D328B34F8CBF605605AB991A89BFA9
:108628007CB6842B059185BFC0917FAB7F7E81BFCF
:1086380080AAD329010179BF4081002B26896BBF0D
:1086480044CB1E2CAA5056BFD006B4AB4EB329BF9C
:1086580018D69BAB98381C3E59D505BF0A500FC099
:10866800E0E7F62A834DB6BF18F699AC2A1BA0BFDF
:108678008072962977A995BF28A74DAC56268FBF3B
:108688008E9444AD796F8ABF623EA2AC7EB286BF3B
:1086980050CD8BABFB8C83BF80A4F12A9CCA80BFD2
:1086A800D0A477ABAE997CBFF4C79DAC150178BF59
:1086B800C09910ACF2B173BF4020B6AA659A6FBFDB
:1086C8008C84AD2B37AD6BBF484DE72B1DE067BFE2
:1086D800929799AB982A64BF00ADB82C2C8560BFDF
:1086E800C08B68ABC7E85CBF048189AC334E59BF07
:1086F80030D633AB83AD55BF001D37295FFD51BF61
:10870800C0CCDAAA06324EBFC474B92BC23B4ABFEA
:108718009872362C680446BF60E8892BCF6A41BF3F
:10872800F89F992B3A3A3CBF3005C0AB641836BF66
:10873800646BACACAB5B2EBFF0A61C2D869923BF37
:108748005CF60BAC9B2412BF5C028CAC4006D9BE15
:10875800489E15ACC11B8D3E68A509BFBDE0E4BFAE
:10876800A5377DAEEC5F8BBF586F87AB1D3D71BFE2
:1087780048969A2B5CF65FBF80DD542AD87155BFA6
:10878800C84EFEAB46024EBF408E82AB343D48BF5A
:10879800FFE6E82C197943BF8092CCABD05B3FBF92
:1087A800006B1EAAC1B03BBFB0D232ABF25638BF85
:1087B800D6023CAC693835BF8089092CB04532BF38
:1087C80060EDF72B4C732FBFE02F0F2D39B82CBF5E
:1087D800607F5F2BF30C2ABF00C80CABBB6A27BFB6
:1087E80058E5CBAB13CB24BF702CAFAB362722BFD9
:1087F8000056ADA78D771FBF2097DCACF8B21CBF21
:10880800F02C21ABCCCD19BFDCC6B62B47B816BFB0
:10881800041B83ABF85B13BFE023222C1D970FBF0B
:10882800DC67E0ABCE330BBFB08466AB86D505BF43
:10883800FFE5CD2C479CFDBE80BC27AB4852E9BE66
:108848001C22F5AB893DC7BE20AD9CAC684E77BEF7
:108858008034522A08D9F23EBA4925BFB364D3BF3F
:10886800A02E1E2BCE976FBF10DDCA2AC3E949BFC1
:10887800C60A97AB440B39BFA0762BAB24212FBF78
:108888004C349FABF56328BF482100ABA45F23BFDE
:10889800052A70AD9A661FBF50E323AC011D1CBFAB
:1088A80054E2462CC74D19BFA0505BAC32D816BF56
:1088B8009641872B0EA714BF54F8042C23AC12BF83
:1088C8006505AFACABDD10BF50948FABDB340FBF89
:1088D80043304FAD07AD0DBF00FB702C1B430CBFE1
:1088E800F6EBAEAC50F50ABF3A97502D08C309BF56
:1088F80040C92DABD0AC08BF8012DF2988B407BFB0
:10890800B04C3CABBFDD06BF88573AAB582E06BF0C
:10891800F4FA43ACBBAF05BFF01ABB2C007105BF1E
:10892800B012292A348B05BFBE0A312C3C2A06BF57
:10893800B475E0ABAAA107BFA044FCAB4CA50ABF25
:108948004200882B7F0911BFE07ECDAAE48421BFB5
:10895800072D88ADA58678BF431AB83E38F4873D01
:1089680080AC71AA0A158CBEB24555AD1229ADBEB0
:108978004884F82B751DBABE803FBBABA25FC0BE52
:108988002C1150AB8F98C3BE3C644FAC2730C5BE8A
:1089980011F6D12CEECDC5BEA0B3A12C2ACAC5BEF6
:1089A80096AEB62C8757C5BEF0AA74ABF194C4BE78
:1089B80000C82CAA1696C3BE50DE1F2CCD67C2BEB7
:1089C8003C7179AB8312C1BE80B4DCAA9A9BBFBE4E
:1089D80048AFF42B3306BEBE00582B2BA353BCBEA6
:1089E800EC2025AC9D83BABE008C70AB3694B8BE23
:1089F8001CA820ACAC81B6BEA238C12DF245B4BECD
:108A0800B49956ABDDD7B1BE80A639ABB829AFBE95
:108A18000091FAA8C426ACBE308C982BB5AEA8BE7F
:108A2800283FA22BEF8CA4BE361C0AAC30669FBE32
:108A3800804A622BC38D98BEB4B486AC45918EBE75
:108A480054137D2DE35A7BBEA41542AC432C30BE93
:108A580044B632ACDFC33C3E74C6D6BEB6C05FBFB8
:108A68009B8994AC108304BF8051A7AA3968E3BEE0
:108A7800687F41AC327AD2BEE0DCE22B7C6FC8BEA4
:108A880098FF80AB4984C1BEB09463AC7B45BCBE43
:108A98004839EBAB7405B8BEC0D5092BD067B4BE56
:108AA800383533AC8836B1BEC4B3932C954FAEBEBF
:108AB80020AA5A2C179CABBEC0A7F1ABB70BA9BE16
:108AC80055C18DAC0B92A6BE0035322AF724A4BE40
:108AD800D503622CA3BBA1BE00DE502BAB4D9FBEBD
:108AE800202A852B77D29CBE727E8D2C84409ABE1C
:108AF800787457AB988C97BE1005822BA3A894BEA8
:108B0800C077BCAA248291BE80829C2A99FF8DBE20
:108B18000034CBA828FC89BEE09D8CABF03F85BE15
:108B28004022252B79E27EBE20C6B1AA42EB6FBE59
:108B380070DFC12BEA535BBEF01C4B2CAF3D3CBE33
:108B48007FE5972D2E0006BEB65DAE2CF33823BC0C
:108B580097D136ACD232163F5E3C4BBFD90E99BF87
:108B6800D9430AADAC6319BF00BF58AADBF7F4BEFE
:108B7800C65FB4AC8FFBD9BEC05C92ABCF9ECABEF9
:108B88000024EDABC98DC0BEB6913DAD9D59B9BEAF
:108B9800C7E7D2ACC1DFB3BEB0968B2D9386AFBE0C
:108BA800B8F8E52B56F5ABBE06EB81AC57F5A8BE79
:108BB80053E584AC3763A6BE2A19052E3C27A4BE0C
:108BC800FE05ACAC1E31A2BE98D20DAB9375A0BE0B
:108BD80031CB90ACD8EC9EBE00FAC9ABD2919DBE09
:108BE8001452022C8C619CBE1A9628AD025B9BBE67
:108BF800B636A62B197F9ABE80DA1C2AE9D099BE10
:108C0800A639882D475699BEF09B382CDD1899BE99
:108C1800935BEFAC182899BEA0929B2BBB9C99BE86
:108C280080E9092BD59F9ABE88B98A2C58799CBEB1
:108C3800E00FF5A93AB29FBE002F18AA2871A5BE69
:108C480010BC80AAB8B5B0BE68780FAD8E80CCBE17
:108C5800E4926A2CA8EE2DBFC884D73E19162D3E83
:108C680002CB87AC025BE3BD60CA442C635729BEC4
:108C78007706C62CE0FE3FBE96129DAD4CA54BBEB6
:108C8800B88C18ABE74952BE66610C2D213A56BE26
:108C98006C8F46AB078858BE78FC35ACA0C359BE6C
:108CA800D1C7D9AC363F5ABE28F7BD2B832C5ABE44
:108CB800E89D112CA1AA59BE607E662D2CCD58BE08
:108CC8003AD60AAC29A057BE333CD32C2F2A56BE1D
:108CD80038B291AB8F6D54BE00E7D4ACD86852BEA1
:108CE80068FD3D2CE81650BE8EFB20AC7D6E4DBE57
:108CF800942C942B4D614ABE40E076AB5FDA46BEB9
:108D08003143CCAC50BB42BEC8F464ACB0D73DBE16
:108D18007B57AC2C14ED37BE50EA84AC9F9430BE20
:108D280022A90F2C3C2727BEB893B1AC64831ABE86
:108D38008BFF6B2D438508BE0A530FADC92BD9BDD8
:108D4800CAF2D12B5F146BBD4076562B45D4623DD9
:108D580020CE16AB51F91D3F6E666EBF477288BFB5
:108D6800C4982DAC0A1B01BFF052D5AB1C83C8BEFA
:108D7800A0EAB22BDEA9AFBE808DB2AB62C6A1BE9F
:108D8800E843582B8CE098BE2829CCABDAAC92BECD
:108D9800C850AE2B5B198EBEE4B5882D41958ABEAE
:108DA80039D4942CF1CC87BEB0735DACE98C85BE08
:108DB80062A405ADD5B383BE680F5C2C562B82BE6A
:108DC800AB88D22D04E480BEADD203AD37A67FBEFA
:108DD8008061C62A29E27DBEE00E332D92717CBEE9
:108DE800FD86862DE14D7BBE8E437A2EAF737ABE0B
:108DF8006F9B2F2D8FE279BE8060382B379D79BE0F
:108E0800402371A91DAA79BE6080DAABAB147ABE83
:108E180078188EAC95EF7ABE1075392C1F597CBE28
:108E2800B41CC3AC84837EBEB0A8D62B52E380BEEC
:108E3800DEA0D82CAA6483BE00997BA9CD7887BE12
:108E48006040952A2BF18EBE800BBD2ADB77A0BE31
:108E5800A817CC2B5304F8BE6ECCA03E648AE23C23
:108E6800241F75AC830E13BE6C68022C75AA36BE1F
:108E7800D4CA19AC1B7346BE005166AC2DBF4FBE99
:108E8800FC95F0AC0F3556BEC40FCE2C5F3F5BBED1
:108E980000B5A7AAC18A5FBE606FD6AC577663BE1D
:108EA8003F38B62D4D3D67BE0028E72AE4086BBE63
:108EB80020A3B42A49F96EBEE1DF30AE792A73BE29
:108EC800FEBF37AC60B777BE508505AC26BC7CBE0C
:108ED800145DEDAB202C81BE00A0C328565884BE7B
:108EE8005729FD2D53F987BE8CF043ACA82B8CBEB7
:108EF80006002BAC6D1491BEF07C752C28E596BE4F
:108F08004677562DD5E19DBE2035292BBD6AA6BED4
:108F1800AAD4EFAC300DB1BE00F88CABA3A1BEBE95
:108F280090D601AB8785D0BE44CA2CAC4914E9BEA3
:108F3800C01B32ABCB6006BFD072AFACBA8B22BFBE
:108F4800000D26A9927155BF0EBD89AC5245A6BF2A
:108F5800C10DFF2C824468C0F19E97409865574028
:108F6800586EA4ACFB88843FE88E312CDCFE113FA0
:108F780051817E2D2944BE3E006C16ABE406863E28
:108F8800445733AD14F2443E4CE8A6AB1E22143EBF
:108F98008CCDDC2CA56FE13D50018FACCDFBAB3DFA
:108FA80050BDB62BC476823DC4BE11ACEF06433D1E
:108FB800D0A333AAE8E40D3D1493602CF526C53CF4
:108FC8006850BE2B9E117C3C787685ADF405073C35
:108FD800A137BFAD8CD71B3B005C10AAC3931CBB49
:108FE800F86316AB6FD6CABB14BFAA2CA34315BC33
:108FF800E82636ABC57037BC6ADCD2ACBD134CBCB6
:10900800B28805ACCC9952BCC088EAA9178D49BC76
:109018001926EEAC85362EBC602FC6ABD8D2F7BB6E
:109028003439022C7B7E2ABB9009D32B91EDA73BC8
:109038008B3304ADE0AA8D3CA848E3ABF5B6193DE7
:10904800F01A86AA2D2E9A3D7550AFAC653D293E83
:1090580020C730ABA5BA1E3F0DE182BFE98F3FBFE5
:1090680048D315ACD32A96BED0308DAAFDB44FBED6
:10907800D695562F3F5228BE1EEB9DAC219F12BE9F
:10908800571F482DF1E904BE605583AB3FF1F6BD8B
:1090980010F88DAA581CE9BDE41983AC177EDEBD13
:1090A80061C8B72D9005D6BD0005AF295A09CFBDB7
:1090B8007907312C441AC9BD709A35ACB4EBC3BDDD
:1090C80064CCCBAB7246BFBD18E42CACD600BBBD9C
:1090D8001C1008AFD0F9B6BD008CF1AC9315B3BD28
:1090E800E8ACED2B193BAFBD20D9D42B1152ABBD49
:1090F8007D9FCEADDD40A7BD50485CAC37EAA2BD30
:109108000091CDAA132A9EBD40E2502AF5D098BD01
:10911800241817AC469C92BDE0C336ACD4288BBD4E
:1091280001A5492D10D981BDE6AA8E2EC83E6BBD7A
:10913800003A072A590249BDC062082A018714BDAE
:10914800FC7D2D2CAE505FBC80577CA9239C1D3D17
:1091580030BE13ABD00C983E167223BFBFF4F3BEDB
:109168000077FA2BCC365FBE56403DAC85DA29BE77
:10917800FECB4CAC91AD12BEDAD899AC818E05BE4F
:10918800927888AB90FEF9BD74052FAC24C5EDBD6F
:10919800E8156DAB6C76E4BD601E35AC3A05DDBDF7
:1091A80052F8D92C85D4D6BDF155882DC381D1BDAF
:1091B80068B6D42D2ECBCCBD00FF43295582C8BD3F
:1091C800205D81A97E84C4BD70ADABAC14B6C0BDB2
:1091D80030733C2DA1FFBCBD003BA1ABA74BB9BD73
:1091E8009CFE5A2CD084B5BDC0C3FAAB3A94B1BD2D
:1091F800701A89AB765FADBD4CE514ADFCC5A8BD52
:10920800DB4C2F2C699DA3BD107F2DABA2AB9DBD60
:10921800FD2F8BAD079D96BD60890A2CEBF28DBDA5
:10922800E2308FADFDE182BD48AB2FAB6C1868BD55
:109238007A263C2EA9BA3DBDB01A9F2CEF3CF7BC4C
:1092480052D341AC8865A1BAD63B96ACE0A7873D1E
:109258002CDFB0ABD8A9CE3EFCFB6BBF2DE21BBF09
:10926800A7DC952C75128BBE9278D32C6E4651BE16
:1092780012CC352DCCF633BE109A2DACE4E223BEC9
:10928800B0484C2CF0DD19BE717A382DB42613BEC7
:1092980000CA89285E750EBE802E2CABCA1D0BBE77
:1092A800B81F9B2BDABD08BEB83AF72B901A07BE39
:1092B800E690C9AC6E0F06BE107A3E2DF38505BE4A
:1092C8004129292DFE7005BE48808D2C50CA05BE47
:1092D800B08BEBAB3E9106BE806EB32B35CA07BE92
:1092E8007CAE622BE07E09BE023851ADF1BE0BBEEA
:1092F800344D89ABA4A10EBE0032DF295E4812BEF0
:10930800784AA92DFAE216BE80EBDFAAF5B61CBE94
:10931800907F39ACCF2B24BE74B2C7AD5FE12DBEB0
:1093280046711D2DEBDA3ABEC335FF2C42D94CBE2F
:1093380040EC0FAB1A2D67BEC09C93AB087988BE72
:1093480014C8492C1652AEBEE0786A2BDA8203BFE5
:1093580020F513AC47E6B0BFFCDF274040C69C3F72
:10936800EDDA3FAC317DB63E38B70C2C4F713B3E41
:1093780066171AADD717DF3DA018A32B2A038B3D1C
:10938800DC1037AD83552B3D00697D2B3854C33C29
:10939800FB4984AC69ED2E3C80CC772DC7A61F3ADB
:1093A800E0E923AA8A12F1BB9CA004ADFBC762BC0A
:1093B8001208D72B44B89DBCFC3D2AAD318FC3BCE5
:1093C800E2AC962C5991E4BC005618A9E5FE00BD04
:1093D8004E439AACBE670EBD0053FAAA32EB1ABDD3
:1093E800785354ACD2E426BDB8ADFEAC28AB32BD40
:1093F80057869AACAF963EBD209DA9AB8A094BBD56
:109408002C54012C977958BD185A7E2C357F67BD8E
:10941800F0EFEF2A44ED78BD48331A2DA7FD86BD3D
:1094280098769E2BE34A94BD8C48D02D8702A6BD22
:1094380031E216AD4839BFBD95A6BF2E1B84E6BDE7
:10944800E985002D167D16BEA146AE2D1B9F68BE70
:1094580084A197ACEFDE20BFB6DFAB3FF26B133FC2
:1094680040D2372BAAF2323ED09BA1AC0B20C23D92
:10947800E209702EDAD3783D48F89D2CEE442C3D55
:1094880041260D2D44D6F83C28D925AC2C49B83CAA
:109498006D4872AD1CA48A3C305F972B49DF523C63
:1094A800B0CE0DAB3EE4213CD4B94CAC158BFB3BA4
:1094B800B888CFAA1F2BC73B28251C2C30CCA23B31
:1094C800EF4FA92CC1DB8B3B9024DAABA6A9803BDC
:1094D80000315329F32B803B001CE4AB48DD893B6A
:1094E800C367352D17AD9D3B4CD2232C33FEBB3BB8
:1094F800C13451AD61B3E53BB049F92B8B260E3C25
:10950800124CC9ACF50F313CC0B4A9ABAF595D3CA6
:10951800588DD82B0BDA8A3C20841B2BD329AF3CDF
:1095280032239C2CF80ADF3C188137ACD939103D1E
:1095380060864BAA2E573F3DE0B142ACD17C843DBA
:109548005F9D3A2C4550C63D525F05ADE6722F3EF1
:10955800882BDBAC6FBF0A3FA343B0BF9E5311BF3C
:109568007C3937AC339F49BEA03D08AB4D16FABDD8
:109578005A5000ACF964B7BD10ACF7AB116891BD97
:10958800644B7AACF9B870BD66AFC1AC535F4CBDE3
:1095980059A2D22CA51230BDC04DAB2CAFC918BDF5
:1095A8001403B1ABA3BB04BDCE6972AD158CE5BC89
:1095B800A42CDAAC5C45C4BC309B81AC1C81A4BC37
:1095C800361776AC315B85BC0EF007AC0A234CBC71
:1095D800A7A888ACBEE10BBC001836AABC1691BB84
:1095E800BC83C72C51D61BB8E316282DCE599B3BFC
:1095F80080E797AB0A72243C00ACD8284C38833CEF
:10960800FD80E7ACE6A8BB3CE40AA6AC6017FE3CCC
:10961800B62EFBADB61B273D80CF582C9BD5583DA9
:10962800000878297A608C3D88917FACBD55B73D9C
:109638009062B52C91A6F43D88ACC12C790A2A3EDB
:109648003073872AA44A7F3E74643EAC1193E23E8D
:109658006316E22D23E7B33F9B0F80C01A77BDBF87
:109668003B57AFAD556704BF08B4AF2B5DD8A5BE57
:10967800B90F38ADA25676BE5C85EAAC6D7C46BEA5
:1096880086FC69AC80A727BE041C4A2C53F611BE81
:10969800DE24C3AC3EBA01BEEBC9002EFBFDE9BD1A
:1096A8001A13B12C4943D5BD5852652C57D9C3BD9F
:1096B80006EEA1AD22D0B4BD903A50ADBE80A7BD94
:1096C80060E71E2A5B719BBDD016BDAB8E4490BD72
:1096D8003C9C89ACB5AE85BD40290DAC53DD76BD4B
:1096E8008C4C0E2D6A9062BD8200A8AC7EFE4DBDEA
:1096F800665C9CACC5A538BD9077FD2C04EF21BDF8
:10970800988DBEAB511D09BDA21C31AEB06ADABC42
:109718006EB5932C16A999BC58DB832C44A317BCAF
:1097280074F136AD8B992D3BBCBD16AD3D30963CE2
:10973800CF9E992C1171253DF081B6AC6D4C983DAA
:1097480080C9CAAB52E2093EE83FDEABA54D8C3E6C
:109758007889812D4AA9773F547D4FC047088EBF2D
:10976800A0223CAA412AD5BEA8EFCD2B17EA8DBE70
:1097780083D0FB2DD96D5EBE60FED82BCA173CBEC8
:109788004D0D272DED1426BE1E1D782CEFB916BEE3
:109798005CC9102C7F610BBE5A7E26AD14A502BE93
:1097A800502B932D696AF7BDDC6F89AC3923ECBD6A
:1097B800F2A86EADBECDE2BDA841A02C20F9DABD5D
:1097C80024FD312DB856D4BDE03036AC87AECEBDC1
:1097D8000AD0882D3AD8C9BDE856502ECDB6C5BD99
:1097E8004AAEA2ACDB35C2BD9068E8ACFE47BFBD4F
:1097F800F6D9A1AC0BE6BCBD5069E3ACF70EBBBD16
:109808009959072DA0C8B9BD5E432BAC9C21B9BDA1
:10981800A0E98D2BE434B9BDF023B3ACCF30BABD89
:10982800B6864F2DD664BCBD804DFB29A35EC0BD56
:109838003BE11C2D332EC7BDF0E7FFACF41ED3BDB2
:10984800E841C82B7B2DEABDD4B21EAD3A2A11BE21
:10985800100B542C5A5D90BE5CBF3F3F4AD4103E5B
:1098680000C4982A4F41953ADC773D2CBFDED8BC1E
:10987800D55F502C4FC01BBD8BE9B22D664135BD5D
:10988800BBA39AAD59F044BDD246552DF0694FBDE2
:10989800FEE0F82BA4D556BDB4BFFAAD21585CBD87
:1098A800F1DA4EAFD39B60BD8E037BAC7A0B64BDFF
:1098B800EE1107AD42EE66BD6886162C7A7669BD54
:1098C800C585A3ACDFC96BBD689331ACA5066EBD79
:1098D8003CB473ACC84670BD00A94D2D76A272BDCC
:1098E80010E97A2B1C3275BD16AA31AD5E1078BD11
:1098F800C90E0D2D6D5C7BBDE8A344AC183D7FBD42
:109908000C51412CA2F281BD0010362A7CCD84BDB9
:10991800800E93299A6188BD304D202C86FB8CBD22
:10992800B9AF3FAD0F1693BDB686552C8D849BBD40
:109938002FD781AD66D5A7BD9A8768AE775DBBBDC9
:10994800CE9EAE2C2EC5DEBDD163462DF5E418BEE5
:10995800960193AD0784B4BED7069F3FDFF8833ED8
:10996800F8283FAC412F5F3DCA38BE2C5E3C643CB2
:10997800CEAE17AC1B255EBB088CB12CC67E54BC82
:109988002C3DAD2C98F39BBC3FF3282D7F34BEBCF7
:109998000480962C683BD7BC1454732D4C55EABCF4
:1099A800149F2D2CE26CF9BC605D36AECED902BD99
:1099B800D8AF3FAB44F907BD4057D72B3F5A0CBD32
:1099C800050A9BACD32E10BD400A022BB89C13BDD0
:1099D80080C8832BAFC116BDE4D88FAD6EB619BD54
:1099E800449E262DC4901CBD944434AD52651FBDC1
:1099F8007E54C92C2C4922BDA06D992CA65325BD97
:109A080000FBEDADADA028BD107781AC34542CBD62
:109A1800A8D444ABC89F30BD8074C82A5CCC35BD7F
:109A2800E8A7F6ABE04C3CBD487386AC09E544BDFD
:109A380080329E2B860351BDB0FCB5ABCDB663BD5D
:109A4800725A21AE967682BD9885212C6ADAA8BD15
:109A5800E4B5E72C0DDF33BE25F2293F7AD8D33D94
:109A68008A05BC2CE882273C176C062DD1E20BBC7A
:109A78000CFC632CC39388BC58BEB42C6542AEBCA6
:109A88003057D2AB6ADAC6BCE8667CAC6A79D8BC17
:109A9800C09903ADA2FDE5BC0CE8742D85EFF0BCC0
:109AA800A02C06AB4736FABC25952C2EB13201BD49
:109AB80029F5232DF3F004BD5BAE202D0F7B08BDE7
:109AC80028F22AAD6AEE0BBD3CCB23AE2B640FBD4A
:109AD800DAA110AEAFF312BDA0C0F4AC77B416BDD6
:109AE800AF13612D01C01ABD70E66EABCC331FBD3C
:109AF800A3BBB42CE73324BD63F506AF90EE29BDB4
:109B0800789DBE2C9CA130BD788120AD29A338BD9D
:109B1800306C22AB4E7042BD7812042D68C74EBD22
:109B2800A0AAE32B9BDA5EBDD1E4E3AC5EB974BDB9
:109B38000EBF36AC4D238ABD80D5462D5EEAA2BD48
:109B48007284E1AC7982CFBD3AC234AEDBC81BBEA9
:109B5800B6A78A2CB9FACFBEE7730A40824CB63E44
:109B68004E32812D19D9D03D4B3D0D2DBF94513D1D
:109B7800F9B4AB2C20CCF03CF0EFCA2CFBB38D3CF5
:109B8800003709AA6E3D1D3CE09A7FAC1B9E8B3BBB
:109B9800807451AA2B28B23980AC01ADC9E62EBB1E
:109BA800DCD9D42B90B4A5BBF05E56ACAD93E5BB25
:109BB80039E7042D967C0DBC4AFC98ADE74A24BCD5
:109BC800E0D831AC062C38BC589E1DACD4D849BC62
:109BD800D8764D2B8CE159BC58FD28AD35BC68BCF6
:109BE800F6F8B8ACEFCE76BCA0F73E2B0B3C82BCA7
:109BF8003E0D83ADDA0A89BCB86B14ACAF0690BCD5
:109C0800D874462C246B97BC804465AACC839FBC2F
:109C1800145FEF2BD2B7A8BC0066952C279EB3BC67
:109C28002E7343ACEF23C1BCB5C6022E54DCD2BCA4
:109C3800721DCDAD74BAEBBCC03CB42BCE0409BDCB
:109C48003122882CA20F2BBD607633AC45EA79BD52
:109C58005F919A2DF9B520BEBBC0803F8DBC053EF3
:109C6800D032FEACED1E0E3D3C6E43AD2FE57D3C83
:109C780060E7FF2BFEF5ED3B4863A02C313B303B02
:109C8800EAD6D7AC314361B9F83517ACD04011BB2F
:109C9800874712AC60C070BB2023062E38809CBB5F
:109CA8007BD9BDAC0A9AB8BBBCC2612C4DE8CEBB0F
:109CB800E1E6202E04DFE0BBE0D05C2CA37AEFBB0A
:109CC8006F3B10ACF66BFBBB36CCE8ACE09802BC43
:109CD800D032462B299406BC0030D2299FC909BC32
:109CE800219921AEC2510CBC1888EBABAC3D0EBC1F
:109CF8006182E42D14980FBC6C11D1AC9F6510BC27
:109D0800141CCBAB6CA410BC1FDC94AD974A10BCE0
:109D18003FEEBDAC33430FBCC0229E2B51680DBC37
:109D28000870E8AB2D770ABC282BABAC1AF705BC3A
:109D380033117B2D69FDFDBB0C83BF2CEE27E7BBE0
:109D480010FE94AC5518BDBBDBDAEA2DCDAC33BBA5
:109D580010FE2AAC96464C3CEB9D53BE06F507BD5B
:109D6800D276E32D203E93BC72CA83AED48E74BCE7
:109D780079FBA22C7F135FBC607FC5AD1C0D53BC63
:109D8800C4F7152B854F4BBCA062842CD6DE45BC8E
:109D98003564A9AC52CF41BCB08CC62B63A53EBC80
:109DA800DAEA2F2DB21A3CBC40E9582CF5043ABC2B
:109DB8003C658CADF04938BC7CE34F2D4AD936BCA4
:109DC80066F1922D34A935BC841D60AD8CB434BCC9
:109DD800D7DAC82CE7F933BC308BDFAC197B33BC3E
:109DE8008080922C373D33BC3EFBB62CF74833BC01
:109DF800E0C7F4AA87AB33BC50344E2D0B7834BC83
:109E0800758E22AC14CA35BC540631AEC7C937BCEE
:109E1800009A4F2B06B33ABC87F0042F6AE23EBC87
:109E280096D59CAC41EE44BCA083742DDEDA4DBCC3
:109E3800A69EE3ADC1945BBCECCC2FAC1B3C72BCC2
:109E4800364B202C12468EBC88C6402DE6EFC0BC8F
:109E580062DFC22CA81B61BD41311A3F75D4223D77
:109E68008282952C0DD2083CBC2CDA2D8C720E3BCC
:109E7800AC19442D8FB8D0B900CAADAAD77DE7BABE
:109E88007C83502CF96F29BB60E6142A82A84BBB4F
:109E98004207B5AC551762BBC0E291ABDFC970BBD6
:109EA800000933AB8F147ABB30C3E4ABF9637FBBD3
:109EB800BE06A6AD4CD080BB21E50D2E33B180BBCC
:109EC80026198D2D240D7FBBC7E620AD75E07ABB22
:109ED8008907CA2D0A0175BB4015B42CA17D6DBB3D
:109EE800C06D31AA045164BB1CAE4CAC9F6159BB18
:109EF8001C36952C8C7E4CBB807AD92C6C593DBB7A
:109F080090D5702B8D7B2BBB6E1C752E393316BBF1
:109F1800C89D0E2C3FE6F8BAB0EBDCAC352EB9BACA
:109F2800C913492DF4C64FBA4C455BAC9ED70838C7
:109F38002DB6152D8EEE9C3AFC95042C3EF1433B34
:109F4800392D122DC6DFC93BBC83C5AC8F905C3C54
:109F5800626A34AE7B6F4B3D56B593BFED2A70BD38
:109F6800A77AF2AD63B9B7BC0C1CD92CD6BA77BCAA
:109F78002B41D42D0FA443BC20C5982B0C1626BC0E
:109F8800A8F083ACB5C412BC40A091298AF504BCE2
:109F98008C17FBABD5E7F4BBE89B122C4F2AE4BB2C
:109FA800648E0D2C2459D6BBD8D438ACFB9ECABBC2
:109FB8009023272D2B71C0BB60C5A7AAEF71B7BB33
:109FC800D6BD252DDB5FAFBBD0CAA92B350CA8BBEE
:109FD800BEC5192D1855A1BB78BF002DC6219BBB46
:109FE8003655202D506095BB34CA432D260490BBAE
:109FF800D940732C41058BBB54E0E3ACD25F86BBE0
:10A0080000F0222B7A1482BB0849982B4E527CBB55
:10A01800259D802EF75575BBF7CBD6AE2B646FBB4D
:10A02800E8F351AC27D26ABBD7D534AD233A68BB25
:10A03800F435F6AB5FC668BB70B964AC40FD6EBB67
:10A04800E7118EACE8BB80BB87B9472D5D399CBB57
:10A058002769B1AE2F8B1BBCA4ABEE3E8194AA3B03
:10A06800903466AC56E2F9391426332D1726C1B957
:10A078006033D8AC44E92CBA80EAEF2C090D49BA10
:10A08800785A47ABB46E4FBAF01EAA2BDA374ABAE1
:10A09800842B902CC8253EBA00DA412DB8BA2DBAC7
:10A0A8006C1D9A2CFA6A1ABA24A04EAD0C1E05BA79
:10A0B800AADBA9ACF7D8DCB9007E76AB6880ADB96D
:10A0C800FD9AFCAE839A79B9F754A12E2E6E16B973
:10A0D8003814832E160249B880858A8F94989DA2D9
:10A0E800A6ABAFB3B8BCBFC3C7CACDD0D3D6D8DA36
:10A0F800DCDEE0E1E2E3E4E4E4E4E4E3E2E1E0DE40
:10A10800DCDAD8D6D3D0CDCAC7C3BFBCB8B3AFABDF
:10A11800A6A29D98948F8A85807B76716C68635E11
:10A128005A55514D4844413D393633302D2A282659
:10A138002422201F1E1D1C1C1C1C1C1D1E1F20222F
:10A148002426282A2D303336393D4144484D51556F
:10A158005A5E63686C71767B0000004396F3474251
:10A168007D278F287CC0053CE5011828863E913D57
:10A17800A1521328FC93BD3CB6BEB3288030103DD5
:10A188002F8F6128ECE4FA3C253E8E287367DB3C70
:10A1980012D4AB2835A2E53C75768928DC26633CC9
:10A1A800B0EB1B296DD86E3C32A9F127012ACE3CB1
:10A1B800431CA328936B493C8B600F287403CF3C46
:10A1C800BEFA8B286BAE023CA09F59283921E83D86
:10A1D8004FD5862866CEBD3C7ECFBC2839AD613CC4
:10A1E800C55129283BD39B3C454CE02816F2543DE9
:10A1F800EFF77529B138D23C1912C62603A2D03C14
:10A208000F8F08298A2E933DC1A5CA28F44A683DB4
:10A2180017580D2AC2BD513C470A1F2AAD72AA3CE5
:10A22800151BF128B3FA323C859A992914A80F3DD9
:10A23800FCB482298DF5833C069A932867C7563B60
:10A24800B313CB285D5C1B3C7BA91C2A121C943CD5
:10A258008975E1290DBEEE3B93832B280DBEEE3B9D
:10A268006EA33728121C943C63E24F295D5C1B3CAB
:10A2780044C71D2A67C7563B3BC3AF298DF5833CAE
:10A28800212E1C2A14A80F3D22B9FC28B3FA323C0F
:10A29800CE58B428AD72AA3C6BA1A728C2BD513CC8
:10A2A800C182A529F44A683D77E2CE298A2E933DDA
:10A2B800BC3AD62803A2D03C5B595529B138D23CC8
:10A2C8001EA61B2A16F2543D4953B0293BD39B3C8A
:10A2D8005F3E902A39AD613CBCEAFE2966CEBD3CA2
:10A2E800EFBDBC293921E83D8274AC296BAE023C34
:10A2F80097539B297403CF3CBE3E3829936B493C46
:10A308003F360329012ACE3CE3CA192A6DD86E3C90
:10A31800BD2B0829DC26633CE2220A2A35A2E53C4B
:10A328001F96022A7367DB3C787EDB29ECE4FA3C53
:10A33800FB4FD4298030103DF5BDB92AFC93BD3CB4
:10A34800CA73792A863E913DE9AD8D2A7CC0053CC9
:10A358005C563D2A96F34742B81C57D8F1F5C17FA1
:10A36800190E279E86F781DEE155B05A779FE7419F
:10A37800A12A6BFACDE47B23010000000200000053
:10A3880003000000020000000100000073717274F5
:10A39800000000007371727466000000FB21F93F31
:10A3A800FB2109407CD91240FB2119407A6A1F40E1
:10A3B8007CD92240BBFD2540FB2129403A462C4050
:10A3C8007A6A2F405C4731407CD932409C6B3440DC
:10A3D800BBFD3540DB8F3740FB2139401BB43A4089
:10A3E8003A463C405AD83D407A6A3F404C7E40400D
:10A3F8005C4741406C1042407CD942408CA24340AB
:10A408009C6B4440AC344540BBFD4540CBC6464000
:10A41800DB8F4740EB584840FB21494083F9A200B5
:10A42800444E6E00FC291500D1572700DD34F50095
:10A4380062DBC0003C999500419043006351FE00E7
:10A44800BBDEAB00B761C5003A6E2400D24D4200B6
:10A458004906E00009EA2E001C92D100EB1DFE001F
:10A4680029B11C00E83EA700F535820044BB2E0048
:10A478009CE98400B4267000417E5F00D6913900C3
:10A48800538339009CF439008B5F840028F9BD00A0
:10A49800F81F3B00DEFF97000F980500112FEF0013
:10A4A8000A5A8B006D1F6D00CF7E360009CB27003E
:10A4B800464FB7009E663F002DEA5F00BA27750039
:10A4C800E5EBC7003D7BF100F739070092528A009F
:10A4D800FB6BEA001FB15F00085D8D00300356007A
:10A4E8007BFC4600F0AB6B0020BCCF0036F49A0032
:10A4F800E3A91D005E619100081BE60085996500CF
:10A50800A0145F008D40680080D8FF0027734D00BD
:10A5180006063100CA561500C9A873007BE2600020
:10A528006B8CC000000FC93F000F494000CB96401C
:10A53800000FC9400053FB4000CB164100ED2F41EE
:10A54800000F49410031624100537B41003A8A4182
:10A5580000CB9641005CA34100EDAF41007EBC41B9
:10A56800000FC94100A0D5410031E24100C2EE41CF
:10A578000053FB4100F20342003A0A4200831042B2
:10A5880000CB164200141D42005C234200A529425C
:10A5980000ED2F4200363642007E3C4200C7424260
:10A5A800000F4942A2000000F900000083000000EB
:10A5B8006E0000004E00000044000000150000007E
:10A5C80029000000FC0000002700000057000000E0
:10A5D800D1000000F500000034000000DD0000009C
:10A5E800C0000000DB0000006200000095000000D1
:10A5F800990000003C0000004300000090000000AB
:10A6080041000000FE00000051000000630000004F
:10A61800AB000000DE000000BB000000C500000029
:10A6280061000000B7000000240000006E00000078
:10A638003A000000420000004D000000D200000077
:10A64800E000000006000000490000002E000000A5
:10A65800EA00000009000000D1000000920000009C
:10A668001C000000FE0000001D000000EB000000C0
:10A678001C000000B100000029000000A700000035
:10A688003E000000E80000008200000035000000E5
:10A69800F50000002E000000BB0000004400000090
:10A6A80084000000E90000009C0000007000000029
:10A6B80026000000B40000005F0000007E000000DB
:10A6C800410000003900000091000000D6000000A1
:10A6D800390000008300000053000000390000002A
:10A6E800F40000009C000000840000005F000000EF
:10A6F8008B000000BD000000F900000028000000E9
:10A708003B0000001F000000F80000009700000058
:10A71800FF000000DE0000000500000098000000B7
:10A728000F000000EF0000002F00000011000000E3
:10A738008B0000005A0000000A0000006D000000B5
:10A748001F0000006D000000360000007E000000C1
:10A75800CF00000027000000CB0000000900000027
:10A76800B70000004F000000460000003F00000056
:10A77800660000009E0000005F000000EA00000084
:10A788002D0000007500000027000000BA0000003E
:10A79800C7000000EB000000E5000000F100000029
:10A7A8007B0000003D0000000700000039000000A9
:10A7B800F70000008A00000052000000920000002C
:10A7C800EA0000006B000000FB0000005F000000D2
:10A7D800B10000001F0000008D0000005D000000B7
:10A7E80008000000560000000300000030000000D0
:10A7F80046000000FC0000007B0000006B00000029
:10A80800AB000000F0000000CF000000BC0000001A
:10A81800200000009A000000F4000000360000004C
:10A828001D000000A9000000E300000091000000E6
:10A83800610000005E000000E60000001B00000050
:10A848000800000065000000990000008500000075
:10A858005F00000014000000A00000006800000075
:10A86800400000008D000000FF000000D80000003C
:10A87800800000004D000000730000002700000069
:10A88800310000000600000006000000150000006E
:10A8980056000000CA00000073000000A800000075
:10A8A800C900000060000000E20000007B0000001A
:10A8B800C00000008C0000006B00000000000000D9
:10A8C80000000040FB21F93F000000002D44743EC9
:10A8D800000000809846F83C0000006051CC783BAE
:10A8E80000000080831BF0390000004020257A38E2
:10A8F800000000802282E336000000001DF3693565
:10A908000200000003000000040000000600000030
:10A918000000C93F0000F0390000DA370000A23318
:10A928000000842E0000502B0000C2270000D02217
:10A938000000C41F0000C61B0000441704000000EC
:08A948000700000009000000F7
:10A950000024F400010000000C00002000000000B2
:10A9600000000000000000000000000000000000E7
:10A9700000000000000000000000000000000000D7
:10A9800000000000000000000000000000000000C7
:10A9900000000000000000000000000000000000B7
:10A9A00000000000000000000000000000000000A7
:0CA9B0000000000000000000000000009B
:040000050800068D5C
:00000001FF
