:020000041000EA
:1000000000B5324B212058609868022188439860DF
:10001000D860186158612E4B002199600421596104
:100020000121F02299502B49196001219960352056
:1000300000F044F80222904214D00621196600F024
:1000400034F8196E01211966002018661A6600F04E
:100050002CF8196E196E196E052000F02FF8012189
:100060000842F9D1002199601B49196000215960AB
:100070001A491B48016001219960EB211966A021F2
:10008000196600F012F800219960164914480160C1
:100090000121996001BC002800D000471248134993
:1000A000086003C880F30888084703B5996A0420EC
:1000B0000142FBD001200142F8D103BD02B5186610
:1000C0001866FFF7F2FF186E186E02BD00000240BE
:1000D000000000180000070000035F00212200005C
:1000E000F4000018222000A00001001008ED00E03C
:1000F000000000000000000000000000070B8FD58A
:1001000000200420F7010010CB010010CD010010E9
:10011000C9010010C9010010C9010010C901001077
:10012000C9010010C9010010C9010010CF01001061
:10013000C9010010C9010010D1010010D301001045
:10014000C1010010C1010010C1010010C101001067
:10015000C1010010C1010010C1010010C101001057
:10016000C1010010C1010010C1010010C101001047
:10017000C1010010C1010010C1010010C101001037
:10018000C1010010C1010010C1010010C101001027
:10019000C1010010C1010010C1010010C101001017
:1001A000C1010010C1010010C1010010C101001007
:1001B000C1010010C1010010C1010010C1010010F7
:1001C000EFF30580103800BE00BE00BE00BE00BECA
:1001D00000BE00BEF2EB887148EB001068EB001027
:1001E0003802001090A31AE71E481F49086006C88D
:1001F00081F3088810471D480068002801D019487D
:10020000F3E70DA40ECC002902D000F012F8F9E7B4
:100210001749184A002000E001C19142FCD116495B
:100220008847164988471649884700BEFDE701C937
:1002300001C29A42FBD3704768EB0010C000002057
:10024000100C0020B8F6001000000420000004206C
:10025000B8F6001000100420001004200000000078
:10026000704700000000000008ED00E0000000D032
:10027000100C0020A4B80020F16B0010190600102B
:10028000E96B0010F8B5C046044B10B5002B03D045
:100290000349044800E000BF10BDC0460000000054
:1002A00010B50020BC95001000B5ADB002930192CE
:1002B00003000091084AA02104A806F057FC074B50
:1002C0001B78002B05D004A9054806F01DFE06F09A
:1002D000B3FD2DB000BDC046C095001072B5002022
:1002E000F0950010BFF35F8FD02304221B06002877
:1002F00003D05A61BFF35F8F70479A61FAE7C04637
:10030000204B10B51B78002B01D1002010BD05201B
:1003100003F07AFA1C4B9842F7D1D0231B061B68D6
:10032000002BF2D1062003F06FFA184B040098421C
:10033000EBD103F089FB0C28E7D1154B1B68DB04DC
:10034000E3D5C0235B055B69042BDED1114B124A58
:100350001B6813409342D8D1104B1B6E1B05D4D49D
:10036000053803F051FAA042CFD1092003F052FA28
:100370000B4BA022C318002052009A424041C0B249
:10038000C4E7C04671B5002000688909006CDC0232
:100390000040064000C000400100C0000080004056
:1003A000A08FFDFFF0B5DE4657464E464546E0B508
:1003B0000220DFB0D02402F0C7FA04232406A36190
:1003C0001920636202F0C0FA80239B04A3610C2011
:1003D000636203F02BFB052003F016FAFA21890073
:1003E00003F00AFD0338FDD203F02EFB00240C2895
:1003F00003D1664B1B68DB0407D420005FB03CBC14
:1004000090469946A246AB46F0BD61480EAB0DAA98
:100410000CA903F061FA041EEFD00D990E9A0C9806
:1004200003F01CFA5B4B5C4A08201A6003F0BCF92D
:100430001F21002002F056FA00220021002002F0C5
:100440006BFA1F21012002F04DFA00220021012049
:1004500002F062FA9F230D9300230E93EFF31084B2
:1004600072B604220EA90DA809F01EF884F31088B4
:100470003122322102AB9B1802AA52181B78127843
:100480001B0412021343013102AA52181278434E80
:100490001343336006F064FF041EAED003F0FAF895
:1004A00000253F4C24184D41002D57DBA8463D4FF9
:1004B00006F0CAFF002805D17B6A434555D3BA6AC6
:1004C000A24250D306F0C0FF00285AD10125364B76
:1004D0001D709A46354B1D70FFF712FF0700040090
:1004E000052003F091F98046062003F08DF90A906B
:1004F00003F0AAFA254B0B901B681B0B1D40C02371
:100500005B0599465B699B464B465869002830D18C
:10051000274B09970893D0231B061B68A02107933C
:10052000244B254A06933368490005935B460393A1
:100530000B9B049001930A9B029500930EA84346DF
:1005400006F014FB53461B78002B00D155E70EA98B
:100550001A4806F0D9FC06F06FFC4EE70124184B50
:1005600064429846A3E74345ACD10A2003F002F861
:100570009EE7052003F048F94B46596903F03CFC1F
:10058000C6E7322002F0F6FFA0E7C0460040064072
:100590000071020000E000400100C000E4340020CF
:1005A000404B4C000040054072B5002071B5002062
:1005B000DC960010E4960010F4950010F095001001
:1005C000FFFFFF7FF0B5C646844600B5104B5A6A60
:1005D000986A596A8A42FAD11700FA220023060063
:1005E00000216046920004F02DFF80468C46084BA7
:1005F0005A6A986A596A8A42FAD11100801BB94135
:100600008C45F5D801D18045F2D804BC9046F0BDA8
:100610000040054030BFFDE710B500F01DF830BFC9
:10062000FDE7C04670B50E0015000400074B1860CA
:10063000074B01201A60FFF755FE2B003200210006
:100640000448FFF731FEFFF7E5FF70BDE0B500207D
:100650007CB50020F0960010F8B5DE4657464E46B1
:100660004546E0B5FFF79EFE002800D18AE0002055
:10067000FFF738FE0023002200215448FFF714FE44
:10068000534B01259846534B9A46534B9946534B2F
:100690009B46FFF735FE002800D178E0042D6FD986
:1006A0004946082D00D8594680222800120101F041
:1006B0002DFD002800D170E0FFF722FE002800D1B8
:1006C00071E043461E6829000023320044486F1E33
:1006D000FFF7EAFD78427841FA2340421B011840B7
:1006E000FA239B009C466044FFF76CFF0120FFF754
:1006F000F9FD002E17D0002402E00134A64212D0EA
:10070000280001F0A1FD0028F7D1364BBF000522DB
:1007100021002800FC50FFF785FF3CBC904699461D
:10072000A246AB46F8BD0020FFF7DCFD2D4BBF0015
:10073000FE50FFF7E5FD00283BD0280001F08CFEBD
:1007400000283CD0280002F07DF8274B2900F85003
:10075000FB5832002548FFF7A7FD04239C460135CE
:10076000E0440D2D95D1FA20C000FFF72BFF0023A8
:10077000002200211E48FFF797FDFFF74BFFCCE753
:10078000514691E701220021FFF74CFFC5E7022205
:1007900000212800FFF746FFBFE7032200212800C1
:1007A000FFF740FFB9E7042200212800FFF73AFFD6
:1007B000B3E7072231002800FFF734FFADE7082236
:1007C00031002800FFF72EFFA7E7C046F89600107B
:1007D000189700104897001048A70010489F001075
:1007E00000970010B0B5002080B5002008970010D9
:1007F00010970010F0B5DE4657464E46454600239A
:10080000E0B585B0C25CCC5C6240C2540133102BB1
:10081000F8D19B469A468B44A03102918244030052
:10082000514603901A78564CA25C1A7001339942D3
:10083000F8D1427943784270427A8A464271427BCB
:1008400043734272827A83788270827B8372837967
:100850008271C27B8373C378C270C27A0400C27390
:10086000C279C3715B468346C27201932378607874
:100870009C46D9094B00C918CB00C9186346C20968
:100880005B0059405300D218D300D21843005A409D
:100890000300A678E77873409946F3095D005B1979
:1008A000DD005B1975006B40DBB20093FB099846D5
:1008B0005D00A8444346DD0045447B005D404B4657
:1008C000C9B27B40D2B24B405340237063465E4076
:1008D0007E407240009E5840724062704B466246B5
:1008E00047405340EDB2774059406F404D40A770AC
:1008F000E5700434A245B9D1019B58469B460023BC
:100900005C46C25CE15C4A40C2540133102BF8D112
:100910009C46A346029BE3445B4580D15146039B22
:100920001A78174CA25C1A7001339942F8D14279B7
:1009300043784270427A029C4271427B4373427216
:10094000827A83788270827B837283798271C27BA0
:100950008373C378C270C27AC273C279C371002331
:10096000C272E25CC15C4A40C2540133102BF8D120
:1009700005B03CBC90469946A246AB46F0BDC04689
:1009800074B00010F0B5C646802300B51E4F1B01A1
:10099000FE5A8046002E33D0012464423A002500DE
:1009A000002307E0601C01D0A94221D001330832A6
:1009B000B34208DA1168A942F4D21C0001330D00D9
:1009C0000832B342F6DBE4002300FB18013E19684D
:1009D0009A88F3003C19FB1821CB21C480231B010A
:1009E000FE524346404619609A8004BC9046F0BDD2
:1009F000E1007918908889888842D7D21C00D5E711
:100A000008235B421C00E0E7F0340020F0B5DE462E
:100A10004E46454657460023E0B580468C469146F3
:100A200000209B4683B0002928DD43460122591E41
:100A3000D21A01235B424B4461440193431C9C4501
:100A400031DD03000124434406E0FF2C0AD00134C9
:100A50000133E4B2994219D01E785D78D718380076
:100A6000AE42F2D04D465E46AC550224A246D34477
:100A70005D461B78019C6355BC45DFDC584603B0DE
:100A80003CBC90469946A246AB46F0BD59464A4604
:100A9000545442465B464946D25D0133CA54022350
:100AA0009C46E344EAE7594601234A46535401333E
:100AB0009C464346E34459461B5C013A5354DDE7E8
:100AC00070B50500081E0CD02B786E1E1370012324
:100AD000012906DDEC5CF15C641AD45401339842C0
:100AE000F8D170BDF0B54E46DE4657464546E0B5F6
:100AF00085B08146039200295ADD0023934698462B
:100B000000221F0002934B464046185C5B461A7059
:100B10005F70029B033301935B46987043465C1CF5
:100B2000A14235DDFE2C3EDD032346469C46FE3EBB
:100B3000E3444B46981900239C469A464B461D19A0
:100B4000002306E0C75CEA5C974205D10133FF2B26
:100B500002D01A198A42F5DB9A4502DAA21B9446A2
:100B60009A46731C0130464501D01E00E8E76346F3
:100B7000DAB253465444A046DFB28C4210DB0198EF
:100B800003990A5402988446421D614401920F71F0
:100B9000019805B03CBC90469946A246AB46F0BDD4
:100BA000019B0293AFE703239C460026E344C0E782
:100BB00000230193ECE7C046F0B5DE4657464E46AB
:100BC0004546E0B5AF4CA544029001910392002840
:100BD00000D1FDE08023019C1B019C4200D9F7E07D
:100BE000039D002D00D1F3E0842200212800520053
:100BF00004F01EFE2900230A4B700023251E0C70F2
:100C00008B70CB7000D1FDE000219F4A9F4804F01B
:100C10000FFE802246ACD2000021200004F008FE26
:100C200000220298835C01329B001959013119514D
:100C30009542F7DC802109018A469549802689463C
:100C4000924923008C46012188469249E1448C4612
:100C50008E4900228B460025DC4476001C68002C5F
:100C600010D08A4FD000BB46A9B25844046081809E
:100C70005046013292B23A52444648464455644680
:100C80006800215201350433B542E7D1012A00D86A
:100C900071E1A94606AB98467F4C804BE61804A844
:100CA000FFF770FE4046FFF76DFE4B4680205D1C4F
:100CB000ABB2764945468C46CA469946734B00010D
:100CC0001B5A2D68DA006244AC4604990133009146
:100CD00061441160514691806C4A9BB213529B460D
:100CE00004AB9B8880209C4643469D88694B290025
:100CF000D218654600238C46400005E0614509D0C6
:100D00000133023283420ED0E15C0029F8D0118811
:100D1000A942F3D151461180F15C02320131F15404
:100D200001338342F0D15B46012BB8D880200023E9
:100D3000002506A94000E25C002A01D04B55013590
:100D400001338342F7D1012D51D02CDD6B1E9A4621
:100D50000023984606AE7319C1461C00A84601231D
:100D60009C46731CE1449C46C84505DC17E095424F
:100D700038D001339C4212D0494D3178AB46434ABA
:100D8000187852185A441578404A12185A44127862
:100D90009542ECD93070197001339C42ECD1664613
:100DA000D145DCD1454606AB9846002D00D17BE00D
:100DB0004246454402E00132954226D03349137839
:100DC0008C46374963448C4663441B78202BF2D908
:100DD00001204042334B9D443CBC90469946A2467C
:100DE000AB46F0BD8142C4D930701970D4E7274AB0
:100DF00006AB944698462A4A1B786344944663445B
:100E00001D70D5E784204000E4E7254B1F4A039876
:100E1000D11880220830520004F010FD4346204AC9
:100E200018789446194B04AA1B1863440924944665
:100E30001B4E6444B44615491B780918614409786F
:100E400000228B421BD20133DBB252009942FAD10D
:100E500003000E4881338446FF33DB0063449A600D
:100E600019710132AC4228D00D4E2078B4460B00E7
:100E7000064901340918614409788B42E3D319000B
:100E8000E6E7C046E4FAFFFF04140000F034002057
:100E9000020B000002090000F23F002000FDFFFFEE
:100EA000020800001C050000344A354B0398D11895
:100EB00080220830520004F0C1FC002300221C00F4
:100EC000029901982D4D8B5CAC468133FF33DB00DA
:100ED00063441B790132E4189042F3DC0399230A3E
:100EE0000A004B71230C8B710932230ECB71FF3238
:100EF00084230C71A046140000225B00CA54002316
:100F0000994601339C4600230021002007269A467B
:100F10004A46029B9B5C1B4ADB009346174A5B4494
:100F200093465B441A785D68013A02D216E0013AB2
:100F300014D32B006746D3403B40771ABB40275C55
:100F400001313B4323540829F1D101300021C30072
:100F50004345ECD253462354013AEAD201239B463F
:100F6000019BD9444B45D3DCCB17591AC90F08183C
:100F70000930FF302EE7044CD8E6C046F03400209C
:100F800002080000040C0000F23F0020F0B5DE462D
:100F900057464E464546E0B5B5B08B4604A98C464B
:100FA00003900F20029201226044013B995C81541E
:100FB0000132112AFAD101239C4604AB013B019373
:100FC00005AB99460F2398464F4B10219A4664462D
:100FD0004E4F08AE04A80B228446012362445218E7
:100FE000D05C019DE8540133052BF9D143460B42F7
:100FF00050D004AB1B7804A884460A0062441578DC
:1010000001306B4013740132484507D003781578DE
:1010100001306B40137401324845F7D10431B029D7
:10102000D8D15B46002B6DDD013B1A0000930F23E6
:101030009A435B46103B9B1A9846039B5D465B4474
:1010400099461023029F9A460CE0310004A8FFF74E
:10105000D1FB103D3800102204A904F0EFFB10373B
:10106000A8452FD02C00102D00DD10244B46220067
:10107000591B04A804F0E2FB0F2DE6DC534604A93B
:1010800022008C461B1BDBB2624413700132964275
:10109000FBD1DAE704ABD8781A785B7804ADFB5C57
:1010A000BA5C0093AD78385C7D5DAC46634604ADB8
:1010B0006B705346EA701A5D009BA87053402B700A
:1010C000013498E7009B1C09013424015B461B078F
:1010D00010D1102204AB1A7001339E42FBD13100B3
:1010E00004A8FFF787FB029B1022181904A904F03B
:1010F000A5FB1034200035B03CBC90469946A24672
:10110000AB46F0BD0024E1E768B0001074B00010F9
:10111000F0B55746DE464E464546E0B5CFB00EAF79
:10112000079038001EAC0B784A781B061204134354
:10113000CA7813438A7804311202134308C08442E8
:10114000F1D1C02398463A00AF3B9C460A3BB844D5
:101150009B460B33474613269A469046936B64464C
:101160001800E0411C00F441604014689B0AA1464D
:101170005840536A51684B445C46C0180B005546B2
:10118000E3410C00EC41C90863404B40C3181364B1
:1011900004329742E2D14746079B0197DA685969C2
:1011A00005929A691C680692434A5E6893467A1CC7
:1011B000FF320492069A9D689446059A1869039234
:1011C000DB693E4A9A469146089409960A950B9027
:1011D0000C910D9302910CE05F4608CFE2469946D0
:1011E000029B039502903500BB4626009C461000EA
:1011F0000C000B2102000627CA410100F9415140B1
:1012000002001337FA415140029A162302409046D9
:101210006246474682437A40019F891804CF01976E
:1012200089180D272200FA41514449449146220071
:101230000B3FFA414F467A402700DF417A403700A2
:101240006F402740B9462F003740BA464F465346B5
:101250005F40B946039B9144019FCA18049B4944CF
:10126000BB42B9D1029B9846089B9946079B4944CB
:101270001960099989460A994C44894605994E4452
:1012800089460B994D4489464A441A610C9A5C6020
:1012900091461A0048449E60DD605861069B4344B5
:1012A00093610D9B6344D3614FB03CBC904699461B
:1012B000A246AB46F0BDC0466CAF0010982F8A42E4
:1012C000F0B546464F46D646C0B598B06E469046F5
:1012D0003200414B81460C0023CB23C223CB23C2D7
:1012E00003CB03C23F2C00DC74E040235B429A46F0
:1012F000A24457467F339F434B464D464033DF1948
:10130000290030004035FFF703FFAF42F8D15346C4
:101310009809013080018144251A08AF2A00494606
:10132000380004F08BFA8023681C7B5538284ADD8E
:1013300040220021121A381804F07AFA39003000DD
:10134000FFF7E6FE38220021380004F071FA5F2230
:101350002020E517630FED001D4381460023E100C7
:101360006A4407E02C00C440200008331070013AA2
:10137000402B0FD0202040421818F3D548462C00AF
:10138000C01A84400800D840083320431070013A46
:10139000402BEFD1390030004446FFF7B9FE4246FA
:1013A000203408CE190E1170190C5170190A917061
:1013B000D37004329442F4D1202018B01CBC904663
:1013C0009946A246F0BD38220021121A381804F0BE
:1013D0002FFABCE72500A0E748AF001030B50D6834
:1013E0001C00AC4603686344036025686B4010250D
:1013F000EB4123601568AC46634413600D686B4095
:101400001425EB410B600568AC466344036020681B
:1014100043401820C341236010688446634413602E
:101420000A6853401922D3410B6030BDF0B591B02A
:101430000E000A006D466B46070010A802CA02C3E0
:101440008342FBD10A2468460CAB08AA04A9FFF723
:10145000C5FF0DAB09AA05A901A8FFF7BFFF0EAB99
:101460000AAA06A902A8FFF7B9FF0FAB0BAA07A9A2
:1014700003A8FFF7B3FF68460FAB0AAA05A9FFF759
:10148000ADFF0CAB0BAA06A901A8FFF7A7FF0DAB98
:1014900008AA07A902A8FFF7A1FF013C0EAB09AA01
:1014A00004A903A8FFF79AFF002CCCD1325908CD2C
:1014B000944663443B510434402CF7D111B0F0BD45
:1014C000F0B557464E464546DE46E0B5884660498B
:1014D000A3B002915F49814603915F495878049116
:1014E0005E490002059119789246084399782C9A32
:1014F00009040843D97809060143587906911979F6
:1015000000020843997909040843D979090601437F
:10151000587A0791197A00020843997A0904084316
:10152000D97A09060143587B0891197B00020843C8
:10153000997B09040843D97B09060143587C09912A
:10154000197C00020843997C09040843D97C0906E8
:1015500001430A91197D587D00020843997D0904D1
:101560000843D97D09060143587E0B91197E00027C
:101570000843997E09040843D97E090601430C916A
:10158000597F187F09020843997FDB7F09040143D3
:101590001B060B430D93012351780E931378090218
:1015A000194393781B041943D3781B060B435179D5
:1015B0000F9313790902194393791B041943D379C3
:1015C0001B060B43517A1093137A09021943937A3D
:1015D0001B041943D37A1B060B4311934346002B7C
:1015E00032DD00230326009312AD280002A9FFF785
:1015F0001DFF4346009A9A1A402A00DD40220099B6
:10160000002308004944504437009C10A4001F40A8
:101610002C59FF00FC40CF5C7C40C45401339A42FB
:10162000F2D1009B9C46944462460E9B009201932B
:1016300001330E93E045D8DC009823B03CBC9046C3
:101640009946A246AB46F0BD00230093F4E7C0469E
:10165000657870616E642033322D62797465206B19
:1016600070B500291BDD01230400461801200D4D33
:101670005B4221784B40082104E05B0801396B4054
:10168000002905D01842F8D101395B080029F9D1A9
:101690000134B442EDD1DB430020136070BD002360
:1016A000FAE7C0462083B8EDF0B557464E46DE4611
:1016B0004546E0B599B0824689461792002800D188
:1016C000A5E1002A00D1A2E10B008022013B12011A
:1016D000934200D39BE10A001A401692194200D0AF
:1016E00095E10B000026012903D001365B10012B88
:1016F000FBD100220023771E93465246B8460125AF
:1017000037001E000092002F00D17CE1002300244E
:1017100041462A009A40164203D02800CA1A904037
:10172000044301339F42F4D1BB4B88469A46BB4BDE
:10173000A4009C46A2446444009B985D03F0F9FE1B
:10174000534618605B4601362360B145DBD11296E3
:10175000002F00D10FE17B1C15930023B04CB14E3C
:1017600008930994B04B0C93012314938020012318
:1017700014990006844632008B4062440B921A0092
:101780009446042210938A40DB0F63445B100D9350
:101790009B009A46002313929F4A11930F929F4AEF
:1017A0000E92109B012B00DCB6E00E9B00249946A4
:1017B0000F9B984600239B4600230093019400232F
:1017C0009A4C0293039443465246985803F0DEFE27
:1017D0004B465246040098580D0003F0D7FE029A7B
:1017E000039B06000F00200029000694079502F0D5
:1017F0007AFD009A019B04000D003000390002F0D0
:1018000072FD02000B002000290002F03CFD029A4C
:10181000039B049005913000390002F064FD009AAA
:10182000019B04000D000698079902F05CFD020080
:101830000B002000290002F02FFD4346069007917F
:10184000186803F0A3FE4B46040018680D0003F06F
:101850009DFE220006000F00049805992B0002F05F
:101860001BFD02F003FE4346320018603B00069861
:10187000079902F011FD02F0F9FD4B4629001860AE
:10188000049A059B200002F0FEFC02F0EFFD4346A7
:1018900051465850069A079B3000390002F0F3FC7D
:1018A00002F0E4FD4B4652469850029E039F089A70
:1018B000099B3000390002F016FD009A019B0400DC
:1018C0000D000C980B9902F00EFD02000B00200099
:1018D000290002F0D8FC089A099B02900391009815
:1018E000019902F000FD04000D0032003B000C984D
:1018F0000B9902F0F8FC2B00220002F0CDFC012332
:101900009C460333E3449C460D9B00900191E044C8
:10191000E1449B4500DA56E7109A0F999446119BD3
:10192000139A0800634494460E99129A60446144E5
:1019300011930F900E91934200DA32E7149B1599A0
:10194000013314938B4216D00120984002F03AFDE7
:1019500002000B003648374902F0A7FC04000D00D6
:1019600002F0BCFD0C900E002000290002F0A0FD4A
:1019700008900991FAE6284B9846284B9946179B00
:101980009A46129B9B0043449B46434601CB984694
:1019900003F0FCFD4B46040001CB0D00994603F01B
:1019A000F5FD220006000F002B002000290002F0A8
:1019B0009AFC320004000D003B003000390002F0B8
:1019C00092FC02000B002000290002F065FC02F0EE
:1019D00059FD040012980D0002F0F4FC0B00020007
:1019E0002900200002F061FC02F040FD534601C3D3
:1019F0009A46D845C9D1169819B03CBC904699462C
:101A0000A246AB46F0BD044B044C9A4694E6012333
:101A10005B421693EFE7C046F4680020F4480020CC
:101A20000000F0BF26A6A13C075C14330000F03F85
:101A3000182D4454FB211940F8B55746DE464E4652
:101A400045468A46E0B59346071E99463ED0002A91
:101A50003CD04B46002B39D000292BDD0A9B4E464B
:101A60005C42002398460A9B4B441D000A9A434659
:101A70000020002A26DD002B04DB5A42B15CFA5C10
:101A80004A438018013BA342F5D14B4600211A7806
:101A900001338918AB42FAD1002912D002F0ACF917
:101AA0005B464246985401239C46E044013401368B
:101AB000C245DBD100203CBC90469946A246AB46CD
:101AC000F8BDC0B25B4642469854ECE70120404264
:101AD000F1E7C046F0B54546DE4657464E46E0B50E
:101AE0008BB01D00039007910292002800D1E0E026
:101AF000002A00D1DDE0002D00D1DAE0159B002B9B
:101B000000D1D6E0149B002B00DCCDE05E19002252
:101B100000232F00A84614001D00387802F052FC64
:101B200002000B002000290002F0B6FB0137040080
:101B30000D00B742F1D1089409954546079B002B4B
:101B400000DC91E0169B01955B429A46159B9B46F3
:101B5000149B5B42994600230693149B002B00DCE8
:101B600091E00022002316001F004D46069C002C29
:101B70000FDB019A6342D35C039A105D584302F075
:101B800021FC02000B003000390002F085FB06004A
:101B90000F00013CAC42EAD1169BA946049605977A
:101BA000012B00DC77E0069B0026013B98460027CE
:101BB0004346002B19DB5A465B42D05C02F0FEFB29
:101BC0004246029B0400985C0D0002F0FBFB020001
:101BD0000B002000290002F086FB02000B00300001
:101BE000390002F059FB06000F0001235B429C46BE
:101BF000E044D045DCD1089C099D00220023200050
:101C0000290002F0C9FB049A059B002834D030005B
:101C1000390002F041FB22002B0002F046FB0400D9
:101C20000D00254B00222000290002F0B5FBFF2308
:101C3000002808D1002300222000290002F096FB92
:101C4000002300282AD0069A02998B54531C0122A3
:101C50009446019A069301320192079AE244E344C2
:101C6000E1449A4200D078E700200BB03CBC90469B
:101C70009946A246AB46F0BD3000390002F00CFB9D
:101C800004000D00CDE70023002404930594169B67
:101C9000012B00DD87E700260027ACE720002900A4
:101CA00002F0CCFBC3B2CEE70023002408930994D2
:101CB00044E701204042D8E700E06F40F0B54E46CF
:101CC0004546DE465746E0B587B005000E00019058
:101CD00002910392002869D0002A67D0002965DDAF
:101CE000080003F02BFC011C041C03F0CBFB03F0E9
:101CF0004DFC02000B002F482F4902F0D6FA02F0EB
:101D0000B5FB8146FE20211C800503F0BEFB03F0DD
:101D100047FC05908020211CC00503F0B6FB03F0B2
:101D20003FFCB446B200934665440022AA460490A4
:101D30000092009F00247B0098465E46019D38007B
:101D4000310002F059F8080003F0F3FB494603F0B4
:101D5000B0FB03F035FC8346287803F0EAFB5946D4
:101D600003F0A7FB011C201C03F08CFB0135041CB5
:101D70004744AA45E3D1009BB346002B14D00498F6
:101D8000211C03F096FB009E039BB500029A58515C
:101D9000731C00939A42CCD1002007B03CBC904603
:101DA0009946A246AB46F0BD0598E9E701204042BE
:101DB000F3E7C046182D4454FB210940F0B55746BF
:101DC000DE464E464546924BE0B51B68914C9A461E
:101DD0008423A5445B009A4506D38F4B1B689B4622
:101DE0008E4B5B689B4509D00020B1239B009D442E
:101DF0003CBC90469946A246AB46F0BD874B9A68DC
:101E0000D31DDB080933FF3301929A45ECD15B46C1
:101E10005B019342E8D30DAC84220021200003F043
:101E200007FD842200212EA803F002FD8422002158
:101E30004FA803F0FDFC7948784A0D3000210C32A0
:101E4000FF3009E0002B04D09B00E558013101353B
:101E5000E5500132824203D01378202BF2D9C3E738
:101E60005B46002B62D00029BED000230022994699
:101E70009C460023002580200292039353460127AD
:101E8000674940000B930A9563460493002305932A
:101E9000049D059E029A039B521973414D46921868
:101EA0005B41089209930292039363195D680023D2
:101EB00006950793AC46029A039B069D079EAD18B4
:101EC0005E412A003D003300203DA84626D4464608
:101ED0000125B540A8460125BD40434500D983E70B
:101EE0002AD0089A2EAB4B445A600A9D4FAB4B4404
:101EF0005D600023CA5CBA4205D1C8260CAA7600F0
:101F000092195355013501338342F3D101370A95B4
:101F1000212F14D004239846C144B5E72025ED1B9A
:101F2000A84601254646F540A846D4E7019B19433B
:101F300048424841C0B258E7AA42D2D954E70B9B65
:101F40009A46019B002B00D14EE786230020334A9E
:101F50005B00D35C02900130012100228146DB113D
:101F600011E02E4DD008AC46072560440D30FF30FF
:101F70000078954328414D465B00284001310343DA
:101F8000212900D130E788002558002D23D088274B
:101F90000CAEF6193658B4469E421CD89E1BB5426C
:101FA00019D902990D008B4500D81DE70CAE843776
:101FB000F6193058C8261B18604676001B1A0CA864
:101FC0008019C05C174B01315B5D984200D00BE774
:101FD000029100230021019801328242C1D10720E1
:101FE0000400144010420AD0082301221B1B524255
:101FF0009A400A4B5344DB78934300D0F4E6029BAB
:1020000000209B4500D0F0E648424841EDE6C0463E
:1020100030B500203CFDFFFF00B500207413002008
:102020008013002000AD0020F0B557464546DE463F
:102030004E462F4BE0B51F682E4B80461B68002094
:1020400083B0BB4242D1002F38D08023DB00002474
:102050009946294D294E16E0B378002C43D0687874
:10206000C31870784000C318012C3CD030782A780F
:102070008018C018FF23484537D30134AB700136B0
:102080000135A7421AD04346002BE5D1002001902C
:10209000B01C8446E0430122824619496046C05C78
:1020A00042430198834693445A4601921A1D14D024
:1020B000013B0431534510D00A68EFE73A0011495B
:1020C000114807F09BF943425841C0B203B03CBCF1
:1020D00090469946A246AB46F0BD0921019801F011
:1020E0008BFEC3B2C9E79B08C7E78008C3B2C4E749
:1020F00000B5002030B50020BA2C0020FEAC002036
:10210000D8E4001078130020BC2C0020F0B5002388
:10211000C64617003E4A00B513703E4A3E4E136055
:102120003E4A33601360431E040090460B2B23D8B5
:1021300080231B019F421FD8002917D009285DD09A
:102140000C281DD0002F1DD1354B364A364913605F
:102150005350364A3649136053500022354B1A709B
:102160000023354A01201370346006E0002F03D1AC
:10217000092801D00C28E7D1002004BC9046F0BD0E
:10218000002FF9D02D4D3A00280003F057FB4346AD
:10219000244A25491F60224B535013602449234A87
:1021A0005350136080231B019F42D6D12900244A3B
:1021B000EF1802E00131B94226D0530353405A0CC4
:1021C00053405A015A400878D3B29842F2D00022C4
:1021D0008020184B80211A701A4A002394467F27CA
:1021E000000106E00133834210D03A0061461A40F4
:1021F000895CEA5C8A42F5D00023B2E7002FBBD0AD
:102200007B1E1F42BED0B7E70122E1E70123A8E70A
:1022100077B5002030B500207012002000B50020F6
:10222000216DA783F888002004200000741300208B
:102230000C19000073B5002074B5002000AD00201B
:102240004D3C2B1A38E20010F0B5CE46474600232D
:1022500080B56D4A6D4D1268040089B02B708242C2
:1022600006D1002804D06A4E6A4932688A4205D0F5
:10227000002009B00CBC90469946F0BD66497158E3
:102280009142F5D1654A904612688A42F0D14046A3
:10229000634941589142EBD1624F3B600C2CE7D827
:1022A000614AA300D3589F46604B614A1968614850
:1022B0009946FFF703FD0028DAD14B4618688000E5
:1022C0000028D5DB534A33689342D1D1524AB258E1
:1022D0009A42CDD143461B689342C9D14146504AE8
:1022E0008A589A42C4D13860092C04D00C2C02D0F0
:1022F000514B9842BCDC012301202B70B9E76946A1
:102300004E4B4C481A888A829B784D4A8B751188AF
:1023100006AB198092789A70444A01939146032241
:102320004946029200920968464A05ABFFF7D2FB84
:1023300000289DD14B461868C2E7434A06AB116896
:102340003C48069112791A71384A9146052249464D
:10235000009209683B4AFFF76FFB0028EAD087E745
:10236000324B334A196833489946FFF79DF90028E4
:10237000A3D07DE7002306932C4B2E48196806AAAC
:10238000FFF76EF9002800D072E7069B0420736007
:1023900098E7264B2B4A19682C4B264800932C4B68
:1023A000FFF78EF88CE7214B264A19682148FEF783
:1023B00087FF85E71D4B234A19681E48254BFEF70A
:1023C000E5FD7DE7194B1F4A19681A48FEF7F4FB33
:1023D00076E73200154B1748196808327160FEF72E
:1023E00081FB002800DA43E704306BE70F4B154A06
:1023F00019681048FEF764FB62E70C4B114A196834
:102400000C48FEF703FB5BE77012002077B5002055
:1024100074130020216DA7830C190000F888002098
:102420000420000030B5002084B1001000B5002069
:10243000FC88002000AD00200819000074B10010D5
:1024400078B10010781300207CB100101CB200108D
:10245000FCB10010ECB10010F0B5DE4657464E4618
:102460004546E0B5CA4B04001B6883B0834208D1DF
:10247000C84B1D78002D04D0C74EC84A336893421C
:1024800008D00025280003B03CBC90469946A246DF
:10249000AB46F0BDC24AB2589A42F2D1C1490B686C
:1024A0009342EED1C04A8A589A42EAD10C28E8D821
:1024B000BE4A8300D3589F460120FFF7B5FD0500B3
:1024C000E0E70020FFF7B0FD0500DBE7B84B1D7823
:1024D000002DD6D0B74B1968B74B8A001B689A42BB
:1024E000CFD10029CED0B54A002792468B46A146CF
:1024F000019533E00F233B4200D042E1B04A3B0953
:102500009B009B58AF4958004008984602F0D1FF05
:10251000AD4902F0B7FF061C53461C6865006D0804
:10252000AA49281C02F0F9FF0028AAD1A749281CB3
:1025300002F0EEFF0028A4D14146201C02F09FFFCC
:1025400040004008311C02F0E3FF002899D1042329
:102550009C460137E244BB4500D116E14B460C2BAB
:10256000C8D19B4ABB00D3589649984653461C682D
:1025700043465800400802F09CFF964902F082FF53
:10258000061CCBE7944B1D78002D00D17AE78A4BCF
:1025900000251B68042B00D074E7904B75689C469F
:1025A00065446B425D41EDB26CE78B4B1D78002DAD
:1025B00000D167E7804B00251B68202B00D061E726
:1025C00020228749874806F019FF45426841C5B275
:1025D00058E7814B1D78002D00D153E78123764ABF
:1025E000002512681B019A4200D04BE77E497D48C6
:1025F00006F004FF45426841C5B243E7FFF7DEFB42
:1026000005003FE76C4B1B680193032B00D838E7AC
:10261000684B1B6898467368434500D031E7042334
:102620009C46E1464A46714B00279A46704B4D4600
:102630009B46019B9B1A5B085B004B449C46B8453C
:1026400000D8DFE0654500D11BE75346AC1C195D9F
:10265000002975D1019BA946A34200D811E70323A5
:102660009C4634192379624AE144D3554A46019B7A
:102670004D469B1A5B085B004B449C460137DEE7E6
:102680004C4B18684C4B1B68834200D0F9E600287D
:1026900000D1F7E600210023524E564C03E00131F1
:1026A000884200D1EEE6725C9B18625CDBB29A4213
:1026B000F5D0E6E6404B1B689C4601236146624626
:1026C0001940134200D0DCE6002A00D1A9E0394BC2
:1026D000444F99461B68484D984604235B429E1B15
:1026E0003878002800D1CCE643465B1A984200D9DE
:1026F000C7E60B007C780133EA5CA24200D0C0E65A
:10270000CA1A1218002AF6D10237F219944500D8D5
:102710008AE01900E4E7304B1D78002D00D1B1E6C6
:102720008023254A002512681B019A4200D0A9E6A1
:1027300032492C4806F062FE45426841C5B2A1E626
:102740002F4B185D002800D19BE6B84200D998E6CF
:102750004346DB1B994200D993E6B946D9444A4621
:102760000023A1461400381A5844C25CE2540133D5
:102770009942FAD87F184C46B84500D96AE74D46C9
:102780005DE70023104E9846C6E6019D7AE6C046F6
:102790007012002077B5002074130020216DA783EC
:1027A0000C190000F888002004200000B8B10010C7
:1027B00074B5002000B5002030B50020FC88002052
:1027C000B8E20010ACC5A73717B7D138FFFF7F7F3D
:1027D00038C200100AD7233C73B50020CD65C16212
:1027E000B8E400107813002028B2001077130020FE
:1027F000BC2C002000AD0020FFAC002038BA001037
:1028000076130020AC46019B0025634500D039E6D5
:1028100042460949094806F0F1FD45426841C5B202
:1028200030E6074A002391464A461568ED1A6B4286
:102830005D41EDB226E6C04600AD0020BC2C002074
:1028400000B500201E4B70B51A680023824208D1E3
:102850001C490978002904D01B491C4C0868A04277
:1028600001D0180070BD1A4C0C598442F9D1194D91
:102870002868A042F5D1184C2C598442F1D1092A7C
:102880001CD00C2A1AD00D1D144B1B68002BE8D04D
:10289000E81801230124124E5B422A785340082293
:1028A000210019405B08002900D07340013A002A3A
:1028B000F6D10135A842F0D1DB43D2E70435E3E796
:1028C0007012002077B5002074130020216DA783BB
:1028D0000C190000F88800200420000030B500200A
:1028E0002083B8ED10B54024084A83009A18126876
:1028F000C0005440C0222240054CA44663441A60E4
:10290000044B9C466044416010BDC04604C0014079
:1029100004D00140004001400A4B80009C464B1E01
:1029200099416044C900002A01D004231943036877
:102930004B400C21194080235B019C4660440160A0
:102940007047C04604C001400123D022834040218B
:10295000120693629361094A83009A181268C000B4
:102960005140C0220A4006498C4663441A60054B18
:102970009C460523604443607047C04604C0014044
:1029800004D00140004001408023DB051868000F9F
:102990007047C0460FB400B5084883B004F06AFA27
:1029A000049B002B07D005A91800019104F002F93F
:1029B000034804F05FFA012004F014F9ECE400107D
:1029C000D8960010F8B5EFF3108772B60E4E336844
:1029D000002BFCD0BFF35F8FCB08C4180725A4469B
:1029E000C45C01230D40AB4018002040234208D1B5
:1029F000624623431370BFF35F8F306087F3108804
:102A0000F8BD1000FFF7C6FF2C0100D0F8B5CE4688
:102A100047468C4680B5EFF3108872B6214D2C687E
:102A2000002CFCD0BFF35F8F9A422CD8D40807212A
:102A3000055D0619012411408C402C421FD007214E
:102A40008946063909E0D408055D06194C460F0091
:102A50001440A7403C002F4211D001329342F2D2E1
:102A600001204042BFF35F8F00220E4B1A6088F3B3
:102A7000108800280FDB0CBC90469946F8BD2C430B
:102A800010003470EEE7BFF35F8F00232B6088F3F4
:102A90001088012040426346002BECD00898FFF7D5
:102AA00079FFC0462C0100D0044A1078431CDBB2E9
:102AB000172B00D9102313707047C046400B00201D
:102AC00000B5054B83B00100009318221F23034873
:102AD000FFF79CFF03B000BDFCE400108C2C00202D
:102AE0000021044B044ABFF35F8F02C39342FAD123
:102AF0007047C046000100D0800100D0054B064A57
:102B00001360064A136053609360D360136153618E
:102B1000936170478080808000E400E004E400E07E
:102B20001F2318401E3B8340002905D0C021044AC2
:102B30004900535013607047802201498B50FAE7D7
:102B400000E100E001228240034B1B681340581E45
:102B50008341D8B27047C04600E100E001238340C2
:102B6000014A13607047C04600E200E0064B103097
:102B70009B688000C358054A00209B1A2F229A4266
:102B80004041C0B27047C04600ED00E0440B002059
:102B900070B50D00EFF3108672B60F4A1368002B64
:102BA000FCD0BFF35F8F0D4B10309B6884001B5926
:102BB0000B4A934203D09D4201D001F001F8074B2C
:102BC0009B681D51BFF35F8FBFF35F8F0022024BE5
:102BD0001A6086F3108870BD240100D000ED00E07B
:102BE000C1010010F0B557464E464546DE46E0B5F9
:102BF000894683B005001700EFF3108A72B65E4A6B
:102C00001368002BFCD0BFF35F8F00205B4B18567E
:102C10009B46002800DA6CE05A464400584E2418BF
:102C2000A400331998469B7910351370554BAA00B0
:102C30009B6801929B589C469B1B2F2B28D80122F6
:102C400061469143CB79BB4208D86AE053009B1898
:102C50009B00F318DD79BD4251D9190006228A562E
:102C6000002AF3DA0B1D9B46474E43465C46043B65
:102C70001B1B1B05454C5B0D23438B808871414614
:102C80008A714A46424B8E800B60CF718A601BE08E
:102C9000404B9C4542D142463F4B023413803F4B50
:102CA0003619043B9E1B3605384B760D1E433C4BB4
:102CB00056809380FF23D771937143464A469A60AA
:102CC000012342461A43944661462E4B019A9B6863
:102CD0009950BFF35F8FBFF35F8F0022264B1A60BE
:102CE0008AF3108803B03CBC90469946A246AB4696
:102CF000F0BD00F065FF5B46002018568CE70B1D09
:102D00009B468B8804345B051B155B4436199E1B60
:102D1000E0233605760D1B021E43A6E700F050FFA8
:102D2000B9E745460B001F489B1B5B415843000D0C
:102D3000194B2B80A31C9C46B4446546174B0434A6
:102D4000043B5B1B1B05114D5B0DAC462B434546FD
:102D500036196B800B1F9E1B6346A87148463605CB
:102D6000760D1E430A4BAE80EF71A8600B604346A0
:102D700013439C46A8E7C046240100D075B5002047
:102D8000440B002000ED00E001BD000000E0FFFF6B
:102D900001488047C101001000A1FFFF740B002013
:102DA00001BDFFFFAAAA00000123F0B50343EFF322
:102DB0000584EFF3108672B61C490A68002AFCD01D
:102DC000BFF35F8F1A4F01001A4D1B4A491B49413F
:102DD0004A43120D51B2BA689446A2006446A45800
:102DE0009C4215D02A000023062414578C4213D08D
:102DF00001330C32042BF7D1104B1A781970827101
:102E0000BFF35F8F0022094B1A6086F31088F0BD74
:102E1000BB680B4C9C50EFE75A00D3189B00ED1891
:102E2000FF23AB71074BAB80E6E7C046240100D01F
:102E300000ED00E0440B0020AAAA000075B50020B8
:102E4000C101001001BDFFFF00B5074B83B00100B9
:102E50000093002205230548FFF7D8FD002801DB79
:102E60001F23181A03B000BD18E500107AB5002022
:102E7000024B9C4661448900016070474000003469
:102E800010B50400FFF710FE01002000FFF7F0FF6F
:102E9000FF232371BFF35F8F10BDC04610B5040040
:102EA000FFF702FE01002000FFF7E2FFFF23A380EF
:102EB000BFF35F8F10BDC04670B5094C094DAC42E1
:102EC00008D223682000002B05D00834FFF7E6FF66
:102ED000AC42F6D370BDFFF7D3FF0834EFE7C0462E
:102EE000080C0020100C002010B504000120FFF792
:102EF000E7FD034BC3189B002360BFF35F8F10BD3A
:102F000040000034034B9C46614489000160BFF3DC
:102F10005F8F7047400000340A4B1968EFF3108050
:102F200072B60A68002AFCD0BFF35F8F1B68BFF33C
:102F30005F8F00221A6080F3108840BF00200021BC
:102F40007047C04650B50020F0B5DE4657464E46A5
:102F50004546E0B585B0EFF30582032313409A00A0
:102F600011000392B64A5258904601229A40914667
:102F7000B44B1A604B46B4484363434608229B5EF9
:102F80009A46002B3EDA43469B881BB2002B00DB9F
:102F9000A2E043469B79002B00D0F4E0434608248E
:102FA0001C5F002C24DB42465269630094461B19C7
:102FB000DB0063449C68DD68631C00D110E1A2481B
:102FC000039B84466344826A19001B69A61A9B1AF4
:102FD0009E4215D34A46036A1A4211D09A4800F01D
:102FE00051FB241A8D41002D02DCC3D1002CC1D02D
:102FF00040BF05B03CBC90469946A246AB46F0BDEA
:103000000C61EBE7424652695B0093465344DB0098
:103010009B445B469E68DF6800F034FB801BB9412F
:103020000029B0DB002F00DAE5E05B46874A1B6928
:10303000934200D1D8E041465A460820085E5288A3
:10304000000410435A465169984704000D002300BC
:103050002B4300D1CFE0002D00DBE8E0361BAF4171
:1030600034003D005B469C60DD600021595E002914
:1030700000DA88E743465B6922009C462B00480043
:103080004018C00060448668C768921BBB41002B93
:1030900000DA78E7434666460200009401951981FC
:1030A0000CE07B00DB19DB00F318009801999C68A9
:1030B000DD68001BA941002904DB1A000023D75E4C
:1030C000002FEEDA5B461F805346138043469B88F1
:1030D0001BB2002B00DA5CE743461A69EFF310815C
:1030E00072B61368002BFCD0BFF35F8F43469B88FA
:1030F00042461BB29A4601235B4293801369BFF399
:103100005F8F00221A6081F310885346002B00DA8B
:103110003FE743465B699C46082343449B4653462E
:103120005F0043465744FF0008229A5E67445E46AC
:10313000BC68FD68002A19DB3B00009401956746D6
:103140009C4604E01E000023F25E002A0BDB009880
:10315000019953009B18DB00FB189C68DD68001B7D
:10316000A9410029EEDA6346BC461F00534633806E
:1031700000217B5E3A809A46002BD0DA43469B7949
:10318000002B00D10AE7002342469371434646468E
:103190000821595E08364B1C00D129E747468C466A
:1031A000556902E006004B1C17D04B005B18DB0092
:1031B000E8180A00E95E43881BB2002BF2DA01230B
:1031C0005B42DC178360C4609445ECD031803B895E
:1031D000944603803A814B1CE7D1B8466446E0E64A
:1031E0006B1C00D0EBE6F9E65B465C6920002369C6
:1031F0009847002821D15B4642461B8813811269FB
:10320000EFF3108372B611680029FCD0BFF35F8F13
:103210004246594652880A804246514651801269B8
:10322000BFF35F8F0021116083F31088ABE606487F
:1032300000F028FA24184D4114E76568246806E771
:1032400034B500203C70054000400540492F001077
:10325000F0B5C646904600B5C16006001D000F00DF
:10326000FFF722FC1B4BD0229C46434612063370CC
:103270001268ABB2727001226044524280007381C6
:103280009B1830613281B2807380002D0BD06B00AF
:103290005D197469ED00104B2D192380013318342A
:1032A0009BB2AC42F9D143469A000C4B0124D65054
:1032B00043469C4040463C620949FFF769FC404652
:1032C0000121FFF72DFC074B9C4667443C6004BC82
:1032D0009046F0BD40000034FFFF000034B50020F0
:1032E000492F00103820000010B50A4C2369002B2C
:1032F00004D00A210848FFF7BBFD10BD0321074891
:1033000000F0B6F91023032220000449FFF7A0FFC4
:10331000EFE7C0468C0B002050B500200040054070
:10332000004870478C0B0020F0B501000469EFF3F2
:10333000108772B620680028FCD0BFF35F8F022090
:103340000D5E48696C0084466419E4006444002DF5
:1033500001DB208848800869BFF35F8F0026066084
:1033600087F31088002D2EDBE36063880598013316
:1033700020615B0406985B0CA26060611A1C002B44
:103380001FD090B22B04628018430A69EFF31086B5
:1033900072B61368002BFCD0BFF35F8F8B8823803D
:1033A0008D800B69BFF35F8F00221A6086F310884F
:1033B0000B7801329A40CB6804498C4663441A600A
:1033C000F0BD0122DDE701204042F9E73C2000008A
:1033D00070B582B01D0008AB1B7806001400002BEE
:1033E00007D100F057F922002B00121A8B41002B55
:1033F0000ADB079B22000193069B300000932B0001
:10340000FFF792FF02B070BD0020FBE730B54389A3
:103410000A14934233DD53009B184269DB00944643
:1034200004696344EFF3108572B62268002AFCD069
:10343000BFF35F8F5A88090494B2090C8A4208D0FE
:103440000369BFF35F8F00221A6085F310880020A4
:1034500030BD8022120214435C8001230269837113
:10346000BFF35F8F0021116085F310880549027852
:103470008C469340C268012062441360E8E7002054
:10348000E6E7C0463C20000040787047F0B50400F5
:103490000D0006267642F717C64636196F4100B56D
:1034A00084B08F4214D811D000F0F4F832003B0001
:1034B000121A8B41002B15DC002B3ED02000290076
:1034C00000F0F2F804B004BC9046F0BD8642EBD99F
:1034D0000026002700F0DEF832003B00121A8B4174
:1034E000002BE9DD002302930193154B320000937A
:1034F00014483B00FFF76CFF0028DFDB00239846F1
:10350000BC46114A114F7B6A9C4504D8B96A8E4269
:10351000D4D99C45D2D11168EFF3108072B60B68F4
:10352000002BFCD0BFF35F8F1368BFF35F8F414662
:10353000196080F3108820BFE5E7002ABED0D1E7EC
:10354000192F00108C0B002050B5002000400540C2
:1035500070B504000D0000F09DF8001969410029C4
:1035600002DBFFF793FF70BD012001494042F8E7FD
:10357000FFFFFF7FFA2210B500239200002101F027
:1035800061FFFFF7E5FF10BDF0B5CE46474680B5B9
:1035900004000D0085B0EFF30587002F0DD0314AF0
:1035A0000020536A8B4203D3926A0130A24249D36E
:1035B00005B00CBC90469946F0BD2B4B9846DB6895
:1035C0009946434648461E7800F05CF80B00494691
:1035D00002000436B600715820008E1A2900801AA5
:1035E00099418F4211DC0ED020BF1E4A0020536A41
:1035F000AB42DDD3926A0130A242D9D2EB1A581EF7
:103600008341D8B2D4E78642EED9002302930193D6
:10361000164B2200009340462B00FFF7D9FE011EF7
:1036200015DD104B2E005A6A954218D89B6AA342AA
:1036300013D34046FFF7EAFE0A4A0020536A9E422F
:10364000B6D8D7E75B1A581E8341D8B2B0E7054A0F
:103650000020536AAB42ABD3CCE79542E9D120BFFF
:10366000E7E7C046004005408C0B0020192F0010F2
:1036700010B5024A0248FFF7A5F910BD34E5001065
:10368000902C00200300416A0A00986A596A8A4215
:10369000FAD17047034B596A0A00986A596A9142F5
:1036A000FAD1704700400540064A536A9942FCD857
:1036B00007D1044B02E05A6A914202D19A6A8242CF
:1036C000F9D3704700400540F0B54F469946344B5A
:1036D000DE4646469C4644002418A400C0B5644417
:1036E00016006368089A8B46934200D26260031FFB
:1036F000DBB29846012B2ED9C0238022294F8500AA
:103700009B0179591201E3181A6000291AD1226825
:1037100076017240E0268023164042465B01E318A2
:103720001E60012A2ED9802380229B01E3181201FA
:103730001A60089B63604B467B511CBC90469946BF
:10374000A346F0BD786900F057FB431C5800C01831
:103750000338FDD2DBE75B46012BCDD1C02303222A
:103760009B01E3181A60023AA3681A42FCD0E023D6
:103770002268760156401E4080235B01E318094F02
:103780001E6085005A462168514003220A401A6093
:1037900001235A469340A2681342FCD0C3E7C046B7
:1037A00000800040942C0020064A4300944680226A
:1037B0001B189B00634412011A600022024B800018
:1037C000C250704700B00040942C0020F0B583B088
:1037D00005000E0018000899170000F00DFB089A6C
:1037E0000300140231003A0028000094FFF76CFF38
:1037F00003B0F0BD10B5802482B064000094FFF7E0
:1038000063FF02B010BDC046014B8000C058704736
:10381000942C0020802270B506000E4C5200A36943
:103820001D0015401342FAD1FA210B4B890018698B
:1038300000F0E2FA0A2310212060064A23610B3BC4
:103840006560A360666193691942FCD0D069400944
:1038500070BDC04680800040942C0020F0B5C64664
:10386000802506000F00140000B56D0082B0174BD4
:1038700001220121052000959846FFF725FF3B0016
:10388000320000940121124800F080F8210030003D
:10389000794300F0B1FA04000022022104200D4B0C
:1038A0000095FFF711FF230000220121052000955C
:1038B000FFF70AFF43460222002106200095FFF78A
:1038C00003FF02B004BC9046F0BDC046006CDC02B1
:1038D00000800240001BB700F0B5DE469B46264B39
:1038E00057469A46A0234E4645465B009946804679
:1038F000E0B583B00091019201235B429C46E14414
:103900004B460F2B35D01D4F1D4B072657449A456C
:103910002BD8340043463500B04674431E0004E003
:103920004346013DE41A002D19D02100380000F073
:1039300063FAB042F4D10029F2D14A464646114B0F
:1039400001205343009A1360019B1E605B461D607B
:1039500003B03CBC90469946A246AB46F0BD33004E
:103960004646013E9846002ED3D1074B9C46E24482
:10397000C2E70020ECE7C04670F72E00B0710B00E4
:1039800050F80C00001BB70020D1FFFFF8B5040071
:10399000204817001D000E0000F02EFA010038002C
:1039A00000F02AFA069A2B04120313432268002A15
:1039B0001FDB194AA21851424A41802149018C4615
:1039C00052420A40154962440A6015490A60154985
:1039D00017000D68AF43FBD1134A2660A1182122BE
:1039E000A0600A602268002AFCDAE36008230B600A
:1039F000F8BD3F2221680A40B242DAD1A26812051E
:103A0000120D8242D5D1EE21E268C9020A409A42E3
:103A1000CFD1EDE7001BB7000040FDBF00E0004044
:103A200000F0004008C0004004300000044B0001DA
:103A30001B685840F0231840024B18607047C0467E
:103A40000040064000500640024B18680006000F78
:103A50007047C04600400640020080234001801AA3
:103A60008000801800015B04984200D30448802243
:103A7000044BD2051860044B5860044B1A60704721
:103A8000FFFFFF0008B500200080054000A00540B2
:103A900010B5802403001000124AE4051460002BC6
:103AA0001AD00122104C1343104AD461104C5C40D0
:103AB00014625162936280220A4BD2051A600D494A
:103AC0000D4A1160E022D2041A60002807D180223A
:103AD0000A4B12061A6010BD044AD361EBE7FFF7E8
:103AE000BBFFF8E700B00540D3C007B00080054039
:103AF0002D3FF84FFCFF01000820014000A00540C9
:103B00008023024A9B000B43D3627047008005402C
:103B1000142310B50100188804331B88984710BD82
:103B2000162310B50100188802331B88984710BD72
:103B3000F0B5C64600B5002916D0142304000125AF
:103B400098461827890046184346216818883B88FC
:103B5000984701C4431E984140420540A642F3D114
:103B6000280004BC9046F0BD0125F9E7142370B588
:103B70000400188804331B880D000549984703008A
:103B80000020002C01DB0130A04029009847C046EE
:103B900055420000AA23064A1B0113608D235B00D7
:103BA000D3600449044B19605368002BFCDA70475A
:103BB0000040024000B0FA00006002407047C0467A
:103BC00010B50148FEF7E6FE58E5001070B5074B4A
:103BD000074C9C4209D2013B1D1BAD080135AD00CD
:103BE0002D1908CC9847AC42FBD170BDB49500109C
:103BF00078950010054B064A06491A60064A074B9D
:103C00001A6010000B689843FBD1704700E0004039
:103C1000BFCDFBFE08C00040FE7F3C0000F000402E
:103C2000044BDB6C002B03D18022034BD2021A60C1
:103C30007047C046000011504C201150044A054BFB
:103C40001A60054A1368DB018033FBD17047C04618
:103C5000FFFFFF0100F0004008C000404022034B7E
:103C60009A675A671A67DA667047C04600F00140E3
:103C700010B5FEF735FF10BD70B50C490C4C0D4D5D
:103C8000641AA6103200302E00D93022280092008B
:103C900001F0D4FD2F2E06D82A0007492C19C03276
:103CA00002C49442FCD1054B9D6070BD0001001020
:103CB000C001001000000020C101001000ED00E074
:103CC000002310B5294C82B0A367FFF763FF0122E0
:103CD000274B1A60636C012BFCD10322254B1A6021
:103CE000224A936B012BFCD1013300930121224A1C
:103CF00022480433FFF74AFE052301210093204A9E
:103D00002048FFF743FE0022022104201E4BFFF74C
:103D100071FD0022012105201C4BFFF76BFD0022E5
:103D2000002107201A4BFFF765FD00220021082023
:103D3000174BFFF75FFD8023DB000093002200217B
:103D40000920134BFFF742FD0022104B00210620F3
:103D5000FFF750FD0420FFF757FD0E4900F04CF827
:103D600001000020FFF7CCFE02B010BD0080004033
:103D70003CB0004030B00040002F68590080024045
:103D8000008C864700C00240001BB70040597307F3
:103D9000006CDC0240420F0001480421014B18472F
:103DA000B00B0020313B0010124A936F9B0815D2D4
:103DB0009066D166002905D0FFE7FFE7FFE7516F66
:103DC000106F704704B580210906C21751400028C2
:103DD00000D0C84305F080FB002104BDF0B5146E8F
:103DE000556E576F166FFFF7E3FF146655665767FA
:103DF0001667F0BD000000D0114A936F9B0813D2E4
:103E000010665166002905D0FFE7FFE7FFE7516F15
:103E1000106F704704B5002801D00020C04305F0A2
:103E20005BFB002104BDC046F0B5146E556E576FA4
:103E3000166FFFF7E5FF1466556657671667F0BD06
:103E4000000000D094464A4A926F9208624601D21E
:103E500028E0C046F0B5464E346E756E776F366F0B
:103E600000F020F89446424A146655665767166774
:103E70006246F0BD94463E4A926F9208624601D275
:103E800054E0C046F0B53A4E346E756E776F366FBB
:103E900000F04CF89446364A146655665767166724
:103EA0006246F0BD002B24DB11D000293EDA00B5BC
:103EB000C943404200D1013100F038F8C9434042C3
:103EC00000D10131DB43524200D1013300BD002A51
:103ED000EBD1002801D1002905D00020C90FC90766
:103EE00001D1C043410800B505F0EEFA00220023DD
:103EF00000BD00B500290ADBDB43524200D101338B
:103F000000F014F8C943404200D1013100BDC9435B
:103F1000404200D10131DB43524200D1013300F075
:103F200005F8DB43524200D1013300BD002923D103
:103F3000002B18D1002A0CD0BC460D4F38667A668B
:103F400000210023FFE7FFE7FFE77A6F386F67463E
:103F50007047002801D00748010000B505F0B4FA09
:103F60000022002300BD02000B000020002170474A
:103F7000000000D0FFFFFFFF002B00D0BFE0130CBC
:103F800028D1002AE7D080B4114F39667A66FFE75E
:103F9000FFE730B4040C7B6F396F1B0423433B668F
:103FA0007A66FFE7FFE7FFE7C04684B27B6F3D6FAD
:103FB0001B0423433B667A66FFE7FFE7C046002306
:103FC0002C042D0C7A6F386F00196941B0BC704712
:103FD000000000D0F0B594460025140E01D1120265
:103FE0000835140F01D112010435940F01D192004C
:103FF0000235D40F01D152000135D40B0134254FC5
:104000007C66254C3C660E0C93B2FFE7FFE7FFE7AA
:104010003C6F6643360C7703BE467343DF0B5B048D
:10402000C01AB941130C7343DB18C91ACE08664392
:10403000360CB64493B273431F0F1B01C01AB9412B
:10404000130C73431F0B1B05C01AB941860D8F0259
:104050003E436643360C092D24DB520A7243801A14
:104060007703460A6643360C16235B1BDE40DF40AF
:10407000BF1964466643821B70460435063301004F
:10408000D940A840C01900D30131A24206D2002372
:10409000F0BD0000000000D0FFFFFFFF121B013049
:1040A000F3D3F1E709277F1BFE406446A2B27243B7
:1040B000801A00D20139220C7243130C1204821AA6
:1040C00099410B007046043513370100F940A840B0
:1040D000801900D30131002B02D1A2420AD2F0BDD7
:1040E000013000D30131121BFAD2013BF8D1A242B8
:1040F00000D2F0BD013000D30131121BF7E7F0B55B
:104100001C0C00D080E00CB400251C0A04D11B025A
:10411000160E3343120208351C0B04D11B01160F77
:104120003343120104359C0B04D19B00960F33439B
:1041300092000235DC0B02D192185B4101351C0064
:10414000971864410134464F7C66464C3C660E0C21
:10415000FFE7FFE7FFE7C0463C6F6643360C770397
:10416000BE4697B27743C01B00D20139C01B00D2B4
:1041700001399FB27743C91BC91B170C77437E04D3
:10418000FF0B801BB941CE086643360C0C2D33DB88
:10419000B644120B1F053A431B0B97B27743C01B63
:1041A00000D201399FB27743C91B170C77433E04F5
:1041B0003F0C801BB941860D8F023E436643292781
:1041C0007F1BFE400C3D7746AF40BF1930BCA2B20A
:1041D000ABB272437343801A9941220C7243130CA1
:1041E0001204801A994102000B000137001BA941FB
:1041F000F9D2781E0021F0BD0C277F1BFE407746C8
:104200007F0BAF40FF19E0E700245D1C07D0144F7F
:104210007D663966FFE7FFE7FFE7FFE73C6F95B292
:104220009EB265436643401BB141150C1E0C6543AD
:10423000664336042F0C3E432D04401BB141994286
:1042400004D202000B0020000021F0BD01D19042F9
:10425000F7D3801A994101349942F2D3F6E700006E
:10426000000000D0FFFFFFFF44464D4656465F4624
:10427000F0B47047F0BCA046A946B246BB467047B2
:1042800048404140484018B41B4B5B68FC460193D2
:1042900008BD04DF5348001018B4174B1B68FC46D8
:1042A000019308BD00DF5D4800109446134A926FE9
:1042B000920809D2624618B40F4BDB68FC460193A2
:1042C00008BD0CDF154B00100C4AF0B5146E556E8E
:1042D000576F166F6246FFF7EEFF084A1466556681
:1042E00057671667F0BD18B4034B9B68FC460193F3
:1042F00008BD08DFB9490010E4B50020000000D077
:10430000FFB550404240504059404B40594000E0BA
:10431000FFB5154F4C00640D03D0BC4204D10C0313
:1043200014D80020090D09055C00640D03D0BC42BF
:1043300004D11C030AD800221B0D1B0501264B408B
:1043400009D44B4003D58B4200D18242FFBD994234
:10435000FCD19042FFBD0B43DB1803431343F5D060
:10436000C9434918FFBD0000FF07000000B5FFF773
:10437000CFFF804100BDC04600B5FFF7C9FF01D99E
:10438000002000BD012000BD00B5FFF7B9FF01D935
:10439000002000BD012000BD00B5FFF7B1FF804146
:1043A00000BD012040054A00121804D85A00121816
:1043B00001D800207047012070470000002100282C
:1043C00005D17047C1174840401AFAD0C90713B544
:1043D000064B1B6898470CBC441CA2401005120BEE
:1043E0000349091B09051943114310BD4CB50020B1
:1043F0001F04000010B54C00620D8023D218DB00B2
:10440000D21A5B057E2A10DD9E3A13DACC17090317
:10441000490819435242D140640001341532202A20
:1044200005DAD0400843604310BD002010BD0846A7
:10443000604310BDC80FC018013810BD18B4044B3C
:104440005B6AFC46019308BD24DFF14E00100000BA
:10445000E4B5002018B4044B1B6EFC46019308BD64
:1044600060DFFF4F00100000E4B5002018B4044BDB
:10447000DB6FFC46019308BD7CDF894F0010000014
:10448000E4B5002018B4044B9B69FC46019308BDB9
:1044900018DFE14C00100000E4B50020024A034B95
:1044A00000B500F0B9F900BD182D4454FB211940A6
:1044B0008A0002D3920D092A08DA18B4064BDB6B86
:1044C000FC46019308BD3CDF3351001000B5FFF7F7
:1044D000E5FF04BC9646F0E7E4B500208A0002D36D
:1044E000920D092A08DA18B4064B1B6CFC4601939E
:1044F00008BD40DF4351001000B5FFF7CFFF04BCFB
:104500009646F0E7E4B50020132370B51C78012C23
:1045100019D014DD1148FFF703FB06001048FFF720
:10452000FFFA104D80223100280001F087F9022C9B
:1045300006D00D48FFF7ECFA0C4B186070BD094D22
:104540000B4AAA64F5E7074D094A29002B00803180
:1045500004C38B42FCD1AA64EBE7C046534400007D
:1045600053460000E4B500204C3300004CB5002059
:1045700021480010F0B557464E464546DE46E0B5A8
:1045800085B01F000E9B04000D0016009A46002BFC
:104590005DDD012039114042FFF72EFC002303901E
:1045A0009B461BE022009A40019223004A4693401A
:1045B000009343463200D91740463B0000F042FFCB
:1045C000009C019D5B464A46934043449B465346AC
:1045D0009B1A241A8D419A46002B1DDD5346D14665
:1045E0000C2B01DD0C239946039AAB11534349462A
:1045F0001D22521A1341202201335B105242984669
:104600008B18CFD5202322005B1ADA4013002A0032
:104610008A401A430192C8E7AF421CDC29D020002F
:104620002900801BB9418F4238DC35D002239C46DB
:10463000801BB941E3440F9B002B01D05A461A60FE
:1046400005B03CBC90469946A246AB46F0BD8F42B1
:1046500017DD00239B462000291EECDA80197941E2
:10466000002909DA02235B429C4680197941E34420
:10467000E1E7A642D3D9EEE701235B429C46E3443F
:10468000D9E78F4201D18242E3D8200029000023DC
:10469000801BB9419B4601E08642C7D901239C4655
:1046A000E344C8E7F0B54646D6464F461C00804670
:1046B000C0B588B01000109A4B006500C4465B0D71
:1046C0006D0D002A02D00022109E32604B4A9342A8
:1046D00052D0002D50D0002B57D0954262D06A1E88
:1046E0009A425FDCCE0F0F03B1463E0BB2466646E0
:1046F000049680267603B4465746029060463E43B1
:10470000270305963E0B304303909A4240D04A4619
:10471000002A06D0049E059F00227142BA410491EE
:1047200005920498059907AA5B1B01920093029ACF
:10473000039BFFF71FFF06000F0002000B0002980B
:10474000039992197B4194468B422FDC2CD0029A1C
:10475000944544D0002C02DA079B5B420793109BE0
:10476000002B01D0079A1A60254A30003900521BED
:10477000FFF770FE060001E000262249300008B075
:104780001CBC90469946A246F0BD00260021F5E7E4
:10479000059B834212DC029D039EB34202D1049B1F
:1047A000AB420BD84646E9E78242D0D9079B01339A
:1047B0000299039A0793761A9741CBE74B46029EDC
:1047C000039F04980599B6197F41002B0ED1801BD9
:1047D000B941013306000F0015000793BAE7039AA9
:1047E0009342B7D1079BDA07B4D5E0E701235B42D8
:1047F000361A8F4115000793ACE7C046FF0700004B
:10480000330400000000F07F10B5002482B0009453
:10481000FFF748FF02B010BD10B5FFF7F5FF10BD60
:1048200007B5604601880A0A0230DF2AFAD1C9B208
:10483000820804D3028840880004104300E0006826
:10484000014A5050039007BDE4B500200FB403BCEB
:104850000CBCF0B50124E407634000E0F0B50C0D9A
:10486000CF0F661E3605891B640503D3C94340423A
:1048700000D30131640D03D0661CF60A07D0E41B97
:1048800000207F00791C89078912803C24031D0DBC
:10489000DF0F6E1E36059B1B6D0503D3DB435242B3
:1048A00000D301336D0D03D06E1CF60A07D0ED1B4B
:1048B00000227F007B1C9B079B12803D2D032F1B3A
:1048C000661B58D4A446202E46DA20371400BC407C
:1048D0001D00BD40F24033412A4380185941CB0F9F
:1048E00005D0C943C0430022644250415141624651
:1048F0004D0D28D10D0D07D100281FD0241940419E
:104900004941013A0D0DF9D0640006D3013000D3BE
:104910000131002C01D140084000013A0BD4941C15
:10492000E40A04D112051144DB071944F0BDD9078C
:10493000204B194300E0D9070020F0BD0029DDD14C
:10494000002CDBD1F0BD0132C6074008CD0728435B
:104950004908002EE1D0D9E73C2E29DA203E403725
:104960001400BC4000D00124F24014431A00BB40A4
:104970001C43D317ACE7AC46202F08DA20360400DE
:10498000B4400D00B540F84039412843A5E73C2F1D
:104990000CDA203F40360400B44000D00124F84037
:1049A00004430800B1400C43C117EAE710001900A6
:1049B000002494E70000F07FF0B50C0D661E36056C
:1049C000891BE60A6405640D02D0651CED0A04D05B
:1049D000002001210905803C2403A4461C0D671E0C
:1049E0003F05DB1BE70A6405640D02D0651CED0A78
:1049F00004D0002201231B05803C2403774064443B
:104A000097B484B296B27443070C7E43150C6F437F
:104A100080B26843361802D3012000043F183004E6
:104A2000350C00197D41844688B29AB250430C0C73
:104A300062431F0C7C438EB27E43921902D301263F
:104A40003604A4191604170C3618674101BC81B24C
:104A50009AB25143040C62431B0C5C4380B258432E
:104A6000121802D30120000424181004130C40185B
:104A700063412D185E410020474106BC88B293B2C5
:104A800058430C0C6343120C544389B251435B18D6
:104A900002D301210904641819041A0C091862418F
:104AA0006D1856410020474118BCF902720D1143A0
:104AB000F0026A0D1043ED020A0D03D16D19404159
:104AC0004941013B124E9B1B7600B3420ED26D0052
:104AD00007D30130002671416646354301D14008B5
:104AE00040001B05C918E4072144F0BD0BDA01336F
:104AF00006D1013004D101314F0D01D04908F2E750
:104B0000E1070020F0BD013631050020EBE7000091
:104B1000FF030000F0B51C0D671E3F05DB1BE70A15
:104B20006405640D02D0661CF60A04D0002201233D
:104B30001B05803C2403D0252D060026F6432E6657
:104B40001E096E66CE0FF619B44649004F0D02D00D
:104B50007E1CF60A03D000200021403F3F033E1B8D
:104B6000B600B444013F7F05C91B49082E6F0136CA
:104B700076089C02950D25437543ED137543AD13DF
:104B800001356D10F603761B0CB4CC02450D2C4399
:104B9000A2B2B3B25A43270C7B43350C6F43A4B285
:104BA0006C431B1902D3012424043F191C041D0C5F
:104BB000A4187D4124196D41009A91B2ACB26143B1
:104BC000170C7C432B0C5F4392B25A43A41802D3B8
:104BD00001221204BF182204230C52187B41019CAD
:104BE0006C431B19520ED9010A434401A01A81B229
:104BF000B2B2514303145A43360C734387B277431E
:104C0000D617D21900277E4136049B191704160CBB
:104C10007F185E417316ED18F3010026803375414D
:104C2000A90F06D16400690AE8055B0A184309D296
:104C30002FE00422944480337541A90AA8059B0AF9
:104C4000184326D3404149412404009A019B0D009A
:104C50005543641B4343E41A95B286B27543170C5F
:104C60007E43030C5F4392B25A43B61802D301222B
:104C70001204BF183204330C52197B4152429C413A
:104C8000002C02D40022013051414008CA071043D1
:104C9000490802B06246D7079210084BD218084B59
:104CA0009A4203D212058918C919F0BD0020002AC2
:104CB00001DC3900F0BD01331905F5E7FD03000003
:104CC000FE07000007DA002107E0C90FC907520DEF
:104CD00003D0C91201E04C49090500207047C046C5
:104CE0004A00F2D2520D013A484B9A42EAD2F0B54C
:104CF0001405091B520801D3001849419B08D2181A
:104D00001205944640A44A0CA25C0B09534353433A
:104D10001B1353435B131202D21A13005B435B0B4A
:104D20004C086343DB135343DB1501335B10D21A8A
:104D3000130CD21A13005B438902840D21438DB2F8
:104D40009EB275430F0C7E431B0C5F438CB25C43D9
:104D5000361902D3012424043F193404330C641996
:104D60007B419D01A40E2C432034A5B2554324144D
:104D700054432D0C6419A411D203121B95B28EB2A8
:104D80007543170C7E430C0C674393B26343F618CC
:104D900002D301231B04FF183304340C5B197C413C
:104DA000DB186441DB18002363419EB276439DB259
:104DB0001F0C7D437F436C04ED0BA4197D4106025B
:104DC0008F08361BAF417D07F6086E41B4B295B22D
:104DD0006C4337147D43120C5743B6B25643EA175F
:104DE000AD19002672411204BF182E042A0C361980
:104DF0007A410832521117D29D0A9C05D117101919
:104E000069416144F0BD0000FF070000FE0700009B
:104E1000F8EBDFD6CDC5BEB8B2ADA8A4A09C9995DD
:104E2000928F8D8A8885838152415D0ADC05D11776
:104E300014194D412B006343A6B27643A2B2270C4E
:104E40007A437F435104D20B89197A41D218D21880
:104E500080054942904102D4002301345D4160083D
:104E60006908ED0728436144F0BDC046624618CA90
:104E700094465A46002A20DB04E0624618CA94464B
:104E800000291ADAC01861415B463B415C46B440D8
:104E90005246FA40224344464D4662416B41904699
:104EA00099462B46B3403D41FC401C4352465B466D
:104EB000A241AB4192469B467047C01AA1414B4666
:104EC0003B414C46B4404246FA40224354465D467C
:104ED00062416B4192469B462B46B3403D41FC40AC
:104EE0001C4342464B46A241AB419046994670470F
:104EF000002200B5203200F010F8080000BD0022AA
:104F000000B500F00CF8CA179A4200D100BDD84392
:104F10000121C907414000BD00220B150AD410B57C
:104F2000944600F0A7F81414013400DA0021CB17DE
:104F3000144C20470020002170476244343A0CD4BE
:104F40000C2A07DA04009140904052422032D440AB
:104F5000214310BDD843D94310BD203207D40C469D
:104F60009440524220321141D040204310BD0800ED
:104F7000C917203203D452422032104110BD18000C
:104F8000190010BD3B4F00104A00520D144BD21AAD
:104F900013DDFF2A1EDAD205CB0FDB071A43C3004D
:104FA000400F0903490A084310435B0001D301D0B5
:104FB000013070474308FBD2704702D0C80FC007CA
:104FC00070470A0312130132F8D1420F072AF5D1B4
:104FD000012200E0FF22C80F00028018C0057047C0
:104FE0008003000000210A00002104E000210A00E3
:104FF000C11704E00022002306E0C0460022CB17C0
:1050000058405940C01A994130B5184CA21A00298D
:1050100003D1010010D00020203A4C1512D104D247
:10502000013A001849414C0DFAD3114CA24204D266
:1050300012058918DB07C91830BDD243520D002074
:105040000021F5E703D4013A00184941FBD50B32A2
:105050004405C00A4D052843C90A640003D0002452
:1050600060416141E1E7E0D34408F8E73204000021
:10507000FE0700000A0DCC0F531E1B05C91A52056E
:1050800003D3C943404200D30131520D03D0531C16
:10509000DB0A07D0121B00206400611C89078912FB
:1050A000803A1203014BD21A70470000FF03000040
:1050B000023225D40C2A1CDA1125AD1A0B002B4123
:1050C000083207350600EE40904091403143F0CC65
:1050D00063431A1500235A41554356435743BF02B1
:1050E000F412760576196741ED177F19801BB941D7
:1050F00070470C220020C917490001310905DBE780
:105100000902030E194300025342203208D40C0056
:1051100019419440D84020430022504151417047EA
:105120000800C917203B2032F1D5002000210022C1
:105130007047F0B5FFF798F800F00EF800F030F87F
:1051400006E0F0B5FFF790F800F006F800F046F83A
:10515000FFF790F8F0BD000000B5FFF78BFF30A41B
:10516000FFF7A6FF00242C4D2C4ED20702D3F643A6
:105170006D426641520004D2A246A346A846B146FB
:1051800003E0A046A146AA46B3466EA4A446012762
:105190001F26FFF772FE0137013E212FF9D100BD16
:1051A000594684B28DB26C43061475430B145E43AA
:1051B00082B25A43AD18EA1700D7D2431204B61888
:1051C0002A042B0C12197341404649469D009B1737
:1051D000920F2A43904199413E2210E7494684B2FA
:1051E0008DB26C43061475430B145E4382B25A436E
:1051F000AD18EA1700D7D2431204B6182A042B0CB4
:1052000012197341504659469D009B17920F2A432D
:10521000504159413E22F2E6BB4DF09DC556F6364F
:105220007D5100001A61140085880A00FB211900D5
:10523000F0B5FFF719F8404D0C002C4001D0AC42FE
:1052400002D1090D090500201C002C4001D0AC4200
:1052500002D11B0D1B0500220026ED02002B04D5F8
:1052600002266B40694000D476424F1904D599421A
:105270000CDD0136694003E0BB4207DA013E6B40BA
:10528000070010003A000F0019003B0040B4002A4C
:105290000FD1002B0AD05C006415013409D14C00F9
:1052A0006415013402D10139013B02E000200021E4
:1052B0002EE0FFF72FFC3E22FFF722FE82468B46B0
:1052C0000020002180460122920791461DA4A44699
:1052D00001271F26FFF7CAFD0137013E212FF9D113
:1052E0004A4653460C3A01246407002752081B0023
:1052F00005D49341001979416408F7D104E0534182
:10530000001BB9416408F1D1CE0749104008304371
:1053100040BC002E0AD0094C094D01D5E443ED43B1
:10532000F60701D100196941001969413D22FFF7D3
:1053300066FEFEF79FFFF0BD0000F07F8D305A88BB
:10534000A8F64332694FBB610567AC1DB16E40964C
:10535000FCBAAD0F72DB0BABA66EF50739BD9FE54E
:1053600076ABFE034B6297BA5BD5FF01D694DBDDCB
:10537000AAFAFF005DEAEE5655FF7F006E77B7AAE6
:10538000EAFF3F00BCBB5555FDFF1F00DEADAAAADA
:10539000FFFF0F006F5555F5FFFF0700ABAAAAFEF0
:1053A000FFFF03005555D5FFFFFF0100ABAAFAFF31
:1053B000FFFF00005555FFFFFF7F0000ABEAFFFF36
:1053C000FF3F000055FDFFFFFF1F0000ABFFFFFF89
:1053D000FF0F0000F5FFFFFFFF070000FFFFFFFFCB
:1053E000FF030000000000000002000000000000B9
:1053F000000100000000000080000000000000002C
:10540000400000000000000020000000000000003C
:105410001000000000000000080000000000000074
:105420000400000000000000020000000000000076
:1054300001000000000000800000000000000040AB
:105440000000000051434343C9188C46110C83B23D
:105450004B4310B4040C614392B280B25043624398
:105460001C041B0C001910BC59411304120CC01869
:1054700051416144704700004840414048400E4B54
:105480005B6818470C4B1B6818470C4A936F9B08C6
:1054900002D2094BDB681847F0B5146E556E576F92
:1054A000166FFFF7F6FF054A1466556657671667CD
:1054B000F0BD014B9B681847E4B60020000000D007
:1054C00007B548404140484001E0C04607B54200AA
:1054D000120E03D0FF2A03D1420218D8C00DC00516
:1054E0004A00120E03D0FF2A03D14A020FD8C90D79
:1054F000C9050122414005D4414001D5814207BD83
:10550000884207BD0143491801D0C043001807BDB8
:1055100000B5FFF7D5FF804100BD01231B06420007
:10552000D21804D84A00D21801D8002070470120B0
:105530007047491A002807D108467047C10FC907AC
:1055400000D54042002817D0F44603B40B4B1B682B
:10555000984706BC81409E384042803107D20B06F6
:1055600007D04900490AC00510430843604701308D
:10557000F8E7490A8902F5E7704700004CB50020BA
:10558000014B1B6B18470000E4B60020034BDB6F98
:10559000FC4618477CDFF15700100000E4B60020FD
:1055A000C11502D4054B9B691847C843FF2801D198
:1055B000C0077047C817C00570470000E4B6002058
:1055C0004100090E862902DA044BDB6B18470449B7
:1055D00000B500F0F3F802BC8E46F5E7E4B6002013
:1055E000DB0FC940132310B510481C78FEF798FA5A
:1055F0000100012C0AD003DD80220D4800F01EF9C5
:105600000C48FEF785FA0C4B186010BD084C54226C
:10561000200000F013F923002100084A54338031A0
:1056200004C38B42FCD12262E261E9E753460000E9
:10563000E4B600204C3300004CB50020C5570010E4
:10564000F8B54746CE46050080B516000F009846CF
:10565000002A2CDD0120C9114042FEF7CDFB0022BB
:1056600081461D2033000C2E00DD0C2349466C12B0
:105670009D404C43C11A0C41AC46013464102500D6
:1056800061469A407D4312194D1BF61A002EE9DC43
:10569000AF420FDCE81B874217DCC01B02324346D7
:1056A000002B00D01A600CBC90469946F8BD884289
:1056B00009DA0022281EF2DA781902D5C019023A56
:1056C000EDE7013AEBE70022E81B0132E7E7C046CD
:1056D000F0B54746CE46FF2480B5C30DCD0D16006C
:1056E00083B00F1C23402540002A01D000223260E5
:1056F000FF2B3ED0002D3CD0002B3DD0FF2D33D0D2
:105700006A1E9A4230DC80242404A046C10F8946D8
:105710004102490A0C43A44644467902490A0C4313
:10572000A0469A422AD04A46002A02D062465242F5
:1057300094465A1B414601AB6046FFF781FF430088
:10574000434527DD019B42460133801A0193002F18
:1057500002DA019B5B420193002E01D0019B336072
:105760009621491BFFF70CFF03B00CBC90469946ED
:10577000F0BDFF20C005F7E70020F5E7A445F3DD05
:105780004A46002A0CD162466000101A01221D0010
:105790000192DCE74345DAD1019BDA07D7D5D2E79E
:1057A00062466000801A012252421D000192CEE73B
:1057B00010B50022FFF78CFF10BDC04610B5FFF7F3
:1057C000F7FF10BD07B5604601880A0A0230DF2ADC
:1057D000FAD1C9B2820804D3028840880004104379
:1057E00000E00068014A5050039007BDE4B6002075
:1057F000C30FDB0741000A0E07D0FF2A08D00909B2
:10580000054A89181943400770471900002070475E
:105810000249C918FAE70000000000380000F07FD4
:1058200001480421014B1847C00B0020313B0010F8
:10583000014B1B6818470000C00B0020014B5B6840
:1058400018470000C00B00209A4200D288547047CD
:105850007047C046F8B557464E46DE464546E0B569
:105860001F000A9B05009B460D9B0E009146924629
:105870009B0718D10B9B0C9A934214D213000B9ADE
:10588000B8469B1A4B444C460F0006001D002200F0
:105890004346013439002020B047AC42F7D1AA4634
:1058A00035003E0047460B9B002B38D09A441C0025
:1058B000D04653461A1B5B46013C185D31003B0045
:1058C000A847002CF5D10D9B9B0721D543464A469E
:1058D0009C1A0C9BA3421BD93A009A464F4691460C
:1058E000E2194B46310020200134A8475445F7D334
:1058F00043460C99DB1B0133B94600228B4203D887
:1059000043464A1E4A44D21A4346013398469044BD
:1059100040463CBC90469946A246AB46F8BDD046B0
:10592000D1E7C046F0B54F464646D646C0B584B02E
:1059300098460EAB1B78129F994694460D9C109B7F
:10594000119EBA0725D4002E69D19C4200D3C4E031
:1059500001223A4092461F2C00D9BDE00C9A551EF8
:10596000302201E0202C03D001342A55A342F9D87B
:105970005246002A0DD0B4420BD21F2C62D80C9A8A
:10598000551E302201E0202C5CD001342A55B4424F
:10599000F9D1FA0635D57A055DD4002C57D10F9B85
:1059A000102B00D17EE00F9B022B00D18FE0302323
:1059B0000C9A012413704B46002B27D02D230C9AF0
:1059C000135501340C9B624600930397434602969D
:1059D0000194FFF73FFF04B01CBC90469946A246D5
:1059E000F0BDBB0665D4202CECD00C9B1A190134F9
:1059F00078231370202CE5D030220C9B1B191A70D1
:105A00000134202CDED04B46002BD7D17B0736D477
:105A10003B07D7D520230C9A13550134D2E7012236
:105A200015003D40AA463A4221D04A46002A2BD1D1
:105A30000C323A4228D19C429DD21F2C00D88DE7CF
:105A4000202E1AD92024FA06BCD57A0503D4A34205
:105A50001CD0A6421AD00F9B102BC2D00F9B022B3A
:105A6000C8D1202CAED00C9B1B19013441E09C42C4
:105A700000D38EE71F2C00D870E7202489E72B2362
:105A80000C9A135501349DE7013ED4E7631E012CA7
:105A900000D184E70F9A102A21D00F9A022A25D02C
:105AA0001C00A9E7BB060DD478230C9A01241370BF
:105AB000A2E7202C00D185E758220C9B1B191A70F5
:105AC000013497E758230C9A0124137094E70C9A39
:105AD0006033012413708FE72024002659E7023C2D
:105AE000BA06E9D40C9A12191C0081E70C9A924666
:105AF000534462221A707DE7F0B54E46DE465746A3
:105B00004546E0B593B09B461CAB20CB89461B783D
:105B100092461E9E08900993002D08D11023219AC9
:105B200000249A431300219A2193520524D4219AE8
:105B30006123920639D402AA94460A2252421F27B0
:105B40009046DBB200246744984408E03033DBB26F
:105B500001343B55B5420FD3202C0DD00500310048
:105B60002800FEF749F9CBB20929EFD94344DBB24B
:105B700001343B55B542EFD2219B52460693209B00
:105B8000494605931F9B08980493099B039602932B
:105B90000AAB009301945B46FFF7C4FE13B03CBC14
:105BA00090469946A246AB46F0BD4123C3E7C046A6
:105BB000F0B54E464546DE465746E0B595B09B46A5
:105BC00020AB1B781E9F0B93229B1F9D99463B0089
:105BD0008046239E09910A922B4308D1269A1033BE
:105BE0009A431300269A0024269352052CD4269A11
:105BF0006123920642D40A2252429246DBB200242A
:105C00009A440EE01F21303204ABD2B201345B184B
:105C10001A55AE4218D8AE4232D0202C14D007000C
:105C200065464A46330038002900FEF723F9D2B210
:105C30008C46092AE6D91F21524404ABD2B2013462
:105C40005B181A55AE42E6D9269B40460693259B23
:105C50000A9A0593249B099904934B4603930B9B43
:105C6000019402930CAB00935B46FFF75BFE15B00B
:105C70003CBC90469946A246AB46F0BD4123BAE7EC
:105C8000B945CAD9E0E7C04610B5002800D110BD1B
:105C900001F0E2F8FBE7C0460B0010B5002802D087
:105CA00049681B68984710BDF0B5DE4657464E461A
:105CB0004546E0B591B09A461A9B8B4699461B9B88
:105CC00008909846079243464A4648464146FEF7A2
:105CD00068FB002800D0B1E0012248464146DA4B7B
:105CE0005242FEF759FB002800D0A7E001224846A7
:105CF0004146D64B5242FEF739FB002800D09DE0CA
:105D00000022002348464146FEF730FB002800D021
:105D1000CEE14E46474680231E9ADB001A400D9284
:105D20001E9A1A4201D106231C9333000A960B9740
:105D30003B4300D09BE01E9B1B0500D571E1002377
:105D4000042409931D9B0025A34200D91D1B022397
:105D50001E9A1A400C921E9A134203D0634263416A
:105D60005B421D40099B002B07D00A9A0B9B300019
:105D70003900FEF79AFA06000F0000220023484679
:105D80004146FEF7F3FA002803D0802109067B186C
:105D90001F001E9AAE4B009601971340089E049375
:105DA0001C9B079A03950293594653463000904630
:105DB00000F08EF90500002C51D01E9B2A00980699
:105DC0001F23C0179843594653466530B0470523F3
:105DD000059300230999013C0494CC1703930819F7
:105DE0000A336F1C02936040CB0F0193009053461F
:105DF0003A0059463000FFF77FFE0C9B0500002B50
:105E00002DD043461D9AC41AA24228D981465D4628
:105E10001700434629001A19202053460134B04781
:105E2000A742F6D84D4607991D986B1A01330022F8
:105E3000984200D345E10135AD1810E01E9B4A465B
:105E400004931D9B594603931C9B08980293434659
:105E5000009201935346079A00F03AF90500280092
:105E600011B03CBC90469946A246AB46F0BD794B7A
:105E700078009C46400D6044FEF7A4FA764A774BC2
:105E8000FEF731FA764A774BFEF706FA764A3B037D
:105E90001B0B1A4304000D000A981100734B0022DB
:105EA000FEF7F1F9724A734BFEF71DFA02000B0080
:105EB00020002900FEF7F0F9FEF79CFA0990FEF7A2
:105EC00081FA6D4A6D4B04000D00FEF70CFA0022BA
:105ED0006B4BFEF7E1F9FEF78DFA6A4A6A4B29002F
:105EE0000C902000FEF7FFF904000C980D00FEF75F
:105EF00069FA664A664BFEF7F6F902000B002000CD
:105F00002900FEF7C0F902000B0004000D00FEF7A7
:105F1000EAF922002B000A900B9120002900FEF7DD
:105F2000BBF900220E900F910A980B99594BFEF77E
:105F3000BCF90022584BFEF7AFF902000B000A989B
:105F40000B99FEF7B2F90022544BFEF7A5F90200B7
:105F50000B000A980B99FEF7A8F90A900B91802183
:105F600022002B000020C905FEF78DF902000B006E
:105F70000A980B99FEF790F902000B000E980F9902
:105F8000FEF793F90022384BFEF786F9444A0C9B42
:105F90009446634400221B05FEF7A5F904000D009A
:105FA00002000B0030003900FEF7E0F900282CD188
:105FB0000A940B95C624099B63339C42A4411E9B03
:105FC000644204341B0500D4BCE60A9A0B9B110002
:105FD000194328D030003900324A334BFEF7D4F948
:105FE000002807D0002230003900304BFEF7BEF900
:105FF000002818D11C9B002B00D1A3E60D9B5A1E34
:1060000093411C9AD31A1C939CE6099B0022013BE6
:10601000099320002900204BFEF747F90A900B91C5
:10602000C8E7002309931C9B1900099B994245DD91
:10603000C81A431E1C9380231E9ADB001A430023B8
:1060400000241E9209937DE6FFFFEF7FFFFFEFFF25
:10605000FFF7FFFF01FCFFFFFB799F501344D33F85
:10606000B3C8608B288AC63F0000F03F0000F83FAD
:1060700061436F63A787D23F71A379094F930A40A9
:106080000000E03F1655B5BBB16B0240EF39FAFE98
:10609000422EE63F00002C40000024400000184043
:1060A000FF0300002D431CEBE2361A3F80842E4193
:1060B00080231B0643444E461F002CE600231C93FE
:1060C000B9E70A008446013A6244521BB3E6C0466F
:1060D000F0B54E46DE4657464546E0B597B0994680
:1060E000209E219F229B8346984607910C923B005D
:1060F000320030003900FEF754F9002800D0C1E129
:10610000012230003900CA4B5242FEF72FF9002815
:1061100000D0E0E0012230003900C64B5242FEF7C9
:106120003BF9002800D0B6E0002230003900C24B15
:10613000FEF732F9002800D098E000223000390044
:10614000BE4BFEF713F9002800D08FE00022002399
:1061500030003900FEF70AF9002800D0B0E0002333
:106160000D93249B5B0501D40623984608AB9C46FF
:106170001722002430234146624404E001341355C1
:106180000139202C01D00929F8D88846300039007F
:10619000FEF730F94346DA00A94B05009B181A6850
:1061A0005B6808920993FEF70DF902000B003000BE
:1061B0003900FEF768F8089A099BFEF794F80A90F0
:1061C0000B91FEF73BF98246FEF7F8F802000B0050
:1061D0000A980B99FEF757F800229A4B0A900B91F8
:1061E000FEF7DAF8002800D1C0E001239C46E24423
:1061F0005046FEF7E3F802000B0008980999FEF7F5
:10620000BBF8002802D000239A4601354346002BF4
:1062100069D008AB17269C4608956644554614E09D
:1062200001235B4243440A2128009A46FDF7E4FD1E
:10623000013430313719397028000A21FDF7DCFDAF
:10624000092D00D8D5E0D0460500202CE8D1032345
:10625000249A1340012B00D100E10EAB9846249BF9
:1062600001940393239B029343461EE0249B5846CC
:106270000493239B00960197039343460C9A029341
:1062800007994B46FFF710FD17B03CBC9046994666
:10629000A246AB46F0BD249B5B070ED403226A4B9B
:1062A00024990192039123990291009358464B46F9
:1062B0000C9A0799FFF7CEFAE6E70422634BEFE763
:1062C0003B00320000200021FDF7DDFF0123060026
:1062D0000F000D9345E7249B0393239B0293042314
:1062E00001935B4BE1E72800FEF76CF802000B001E
:1062F00030003900FDF7C7FF524B002206000F00A7
:10630000FEF734F80EAB984600280AD10022300080
:1063100039004C4BFEF740F8002802D1EB0700D5BE
:106320000135202C32D008AA944617232800634454
:106330000A2101341E19FDF737FD30312800317074
:106340000A21FDF731FD051EEBD10323249A1340EA
:10635000012B00D191E0202C00D180E70D9B002B78
:106360003BD02D2342461355013478E700220A988A
:106370000B99344BFDF7FAFF002800D046E753464F
:10638000002B67D101239C46E2443FE70323249A74
:106390001340012B00D062E7239B002B00D15EE766
:1063A0000D9B002B03D1249A0C33134202D0239B64
:1063B000013B2393239BA342CDD908AB9C461722D4
:1063C00030236244202C06D02399013413558C428B
:1063D000C1D0202CF8D1202441E7249B5B0721D495
:1063E000249B1B0700D43AE720234246135501346F
:1063F00035E75746089D202C37D0220030214046F3
:10640000002F08D00132B154202A43D0D3431B19A6
:106410001B18002BF6D10EAB98462E234146541C78
:106420008B547EE72B2342461355013417E7C046B1
:10643000FFFFEFFFFFFFEF7F65CDCD4165CDCDC104
:10644000F8E700100000E03F00E6001004E600104E
:1064500010E60010DB0700D4D8E693E7239B002B5F
:1064600000D1FAE60EAB98469AE70323249A13402C
:10647000012B00D0F1E60EAB9846239B002B00D1F8
:1064800069E78DE7249B0393239B029303230193E6
:10649000064B0AE70323249A20241340012B00D043
:1064A000DBE6239B2024002BDCD1D6E60CE6001093
:1064B000F0B5DE4657464E464546E0B595B01C0061
:1064C0001E9B92469B46CB4ACB4B89460B901A604B
:1064D000002900D1D6E1002320789846002800D179
:1064E000D8E14F461E00D9460AE03200751C5346DB
:1064F0000B9E3900B0472E0001342078002864D06C
:106500002528F2D110239B460C3B9846023B0021E4
:106510009C460134207825000300203BDBB2102B81
:1065200003D8B64A9B00D3589F460300303B092B43
:1065300062D9002398462A2800D17FE000242E2823
:106540006DD00300683BDBB2122B1FD8AC4A9B0016
:10655000D3589F46012301341943DBE763460134D6
:106560001943D7E7434601341943D3E75B46013467
:106570001943CFE7082301341943CBE768786C2827
:1065800000D105E280235B00194301350300253B60
:10659000DBB2532B0DD89B4A9B00D3589F468023D8
:1065A00068785B0019430300253BDBB20135532BB0
:1065B000F1D9731C98460B9C320053463900A04712
:1065C00068786C1C464600289AD1B046B94634001B
:1065D000C24503D801235B42534498465346424682
:1065E000494600200B9DA847200015B03CBC9046B2
:1065F0009946A246AB46F0BD002302009800C018A1
:106600000135400080182A78030010003038303BF4
:106610000928F3D99846100000242E2891D16878D3
:1066200080230200DB00303A19436B1C092A00D892
:1066300032E12A2800D13FE11D0082E74B4604CB1E
:106640009046002A03DB99466078651C76E70222B3
:10665000114342465242904699466078651C6DE768
:10666000782800D15EE1582800D197E16F2800D149
:1066700050E2622800D15FE110230A009A43130020
:106680000A229346692800D059E1490500D45CE10B
:1066900001218B43692800D157E1642800D154E1DE
:1066A00080211800890008400B4200D022E2D90561
:1066B00000D542E248465A0600D516E202C8814695
:1066C0001A0601D50904090C0593434604935B4659
:1066D00002930023039401930091A3E080239B0085
:1066E00068781943013551E76878682800D14AE194
:1066F00080230135194349E7462800D10FE14B4675
:10670000072207339343994643460491494602942E
:1067100003930CC90B9800920193894632005346AB
:106720003900FFF7D5FC6C1C0600E6E6731C9846A2
:1067300032000B9C534639002520A04746466C1C6E
:10674000DBE64B4604CB0F93137893469C46002C14
:1067500000D0BAE0002B00D100E202235B420133FB
:106760000D935B4418005B4601E0984206D05A78CE
:106770000133002AF9D15A469B1A0D9380230A004F
:10678000DB001A409146194203D00D9BA34200D969
:106790000D9402231A000A400E920B4200D123E10D
:1067A0006046002800D108E15B4632009E1B4B4644
:1067B000AB46B1460C93260000E022000C9B002B58
:1067C00004D0731E002E00D1F3E01E0053463900A2
:1067D0000B9D541CA8474B46185D0028EDD15D4623
:1067E000A3460E9B002B00D0E6E00F9B5E46994629
:1067F0006C1C82E6B164001004B5002018E600109D
:106800005CE60010A8E6001021231943193B04930D
:106810000833029300234A4605910394019308CA62
:10682000914600933200534639000B98FFF764F904
:106830006C1C060061E68B0700D402E1731C9B46CA
:106840004B4601CB32009946390053460B9CC0B2EF
:10685000A04743464644012B11D953465C46AA46FD
:106860001D00B0460B9E22002B0001343900202071
:10687000B0474445F7D12B00A34655469A465E469D
:106880006C1C3AE6B84B20780B93002398460028FE
:1068900000D026E600249BE60200A0000019013388
:1068A000400080181A783038040010003038092869
:1068B000F3D910001D0044E64B4610CBA878E24304
:1068C000D2179946144002353BE6002B00D144E133
:1068D000631E44E7202302009A43472A04D1802301
:1068E0001B01194302239843452801D12023194352
:1068F0004B46072207339343994643460491494642
:10690000029403930CC90B980092019389463200BC
:1069100053463900FFF7C8F96C1C0600EDE520234B
:106920001943ECE610239B460C230A009A431300FC
:106930004A0500D4AEE6ABE602239B460B001900E5
:106940006428F1D1590500D5A2E6990500D598E053
:106950004A46D90500D5E1E0590600D5BFE002CA94
:1069600091461A0600D4F4E009B2CA1788185040BC
:1069700080B20593434604935B46C90F0394029388
:10698000019100904EE7C023A87819430235FDE538
:10699000C0239B00A87819430235F7E50C230A00B1
:1069A0009A4314331343102293464A0500D477E6E2
:1069B0006EE65D46934614E75E460D9B98453ED9CC
:1069C00042469019C31A1C000B9BA846994655468F
:1069D00032002B00013639002020C847A642F7D1EB
:1069E000AA46A346454600E70D9A531C904500D899
:1069F000B8E043469B199B1A4246A0461C000B9BDD
:106A00000C924A46A94655469A460D9232002B00F2
:106A1000013639002020D047A642F7D10C9B4446CE
:106A200098460D9BAA464D469946434601330D9321
:106A30005B461B789C466046002800D0B4E6B3460F
:106A4000D3E64346012B00D88AE00B9B741E4444D6
:106A5000A84655469A4632002B00013639002020C0
:106A6000D047A642F7D1AA4645464B4601CB220065
:106A7000994639005346661CC0B20B9CA0476C1C5B
:106A80003BE549460720073181430130814689446F
:106A900003C90893434607935B4604930023059379
:106AA000CB0F0293CB17109311930694109B119C5C
:106AB0001A004240129222004A4013921299139AED
:106AC000C91AA24113000A00009201933900320052
:106AD00053460B98FFF76CF86C1C06000DE5FF2180
:106AE00001CA01409146080043E7FF2104C88146DE
:106AF0001140E9E50893434607935B4649460493F2
:106B000007200023073181430694059302930CC9A3
:106B10008946D9E708239B460B0010E702CA059374
:106B2000434604935B460293CB0F0193CB17C918DE
:106B3000594091460394009174E6059343460493AB
:106B40005B464A4603940293019008CA914600931B
:106B500068E6CA17881850400BE700230D930DE62E
:106B6000340082E70D9366E7515800100CB410B55D
:106B700084B006AC08CC0A000094010004480394D9
:106B8000FFF796FC04B010BC08BC02B01847C04622
:106B90004958001000B585B003910121029000937F
:106BA000034813004A4202A9FFF782FC05B000BD6A
:106BB000995C001010B5094A0300146884B0002CD9
:106BC00008D0012200910648524203A9A0470120A3
:106BD00004B010BD00F04EF90020F9E704B5002024
:106BE000895C001000BEFDE710B5FFF7FBFFC04653
:106BF00070B5FCF7EBFF074C074B9C4209D2013BF9
:106C00001D1BAD080135AD002D1908CC9847AC42CD
:106C1000FBD170BDB4950010BC950010030010B5F9
:106C200008001B681100984710BDC046F8B54746DC
:106C3000CE4680B5437D07000D001600002B37D0EF
:106C400000240020002A1EDD4B1E98461B4B99464F
:106C5000002C2BD043461B5D0D3B5A425341DBB207
:106C60002A5D0A2A13D00134A642F1DC864203DDF4
:106C7000311A3B6828189847AD19013D2B780D3B18
:106C80005A4253413B750CBC90469946F8BD002BC7
:106C9000E9D1A04203DA211A3B68281898474846F0
:106CA00002213B68013498472000DDE73B7DD7E7B0
:106CB0000368110028009847E5E7C04648E800103F
:106CC000F8B50F4B05001C68002C15D00D4E071DA4
:106CD00002E02469002C0FD02368002BF9D0336820
:106CE000002B01D0A342F4D1200039002A68FFF71D
:106CF0009DFF2469002CEFD100232B60F8BDC04616
:106D0000E8340020F488002070B50C000968050004
:106D1000802904D04B1C23606418257170BD2000AD
:106D2000FFF7CEFF2168F5E710B5FCF7B3FC0023B1
:106D3000064A12184B41002B03DB054802F0ECFB1E
:106D400010BD0122034B5242F7E7C04640420F00FC
:106D5000080C0020FFFFFF7FF0B55746DE464E4689
:106D60004546E0B583B007000D0091461C00FFF7D3
:106D7000DBFF82466B1C03D1380002F063FB050089
:106D8000002C30D11B4B98461B4B1C68002C1FD08D
:106D90000A231A4E9B4602E02469002C18D023686F
:106DA000002BF9D03368002B01D0A342F4D12A0084
:106DB00039002000C0474B46002BEDD06B465A46A9
:106DC0002000DA71D91D0122C0472469002CE6D1C8
:106DD0005346002B0AD1280003B03CBC904699468C
:106DE000A246AB46F0BD064B9846CDE7054802F0FB
:106DF00063FBF0E71D6C0010E8340020F4880020ED
:106E00002D6C0010080C00200A4A1368002B05D1D5
:106E10000CE01A001B691032002B07D09842F8D101
:106E2000002902D103691360016170470029FCD079
:106E30001060FAE7E8340020064B10B51C68002CFF
:106E400006D06368002B00D098472469002CF8D145
:106E500010BDC046E834002010B582B06B46040077
:106E60000022D81D012101230470FFF775FF2000C7
:106E700002B010BD70B5040002F0E4FA0123010075
:106E8000050001222000FFF767FF064B1C68002C5D
:106E900006D06368002B00D098472469002CF8D1F5
:106EA000280070BDE834002070B5A2B00D000400C9
:106EB000FFF73AFF00230600019322002B000F4842
:106EC00001A9FFF767FE019B0500002B02D001A876
:106ED000FFF7F6FE0A4B1C68002C06D06368002BF7
:106EE00000D098472469002CF8D1002E02D1280048
:106EF00022B070BD034802F0DFFAF8E7096D001018
:106F0000E8340020080C00200FB400B583B004A9B9
:106F100001C90191FFF7C8FF03B008BC04B01847CE
:106F20007047C0460022014B1A70704776B50020AA
:106F30004B790020FF2B0BD18B79002B08D1CB791B
:106F4000012B05D1082A03D98A78024B09301A701F
:106F50007047C04676B500200120704710B5012962
:106F600009D115495379107909781B020343002090
:106F7000994202D010BD0120FCE75378012B08D0C4
:106F8000022BF7D1002064220021FCF781FD0120B3
:106F9000F0E7D37891781B021943DB0507D54A0A3D
:106FA000100001231A407E331940FCF7DFFD012059
:106FB0004A0A4042F5E7C04676B5002000487047CF
:106FC0006CE8001070B5050014000120012909D1FA
:106FD00053780020012B05D1637912791B021343EA
:106FE000072B00D070BD21002800024A9F3301F01A
:106FF0005BF9F7E790E80010012303700048704741
:107000004CE800104A780B7812021A438B7810B5BE
:107010001B041A43CB781B0613439622D2009342DB
:1070200000D010BD0022012011004042FCF79EFD5F
:10703000024B1860024B19607047C046842C002038
:10704000882C002010B5024B1878FBF787FD10BD87
:1070500078B50020154B70B51A68002A22D0EFF3DE
:10706000108172B610680028FCD0BFF35F8F002239
:107070000F48596002701B68BFF35F8F1A6081F37D
:107080001088002400250B4E3078FBF75BFD0028AC
:1070900004D1002400252900200070BD3078FBF7C2
:1070A0005DFDF8E7FA240025A400ECE728B50020F0
:1070B00079B5002078B5002070B5040000200E00DE
:1070C00001F0DCF9002835D0002001F0EDF90028AE
:1070D00030D0FCF7DFFA0023184A12184B41002B7E
:1070E00024DB174D280002F017FA002822D00020D8
:1070F00001F0C4F900280BD10120002103244042F3
:1071000000F096FC6442280002F0D6F9200070BD21
:10711000002001F0C9F90028EED021003200002043
:1071200001F0CEF9041EEED1033CECE70122054B41
:107130005242D6E703246442E8E7C04640420F00CB
:1071400054B50020FFFFFF7F10B5FCF7A3FA002322
:107150000E4A12184B41002B13DB0D4C200002F09D
:10716000DBF900280CD001200021404200F060FC37
:10717000002001F0BFF90028F5D1200002F09CF9B1
:1071800010BD0122034B5242E7E7C04640420F00C8
:1071900054B50020FFFFFF7FF8B5DE46574680B5A7
:1071A00005000C00FCF776FA0023364A12184B4112
:1071B000002B5ADB344908008A4602F0ADF900285A
:1071C00003D10CBC92469B46F8BD002001F056F955
:1071D00000284ED00026002C43DD2C4B9B4614E0AB
:1071E000A919002001F0C2F9070001200021404246
:1071F00000F01EFC002001F07DF9FCF74BFA234B58
:10720000F61918605960B4422BDD002001F0D0F966
:10721000A71B0200B84200DD3A00002AE0D101209D
:107220000021404200F004FC002001F063F900203E
:1072300001F024F9002814D0002001F0B9F9002849
:10724000E1D1FCF727FA5B460F001A685B68002162
:1072500084460F4812184B419F4202D8D3D194451F
:10726000D1D9504602F028F9ABE70122094B52422E
:10727000A0E700200021054B18605960504602F03D
:107280001BF99EE740420F0054B50020900D0020EE
:1072900020A10700FFFFFF7F30B52A4C85B00021F9
:1072A000200002F021F900281CD1274B1A68002A7F
:1072B00016D0EFF3108172B610680028FCD0BFF32F
:1072C0005F8F01242148596002781B68D2B2047094
:1072D000BFF35F8F0020186081F31088002A17D059
:1072E00005B030BD01200021404200F0A1FB00208C
:1072F00001F0DAF80500200002F0DEF8002DEFD0F2
:10730000134B1B68002BEBD0124A10689847E7E735
:10731000FCF706F80400FCF7BDF9FA2200239200FE
:1073200012184B41002B09DB012102910021019130
:10733000094920000091FCF74BF8D1E70122074BE7
:107340005242F1E754B5002028B5002079B500205D
:10735000842C0020882C002055700010FFFFFF7F38
:10736000D02310B51B0684B01C68FBF7D9FFFCF7CF
:107370008BF8A04202D0002004B010BD294B0021A0
:1073800000201B7801F00EFC27480368002B41D039
:107390000120FBF759FDFF23244C2549207018409C
:1073A000FBF7F6FB20780121FBF7BAFB0520FBF782
:1073B000DDFB002821D1082200211E48FEF738FA03
:1073C000FBF7AEFF0400FCF765F9FA2200239200F8
:1073D00012184B41002B20DB012102910021019169
:1073E000154920000091FBF7F3FF0028C3DB134889
:1073F0000121FFF709FD0120BEE70120FBF760FB3B
:1074000001000C48FBF77EFD002205200C49FBF72C
:10741000E9FBECE7FBF734FDBAE70122094B5242E6
:10742000DAE7C04664EB001054B5002078B50020C0
:107430009972001028B5002055700010D00B002064
:1074400045700010FFFFFF7F10B5002001F016F817
:1074500010BDC04600487047D8E90010004870478A
:1074600084E9001070B5040016480378002B20D082
:10747000002C06D1C1241448144BA400438004807E
:1074800070BD052C1CD8124B0F48A400E558811C78
:10749000002304E001330A800231132B0DD0EA5C93
:1074A000DCB2002AF6D1C023013464009B001C43E7
:1074B000E5E7112100F016F8DAE7CA24A400DEE7B8
:1074C0000020DDE75CB50020BC340020090400008A
:1074D000ECE9001010B5024800F026F810BDC046D7
:1074E00044B50020F0B54C1E012916D0002301261A
:1074F0000F250C4F5A08BA5C1E4200D112112A40C7
:1075000011003731092A01DC30321100C154013336
:10751000A34205D0102BEDD1103000230370F0BD35
:10752000C018FAE744B5002030B5002589B009221B
:107530000021040001A80095FEF77AF90922002134
:1075400005A80495FEF774F94B236A466846137044
:1075500004A90D2201F0A8FF002304AAD218527931
:10756000E2540133082BF8D109B030BD70B57F2447
:107570000440C50963001A4E5B195B01F31898704B
:1075800001206840587000201983D870DA76E30033
:10759000012D15D0134A9446A2016344B21893609A
:1075A0001860002C06D100236D01761973600E4B14
:1075B000F36070BD0D4BE4009C4664445460F8E7F2
:1075C0000B4A9446A2016344B21893621860002CDF
:1075D000E9D0084BE4009C4664445462E9E7C046A5
:1075E00000A9002084001050000110500400105029
:1075F00080001050000010503F22038B10B53F3325
:107600009343C27E022A00D15B0006490A68D31860
:10761000C260054A0B60934200D810BDFCF7D0FA57
:10762000FBE7C0460CB50020FF0F105070B57F245B
:1076300005000440FFF79AFF002C00D170BDED0952
:10764000640009486419640124182000FFF7D4FF7E
:10765000E37EE168054A9B064A40134380221206F6
:10766000134362681360E9E700A90020000010508E
:1076700010B500F0BBF80C23124CFF22A3670520C5
:107680001149FBF7AFFA402200211048FEF7D0F86D
:10769000002240210020FFF7C9FF00224021802066
:1076A000FFF7C4FF01F030FF0123236480239B0513
:1076B000E3649023064A0120E2508022054B5202E7
:1076C000DA6410BD000011505504002000A900200C
:1076D00010D001000020115010B501210520FBF74A
:1076E0001FFA10BD10B500220021024800F09EF8DC
:1076F00010BDC04620A90020044B1970002904D0F9
:1077000080219023024A8902D15070476EB5002033
:10771000002011500B785B0602D14B78052B00D06E
:1077200070478A78014B1A60FAE7C0460000115092
:10773000CA780B00920710B5920F012A0AD0087977
:1077400049790902014349059878490DFFF76EFF11
:10775000012010BD0020FCE710B501F0D5FE10BDE2
:1077600010B57F200C0020404000E40911000019F2
:107770001A00034B4001C01800F058F8012010BD5A
:1077800000A900207F23180010B508400B420BD041
:10779000C9098022400040180649400140181201E2
:1077A000002101F0D9FE10BD0223034AC9095B1A6A
:1077B0009366EEE700A90020002011507F231800F7
:1077C00010B508400B4200D110BD00234000C9098C
:1077D000411804484901401800220349C37001F0D0
:1077E000BBFEF1E700A90020FFF7FFFF80220A4B54
:1077F000520410B51A60094B09491A6010000B6851
:107800009843FBD18022002152010648FEF710F870
:107810000922054B5A6710BD00E0004000F000400F
:1078200008C00040000010500000115070B5837E69
:1078300004000D001600002B19D100232100E38263
:107840000133A682A3762561A01C1B3101F074FED2
:10785000002804D080219023084A8902D1502000BA
:1078600001F082FE002805D00123237770BD01F0CE
:107870006BFEE2E7200001F057FEF7E70020115011
:10788000F0B5C64600B5194E19490500002400237D
:1078900088463278174F0FE03A6863019446634494
:1078A000002B20D0DB682800984732780134E4B2FE
:1078B000511C2300A14205DBA242EDD89B1A5B01BB
:1078C0004344EFE70C4C542200212000FDF7B0FFA9
:1078D0001022FF21201DFDF7ABFF20002022FF21F9
:1078E0001430FDF7A5FF04BC9046F0BD6DB5002037
:1078F00008EB0010980D0020480F00207047C0468C
:107900007047C04600207047002070477047C0464F
:107910007047C0467047C0467047C046024B587813
:10792000431E9841C0B27047480F0020024B1878A0
:107930004007C00F7047C046480F0020F0B54646CC
:107940004F46D646C0B52F4B814698461B780E0051
:107950000124FF2B43D1002940D0002154222A4882
:10796000FDF766FF0022294C294B20001A70FBF717
:1079700087FA284B1C60284C20001430FBF7B4FA1F
:10798000200001F0F7FC254B254D1C60254B002BFA
:1079900004D02800FFF730FB234B18602349002454
:1079A00000238A462A78204F10E03A686301944603
:1079B0006344002B12D05B68002B0FD098472A78C5
:1079C0000134E4B2511C2300A1420EDBA242ECD8E8
:1079D0009B1A5B0153445B68002BEFD1002420000D
:1079E0001CBC90469946A246F0BD43464A4631002B
:1079F00048461A70FFF73CFE041EEFD04846FFF7DA
:107A00006BFEECE7040C0020480F0020400F002024
:107A10006FB500209C0F0020E80B0020A00F002075
:107A20006DB50020F96F0010980D002008EB0010D4
:107A3000F0B5DE4657464E464546E0B5B44B8DB0F0
:107A40009B461B78FF2B00D1C3E0B24BB24D9A4648
:107A5000B24E09AC2F687A69EFF3108172B61368E1
:107A6000002BFCD0BFF35F8FB9613800210001F01B
:107A70003DFB7A69BB69BFF35F8F0021116083F31F
:107A80001088002800D1A4E06378082BE2D89B007E
:107A9000F3589F466368002BDCD0A0689847D9E76D
:107AA0007F2021799B4B08404700DB199846CA0983
:107AB00090444746012330373A799A433A713A79EC
:107AC00003339A433A71002800D189E04346944A2F
:107AD0001B7D1278934279D2924A5B011268D318C7
:107AE000002B76D09F6962792078A368B847B1E708
:107AF0008D4A1378002B6CD01378013BDBB21370E6
:107B00001378002BA6D1534601221B780120134382
:107B10005246137034235146D25C57468243CA54AE
:107B2000CA5C04218A43FA540133FA5C8243FA5452
:107B3000FA5C00208A43FA542378994600F0F6FB59
:107B4000602223791A40602A0AD0402A53D0DB06EB
:107B5000DB0E012B00D191E0022B64D0002B56D01C
:107B600020780021FFF70EFE80212078FFF70AFE23
:107B700070E7684B1B78DB0700D46BE7FFF7CCFEA0
:107B800068E7644BDB78DB0700D463E76068FFF7E6
:107B9000B7FE5FE75F4B1A78D20700D45AE7187830
:107BA0000007C00FFFF7B6FE54E72078FFF768FE26
:107BB00000F0B2FB2279574B9A704BE72078FFF721
:107BC0005FFE00F0A9FBFFF7A3FE43E7501C9842BD
:107BD0000CDA0DB03CBC90469946A246AB46F0BDCF
:107BE00062792078A36800F0B5FB33E79B1A4F4A0F
:107BF0005B01D31876E74E4800F098FB0121484618
:107C00000AAAFFF7DFF9002800D023E7A8E7202A17
:107C100000D153E1002AA3D16379092BA0D8454AAA
:107C20009B00D3589F467023217A0B4298D17F271F
:107C3000C809534684460F407F000190DB1938483D
:107C400063441B7D0078984683424BD3431C4345D5
:107C500000DA4DE143461B1A34485B0180469844E4
:107C6000002A00D149E14346586900F05FFB4346D2
:107C7000012148465B690AAA9847C4E7237A0F2B7B
:107C800000D96DE7264A53441B791278934236D3C4
:107C9000511C994200DA63E7244F9B1A5B01FF18DD
:107CA000786900F043FB012148467B690AAA98479E
:107CB000002800D0CEE66022170023791F401A4228
:107CC00000D04DE763790A3B012B00D948E700F06B
:107CD0002DFB63790A2B00D170E148460AA900F018
:107CE000CBFAB7E60F485B01006880469844002A4B
:107CF00000D102E14346002B00D131E7B3E7094A46
:107D00005B011768FF18002F00D129E7C8E7C046BC
:107D1000040C0020480F0020A00F002060EA001093
:107D20006DB50020980D00206FB5002008EB001005
:107D3000C56F001084EA00105346A7795B789F4214
:107D4000CBD053465B78002B00D05EE153465F708A
:107D5000002F00D156E1781EC0B2FFF77FFB00284C
:107D600000D14BE143780693022B00D046E101217C
:107D7000C3799A115B110A400B4052011B01134356
:107D8000524612782F318A43134352461370092307
:107D90009846C37882781B021343C31803934B465B
:107DA00080440593039B434500D83FE143460122AD
:107DB0005B7801920B2B07D14346DB780193434656
:107DC0001B78984443465B78042B00D016E142466A
:107DD000039B9B1A9BB20493BE4B1F7800239946CA
:107DE000029320E04B46BC4A5B011268D718079209
:107DF000002F00D102E14146049A05983B6998475B
:107E00008446082803D9049A824200D3DFE04B4617
:107E10000133DBB29946AF4B1F784B4602937B1C74
:107E2000994500DDEAE04F45DCD8029BDF1BAB4BF8
:107E30007F019C466744DEE77B7808AA0232137014
:107E4000484601230AA900F02FFA03E6E088030A56
:107E5000C0B20F2B00D983E6A1499A008A589746F1
:107E60000AA800F069FA4846A179FFF73BFC022214
:107E70003B7813433B70EDE5E388012B00D06FE6C0
:107E800008223B7893435246137026E70220397844
:107E900008AB9A1C8B068908DB0F01400B4313804B
:107EA000484602230AA900F0FFF9D3E5E388012B35
:107EB00000D055E608223B781343E4E7237A0F2BE2
:107EC00000D94DE6834A53441B79127893422AD253
:107ED000814A5B011768FF18002F00D140E67869DE
:107EE00000F024FA012148467B690AAA98478AE6ED
:107EF000002A00D034E6002398466279022013005D
:107F000002928343012B17D0002A00D028E6019A61
:107F10003B0094465344634430331B7908AA9B07C3
:107F2000DB0F0232BBE7511C994200DA18E66B4FB7
:107F30009B1A5B01FF18D2E7E388002B14D1029B48
:107F4000012B28D05B461878FFF71CFC019A3B00F8
:107F5000944602215344634430331A790A43012181
:107F60001A711A790A431A714346002B00D171E540
:107F7000586900F0DBF943460AAA5B6901214846CB
:107F80009847002000F0D2F935235246D35CDB0736
:107F900000D55FE5A1E65B461878FFF70FFC019A74
:107FA0003B00944602215344634430331A798A4398
:107FB0001A711A7902998A431A71D5E708AB9A1C8B
:107FC000484601230AA9177000F06EF942E5019BAB
:107FD000012B50D0019B002B3CD043464F46997853
:107FE000002305E017710133019ADBB2934230D2CE
:107FF000CA18D2B252441079FF28F3D00023524657
:108000005370ADE5FFF784FC67E600214846FFF7B3
:1080100073FB4846FFF7A0FB53469B7848469846BB
:10802000FFF72EFC534642469A708FE6059B994611
:10803000FFF76CFC51E6FEF7C1FF021E00D18FE591
:10804000D37891781B020B4348460AA900F02CF91B
:10805000D9E5B946674662464B464146214800F09D
:1080600045FEBC461B4B029A1B78E0440133934209
:1080700000DB97E6C2E71C4B3A699A42ADD1069BFA
:108080000193AAE7FFF73EFC021E00D168E54846CF
:1080900013780AA900F008F9B5E52189FFF7E2F99C
:1080A000021EF4D15CE5022B0FD0FFF72DFC021E5F
:1080B000C6D155E5FFF7CEF9021E00D150E51223D7
:1080C00048460AA900F0F0F89DE5FFF7C7F9021E3F
:1080D000B6D145E56DB50020980D002008EB0010E5
:1080E000ACEA00105C0F0020AD860010702270B565
:1080F0008B780C001A4201D0002070BD064B200086
:108100001D78064B997800F0B5FD0028F4D02100C9
:108110002800FFF70DFBF0E7040C0020480F0020BB
:10812000F8B54746D64680B59846089B06000C0031
:10813000171E9A4621D0002506E052461370237878
:108140000135E418BD4218DA6378052B17D1E178C0
:108150008907890F414512D121003000FFF7C6FF82
:1081600000280CD0A378DA09012AE6D1099A013552
:1081700013702378E418BD42E6DB012000E0002004
:108180000CBC90469A46F8BD0B007F20064A18406A
:1081900010B5DB09116834334200D018034B1818AE
:1081A00000F024FD10BDC0469C0F0020480F0020A9
:1081B0000B007F20064A184010B5DB0911683433E4
:1081C0004200D018034B181800F038FD10BDC0460F
:1081D0009C0F0020480F002070B57F240C406000E9
:1081E0000E4CCD0924186419303425790020ED0790
:1081F00000D570BD012625790948354300782571E1
:10820000FFF7AEFA0028F4D10122237993432371BA
:108210002379033293432371EBE7C046480F0020D4
:10822000040C0020F8B5124C0500A689E089311A2B
:108230000F1C89B2402900D940272378BFB27F2B79
:108240000AD80021864205D00A4A3B002800FFF7E1
:10825000C3FFF8BD0022F8E780218642FAD0054E20
:108260003A00A1683000FDF7E9FA80213200ECE71E
:10827000280F0020E80E002070B50A4E05000822E5
:1082800030000C00FDF7DAFA002161560023C943E3
:10829000C90F2800F3600022C901B360FFF79CFFFB
:1082A00070BDC046280F0020F8B5CE464746904620
:1082B000184E80B58146082230000D001F00FDF7E2
:1082C000BDFA4346B3600023F381EC79AB79240215
:1082D0001C43231CBC4200D93B1C9AB2B381002C26
:1082E0000BD0002A02D04346002B11D04846FFF79E
:1082F00099FF0CBC90469946F8BD002169560023B1
:10830000C943C90F00224846C901FFF765FFF0E7DE
:108310000020EEE7280F002010B5142200210248AB
:10832000FDF786FA10BDC046280F0020014B1861EA
:108330007047C046280F002010B5054C01000822E8
:108340002000FDF77BFA0023A360E36010BDC04668
:10835000280F002070B52A4C1D0023780600DA098A
:10836000C9098A4210D00020002D00D070BD210024
:108370003000FFF7CFF92369002B32D02200032110
:10838000300098470120F1E77F2B06D8A06800282D
:1083900029D02A001B49FDF751FAA268E389521936
:1083A0005B19A260E2889BB2E3819A4205D03F2D1F
:1083B00003D93000FFF736FFD8E72369002B05D03B
:1083C000220002213000984700280ED0002161567B
:1083D0000023C943C90F00223000C901FFF7FCFE8A
:1083E000C4E70120C2E70020C0E700213000FFF70A
:1083F000C9F930008021FFF7C5F90120B6E7C04672
:10840000280F0020E80E0020F8B50600FFF786FAD6
:10841000002802D100252800F8BDFFF787FA051EC5
:10842000F8D1C8237343134AD718F9780029F1D03B
:1084300010339C18200000F043FE3F28EAD90020AA
:10844000F978FFF7A1FE0028E4D0200000F038FE04
:108450003F2809D9084AF60140230020F978B218CC
:10846000FFF7BAFE0500D6E7F9780020FFF7A0FE77
:10847000D1E7C046200E00209C0D002010B504005E
:10848000FFF74CFA002801D1002010BDFFF74EFA8B
:108490000028F9D1C830444302480019037901206B
:1084A0001840F2E7200E0020C823584310B5034BB4
:1084B0001030C01800F0E6FD10BDC046200E0020B0
:1084C00070B50400C8206043074B1030C018074B3C
:1084D0009A4200D9064A92B200F030FE0500200010
:1084E000FFF792FF280070BD200E0020FEFF000065
:1084F000FFFF0000F8B50600FFF710FA002801D1D1
:108500000020F8BDFFF712FA0028F9D1C8247443FF
:108510002500144F2435ED19280000F0B3FD002884
:10852000EED03F190020B978FFF72EFE0028E7D0E3
:108530000D48F6014036361831004022280000F080
:10854000FDFDB978041E08D0030032000020FFF7BB
:1085500043FE0028D4D02000D3E70020FFF728FEF8
:10856000CEE7C046200E00209C0D002070B5C82428
:1085700044430C4B2434E4180B4B05009A4200D9B9
:108580000A4A200092B200F049FE0600200000F0E6
:1085900079FD3F2801D8300070BD2800FFF7AAFF01
:1085A000F9E7C046200E0020FEFF0000FFFF00009C
:1085B000C823584310B5034B2430C01800F080FD89
:1085C00010BDC046200E0020F0B50025194C83B028
:1085D000C82200212000FDF72BF9174B21001D7048
:1085E000FF236371E1235B02A36020000823A581C0
:1085F000A373402238310095073B103000F00AFD8C
:10860000270001232100200026004022783100931A
:10861000B837243000F0FEFCC0363800FAF730FCE2
:108620003000FAF72DFCE56127622663656303B02D
:10863000F0BDC046200E00201C0E0020074B1A6A19
:10864000196B002A02D00022DA611A62002902D0D6
:1086500000221A635A6301207047C046200E002092
:1086600070B50F4C052200212000FDF7E1F80D4DFB
:108670002B78DA0707D50C4C9B070CD5012120007D
:1086800000F098FE70BD2000103000F073FE2B78D3
:10869000054C9B07F2D4200000F06CFEEEE7C046CC
:1086A000200E00201C0E0020440E0020F0B54B7957
:1086B000060083B0022B02D18B79022B03D0002558
:1086C000280003B0F0BD214FBB78002BF7D18B7889
:1086D00009253B700C780C196378242B0BD1082AE0
:1086E00002D810E0AA420ED32378E418ED1863787C
:1086F000ADB2242BF6D0052B09D06378042B02D120
:1087000063790A2B10D00020FFF77EFED8E7210006
:108710003000FFF7EBFC0028D1D0A3787B702378E2
:10872000ED18ADB2E418E8E7094B2778019301335F
:108730000093022202233000E119FFF7F1FC002828
:10874000BDD00E35ED19ADB2DDE7C046200E0020DC
:10875000220E0020F8B560231400127805001340A3
:108760000020202B07D1304E6379277932781B0205
:108770003B439A4200D0F8BD6378222B28D007D81B
:10878000202B17D0212BF6D101293FD00120F2E771
:10879000232BF0D1012941D00329F7D1234B002B02
:1087A000F4D0E178A37809020020194300E000BF6B
:1087B0000120E0E7012929D00329E7D11C4B002B38
:1087C000E4D0310000200831FEF71CFC0120D2E784
:1087D000012923D00329D9D101252F003000A27807
:1087E000E47802392402144327403471794024305C
:1087F00000F0E0FD0F4B002BC8D02A0064080020D9
:108800003900224000E000BF0120B4E70723210027
:108810002800094AFFF748FD0120ACE721002800A5
:10882000FFF72AFD0120A6E7200E0020000000002F
:108830000570001000000000280E0020F8B5454625
:108840005746DE464E46E0B5364D8046EA780C0087
:108850001F008A425ED19AB210239A46324EAA4431
:108860003100504600F0DAFC304B002B19D06B7908
:10887000FF2B16D0002F14D0F2199146AB4603E01F
:1088800001364E450DD06B7932789A42F8D1504678
:1088900000F00EFC0028F3D15B46597900E000BFE0
:1088A000EEE7234B002B04D0224800F001FC002807
:1088B00035D00020FFF7A8FDAB78A34207D00124F4
:1088C00020003CBC90469946A246AB46F8BD1A4BE8
:1088D000002B02D0002000E000BF0020FFF70AFEBE
:1088E0000028ECD1154D280000F0CCFB0028E6D183
:1088F000002FE4D0BB06E2D1243D4046A978FFF723
:1089000043FC041EDBD0002300224046A978FFF779
:1089100063FCD5E7AB788B42D9D00024D0E700E0E8
:1089200000BFC6E7200E00209C0D002000000000C4
:1089300000000000300E002000000000440E002067
:108940009322F0B5134C85B0002120009200FCF773
:108950006FFF23002000802640270F4D4D33760007
:10896000FF33293002950093002200230021039752
:108970000196FF3000F0CEF94035201D2834002349
:1089800001220021039702950196009400F0C2F99C
:1089900005B0F0BD24100020A40F002010B5054C38
:1089A000200000F0EDF920002538FF3800F0E8F94C
:1089B000012010BD4C11002070B5084C002520008E
:1089C00031302570FF3000F0D5FC20000C3000F075
:1089D000D1FC2A23FF33E554657170BD24100020BB
:1089E000F8B54E464546DE465746E0B54B798146DA
:1089F0008846FF2B25D12A23414FFF330C78FE5C9C
:108A00007B794444A5181E431BD18B783B700B79AE
:108A1000002B12D098235B009A46253BFF3B9B46D8
:108A2000BA44BB446378052B05D111E02378E418E0
:108A30006378052B0CD0A542F8D84346E41AA0B2BF
:108A400000E000203CBC90469946A246AB46F8BDEB
:108A5000A542F2D921004846FFF748FB0028F0D094
:108A6000A3780136F6B2DB09012B2AD0504600F07C
:108A700081FC2A23A278FF33FA54637922791B02FE
:108A80001343204A942194465B055B0D63445A428C
:108A90005341022049007A5C5B00824313437B54BC
:108AA00051464846083900F0CBF90028C9D0237850
:108AB000E41843461B79B342B4D84346E41AA0B243
:108AC000C0E7584600F056FC5A46A3780C3A53715A
:108AD000637921791B020B430A495B058C465B0DC8
:108AE000634459424B41022011795B0081430B439F
:108AF000594613710839002000F070F9D7E7C046D5
:108B00002410002000FEFFFFF8B52A251F4CFF357A
:108B1000655D06001F008D421DD19A235B00E35A5C
:108B2000002B0ED11A4B002B04D000201949BAB2E9
:108B300000E000BF3000184900F082F90124200055
:108B4000F8BD2000962331305B00E158BAB2FF3007
:108B500000F064FBE6E763798B4201D00024EEE786
:108B60000E4B002B04D039040020090C00E000BF9C
:108B70000B4D3000290000F031F901240028DED12E
:108B80003A002900300000F0FDF8D8E7241000205A
:108B900000000000A40F00204C1100200000000085
:108BA0002810002000B5030083B0002910D0002059
:108BB000012B07D80A78002A04D00B48C2540120A0
:108BC000012A01D003B000BD1800FEF7B7FEF9E797
:108BD000012301A900200B80FEF7B0FE0028F1D090
:108BE0000122014B1A70EDE73C0F0020037870B5AD
:108BF000DB0704000E00DD0F002B17D103785B07A5
:108C000001D5280070BD01213000494200F074FCFC
:108C10002378DB07DD0F002B0AD123785B0708D40C
:108C20000422237801251343237002E00025E8E79E
:108C30000025300000F040FCE3E7C04670B50D00B1
:108C4000012104004942280000F056FC23785B070C
:108C5000DE0F002B04DB280000F02EFC300070BD7E
:108C60002378DB0704D40422237893432370F2E7AC
:108C70000026F0E7437902791B0213435B055A0D86
:108C8000C3789B079B0F022B05D0032B15D0002028
:108C9000012B08D0704702291CD0002040239342AA
:108CA0004041C0B2F6E702394B4259410D4B9C4658
:108CB000614491424041C0B2ECE702394B42594114
:108CC000F023002049429B0019404031914240412D
:108CD000C0B2DFE7044B9C46624450425041C0B2F0
:108CE000D8E7C046FF03000000FEFFFF8A1870B5FA
:108CF00091420ED27F264C78052C06D134008D7817
:108D00002C406400ED09041963550C7809198A4256
:108D1000F1D870BDF0B5C64600B582B0150008AAFE
:108D200040CA040017880BAA1288012090460A0046
:108D300021780240814320001143217000933A00C2
:108D400001233100083000F065F9002E01D0002F1A
:108D500008D10A9B012063604346638002B004BCD3
:108D60009046F0BD26001C363000FAF789F8002343
:108D7000002D01D0330000266361A661E9E7C046FB
:108D800001207047F8B5E023070008000C785B006D
:108D9000A407E4171C4008300D001600403400F012
:108DA00071F9002808D1002E06D0013C264203D1DB
:108DB00001242B781C4201D00020F8BD38006978CE
:108DC000FFF7E2F90028F7D02B781C42F4D10023FA
:108DD000002238006978FFF7FFF9EEE7F8B50D00DB
:108DE0000835060028000C0000F04CF9002803D0DC
:108DF000012723781F4201D00020F8BD30006178A0
:108E0000FFF7C2F90028F7D028006288616800F0F7
:108E100095F92378051E0BD01F42EDD1030062683F
:108E200030006178FFF7D8F90028E5D02800E4E7A2
:108E30001F42E1D130006178FFF7BAF9DCE7C046A4
:108E4000F0B5C64600B58B8906000C00002B07D193
:108E500001250B781D423BD0002004BC9046F0BD9C
:108E6000E0230F000D785B00AD07ED1708371D40BC
:108E70003800403500F024F9A842EDD301222378D0
:108E800090461A42E8D130006178FFF77DF900285A
:108E9000E2D0380000F014F94246237885422CD8FD
:108EA0001A42D9D16D4205406288281CADB2954264
:108EB00000D9101C85B200226178002D00D06268B4
:108EC0002B003000FFF788F90028C5D02800C4E740
:108ED0004978FFF759F90028BED023781D42BBD14D
:108EE000638800226178002B00D062683000FFF7B1
:108EF00073F90028B0D06088AFE71A42ACD13000D7
:108F00006178FFF755F9A7E770B506000800B1884A
:108F10009A421AD3D41AA4B2002C1CD0A14208D26F
:108F200091421AD8531A9BB27381994203D85B1AA3
:108F30009BB29942FBD9F28831685204520C5343D8
:108F4000C918FCF77BFC012070BD4D00D41A2C1908
:108F5000A4B2002CE2D10020F6E78A1893B2738104
:108F6000E3E7C046F0B546464F46D646C0B588460C
:108F700008A90C8806008788A3422DD31D1BADB21B
:108F8000002D23D0AF4205D29F423FD9FB189CB29F
:108F90003D0074812B1C954236D89DB2A74203D860
:108FA000E41BA4B2A742FBD9F288381B5204530C2D
:108FB00019009946336861439C4680B261448542FA
:108FC0000FD84A4640466A43FCF738FC28001CBCD0
:108FD00090469946A246F0BD79001D1B4D19ADB2D1
:108FE000CEE74B46584383B21A0040469A46FCF7F8
:108FF00025FC4B464046EF1BE4195C433168504466
:10900000A2B2FCF71BFCE1E7131CC6E7DC1BA4B211
:10901000BEE7C046F0B5C64600B5040006A8057810
:109020008020884617001E000002824227D8E06890
:10903000002803D00121494200F05EFA206900288F
:1090400003D00121494200F057FA434623607304DC
:109050005B0CED031D430023E0686381A780E5807E
:109060002381002801D000F027FA2069012400287C
:1090700001D000F021FA200004BC9046F0BD00248D
:10908000F9E7C04610B5048941898288A3B288B245
:109090008C4207D31B1A9BB2101C9A4200D9181C91
:1090A00080B210BD5100091A5B189BB2F4E7C046AC
:1090B00003894089181A43425841C0B27047C046DC
:1090C00030B5048941898288A3B28DB28C4207D31E
:1090D0005B1B9BB200209A4201D9D31A98B230BDD3
:1090E0005000401B1B189BB2F4E7C04670B504004B
:1090F00000690D00002803D00121494200F0FCF96D
:1091000022896389290092B29BB22000FFF7FCFEFE
:109110006189A2880B189BB205005200994209D8B8
:10912000934207DA20696381002801D000F0C4F976
:10913000280070BD9B1A9BB2F4E7C04670B50400CE
:1091400000690D00160082B0002803D001214942B9
:1091500000F0D2F92389628929009BB20092200095
:109160003200FFF7FFFE6189A28843189BB2050019
:10917000520099420AD8934208DA20696381002894
:1091800001D000F099F9280002B070BD9B1A9BB283
:10919000F3E7C046F8B50400C0680E00002803D00D
:1091A0000121494200F0A8F9258920896189A28816
:1091B000ADB283B28FB2884228D3DB1B9BB29A42F6
:1091C00009D8E779FF0906D1E068002801D000F04E
:1091D00073F93800F8BD2B00954203D39B1A9BB25C
:1091E0009342FBD2E28821685204520C5343C818C0
:1091F0003100FCF723FBA2886B1C9BB252009D42FE
:1092000009D99B1A9BB201272381DDE75100C91BB5
:109210005B189BB2D3E79342F5DBF2E7F0B5454626
:10922000DE4657464E46E0B504008846150083B03A
:10923000002A6AD0C068002803D00121494200F00A
:109240005BF92789E2796389A688BFB29BB2D2090C
:1092500043D19F4263D27200D31AFB189BB2002203
:1092600091469E4233D9F31A1A1C9BB2AB4200D9E5
:109270002A1C93B299464B46002B28D0DB199BB28F
:109280009B463D00BE4203D8AD1BADB2B542FBD2FA
:10929000E288711B5204530C18009A4623686843F5
:1092A0009C4689B26044494545D352464B464146A7
:1092B0005A43FCF7C3FAA3885B00BB4501D39B4527
:1092C00003DB5A46D31A9BB29B465B462381E06878
:1092D00000281CD000F0F0F819E0B54222D29F42DD
:1092E0003ED3FA1A92B2710052198A4208DB9A19D7
:1092F00092B2571BBFB29346BB4236D97F1ABFB258
:10930000EB199BB29B46A946BBE70023994648460A
:1093100003B03CBC90469946A246AB46F0BDFB1A52
:109320009BB29CE7AA1BE5881F006D046D0C55439A
:10933000B146A8449FE7534659438BB21A004146B1
:109340000193FCF77BFA49468A1B5146AA184A4307
:10935000019B20684344190092B2FCF76FFAAAE718
:109360007100CA1ABA1892B2BEE7A946B94200DD26
:1093700087E7C3E710B50400C068002803D00121C7
:10938000494200F0B9F82069002803D00121494280
:1093900000F0B2F80023E06863812381002801D047
:1093A00000F08AF82069002801D000F085F801203B
:1093B00010BDC04670B50400C0680D00002803D081
:1093C0000121494200F098F82069002803D00121CA
:1093D000494200F091F87F21E379ED011940E068FE
:1093E0002943E171002801D000F066F820690028C7
:1093F00001D000F061F8012070BDC04630B5032AED
:109400000CD903000B439B0719D103680C68A342D6
:1094100015D1043A04300431032AF6D8551E002A27
:109420000BD0002303E05A1C9D4206D01300C25CFF
:10943000CC5CA242F7D0101B00E0002030BD551ECE
:10944000EFE7C04610B583070AD00300032102E00E
:1094500001330B4205D01A78002AF9D1181A10BD31
:10946000030019680C4A0D4C8A188A4322420FD116
:109470005968094A04338A188A43224208D1596834
:10948000054A04338A188A432242F1D000E00133AE
:109490001A78002AFBD1E1E7FFFEFEFE8080808083
:1094A000F8B5C0460000000001B40248844601BC83
:1094B000604700BFA902002001B40248844601BCF5
:1094C000604700BFE101002001B40248844601BCAE
:1094D000604700BFB90A002001B40248844601BCBD
:1094E000604700BFB90A002001B40248844601BCAD
:1094F000604700BFC100002001B40248844601BC9F
:10950000604700BFA501002001B40248844601BCA9
:10951000604700BF8103002001B40248844601BCBB
:10952000604700BF7101002001B40248844601BCBD
:10953000604700BF1D08002001B40248844601BCFA
:10954000604700BF6107002001B40248844601BCA7
:10955000604700BFC107002001B40248844601BC37
:10956000604700BFCD07002001B40248844601BC1B
:10957000604700BF89070020F53B0010213C001028
:10958000993D00102158001009450010E5550010C4
:10959000C13C00103D3C00105D3C0010713C0010CF
:1095A000B92E0010793C0010E9320010BD3B0010CC
:0C95B000FD2A0010D57400108902001084
:1095C00042454E4348206576656E743D257320699B
:1095D000643D25752063616C6C733D25752064695D
:1095E000676573743D2530386C780D0A0000000003
:1095F0002573000042454E434820434F4E4649479D
:1096000020626F6172643D72703230343020646960
:1096100061676E6F73746963733D31206370755F4A
:10962000687A3D256C7520706572695F687A3D25A2
:109630006C7520767265675F7461726765745F6DC3
:10964000763D3131353020767265675F73656C3DEC
:10965000257520767265675F726F6B3D2575206694
:109660006C6173685F6469763D256C7520666C611A
:1096700073685F687A3D256C7520666C6173685FFE
:109680006A656465635F69643D2530366C78206384
:109690006C6F636B5F70726F66696C653D257320DC
:1096A0006670753D736F6674776172652072616470
:1096B000696F3D616273656E7420636F72653D25ED
:1096C00075207472616E73706F72743D25732063C0
:1096D0006865636B3D25750D0A0000005553425FB8
:1096E00043444300636F6D6D6F6E31363000000090
:1096F0004552524F52000000424F4F5400000000AC
:109700005354415254000000504153530000000094
:10971000444F4E4500000000B80B0000B80B00009D
:10972000C8000000F401000064000000F401000023
:10973000B80B0000B80B0000140000002C01000062
:1097400032000000010000000000000000000000E6
:109750000000000000000000000000000000000009
:109760000000000000000000FFFFFFFFFFFFFFFF01
:10977000FFFFFFFFFFFFFFFFFFFFFFFFFFFFFFFFF9
:10978000FFFFFFFFFFFFFFFF0001020304050607C5
:1097900008090A0B0C0D0E0F1011121314151617D1
:1097A00018191A1B1C1D1E1F2021222324252627C1
:1097B00028292A2B2C2D2E2F3031323334353637B1
:1097C00038393A3B3C3D3E3F0000010102020303B1
:1097D00010203040AA55AA550000010102020303DF
:1097E00010203040AA55AA550000010102020303CF
:1097F00010203040AA55AA550000010102020303BF
:1098000010203040AA55AA550000010102020303AE
:1098100010203040AA55AA5500000101020203039E
:1098200010203040AA55AA5500000101020203038E
:1098300010203040AA55AA5500000101020203037E
:1098400010203040AA55AA5500000000000000007A
:109850000000000000000000000000000000000008
:109860000000000000000000FFFFFFFFFFFFFFFF00
:10987000FFFFFFFFFFFFFFFFFFFFFFFFFFFFFFFFF8
:10988000FFFFFFFFFFFFFFFF0001020304050607C4
:1098900008090A0B0C0D0E0F1011121314151617D0
:1098A00018191A1B1C1D1E1F2021222324252627C0
:1098B00028292A2B2C2D2E2F3031323334353637B0
:1098C00038393A3B3C3D3E3F0000010102020303B0
:1098D00010203040AA55AA550000010102020303DE
:1098E00010203040AA55AA550000010102020303CE
:1098F00010203040AA55AA550000010102020303BE
:1099000010203040AA55AA550000010102020303AD
:1099100010203040AA55AA5500000101020203039D
:1099200010203040AA55AA5500000101020203038D
:1099300010203040AA55AA5500000101020203037D
:1099400010203040AA55AA55000000000000000079
:109950000000000000000000000000000000000007
:109960000000000000000000FFFFFFFFFFFFFFFFFF
:10997000FFFFFFFFFFFFFFFFFFFFFFFFFFFFFFFFF7
:10998000FFFFFFFFFFFFFFFF0001020304050607C3
:1099900008090A0B0C0D0E0F1011121314151617CF
:1099A00018191A1B1C1D1E1F2021222324252627BF
:1099B00028292A2B2C2D2E2F3031323334353637AF
:1099C00038393A3B3C3D3E3F0000010102020303AF
:1099D00010203040AA55AA550000010102020303DD
:1099E00010203040AA55AA550000010102020303CD
:1099F00010203040AA55AA550000010102020303BD
:109A000010203040AA55AA550000010102020303AC
:109A100010203040AA55AA5500000101020203039C
:109A200010203040AA55AA5500000101020203038C
:109A300010203040AA55AA5500000101020203037C
:109A400010203040AA55AA55000000000000000078
:109A50000000000000000000000000000000000006
:109A60000000000000000000FFFFFFFFFFFFFFFFFE
:109A7000FFFFFFFFFFFFFFFFFFFFFFFFFFFFFFFFF6
:109A8000FFFFFFFFFFFFFFFF0001020304050607C2
:109A900008090A0B0C0D0E0F1011121314151617CE
:109AA00018191A1B1C1D1E1F2021222324252627BE
:109AB00028292A2B2C2D2E2F3031323334353637AE
:109AC00038393A3B3C3D3E3F0000010102020303AE
:109AD00010203040AA55AA550000010102020303DC
:109AE00010203040AA55AA550000010102020303CC
:109AF00010203040AA55AA550000010102020303BC
:109B000010203040AA55AA550000010102020303AB
:109B100010203040AA55AA5500000101020203039B
:109B200010203040AA55AA5500000101020203038B
:109B300010203040AA55AA5500000101020203037B
:109B400010203040AA55AA55000000000000000077
:109B50000000000000000000000000000000000005
:109B60000000000000000000FFFFFFFFFFFFFFFFFD
:109B7000FFFFFFFFFFFFFFFFFFFFFFFFFFFFFFFFF5
:109B8000FFFFFFFFFFFFFFFF0001020304050607C1
:109B900008090A0B0C0D0E0F1011121314151617CD
:109BA00018191A1B1C1D1E1F2021222324252627BD
:109BB00028292A2B2C2D2E2F3031323334353637AD
:109BC00038393A3B3C3D3E3F0000010102020303AD
:109BD00010203040AA55AA550000010102020303DB
:109BE00010203040AA55AA550000010102020303CB
:109BF00010203040AA55AA550000010102020303BB
:109C000010203040AA55AA550000010102020303AA
:109C100010203040AA55AA5500000101020203039A
:109C200010203040AA55AA5500000101020203038A
:109C300010203040AA55AA5500000101020203037A
:109C400010203040AA55AA55000000000000000076
:109C50000000000000000000000000000000000004
:109C60000000000000000000FFFFFFFFFFFFFFFFFC
:109C7000FFFFFFFFFFFFFFFFFFFFFFFFFFFFFFFFF4
:109C8000FFFFFFFFFFFFFFFF0001020304050607C0
:109C900008090A0B0C0D0E0F1011121314151617CC
:109CA00018191A1B1C1D1E1F2021222324252627BC
:109CB00028292A2B2C2D2E2F3031323334353637AC
:109CC00038393A3B3C3D3E3F0000010102020303AC
:109CD00010203040AA55AA550000010102020303DA
:109CE00010203040AA55AA550000010102020303CA
:109CF00010203040AA55AA550000010102020303BA
:109D000010203040AA55AA550000010102020303A9
:109D100010203040AA55AA55000001010202030399
:109D200010203040AA55AA55000001010202030389
:109D300010203040AA55AA55000001010202030379
:109D400010203040AA55AA55000000000000000075
:109D50000000000000000000000000000000000003
:109D60000000000000000000FFFFFFFFFFFFFFFFFB
:109D7000FFFFFFFFFFFFFFFFFFFFFFFFFFFFFFFFF3
:109D8000FFFFFFFFFFFFFFFF0001020304050607BF
:109D900008090A0B0C0D0E0F1011121314151617CB
:109DA00018191A1B1C1D1E1F2021222324252627BB
:109DB00028292A2B2C2D2E2F3031323334353637AB
:109DC00038393A3B3C3D3E3F0000010102020303AB
:109DD00010203040AA55AA550000010102020303D9
:109DE00010203040AA55AA550000010102020303C9
:109DF00010203040AA55AA550000010102020303B9
:109E000010203040AA55AA550000010102020303A8
:109E100010203040AA55AA55000001010202030398
:109E200010203040AA55AA55000001010202030388
:109E300010203040AA55AA55000001010202030378
:109E400010203040AA55AA55000000000000000074
:109E50000000000000000000000000000000000002
:109E60000000000000000000FFFFFFFFFFFFFFFFFA
:109E7000FFFFFFFFFFFFFFFFFFFFFFFFFFFFFFFFF2
:109E8000FFFFFFFFFFFFFFFF0001020304050607BE
:109E900008090A0B0C0D0E0F1011121314151617CA
:109EA00018191A1B1C1D1E1F2021222324252627BA
:109EB00028292A2B2C2D2E2F3031323334353637AA
:109EC00038393A3B3C3D3E3F0000010102020303AA
:109ED00010203040AA55AA550000010102020303D8
:109EE00010203040AA55AA550000010102020303C8
:109EF00010203040AA55AA550000010102020303B8
:109F000010203040AA55AA550000010102020303A7
:109F100010203040AA55AA55000001010202030397
:109F200010203040AA55AA55000001010202030387
:109F300010203040AA55AA55000001010202030377
:109F400010203040AA55AA551C36C84190A1EDB446
:109F5000A79DD47EF3AA3907677CA4C371BA8E7813
:109F6000AE7C94B222C84ED58214F46417E45E9B92
:109F7000A46A61680E8E098479FA7CEF525FD6413B
:109F8000D2E2D9CEBBE6D6505F5BCECE9346BF7948
:109F9000689DD27F5E8E13AE4507B95818FBC9077E
:109FA0007903AF61EFF0E158C5D0EEE761711FDBD7
:109FB00060C472AF8ED35740FF34873E5FEFCCABA7
:109FC000C8D9CCD3A27234E034030301E052C47880
:109FD000729B75E168B0A6F48DF3A439E4C9396EBB
:109FE00094DA7BD9FBB663D17AFEAD4B68AAF7A2AF
:109FF00045BDA9D22709D276069EB199C854F05B17
:10A00000B4C6EAD7B272419DBEC10C7D6DC82EF4B4
:10A0100099298F0A2EAA12C6F9F6AFC68337BB6AF2
:10A02000C629C3748271FC9146E33380286840F1ED
:10A03000C154B54DB8DA8F84163BC98DCE8674A055
:10A04000A6AEB421DDABAACA6E4D83A45981098F97
:10A05000EC5611DA8A1F59F81E7D97824BDD4516A2
:10A06000CF832A58C90367DC6EF3919880FEC5E15F
:10A07000A03FE85A97FE869AE7415F502EA9E2FA80
:10A080009BD26C6E50765C7D41ED022A6161FEA828
:10A0900089E37FCD98FD8D67333D7AE24193BF120E
:10A0A00048D62FC298690132C19BD521DB9EB2A14F
:10A0B0005EB9304B9C46B3A143F0DDEA996E6D96D4
:10A0C000D9DCAB804F51841AE84595FC0A40C0C6E4
:10A0D0000F3B9C3D66A87C0D0ADC99EA7832215C36
:10A0E0004A8909DD34082E5C8700AC99C124AA5442
:10A0F000B37F2CD0E4D38A2000280B535A87C88919
:10A100002EDF96D21186DCB85515289351518F6CED
:10A110005CFCAF4D8E878D79DDEEC71FE3A74F48FE
:10A12000131940E5CA597AB7A0A156980B20DBBB9A
:10A130001755DCE7DE62CD2A02CFE3673655DBED4B
:10A140007A1E869FCFEA1550E1D25910368FDCE790
:10A1500001222207EDA119B6A039A7BE84C31C5E57
:10A16000CD81B038AB5DBE62D7437D8961155A564B
:10A170009C60627614A5375A22B8374E783F1F6725
:10A18000F9C6B8E6852C81E2062E7CB4A79D55154C
:10A190005AE51D0425A083764424CE7F46A9F10606
:10A1A0006F08C1A348B7119139BB25E99272EAE45F
:10A1B0009FB89DE995E2E3CAAA8D87D0A7D47FD640
:10A1C0007027815B8741AAAAEBF97E6490709D0D90
:10A1D00063E52D484FFDF61DF1FCAAE41BEA5C3D4A
:10A1E00081BC9952F7F3DBEA3BD62C89B8F4F5B67B
:10A1F0007BFA6284EB1076AE1F951221E2F2DC78D6
:10A2000028DC0D988BA039585A4CCC835B98B97DCB
:10A210005E917A324945C6EFBED730AF93FA366DBC
:10A220004CE90CFF92910A787ADA54C2FFA24D8E63
:10A230000D9540983337750B02327FC961294F1A4B
:10A2400016EFCE77C584F27210AC2522BB85675815
:10A2500008E7C43B641A8642B7DA816379218E1815
:10A2600011EF924E29B6A29534F1D625CED82351BE
:10A270006ECC08795CB4DB9EF5375A88A6FEA6EE54
:10A2800065D1F5ED65485BFA23EF9BADA25DFB81DF
:10A290002EEDA063C5E4BE4E05C736E3C95E47E6B2
:10A2A000A4430A39B6BC000D4080C1E62BE6D51B9D
:10A2B0008CEE9F63EFC371C466598ED81299B4585F
:10A2C000D4B9341C2407B1AE4ACFAE83398B68F2BF
:10A2D000FA926CD34DA31EAE242668F67510A96CB5
:10A2E000F3FE186EAFA8A68BDD89D341B015F9181F
:10A2F000881CF79192974D35E0CAA43137ABC295CF
:10A300004218FC21CAE5814483781A28E33ED04BE9
:10A31000B229B7E19BAB4D92685B52752277174B20
:10A320006F94C2A3FFD99F188C1B06F508A05D8D02
:10A330002B1553E316837EA02C408450840B5B7B4B
:10A340000B772D91D8B2975201495D965B98DF6AE1
:10A3500094006DD31A113A5D8492B609698C52BF8C
:10A36000D5099106C3F559B5719F0D7525B189A918
:10A370007979E01B4080F91B401D4A9CE443E2B818
:10A3800071A3AC47BBA7856B0F1E5397580FF44AB8
:10A3900093935B10FAAE0786620A13B39AAB645AC2
:10A3A000D85AF17EEBD48D0C721E04301A7CEEAFBD
:10A3B0004AB9C8E7F405ACEE9163CE7545089646F8
:10A3C0006DC5142909676E9FF266B3201C6B6A394C
:10A3D000C38F327D0D105999B1D21A8BD15E4DDCED
:10A3E000EB182A822DE43D5D1B16FB9F935DF6FD65
:10A3F000A067D0FE68EFA90F383E2436EAF1E709DE
:10A4000005E3B6A9EA9FCF181BE2607A47687A2F66
:10A4100050E533C61333C40F3CCD7197517955CCF9
:10A420004DF54F0D1E019F914C5621CCF9C278E895
:10A4300068D83CBD4CD720AB123D4CC810C2384642
:10A44000D6FFD2440FAC15770C55BF530302B46747
:10A45000C18F4A70C3E817B00F8B06C11D1452E7B5
:10A46000DB973F5443DDA915D55BF7F58B7F0EA233
:10A470008A59BEB955A9EA0CDB6BAA6BFD56861F3B
:10A48000274C6FA23336012F657C2D2DF92745957A
:10A49000160EEC4265CF3BAA9DCA155D4B0567FDC4
:10A4A00080F246639EAA72BE7353A7CD7FE66E6CA0
:10A4B0009EAFC5FC16434DC2642180C01850BAB28D
:10A4C0006038EF9B6FA9F3D514EE00F5B9306CE25C
:10A4D000707E42E6C711FB1E52AD730E1BB6C13E25
:10A4E000FFF6D591F078E2E69E13353FD71B6B6BF4
:10A4F000E3FC0A61B703379DB4936301B838046B7A
:10A500002D4514093B1432D7D2BD7E4683E7DFAE1A
:10A510005F4414036FC04B7AF16A7BF60DB82EF6D8
:10A520002FEE0608DF30DCFF2A9A223E7B4B4619CD
:10A53000A9A1166A017E0CD6A425BDB93B68539427
:10A54000948CD55FEFC592D165E34D06A0A5C48577
:10A550006BF825215EAC9510955AB25B17F47A9C86
:10A56000AA9D7323E58073178CB696E7E5FF92B03A
:10A57000EA2AFE0F96832713CBD7DED188BA135A67
:10A580008385F64ED69A333DEA0EC5AA6237C139A5
:10A5900022F9EE8B3AF60F6A6757F0C69FC22A5827
:10A5A00016C04FFBE2E5C8488B95B5F72A01F6C007
:10A5B0007B56E5C0C728DBE5F11CE9A26DD2630E2E
:10A5C000E1970FD788D98E0AFD3393A065C1CB8E52
:10A5D000CFB2C201B76F1E1925B6503371B47529B9
:10A5E000B04AF10BE2C054F49390646AB9CB89E7A6
:10A5F000A9EEA76CCA079D3D56FC9EDAACB67A7EE2
:10A60000F20F4E508B11144EF69FCFC012FBF91271
:10A610004751464BDE80FD08006B974BFA9B5F5E0F
:10A6200090758E61ACB4F5C27D21834377961AF0A4
:10A630005202A673E2B11FA91D3F72692C27A57CA7
:10A640002A0F766B499AB1BDFC763B16A0351EAF3A
:10A650006AF0433AB6E2868875D28B2CF32388647D
:10A6600081E76621753C6275B998DCB40FBAB5C74D
:10A670003B7A037D53F864324874790648EBC5820F
:10A68000A603AA7AFF007063883F44D282A580D3D4
:10A69000404A7E8CB55E13AC1386B4B5889655627D
:10A6A000E9BD22B498F5F2D7646781DF56462707E3
:10A6B000A4D07031D2351EDFF71C05E2137D38754A
:10A6C0002AF0FAF401C19701C7893ECD1EF5E55580
:10A6D000D50C1DA5BDFC047D38A8032A47B9E7BFEA
:10A6E00071B2B472671B592728B45200F41661ADD9
:10A6F000295FBC66389469CD177DB21E1660446F21
:10A70000795C84CEA358A73515E1348C1E9BE2C634
:10A71000FB2037A99EF192794169DC6E1653D480F3
:10A72000CA03EBE3A01EF3BAA20B315CA4AE019006
:10A73000E18AC56BE7D9C46DB37C9B8DDA8491B196
:10A74000B9AD82272E324DEB80858A8F94989DA2D9
:10A75000A6ABAFB3B8BCBFC3C7CACDD0D3D6D8DAC7
:10A76000DCDEE0E1E2E3E4E4E4E4E4E3E2E1E0DED1
:10A77000DCDAD8D6D3D0CDCAC7C3BFBCB8B3AFAB71
:10A78000A6A29D98948F8A85807B76716C68635EA3
:10A790005A55514D4844413D393633302D2A2826EB
:10A7A0002422201F1E1D1C1C1C1C1C1D1E1F2022C1
:10A7B0002426282A2D303336393D4144484D515501
:10A7C0005A5E63686C71767B80858A8F94989DA2AF
:10A7D000A6ABAFB3B8BCBFC3C7CACDD0D3D6D8DA47
:10A7E000DCDEE0E1E2E3E4E4E4E4E4E3E2E1E0DE51
:10A7F000DCDAD8D6D3D0CDCAC7C3BFBCB8B3AFABF1
:10A80000A6A29D98948F8A85807B76716C68635E22
:10A810005A55514D4844413D393633302D2A28266A
:10A820002422201F1E1D1C1C1C1C1C1D1E1F202240
:10A830002426282A2D303336393D4144484D515580
:10A840005A5E63686C71767B80858A8F94989DA22E
:10A85000A6ABAFB3B8BCBFC3C7CACDD0D3D6D8DAC6
:10A86000DCDEE0E1E2E3E4E4E4E4E4E3E2E1E0DED0
:10A87000DCDAD8D6D3D0CDCAC7C3BFBCB8B3AFAB70
:10A88000A6A29D98948F8A85807B76716C68635EA2
:10A890005A55514D4844413D393633302D2A2826EA
:10A8A0002422201F1E1D1C1C1C1C1C1D1E1F2022C0
:10A8B0002426282A2D303336393D4144484D515500
:10A8C0005A5E63686C71767B80858A8F94989DA2AE
:10A8D000A6ABAFB3B8BCBFC3C7CACDD0D3D6D8DA46
:10A8E000DCDEE0E1E2E3E4E4E4E4E4E3E2E1E0DE50
:10A8F000DCDAD8D6D3D0CDCAC7C3BFBCB8B3AFABF0
:10A90000A6A29D98948F8A85807B76716C68635E21
:10A910005A55514D4844413D393633302D2A282669
:10A920002422201F1E1D1C1C1C1C1C1D1E1F20223F
:10A930002426282A2D303336393D4144484D51557F
:10A940005A5E63686C71767B80858A8F94989DA22D
:10A95000A6ABAFB3B8BCBFC3C7CACDD0D3D6D8DAC5
:10A96000DCDEE0E1E2E3E4E4E4E4E4E3E2E1E0DECF
:10A97000DCDAD8D6D3D0CDCAC7C3BFBCB8B3AFAB6F
:10A98000A6A29D98948F8A85807B76716C68635EA1
:10A990005A55514D4844413D393633302D2A2826E9
:10A9A0002422201F1E1D1C1C1C1C1C1D1E1F2022BF
:10A9B0002426282A2D303336393D4144484D5155FF
:10A9C0005A5E63686C71767B80858A8F94989DA2AD
:10A9D000A6ABAFB3B8BCBFC3C7CACDD0D3D6D8DA45
:10A9E000DCDEE0E1E2E3E4E4E4E4E4E3E2E1E0DE4F
:10A9F000DCDAD8D6D3D0CDCAC7C3BFBCB8B3AFABEF
:10AA0000A6A29D98948F8A85807B76716C68635E20
:10AA10005A55514D4844413D393633302D2A282668
:10AA20002422201F1E1D1C1C1C1C1C1D1E1F20223E
:10AA30002426282A2D303336393D4144484D51557E
:10AA40005A5E63686C71767B80858A8F94989DA22C
:10AA5000A6ABAFB3B8BCBFC3C7CACDD0D3D6D8DAC4
:10AA6000DCDEE0E1E2E3E4E4E4E4E4E3E2E1E0DECE
:10AA7000DCDAD8D6D3D0CDCAC7C3BFBCB8B3AFAB6E
:10AA8000A6A29D98948F8A85807B76716C68635EA0
:10AA90005A55514D4844413D393633302D2A2826E8
:10AAA0002422201F1E1D1C1C1C1C1C1D1E1F2022BE
:10AAB0002426282A2D303336393D4144484D5155FE
:10AAC0005A5E63686C71767B80858A8F94989DA2AC
:10AAD000A6ABAFB3B8BCBFC3C7CACDD0D3D6D8DA44
:10AAE000DCDEE0E1E2E3E4E4E4E4E4E3E2E1E0DE4E
:10AAF000DCDAD8D6D3D0CDCAC7C3BFBCB8B3AFABEE
:10AB0000A6A29D98948F8A85807B76716C68635E1F
:10AB10005A55514D4844413D393633302D2A282667
:10AB20002422201F1E1D1C1C1C1C1C1D1E1F20223D
:10AB30002426282A2D303336393D4144484D51557D
:10AB40005A5E63686C71767B80858A8F94989DA22B
:10AB5000A6ABAFB3B8BCBFC3C7CACDD0D3D6D8DAC3
:10AB6000DCDEE0E1E2E3E4E4E4E4E4E3E2E1E0DECD
:10AB7000DCDAD8D6D3D0CDCAC7C3BFBCB8B3AFAB6D
:10AB8000A6A29D98948F8A85807B76716C68635E9F
:10AB90005A55514D4844413D393633302D2A2826E7
:10ABA0002422201F1E1D1C1C1C1C1C1D1E1F2022BD
:10ABB0002426282A2D303336393D4144484D5155FD
:10ABC0005A5E63686C71767B80858A8F94989DA2AB
:10ABD000A6ABAFB3B8BCBFC3C7CACDD0D3D6D8DA43
:10ABE000DCDEE0E1E2E3E4E4E4E4E4E3E2E1E0DE4D
:10ABF000DCDAD8D6D3D0CDCAC7C3BFBCB8B3AFABED
:10AC0000A6A29D98948F8A85807B76716C68635E1E
:10AC10005A55514D4844413D393633302D2A282666
:10AC20002422201F1E1D1C1C1C1C1C1D1E1F20223C
:10AC30002426282A2D303336393D4144484D51557C
:10AC40005A5E63686C71767B80858A8F94989DA22A
:10AC5000A6ABAFB3B8BCBFC3C7CACDD0D3D6D8DAC2
:10AC6000DCDEE0E1E2E3E4E4E4E4E4E3E2E1E0DECC
:10AC7000DCDAD8D6D3D0CDCAC7C3BFBCB8B3AFAB6C
:10AC8000A6A29D98948F8A85807B76716C68635E9E
:10AC90005A55514D4844413D393633302D2A2826E6
:10ACA0002422201F1E1D1C1C1C1C1C1D1E1F2022BC
:10ACB0002426282A2D303336393D4144484D5155FC
:10ACC0005A5E63686C71767B80858A8F94989DA2AA
:10ACD000A6ABAFB3B8BCBFC3C7CACDD0D3D6D8DA42
:10ACE000DCDEE0E1E2E3E4E4E4E4E4E3E2E1E0DE4C
:10ACF000DCDAD8D6D3D0CDCAC7C3BFBCB8B3AFABEC
:10AD0000A6A29D98948F8A85807B76716C68635E1D
:10AD10005A55514D4844413D393633302D2A282665
:10AD20002422201F1E1D1C1C1C1C1C1D1E1F20223B
:10AD30002426282A2D303336393D4144484D51557B
:10AD40005A5E63686C71767B80858A8F94989DA229
:10AD5000A6ABAFB3B8BCBFC3C7CACDD0D3D6D8DAC1
:10AD6000DCDEE0E1E2E3E4E4E4E4E4E3E2E1E0DECB
:10AD7000DCDAD8D6D3D0CDCAC7C3BFBCB8B3AFAB6B
:10AD8000A6A29D98948F8A85807B76716C68635E9D
:10AD90005A55514D4844413D393633302D2A2826E5
:10ADA0002422201F1E1D1C1C1C1C1C1D1E1F2022BB
:10ADB0002426282A2D303336393D4144484D5155FB
:10ADC0005A5E63686C71767B80858A8F94989DA2A9
:10ADD000A6ABAFB3B8BCBFC3C7CACDD0D3D6D8DA41
:10ADE000DCDEE0E1E2E3E4E4E4E4E4E3E2E1E0DE4B
:10ADF000DCDAD8D6D3D0CDCAC7C3BFBCB8B3AFABEB
:10AE0000A6A29D98948F8A85807B76716C68635E1C
:10AE10005A55514D4844413D393633302D2A282664
:10AE20002422201F1E1D1C1C1C1C1C1D1E1F20223A
:10AE30002426282A2D303336393D4144484D51557A
:10AE40005A5E63686C71767B80858A8F94989DA228
:10AE5000A6ABAFB3B8BCBFC3C7CACDD0D3D6D8DAC0
:10AE6000DCDEE0E1E2E3E4E4E4E4E4E3E2E1E0DECA
:10AE7000DCDAD8D6D3D0CDCAC7C3BFBCB8B3AFAB6A
:10AE8000A6A29D98948F8A85807B76716C68635E9C
:10AE90005A55514D4844413D393633302D2A2826E4
:10AEA0002422201F1E1D1C1C1C1C1C1D1E1F2022BA
:10AEB0002426282A2D303336393D4144484D5155FA
:10AEC0005A5E63686C71767B80858A8F94989DA2A8
:10AED000A6ABAFB3B8BCBFC3C7CACDD0D3D6D8DA40
:10AEE000DCDEE0E1E2E3E4E4E4E4E4E3E2E1E0DE4A
:10AEF000DCDAD8D6D3D0CDCAC7C3BFBCB8B3AFABEA
:10AF0000A6A29D98948F8A85807B76716C68635E1B
:10AF10005A55514D4844413D393633302D2A282663
:10AF20002422201F1E1D1C1C1C1C1C1D1E1F202239
:10AF30002426282A2D303336393D4144484D515579
:10AF40005A5E63686C71767B67E6096A85AE67BB9B
:10AF500072F36E3C3AF54FA57F520E518C68059BFB
:10AF6000ABD9831F19CDE05B982F8A42914437718A
:10AF7000CFFBC0B5A5DBB5E95BC25639F111F1597C
:10AF8000A4823F92D55E1CAB98AA07D8015B8312BE
:10AF9000BE853124C37D0C55745DBE72FEB1DE806A
:10AFA000A706DC9B74F19BC1C1699BE48647BEEF99
:10AFB000C69DC10FCCA10C246F2CE92DAA84744A24
:10AFC000DCA9B05CDA88F97652513E986DC631A89A
:10AFD000C82703B0C77F59BFF30BE0C64791A7D579
:10AFE0005163CA0667292914850AB72738211B2E01
:10AFF000FC6D2C4D130D385354730A65BB0A6A76E9
:10B000002EC9C281852C7292A1E8BFA24B661AA8F4
:10B01000708B4BC2A3516CC719E892D1240699D604
:10B0200085350EF470A06A1016C1A419086C371E7D
:10B030004C774827B5BCB034B30C1C394AAAD84E5B
:10B040004FCA9C5BF36F2E68EE828F746F63A57896
:10B050001478C8840802C78CFAFFBE90EB6C50A429
:10B06000F7A3F9BEF27871C68D01020408102040E2
:10B07000801B3600637C777BF26B6FC53001672BDA
:10B08000FED7AB76CA82C97DFA5947F0ADD4A2AFDC
:10B090009CA472C0B7FD9326363FF7CC34A5E5F1EA
:10B0A00071D8311504C723C31896059A071280E298
:10B0B000EB27B27509832C1A1B6E5AA0523BD6B3EC
:10B0C00029E32F8453D100ED20FCB15B6ACBBE395C
:10B0D0004A4C58CFD0EFAAFB434D338545F9027F48
:10B0E000503C9FA851A3408F929D38F5BCB6DA2101
:10B0F00010FFF3D2CD0C13EC5F974417C4A77E3D2D
:10B10000645D197360814FDC222A908846EEB81482
:10B11000DE5E0BDBE0323A0A4906245CC2D3AC6245
:10B120009195E479E7C8376D8DD54EA96C56F4EA50
:10B13000657AAE08BA78252E1CA6B4C6E8DD741F61
:10B140004BBD8B8A703EB5664803F60E613557B924
:10B1500086C11D9EE1F8981169D98E949B1E87E9DE
:10B16000CE5528DF8CA1890DBFE6426841992D0F8D
:10B17000B054BB16010201000101010001020302EB
:10B180000100000070220010FA230010EC230010D0
:10B19000D2230010C4230010B4230010A6230010F3
:10B1A0009223001074230010602300103A23001033
:10B1B000FE220010A822001082240010B4260010E5
:10B1C0008026001004260010FC250010D225001057
:10B1D000AA2500101627001084250010CC2400108A
:10B1E000C2240010B8240010CC24001030313233B7
:10B1F00034353637383961626364656630313233ED
:10B2000034353637383961626364656630313233DC
:10B210003435363738396162636465660000000092
:10B2200000000000000000003B7DD85D2526561D73
:10B23000C10709B950718F4477805F094A4FB7DA67
:10B2400057F4EF77EF08B5904109FC85C77508C53D
:10B25000692C8D7331D995009CBA175E199F1963BB
:10B26000C2CE3FB66B00A4058981BFCEABD9787A38
:10B2700096C9227DDF2B8A9D7EEE93A1F2C20254F5
:10B28000B08930388CE3FC2999A1E02229B39E973C
:10B29000E324611152CEC4C19CA4D3B71B19F75B40
:10B2A000FA584B6FC787A17D18639D4A21E433A3E9
:10B2B0002CDCC94F385F61DA5D11AFB3F3AB6F1FA0
:10B2C000EF002CF9353BCA542FCADAA99EDBE33DC7
:10B2D000F22A9896869FB87E75888DA4DA5FEB84F3
:10B2E000C02270C9FDC3D04B04D8B0F85F3FD32D46
:10B2F0009A1A440A1520C71356129B2B118E4332FB
:10B30000ADC6A8C155CF07E8FBA98BF2EC247A8C17
:10B31000A7BF3CD18C05252CBA57FBF6BD5C9A0A19
:10B3200003614624CF3206481B743E9E896E2AB2C2
:10B330007CF70C4AE2F5DB5D6756E93745A45CE42F
:10B34000562F0D3EDAD61FC7D6ED7B0F981EF93C5F
:10B35000F7C23AB02974E03B30E119764BD46A75F4
:10B36000DDE8308163182E1A13F142530B93F1B5C7
:10B3700034DDAF14C10177DEB3BEE3946274FDD156
:10B38000ED332A00C9D239279587B745D0116772A6
:10B39000B2A794E588CE1A81D815DFC43B0D803E54
:10B3A0001FAEF60EC165B89E2E9EC5FB5295DEDD22
:10B3B00008B306908626581B93E42C94EB5C9FA858
:10B3C000ACB0C46AB787606CB7A7500508C686B032
:10B3D0002179D127C7AF9EA0F93DCBC67DBB9E6723
:10B3E0005CC5DCE24F34D2E40EA5039E5B64B26020
:10B3F000057D78FD66C714C87AC092C2A78C6FA27B
:10B4000035CE7214D27E3C198BFB5354B9D9983681
:10B41000F32498B8FC5722AEDD93F868D05871C772
:10B42000646F932596DBD112B5F16F9FCB1641D98E
:10B430001063EB485FF02C167E6EE951A6D33AF408
:10B440004A3E9C68F50A36FB63161411756752A9CB
:10B45000880AB842FAB857C914C194AD4A241828CA
:10B46000892A6A5D7ACBCEC2BD256EC97A6264DA5A
:10B470000A113F5E78993CAE1972AE44528ED58C5B
:10B48000917AF2838467BC3AF190E9C38ECB470688
:10B490001AE43F47DF7DA00F9A864F4D6B460CF2B2
:10B4A000942E990822B03252B245B665ABAFBDDEDC
:10B4B00067835A234B6F1F84315EAB063649537A3C
:10B4C0009EB0CDA532CE4DA87DBBEA7C2425591B6C
:10B4D000D888244DFE9D4690128A76EBC2CBF74B5E
:10B4E00064367B82F434207D8B5285F43652A997E2
:10B4F000D53A813D355D814E8DD2DECC6B423D4AE1
:10B500009574DBBE868621A73989DEBB7C97CC3853
:10B51000E9C5B331292C3A2416D593BBE3DF3A4E63
:10B5200053C91DB374F38BA94441DF232DA0498770
:10B53000FCC5FDF628960DB994C250FD32E62BFCF1
:10B5400055BBECC97E3C317C99DB43AF50B4633BC7
:10B550006F953537D71CE359B973338645A8631DFA
:10B56000DD76106546A9CCAD3CB087D4AC475B2EE8
:10B57000EF6EA869639B968FBB8A062C53B066ADAD
:10B58000A8E4F18A0A7B1358D11FE860108D18C017
:10B590006710239139DD956E38D734DD135B6EEC7F
:10B5A000F6C1DD36D2C0CF90F7017476451E3694D1
:10B5B000C2F7BDBE59FA5A8656C268CFE892863F96
:10B5C00055F52E05790E723ECAD623AB561746BAEC
:10B5D000D6998736D79F6274A528D6D022A1FA457E
:10B5E0001E9B94C908E2A60A172B3E5CC53C01C20B
:10B5F000D3A9DC88A104ABAE3468A38AAA2E70CC90
:10B60000CBE56EA697D7D91D9D0A95AE9A88713A5B
:10B61000A20DE18896B937496D63CC258B299DE64B
:10B620003871E6A6C9F07AD8347E591F117A230AF8
:10B63000A6F06649E5C1566FAF5DC86E1DE83EFCD9
:10B64000BE6A608CAA1A3F9B9224222856682597CE
:10B650005E200C453883ABE369BE8F9780C8F6C285
:10B6600099682842D4C4A218AC6EF85808AEC6C572
:10B670007C63BC57D1095B8C437C26E5288DE52192
:10B68000F3DB200CB42CB13FA96C5EC5177022A669
:10B69000BAC9ADCF729ECC731587A41F00C9511CC7
:10B6A0001522CB870C8D3E448C1D8342EFA4442B86
:10B6B00055554D9F115B4130295D55C6C55344DB3F
:10B6C0007FEBD12D0D055F683E8767BC600DD97C8F
:10B6D00004F20FFF26C683D3AA56005FB1411A12A7
:10B6E00027169176F41A9BE69930A08427052C5CE6
:10B6F0004BC5EED60592992A80B3E8384C61AC6808
:10B70000D72E59879476A682349471E8075D34A5C4
:10B71000F0C33D57BD8156262765670B2A031C449D
:10B72000F13B10F4FEA925EBD7C50C2E354ABFBD61
:10B73000BB38A97AA2AF4A6A6E4395C1DC12BE3704
:10B74000A469C68F592FC467A70C70D969177B20CD
:10B75000CCE3251338F4DA7D7A6A56337BC07FE375
:10B76000AB2819BB2767A361E4DA8E0F14897B4EDF
:10B7700091EC3A983EC9AD2EC4B9B4063008CF95C5
:10B7800086A10EE7A884C523CBD81FB6687829B94F
:10B79000EBA187E5040714FAFBF68336150F08764C
:10B7A00093FBE104BEBEF87DD2898F73C970A19965
:10B7B000CC1E540BE40B0AB7A757A003A1CC303D15
:10B7C0006A3F99EBBC6276C9960FFD620D5B4953E7
:10B7D000135C79830A172C323484740A693738F27F
:10B7E0007C600A3C51405338C9437DAD812D26927F
:10B7F00056B3D118C4BF458509556311618558D624
:10B800007DB27BC01F8FCE734152219939A00B2787
:10B81000864553ABB580620641020856135409941D
:10B820005DCE40A27A239C0ED73938AFBD98ADF0DB
:10B83000E9ACF9954F78A35A48AD54AF85BD84C89B
:10B84000C4DEB9CA63551BAFA22566CBDF7F68F2A1
:10B8500035767CD987FC94DFF7BEC4DDA4992E63CE
:10B860005E0F157E8254A67DA8949D36BB3B99AF92
:10B8700087A139D6AD8615B69671A5FD886F86303D
:10B88000B2C1BF390909372766819518F4CE134331
:10B8900079FCA957A8ADEC2B85DC803919D154F976
:10B8A000E10A98D3884A9DC6B37FCCAAAFCF421491
:10B8B000410C3E285E6F837442FAB7DDD06AA38BD9
:10B8C00020E5167A913293CBB407A60AE6C898B958
:10B8D000F03A6FC510DC49FDDE9E819420546477F8
:10B8E0001E78ACC2723BAA15B65199A65514015ADE
:10B8F000AF755DE24A6FCA656A11EA4A6C2C981D01
:10B90000EDB41ECFBD48804281A6593F847AE95AE2
:10B91000B04C4B7E98027FD2626C2B1E1348D8ED40
:10B920009B6402D494C4BDFCAA19616330A602636F
:10B93000723B7BBF6DE8149FC5C4662B9AA5699DB9
:10B940005A174F0624D8A5A4F54C8A36FDD3DA9BA6
:10B95000E3DDA9C72D6DAE1696D24A8B121D005F8E
:10B9600045C113701728BF19CF19F49FB21294184C
:10B9700018CA7731A80C7D88DD0A64B6084E525A81
:10B980001D5CB6C4951E0BC2CF1BA6A19C6D9F1457
:10B99000B368C1703ABE23E649E44E22E5777FD909
:10B9A000DBC515BF663BFCE83BE4A7B983669B7922
:10B9B0001151D6EF523ABC60E8528F3E6E72011FB1
:10B9C0001EFB17B7BB6DD55C6CB252767C05671E4B
:10B9D0002BF188DF6BD5CAE012F6B014378F69C13E
:10B9E000B58538303150AD27542C447072CF4A9110
:10B9F00048CC0EA7C5E9DA42B0D9EE341B6C4EE64E
:10BA0000B6A702EBB392A404BEAA2415E19750D3C3
:10BA1000EAA7ABD1D45B2BB86A9C2D91EC7D1E7547
:10BA200061DF5BFC0B0AEBC2377222E061A924C51F
:10BA300091CD9C27EA163ED4C1318D81240FCDC60D
:10BA4000C3C5690E2C5A9C704DF1CD524928B9746A
:10BA5000340EB6949775834F1271439EA463B37AE4
:10BA6000E6B27FD4AE523204488A8893CFB08D1E9E
:10BA700024A49A794FF335AB2C885BE175E07756B7
:10BA800057BA5237F467CE565153D9110682B1AF27
:10BA9000D61143D372CA1165721D8C2F11C61B6259
:10BAA000056A6E1AB93E6BD95CCEAEC7247A4337AD
:10BAB000599E7B0AB68CFE38FC0BF9B3BB4DF9B529
:10BAC0002C28B1ABA163E9ADE81458A48548C98A14
:10BAD00047BA00222238325DECB2C273D4FB632D28
:10BAE0005BDEEE53BE286B9AAD97EA79CD2050F617
:10BAF000F9E72EABABA424F66F168DE81E689312FF
:10BB00001457B14D717E345587AEE6A7A63BAABC4B
:10BB10006EEC9E05E78E91412C7808B72538348A63
:10BB2000A75EB11605A0ED1D18277EF3D010053DC8
:10BB3000A190D8D6235D2F79557015E77828418FCD
:10BB4000F9D4AF49CAF3594B62043B70131BC48646
:10BB5000B3157C5B4062961A5C965E3D6140DDBE2B
:10BB6000BB9EDF1D29121EB9FB3B842996D48F2A68
:10BB700099A6FBAEBECEC8F5F2A447E264939E5EE2
:10BB800079FC36B8D3F9FC11A3EAB0A79E0B3F6746
:10BB900092289B9E67F5E793FC51CFDBFC3F5E4A02
:10BBA0001763C5AF9CCAE86D2252E5580777DBB52D
:10BBB00025C90A9B6B43E6C0AA8AAB9875C092E080
:10BBC00027793D7CA722D93AA835808B9367BD059C
:10BBD000F75742B069FBCBB1301B1ADC126EE83369
:10BBE000916E2FECD710121974C27EF55FD7113306
:10BBF0009A3927D0BB88062BB24C9F822E0BE08F40
:10BC0000790A57D5B57A9970AEFD7C20BE02680DD1
:10BC10001F4EB80AFB8AAB76ECA1E3FC552020CA84
:10BC2000400216E7203CCDF89B4A022917B07F3F1F
:10BC3000D82004C90415BF4C1765963436B03708B0
:10BC400032C3C1DEC1D1CF20213C51B275470A6257
:10BC5000AE9182692BF2E0B5E16B115D36776ECA69
:10BC600047805C6723DAD25774A1543AFD5FB17CF8
:10BC70003A11DB6176BD959E855CEB525F8C40D8B6
:10BC80005E6B49C0AB814812B20E9884F4995F8A0A
:10BC900017282382C6C45E70EC43DFD06FC1A03486
:10BCA0007FD448649B0D9D8B73D7A7195392614233
:10BCB000BEFE285755305A64A44B8536ACCF5C394C
:10BCC000A36F3E7891BC850FB7ED985E515975ED25
:10BCD0009ACA86607E724070D008919BED82F50E04
:10BCE000C3803C206F77199437F589018E2D2F0181
:10BCF0000BFF904EA57D0AE4507138B780C6FD82D7
:10BD00002BFA2E9982B32CAEDB118736C38FC31862
:10BD1000CFB99182F9C3F1412E6E6E1C07E25D9797
:10BD2000D2DA93E2FF3CA230CF318E08B4D69FA680
:10BD3000036695FBB7DD54E5DA7F64552F3001AA21
:10BD4000D211910495FCC581BD37206C3ACC9AF88C
:10BD50004F19E0E63EE458471E0903EEA8C54543E7
:10BD60006F7DC04C7D6A417AA41BB4AAE7DD7AE4FA
:10BD70004C699298F85AFC7C8AC00F463075DA0AF2
:10BD8000A22C3F621677BA34ABC474941095F8AA0B
:10BD90008D51FB5BC5AA47E6DB420ABB66248FEDEB
:10BDA00003BCC851E6E31B7E45CAB83357BB53DC1E
:10BDB000B49D4268817EB76BC032C91430B0EC0DBF
:10BDC000371D3EBAC2A6AB8CA5C9B92345CB0AB371
:10BDD00081782F25C2BF3423A050A2714BBA4EE800
:10BDE000AEDE2915A6BB8B07D7DAD700D5E2525DA8
:10BDF000A2D321058779AD348361D1D0F4CA2085DF
:10BE0000D02B33B5BF4A1AC5E09F4B5EB971B4C1A0
:10BE10003491E8BB12C7C3B6B50E6255578056DAE7
:10BE2000E9BB38B4ACE4775574BF7F6971A1CC6FBE
:10BE3000E7912FDBB8EFF3ABEF81132D05DB3485F2
:10BE4000717A0366F524A8CB04EBA2A26465CCF852
:10BE50009D2706732FFFD623F9234824D40A0354C1
:10BE6000C8C6C663B89F703495CF5FFCB36049A75E
:10BE7000E7C2F9816D14086A5B0AE99AEE8D2F3CDE
:10BE80005B6D5B750FD36A1D28C4968BF8143176F1
:10BE90007C8B7D5875642E3CAB59B31BD18BA6139C
:10BEA000EBBF9CEC13E4B2101E7A746BD2B415E5B0
:10BEB000CCBA5B1500B8E46FF0E7A894092779DAEB
:10BEC000B1D1715DC7D4C050808B6B1E5966E7E954
:10BED000F5EB784EEA91D7C394DDBBE9671A6BEEB8
:10BEE0001BD7B848ADD3E5A8BD6EFEE88E3589F105
:10BEF000CA841CD9F75CE58167CB8DD0028F29F706
:10BF00001B6F1EA3538B1F812EF0DEB665DF8EA143
:10BF10000FDDC3703DAA5784303BD5EE2F9EC087FE
:10BF2000791F01B2EDA0D4FD6982ACC748E99FF446
:10BF3000282332A9027899FAC3C42221294BF66634
:10BF4000789D347CAF16C64F7DD8894F4ACF745D3B
:10BF5000096C5EDF067676EAD3A8A5591E23CA705F
:10BF600096549FDA47CCAFE239FE8838FDDC2BDBF4
:10BF70003723313EF863DDAE24816E09D3152D7170
:10BF8000D3B8CC5195FC86E213DA1FF7B138EFC471
:10BF9000DC2054B30CF6CD9EDBB94F7BA002C3B0BE
:10BFA000A9FE6B136BFC778C34469F2E453ACF90DD
:10BFB0007FD61076257C4DFEF22F55809B94E5B9F7
:10BFC0004D7C010E12CBE5057056CE9D82CDFBE374
:10BFD000E55E1CC8F76337140F29EC9F419258198E
:10BFE000A5A1C2D05ABDC2ECD9E6E38F392CCB60F3
:10BFF000FEF4D0ECD5B707883DB35579F0FD26E0C7
:10C00000074B95C723BDA75DCCE2DA4BFB534EE946
:10C010007046AF98BFF85B2A44E1A30C5EF8220992
:10C02000F95F390958589CC33C1C2EE7EDE880BDE8
:10C03000E93200A26E0EF84E9F16BBE4A406DFFBA9
:10C0400034144DA5C45A001FB93C5CB3CCA28B7A02
:10C05000986633EED673C959F8D38AE48F6FB274F9
:10C06000A5F91D79D0F052387C08647C1F930B67CA
:10C070003D000F8A31D611E21D36A4734B14C8DB84
:10C0800004F3798F0D737791BDA0B6CDFA3F771A7F
:10C0900052ECC9B5EC16AC49A81D9B6A3D097A184B
:10C0A000E7BEDE2207E1F3B108BEED7827C4F10F49
:10C0B000BBC90A369235800F9A4488A576993719FC
:10C0C000A22497E53BD0479126CC982B8264C4E408
:10C0D00043AFFDBD4E9AA6BDD4FB62DAB8E3BFF80C
:10C0E0003EB5021F4A9800A91B85A194BC30B773C6
:10C0F00011CB7AB2AC84831515330DE72D1301BB38
:10C10000C6AA32FB8EEAE5358A5F102D82FAFF4D12
:10C110007404A92C7B88BA266DA4C78DEE2B0DE97B
:10C12000E50A84F7F3AA8D0ADA2DDB3ACE96497236
:10C13000EA33FB5E7D1F25F3408CDE9A19A9E65297
:10C1400001FC8C1204438418A4C5E4DFF29DC8C42A
:10C15000C1C954EAB9E2AE2F7DF486ECAD79D19C29
:10C1600079EE56FB71E465E0A9B94568214CA2421D
:10C17000587A22CA39C54FF46843A8AF1786227F80
:10C180001EEC16816C71C6B5FDF66B8B2823B507C6
:10C19000CD7E3C946AE916F13C314ABF5EDB84F700
:10C1A000CBA090092CA380C5FB4D5254089D8C1840
:10C1B00019A02617A43BAB4B867E099FEAA9997369
:10C1C00088C7D4A899CCD36659F5B84D9D3164B8C9
:10C1D0005F848F97588B79B56137A1290A2FF52B8A
:10C1E00087346C77C34DBFA57CFA37BE6E935BF185
:10C1F00039296C7B63E2BB479DC7A819121B757E6A
:10C2000035BF4CE5560542DC8CC5D1FC3062B677B3
:10C210009C0F07DA73D9F80591E2767FF08417E670
:10C220002A07CF6BA991CF945A2853B7FF97AD3304
:10C23000DB4A525287C02316F304B545B1DFFE42F4
:10C24000E0F1A5AADD7000430039B2AA407F0243A5
:10C250004078BDAA39B505438061A1AA453E0A438D
:10C260000049C1AA4C5D104380AAC5AA457718436E
:10C2700010D8B2AAD9252343001028A95359314315
:10C28000B0B694AA309A444380DECDAA89925F4327
:10C29000F428A7AB78A78343A0DF1DABCB52A34301
:10C2A00030F4042B40E4DC43E084BDAA3B08324474
:10C2B000D05A93AB404701459A069DC22F96FAC4C7
:10C2C000C098102BA10F22C4009EC3AAF8D2BCC3F1
:10C2D000909C6DABEA1083C3C02F3FAAC84746C3EA
:10C2E000D0F83EAA27E41DC3A8EBA0ABA41E02C34E
:10C2F000603914ABFACFDBC2404756AB8525BDC2CF
:10C30000A048B0AAAD24A5C2405BCF2AC0E291C22A
:10C31000C8A601AB042082C20029922991066AC2F4
:10C32000AC7719ABD0E753C2E0039FAB080741C21B
:10C3300080B982ABB4C030C2007E69AB309922C2F2
:10C3400000F755A94B3116C24045942B963E0BC2BF
:10C350000004B1280C8601C23040322B9AB0F1C1E2
:10C3600070690FAAD51DE2C1008934ABD114D4C1C4
:10C3700000A4FCAA8F61C7C1905F85ABD2D8BBC1B6
:10C38000A474A9AB8556B1C1A08EA82A93BCA7C13D
:10C3900000FB02A94BF29EC130769FABB4E496C17C
:10C3A0000026CBAAC0898FC100DC96AB19F388C1E7
:10C3B000088FF32BA54884C12E6E1D3D61FF71C10E
:10C3C0002CC522AB5B686AC1004E4D2AA0BC60C17F
:10C3D000849FA52CD15757C1F011292B6E6F4EC1E8
:10C3E000A0820EAB790846C1581BD4ABDB1D3EC101
:10C3F000E0130A2BE6A736C180C37CAB739E2FC126
:10C40000E8C4CCAB97F928C1D871102BD7B122C1A1
:10C41000C018F22A41C01CC180E96EAB671E17C16B
:10C42000208C6F2A53C611C1804D31AB81B20CC133
:10C4300094F46B2BC9DD07C180428AAB574303C11B
:10C44000A2D19FAB2BBDFDC0402E122A3356F5C0A2
:10C4500040524EAB1649EDC050C20A2C0C8DE5C0BF
:10C46000C023C1AAD518DEC020072DAB30E2D6C04C
:10C4700080C7352AF4DCCFC0C008B6AB7AF9C8C093
:10C48000F02D5FABA221C2C0974DA6AC9532BBC0C8
:10C49000D88B41AB45EEB3C000B6ADAA28D4ABC033
:10C4A000A0A8AB2AA59BA1C0C0CB3B2A869890C070
:10C4B00088F6D02AB4A81DC04E3C0EBF47FB00C171
:10C4C00020AF7EAB2C8CC0C040D260ABF13CB0C082
:10C4D0003098052B1813A7C0001AF2A86863A0C0F3
:10C4E000C0EE50AA9FE69AC0B0218FABE41D96C063
:10C4F000A89BD3AB39CD91C000A39AAB3BD48DC0E0
:10C50000403C982BA51F8AC00040EBA71CA386C007
:10C510008C99D2AC375683C07458E1ACF83280C0E5
:10C52000A0BE2A2BD4697AC0E83DBA2B4EB174C0A4
:10C53000289340AB0E376FC00084AE2AE5F669C081
:10C540003C32A0AB8AED64C094AA84AC771860C07A
:10C55000C0C18FAAE5755BC0C0D0CB2ACE0457C03E
:10C56000C0C67FAA13C552C0B81BA52CC1B74EC008
:10C57000B87B83AB96DF4AC04044712BF94147C07A
:10C580005012F62ADEE843C0A0FAC2AACAE640C0AA
:10C59000C8BCC02B2A603EC0007EB9A9C2A43CC062
:10C5A000B0EC0CAB2D863CC04025C42A5D0841C0D0
:10C5B000B0BF6DAB455865C07AA4813EB864D6BFA4
:10C5C000002739AC17AF0FC0E086B7AB048B14C09F
:10C5D000767D412D45F314C0000C622915EC13C083
:10C5E000C0BEAC2A6C4712C0A0565DAB8A5510C0C5
:10C5F0000C1A7EAB703B0EC04094F9AB520C0CC0D1
:10C6000012CA052CF5D209C0B0D926ABAF9507C028
:10C610008850EAAA525805C0002078AB251D03C0F7
:10C620007406122C73E500C0E00FD72BA563FDBF85
:10C6300000930FA9A904F9BF80D211AC2FADF4BFAC
:10C64000009EFDAA9F5BF0BF80F28DAB7A0DECBF20
:10C650000C1A86AB2EBFE7BF00EC25ABC26BE3BF65
:10C6600020519B29460CDFBF20BA6AABDF96DABFA8
:10C6700044F44D2B1EFDD5BF801A16AB0429D1BF43
:10C68000664EE3AD3CF7CBBF645CDA2CFD2AC6BF37
:10C6900028F812ABD451BFBF6026D4ABFC76B6BF2E
:10C6A000575B1BACC11EA9BF80D6EC2B762F8EBF6B
:10C6B000E05B3AAB462D1EBE98BCFCBED28A3BC0A6
:10C6C00098320DACF6C6FCBFE0DD8AABE40DE2BFEC
:10C6D000E07112AAF506D5BFC849672C6A98CCBF8D
:10C6E00080C9C5A97B46C6BF00D5A7A9421CC1BF4A
:10C6F000A03572AA24A7BCBFA0C3CBAB22AAB8BFE7
:10C70000804B3B299D01B5BF80C8952A3597B1BFA5
:10C7100010FD22ABFD5BAEBF90FFBFAB7645ABBF5C
:10C7200074E5432BD64BA8BF2EEA062C0669A5BF9D
:10C73000A0AB192BFB97A2BF00BEAEAB43D49FBFEB
:10C740000884372BA7199DBF244BAE2BE0639ABFFB
:10C750002011F32A3AAE97BF40F688AB31F394BF6D
:10C7600038F1D4ABDA2B92BF006AC4A8024F8FBF56
:10C770000000D328B34F8CBF605605AB991A89BF10
:10C780007CB6842B059185BFC0917FAB7F7E81BF36
:10C7900080AAD329010179BF4081002B26896BBF74
:10C7A00044CB1E2CAA5056BFD006B4AB4EB329BF03
:10C7B00018D69BAB98381C3E59D505BF0A500FC000
:10C7C000E0E7F62A834DB6BF18F699AC2A1BA0BF46
:10C7D0008072962977A995BF28A74DAC56268FBFA2
:10C7E0008E9444AD796F8ABF623EA2AC7EB286BFA2
:10C7F00050CD8BABFB8C83BF80A4F12A9CCA80BF39
:10C80000D0A477ABAE997CBFF4C79DAC150178BFBF
:10C81000C09910ACF2B173BF4020B6AA659A6FBF41
:10C820008C84AD2B37AD6BBF484DE72B1DE067BF48
:10C83000929799AB982A64BF00ADB82C2C8560BF45
:10C84000C08B68ABC7E85CBF048189AC334E59BF6D
:10C8500030D633AB83AD55BF001D37295FFD51BFC7
:10C86000C0CCDAAA06324EBFC474B92BC23B4ABF51
:10C870009872362C680446BF60E8892BCF6A41BFA6
:10C88000F89F992B3A3A3CBF3005C0AB641836BFCD
:10C89000646BACACAB5B2EBFF0A61C2D869923BF9E
:10C8A0005CF60BAC9B2412BF5C028CAC4006D9BE7C
:10C8B000489E15ACC11B8D3E68A509BFBDE0E4BF15
:10C8C000A5377DAEEC5F8BBF586F87AB1D3D71BF49
:10C8D00048969A2B5CF65FBF80DD542AD87155BF0D
:10C8E000C84EFEAB46024EBF408E82AB343D48BFC1
:10C8F000FFE6E82C197943BF8092CCABD05B3FBFF9
:10C90000006B1EAAC1B03BBFB0D232ABF25638BFEB
:10C91000D6023CAC693835BF8089092CB04532BF9E
:10C9200060EDF72B4C732FBFE02F0F2D39B82CBFC4
:10C93000607F5F2BF30C2ABF00C80CABBB6A27BF1C
:10C9400058E5CBAB13CB24BF702CAFAB362722BF3F
:10C950000056ADA78D771FBF2097DCACF8B21CBF87
:10C96000F02C21ABCCCD19BFDCC6B62B47B816BF17
:10C97000041B83ABF85B13BFE023222C1D970FBF72
:10C98000DC67E0ABCE330BBFB08466AB86D505BFAA
:10C99000FFE5CD2C479CFDBE80BC27AB4852E9BECD
:10C9A0001C22F5AB893DC7BE20AD9CAC684E77BE5E
:10C9B0008034522A08D9F23EBA4925BFB364D3BFA6
:10C9C000A02E1E2BCE976FBF10DDCA2AC3E949BF28
:10C9D000C60A97AB440B39BFA0762BAB24212FBFDF
:10C9E0004C349FABF56328BF482100ABA45F23BF45
:10C9F000052A70AD9A661FBF50E323AC011D1CBF12
:10CA000054E2462CC74D19BFA0505BAC32D816BFBC
:10CA10009641872B0EA714BF54F8042C23AC12BFE9
:10CA20006505AFACABDD10BF50948FABDB340FBFEF
:10CA300043304FAD07AD0DBF00FB702C1B430CBF47
:10CA4000F6EBAEAC50F50ABF3A97502D08C309BFBC
:10CA500040C92DABD0AC08BF8012DF2988B407BF16
:10CA6000B04C3CABBFDD06BF88573AAB582E06BF73
:10CA7000F4FA43ACBBAF05BFF01ABB2C007105BF85
:10CA8000B012292A348B05BFBE0A312C3C2A06BFBE
:10CA9000B475E0ABAAA107BFA044FCAB4CA50ABF8C
:10CAA0004200882B7F0911BFE07ECDAAE48421BF1C
:10CAB000072D88ADA58678BF431AB83E38F4873D68
:10CAC00080AC71AA0A158CBEB24555AD1229ADBE17
:10CAD0004884F82B751DBABE803FBBABA25FC0BEB9
:10CAE0002C1150AB8F98C3BE3C644FAC2730C5BEF1
:10CAF00011F6D12CEECDC5BEA0B3A12C2ACAC5BE5D
:10CB000096AEB62C8757C5BEF0AA74ABF194C4BEDE
:10CB100000C82CAA1696C3BE50DE1F2CCD67C2BE1D
:10CB20003C7179AB8312C1BE80B4DCAA9A9BBFBEB4
:10CB300048AFF42B3306BEBE00582B2BA353BCBE0C
:10CB4000EC2025AC9D83BABE008C70AB3694B8BE89
:10CB50001CA820ACAC81B6BEA238C12DF245B4BE33
:10CB6000B49956ABDDD7B1BE80A639ABB829AFBEFC
:10CB70000091FAA8C426ACBE308C982BB5AEA8BEE6
:10CB8000283FA22BEF8CA4BE361C0AAC30669FBE99
:10CB9000804A622BC38D98BEB4B486AC45918EBEDC
:10CBA00054137D2DE35A7BBEA41542AC432C30BEFA
:10CBB00044B632ACDFC33C3E74C6D6BEB6C05FBF1F
:10CBC0009B8994AC108304BF8051A7AA3968E3BE47
:10CBD000687F41AC327AD2BEE0DCE22B7C6FC8BE0B
:10CBE00098FF80AB4984C1BEB09463AC7B45BCBEAA
:10CBF0004839EBAB7405B8BEC0D5092BD067B4BEBD
:10CC0000383533AC8836B1BEC4B3932C954FAEBE25
:10CC100020AA5A2C179CABBEC0A7F1ABB70BA9BE7C
:10CC200055C18DAC0B92A6BE0035322AF724A4BEA6
:10CC3000D503622CA3BBA1BE00DE502BAB4D9FBE23
:10CC4000202A852B77D29CBE727E8D2C84409ABE82
:10CC5000787457AB988C97BE1005822BA3A894BE0E
:10CC6000C077BCAA248291BE80829C2A99FF8DBE87
:10CC70000034CBA828FC89BEE09D8CABF03F85BE7C
:10CC80004022252B79E27EBE20C6B1AA42EB6FBEC0
:10CC900070DFC12BEA535BBEF01C4B2CAF3D3CBE9A
:10CCA0007FE5972D2E0006BEB65DAE2CF33823BC73
:10CCB00097D136ACD232163F5E3C4BBFD90E99BFEE
:10CCC000D9430AADAC6319BF00BF58AADBF7F4BE65
:10CCD000C65FB4AC8FFBD9BEC05C92ABCF9ECABE60
:10CCE0000024EDABC98DC0BEB6913DAD9D59B9BE16
:10CCF000C7E7D2ACC1DFB3BEB0968B2D9386AFBE73
:10CD0000B8F8E52B56F5ABBE06EB81AC57F5A8BEDF
:10CD100053E584AC3763A6BE2A19052E3C27A4BE72
:10CD2000FE05ACAC1E31A2BE98D20DAB9375A0BE71
:10CD300031CB90ACD8EC9EBE00FAC9ABD2919DBE6F
:10CD40001452022C8C619CBE1A9628AD025B9BBECD
:10CD5000B636A62B197F9ABE80DA1C2AE9D099BE76
:10CD6000A639882D475699BEF09B382CDD1899BE00
:10CD7000935BEFAC182899BEA0929B2BBB9C99BEED
:10CD800080E9092BD59F9ABE88B98A2C58799CBE18
:10CD9000E00FF5A93AB29FBE002F18AA2871A5BED0
:10CDA00010BC80AAB8B5B0BE68780FAD8E80CCBE7E
:10CDB000E4926A2CA8EE2DBFC884D73E19162D3EEA
:10CDC00002CB87AC025BE3BD60CA442C635729BE2B
:10CDD0007706C62CE0FE3FBE96129DAD4CA54BBE1D
:10CDE000B88C18ABE74952BE66610C2D213A56BE8D
:10CDF0006C8F46AB078858BE78FC35ACA0C359BED3
:10CE0000D1C7D9AC363F5ABE28F7BD2B832C5ABEAA
:10CE1000E89D112CA1AA59BE607E662D2CCD58BE6E
:10CE20003AD60AAC29A057BE333CD32C2F2A56BE83
:10CE300038B291AB8F6D54BE00E7D4ACD86852BE07
:10CE400068FD3D2CE81650BE8EFB20AC7D6E4DBEBD
:10CE5000942C942B4D614ABE40E076AB5FDA46BE1F
:10CE60003143CCAC50BB42BEC8F464ACB0D73DBE7D
:10CE70007B57AC2C14ED37BE50EA84AC9F9430BE87
:10CE800022A90F2C3C2727BEB893B1AC64831ABEED
:10CE90008BFF6B2D438508BE0A530FADC92BD9BD3F
:10CEA000CAF2D12B5F146BBD4076562B45D4623D40
:10CEB00020CE16AB51F91D3F6E666EBF477288BF1C
:10CEC000C4982DAC0A1B01BFF052D5AB1C83C8BE61
:10CED000A0EAB22BDEA9AFBE808DB2AB62C6A1BE06
:10CEE000E843582B8CE098BE2829CCABDAAC92BE34
:10CEF000C850AE2B5B198EBEE4B5882D41958ABE15
:10CF000039D4942CF1CC87BEB0735DACE98C85BE6E
:10CF100062A405ADD5B383BE680F5C2C562B82BED0
:10CF2000AB88D22D04E480BEADD203AD37A67FBE60
:10CF30008061C62A29E27DBEE00E332D92717CBE4F
:10CF4000FD86862DE14D7BBE8E437A2EAF737ABE71
:10CF50006F9B2F2D8FE279BE8060382B379D79BE75
:10CF6000402371A91DAA79BE6080DAABAB147ABEEA
:10CF700078188EAC95EF7ABE1075392C1F597CBE8F
:10CF8000B41CC3AC84837EBEB0A8D62B52E380BE53
:10CF9000DEA0D82CAA6483BE00997BA9CD7887BE79
:10CFA0006040952A2BF18EBE800BBD2ADB77A0BE98
:10CFB000A817CC2B5304F8BE6ECCA03E648AE23C8A
:10CFC000241F75AC830E13BE6C68022C75AA36BE86
:10CFD000D4CA19AC1B7346BE005166AC2DBF4FBE00
:10CFE000FC95F0AC0F3556BEC40FCE2C5F3F5BBE38
:10CFF00000B5A7AAC18A5FBE606FD6AC577663BE84
:10D000003F38B62D4D3D67BE0028E72AE4086BBEC9
:10D0100020A3B42A49F96EBEE1DF30AE792A73BE8F
:10D02000FEBF37AC60B777BE508505AC26BC7CBE72
:10D03000145DEDAB202C81BE00A0C328565884BEE1
:10D040005729FD2D53F987BE8CF043ACA82B8CBE1D
:10D0500006002BAC6D1491BEF07C752C28E596BEB5
:10D060004677562DD5E19DBE2035292BBD6AA6BE3B
:10D07000AAD4EFAC300DB1BE00F88CABA3A1BEBEFC
:10D0800090D601AB8785D0BE44CA2CAC4914E9BE0A
:10D09000C01B32ABCB6006BFD072AFACBA8B22BF25
:10D0A000000D26A9927155BF0EBD89AC5245A6BF91
:10D0B000C10DFF2C824468C0F19E9740986557408F
:10D0C000586EA4ACFB88843FE88E312CDCFE113F07
:10D0D00051817E2D2944BE3E006C16ABE406863E8F
:10D0E000445733AD14F2443E4CE8A6AB1E22143E26
:10D0F0008CCDDC2CA56FE13D50018FACCDFBAB3D61
:10D1000050BDB62BC476823DC4BE11ACEF06433D84
:10D11000D0A333AAE8E40D3D1493602CF526C53C5A
:10D120006850BE2B9E117C3C787685ADF405073C9B
:10D13000A137BFAD8CD71B3B005C10AAC3931CBBAF
:10D14000F86316AB6FD6CABB14BFAA2CA34315BC99
:10D15000E82636ABC57037BC6ADCD2ACBD134CBC1C
:10D16000B28805ACCC9952BCC088EAA9178D49BCDD
:10D170001926EEAC85362EBC602FC6ABD8D2F7BBD5
:10D180003439022C7B7E2ABB9009D32B91EDA73B2F
:10D190008B3304ADE0AA8D3CA848E3ABF5B6193D4E
:10D1A000F01A86AA2D2E9A3D7550AFAC653D293EEA
:10D1B00020C730ABA5BA1E3F0DE182BFE98F3FBF4C
:10D1C00048D315ACD32A96BED0308DAAFDB44FBE3D
:10D1D000D695562F3F5228BE1EEB9DAC219F12BE06
:10D1E000571F482DF1E904BE605583AB3FF1F6BDF2
:10D1F00010F88DAA581CE9BDE41983AC177EDEBD7A
:10D2000061C8B72D9005D6BD0005AF295A09CFBD1D
:10D210007907312C441AC9BD709A35ACB4EBC3BD43
:10D2200064CCCBAB7246BFBD18E42CACD600BBBD02
:10D230001C1008AFD0F9B6BD008CF1AC9315B3BD8E
:10D24000E8ACED2B193BAFBD20D9D42B1152ABBDAF
:10D250007D9FCEADDD40A7BD50485CAC37EAA2BD96
:10D260000091CDAA132A9EBD40E2502AF5D098BD68
:10D27000241817AC469C92BDE0C336ACD4288BBDB5
:10D2800001A5492D10D981BDE6AA8E2EC83E6BBDE1
:10D29000003A072A590249BDC062082A018714BD15
:10D2A000FC7D2D2CAE505FBC80577CA9239C1D3D7E
:10D2B00030BE13ABD00C983E167223BFBFF4F3BE42
:10D2C0000077FA2BCC365FBE56403DAC85DA29BEDE
:10D2D000FECB4CAC91AD12BEDAD899AC818E05BEB6
:10D2E000927888AB90FEF9BD74052FAC24C5EDBDD6
:10D2F000E8156DAB6C76E4BD601E35AC3A05DDBD5E
:10D3000052F8D92C85D4D6BDF155882DC381D1BD15
:10D3100068B6D42D2ECBCCBD00FF43295582C8BDA5
:10D32000205D81A97E84C4BD70ADABAC14B6C0BD18
:10D3300030733C2DA1FFBCBD003BA1ABA74BB9BDD9
:10D340009CFE5A2CD084B5BDC0C3FAAB3A94B1BD93
:10D35000701A89AB765FADBD4CE514ADFCC5A8BDB8
:10D36000DB4C2F2C699DA3BD107F2DABA2AB9DBDC7
:10D37000FD2F8BAD079D96BD60890A2CEBF28DBD0C
:10D38000E2308FADFDE182BD48AB2FAB6C1868BDBC
:10D390007A263C2EA9BA3DBDB01A9F2CEF3CF7BCB3
:10D3A00052D341AC8865A1BAD63B96ACE0A7873D85
:10D3B0002CDFB0ABD8A9CE3EFCFB6BBF2DE21BBF70
:10D3C000A7DC952C75128BBE9278D32C6E4651BE7D
:10D3D00012CC352DCCF633BE109A2DACE4E223BE30
:10D3E000B0484C2CF0DD19BE717A382DB42613BE2E
:10D3F00000CA89285E750EBE802E2CABCA1D0BBEDE
:10D40000B81F9B2BDABD08BEB83AF72B901A07BE9F
:10D41000E690C9AC6E0F06BE107A3E2DF38505BEB0
:10D420004129292DFE7005BE48808D2C50CA05BEAD
:10D43000B08BEBAB3E9106BE806EB32B35CA07BEF8
:10D440007CAE622BE07E09BE023851ADF1BE0BBE50
:10D45000344D89ABA4A10EBE0032DF295E4812BE56
:10D46000784AA92DFAE216BE80EBDFAAF5B61CBEFB
:10D47000907F39ACCF2B24BE74B2C7AD5FE12DBE17
:10D4800046711D2DEBDA3ABEC335FF2C42D94CBE96
:10D4900040EC0FAB1A2D67BEC09C93AB087988BED9
:10D4A00014C8492C1652AEBEE0786A2BDA8203BF4C
:10D4B00020F513AC47E6B0BFFCDF274040C69C3FD9
:10D4C000EDDA3FAC317DB63E38B70C2C4F713B3EA8
:10D4D00066171AADD717DF3DA018A32B2A038B3D83
:10D4E000DC1037AD83552B3D00697D2B3854C33C90
:10D4F000FB4984AC69ED2E3C80CC772DC7A61F3A42
:10D50000E0E923AA8A12F1BB9CA004ADFBC762BC70
:10D510001208D72B44B89DBCFC3D2AAD318FC3BC4B
:10D52000E2AC962C5991E4BC005618A9E5FE00BD6A
:10D530004E439AACBE670EBD0053FAAA32EB1ABD39
:10D54000785354ACD2E426BDB8ADFEAC28AB32BDA6
:10D5500057869AACAF963EBD209DA9AB8A094BBDBC
:10D560002C54012C977958BD185A7E2C357F67BDF5
:10D57000F0EFEF2A44ED78BD48331A2DA7FD86BDA4
:10D5800098769E2BE34A94BD8C48D02D8702A6BD89
:10D5900031E216AD4839BFBD95A6BF2E1B84E6BD4E
:10D5A000E985002D167D16BEA146AE2D1B9F68BED7
:10D5B00084A197ACEFDE20BFB6DFAB3FF26B133F29
:10D5C00040D2372BAAF2323ED09BA1AC0B20C23DF9
:10D5D000E209702EDAD3783D48F89D2CEE442C3DBC
:10D5E00041260D2D44D6F83C28D925AC2C49B83C11
:10D5F0006D4872AD1CA48A3C305F972B49DF523CCA
:10D60000B0CE0DAB3EE4213CD4B94CAC158BFB3B0A
:10D61000B888CFAA1F2BC73B28251C2C30CCA23B97
:10D62000EF4FA92CC1DB8B3B9024DAABA6A9803B42
:10D6300000315329F32B803B001CE4AB48DD893BD0
:10D64000C367352D17AD9D3B4CD2232C33FEBB3B1E
:10D65000C13451AD61B3E53BB049F92B8B260E3C8B
:10D66000124CC9ACF50F313CC0B4A9ABAF595D3C0D
:10D67000588DD82B0BDA8A3C20841B2BD329AF3C46
:10D6800032239C2CF80ADF3C188137ACD939103D85
:10D6900060864BAA2E573F3DE0B142ACD17C843D21
:10D6A0005F9D3A2C4550C63D525F05ADE6722F3E58
:10D6B000882BDBAC6FBF0A3FA343B0BF9E5311BFA3
:10D6C0007C3937AC339F49BEA03D08AB4D16FABD3F
:10D6D0005A5000ACF964B7BD10ACF7AB116891BDFE
:10D6E000644B7AACF9B870BD66AFC1AC535F4CBD4A
:10D6F00059A2D22CA51230BDC04DAB2CAFC918BD5C
:10D700001403B1ABA3BB04BDCE6972AD158CE5BCEF
:10D71000A42CDAAC5C45C4BC309B81AC1C81A4BC9D
:10D72000361776AC315B85BC0EF007AC0A234CBCD7
:10D73000A7A888ACBEE10BBC001836AABC1691BBEA
:10D74000BC83C72C51D61BB8E316282DCE599B3B62
:10D7500080E797AB0A72243C00ACD8284C38833C55
:10D76000FD80E7ACE6A8BB3CE40AA6AC6017FE3C33
:10D77000B62EFBADB61B273D80CF582C9BD5583D10
:10D78000000878297A608C3D88917FACBD55B73D03
:10D790009062B52C91A6F43D88ACC12C790A2A3E42
:10D7A0003073872AA44A7F3E74643EAC1193E23EF4
:10D7B0006316E22D23E7B33F9B0F80C01A77BDBFEE
:10D7C0003B57AFAD556704BF08B4AF2B5DD8A5BEBE
:10D7D000B90F38ADA25676BE5C85EAAC6D7C46BE0C
:10D7E00086FC69AC80A727BE041C4A2C53F611BEE8
:10D7F000DE24C3AC3EBA01BEEBC9002EFBFDE9BD81
:10D800001A13B12C4943D5BD5852652C57D9C3BD05
:10D8100006EEA1AD22D0B4BD903A50ADBE80A7BDFA
:10D8200060E71E2A5B719BBDD016BDAB8E4490BDD8
:10D830003C9C89ACB5AE85BD40290DAC53DD76BDB1
:10D840008C4C0E2D6A9062BD8200A8AC7EFE4DBD50
:10D85000665C9CACC5A538BD9077FD2C04EF21BD5E
:10D86000988DBEAB511D09BDA21C31AEB06ADABCA9
:10D870006EB5932C16A999BC58DB832C44A317BC16
:10D8800074F136AD8B992D3BBCBD16AD3D30963C49
:10D89000CF9E992C1171253DF081B6AC6D4C983D11
:10D8A00080C9CAAB52E2093EE83FDEABA54D8C3ED3
:10D8B0007889812D4AA9773F547D4FC047088EBF94
:10D8C000A0223CAA412AD5BEA8EFCD2B17EA8DBED7
:10D8D00083D0FB2DD96D5EBE60FED82BCA173CBE2F
:10D8E0004D0D272DED1426BE1E1D782CEFB916BE4A
:10D8F0005CC9102C7F610BBE5A7E26AD14A502BEFA
:10D90000502B932D696AF7BDDC6F89AC3923ECBDD0
:10D91000F2A86EADBECDE2BDA841A02C20F9DABDC3
:10D9200024FD312DB856D4BDE03036AC87AECEBD27
:10D930000AD0882D3AD8C9BDE856502ECDB6C5BDFF
:10D940004AAEA2ACDB35C2BD9068E8ACFE47BFBDB5
:10D95000F6D9A1AC0BE6BCBD5069E3ACF70EBBBD7C
:10D960009959072DA0C8B9BD5E432BAC9C21B9BD08
:10D97000A0E98D2BE434B9BDF023B3ACCF30BABDF0
:10D98000B6864F2DD664BCBD804DFB29A35EC0BDBD
:10D990003BE11C2D332EC7BDF0E7FFACF41ED3BD19
:10D9A000E841C82B7B2DEABDD4B21EAD3A2A11BE88
:10D9B000100B542C5A5D90BE5CBF3F3F4AD4103EC2
:10D9C00000C4982A4F41953ADC773D2CBFDED8BC85
:10D9D000D55F502C4FC01BBD8BE9B22D664135BDC4
:10D9E000BBA39AAD59F044BDD246552DF0694FBD49
:10D9F000FEE0F82BA4D556BDB4BFFAAD21585CBDEE
:10DA0000F1DA4EAFD39B60BD8E037BAC7A0B64BD65
:10DA1000EE1107AD42EE66BD6886162C7A7669BDBA
:10DA2000C585A3ACDFC96BBD689331ACA5066EBDDF
:10DA30003CB473ACC84670BD00A94D2D76A272BD32
:10DA400010E97A2B1C3275BD16AA31AD5E1078BD77
:10DA5000C90E0D2D6D5C7BBDE8A344AC183D7FBDA8
:10DA60000C51412CA2F281BD0010362A7CCD84BD20
:10DA7000800E93299A6188BD304D202C86FB8CBD89
:10DA8000B9AF3FAD0F1693BDB686552C8D849BBDA7
:10DA90002FD781AD66D5A7BD9A8768AE775DBBBD30
:10DAA000CE9EAE2C2EC5DEBDD163462DF5E418BE4C
:10DAB000960193AD0784B4BED7069F3FDFF8833E3F
:10DAC000F8283FAC412F5F3DCA38BE2C5E3C643C19
:10DAD000CEAE17AC1B255EBB088CB12CC67E54BCE9
:10DAE0002C3DAD2C98F39BBC3FF3282D7F34BEBC5E
:10DAF0000480962C683BD7BC1454732D4C55EABC5B
:10DB0000149F2D2CE26CF9BC605D36AECED902BDFF
:10DB1000D8AF3FAB44F907BD4057D72B3F5A0CBD98
:10DB2000050A9BACD32E10BD400A022BB89C13BD36
:10DB300080C8832BAFC116BDE4D88FAD6EB619BDBA
:10DB4000449E262DC4901CBD944434AD52651FBD27
:10DB50007E54C92C2C4922BDA06D992CA65325BDFD
:10DB600000FBEDADADA028BD107781AC34542CBDC9
:10DB7000A8D444ABC89F30BD8074C82A5CCC35BDE6
:10DB8000E8A7F6ABE04C3CBD487386AC09E544BD64
:10DB900080329E2B860351BDB0FCB5ABCDB663BDC4
:10DBA000725A21AE967682BD9885212C6ADAA8BD7C
:10DBB000E4B5E72C0DDF33BE25F2293F7AD8D33DFB
:10DBC0008A05BC2CE882273C176C062DD1E20BBCE1
:10DBD0000CFC632CC39388BC58BEB42C6542AEBC0D
:10DBE0003057D2AB6ADAC6BCE8667CAC6A79D8BC7E
:10DBF000C09903ADA2FDE5BC0CE8742D85EFF0BC27
:10DC0000A02C06AB4736FABC25952C2EB13201BDAF
:10DC100029F5232DF3F004BD5BAE202D0F7B08BD4D
:10DC200028F22AAD6AEE0BBD3CCB23AE2B640FBDB0
:10DC3000DAA110AEAFF312BDA0C0F4AC77B416BD3C
:10DC4000AF13612D01C01ABD70E66EABCC331FBDA2
:10DC5000A3BBB42CE73324BD63F506AF90EE29BD1A
:10DC6000789DBE2C9CA130BD788120AD29A338BD04
:10DC7000306C22AB4E7042BD7812042D68C74EBD89
:10DC8000A0AAE32B9BDA5EBDD1E4E3AC5EB974BD20
:10DC90000EBF36AC4D238ABD80D5462D5EEAA2BDAF
:10DCA0007284E1AC7982CFBD3AC234AEDBC81BBE10
:10DCB000B6A78A2CB9FACFBEE7730A40824CB63EAB
:10DCC0004E32812D19D9D03D4B3D0D2DBF94513D84
:10DCD000F9B4AB2C20CCF03CF0EFCA2CFBB38D3C5C
:10DCE000003709AA6E3D1D3CE09A7FAC1B9E8B3B22
:10DCF000807451AA2B28B23980AC01ADC9E62EBB85
:10DD0000DCD9D42B90B4A5BBF05E56ACAD93E5BB8B
:10DD100039E7042D967C0DBC4AFC98ADE74A24BC3B
:10DD2000E0D831AC062C38BC589E1DACD4D849BCC8
:10DD3000D8764D2B8CE159BC58FD28AD35BC68BC5C
:10DD4000F6F8B8ACEFCE76BCA0F73E2B0B3C82BC0D
:10DD50003E0D83ADDA0A89BCB86B14ACAF0690BC3B
:10DD6000D874462C246B97BC804465AACC839FBC96
:10DD7000145FEF2BD2B7A8BC0066952C279EB3BCCE
:10DD80002E7343ACEF23C1BCB5C6022E54DCD2BC0B
:10DD9000721DCDAD74BAEBBCC03CB42BCE0409BD32
:10DDA0003122882CA20F2BBD607633AC45EA79BDB9
:10DDB0005F919A2DF9B520BEBBC0803F8DBC053E5A
:10DDC000D032FEACED1E0E3D3C6E43AD2FE57D3CEA
:10DDD00060E7FF2BFEF5ED3B4863A02C313B303B69
:10DDE000EAD6D7AC314361B9F83517ACD04011BB96
:10DDF000874712AC60C070BB2023062E38809CBBC6
:10DE00007BD9BDAC0A9AB8BBBCC2612C4DE8CEBB75
:10DE1000E1E6202E04DFE0BBE0D05C2CA37AEFBB70
:10DE20006F3B10ACF66BFBBB36CCE8ACE09802BCA9
:10DE3000D032462B299406BC0030D2299FC909BC98
:10DE4000219921AEC2510CBC1888EBABAC3D0EBC85
:10DE50006182E42D14980FBC6C11D1AC9F6510BC8D
:10DE6000141CCBAB6CA410BC1FDC94AD974A10BC47
:10DE70003FEEBDAC33430FBCC0229E2B51680DBC9E
:10DE80000870E8AB2D770ABC282BABAC1AF705BCA1
:10DE900033117B2D69FDFDBB0C83BF2CEE27E7BB47
:10DEA00010FE94AC5518BDBBDBDAEA2DCDAC33BB0C
:10DEB00010FE2AAC96464C3CEB9D53BE06F507BDC2
:10DEC000D276E32D203E93BC72CA83AED48E74BC4E
:10DED00079FBA22C7F135FBC607FC5AD1C0D53BCCA
:10DEE000C4F7152B854F4BBCA062842CD6DE45BCF5
:10DEF0003564A9AC52CF41BCB08CC62B63A53EBCE7
:10DF0000DAEA2F2DB21A3CBC40E9582CF5043ABC91
:10DF10003C658CADF04938BC7CE34F2D4AD936BC0A
:10DF200066F1922D34A935BC841D60AD8CB434BC2F
:10DF3000D7DAC82CE7F933BC308BDFAC197B33BCA4
:10DF40008080922C373D33BC3EFBB62CF74833BC67
:10DF5000E0C7F4AA87AB33BC50344E2D0B7834BCE9
:10DF6000758E22AC14CA35BC540631AEC7C937BC55
:10DF7000009A4F2B06B33ABC87F0042F6AE23EBCEE
:10DF800096D59CAC41EE44BCA083742DDEDA4DBC2A
:10DF9000A69EE3ADC1945BBCECCC2FAC1B3C72BC29
:10DFA000364B202C12468EBC88C6402DE6EFC0BCF6
:10DFB00062DFC22CA81B61BD41311A3F75D4223DDE
:10DFC0008282952C0DD2083CBC2CDA2D8C720E3B33
:10DFD000AC19442D8FB8D0B900CAADAAD77DE7BA25
:10DFE0007C83502CF96F29BB60E6142A82A84BBBB6
:10DFF0004207B5AC551762BBC0E291ABDFC970BB3D
:10E00000000933AB8F147ABB30C3E4ABF9637FBB39
:10E01000BE06A6AD4CD080BB21E50D2E33B180BB32
:10E0200026198D2D240D7FBBC7E620AD75E07ABB88
:10E030008907CA2D0A0175BB4015B42CA17D6DBBA3
:10E04000C06D31AA045164BB1CAE4CAC9F6159BB7E
:10E050001C36952C8C7E4CBB807AD92C6C593DBBE0
:10E0600090D5702B8D7B2BBB6E1C752E393316BB58
:10E07000C89D0E2C3FE6F8BAB0EBDCAC352EB9BA31
:10E08000C913492DF4C64FBA4C455BAC9ED708382E
:10E090002DB6152D8EEE9C3AFC95042C3EF1433B9B
:10E0A000392D122DC6DFC93BBC83C5AC8F905C3CBB
:10E0B000626A34AE7B6F4B3D56B593BFED2A70BD9F
:10E0C000A77AF2AD63B9B7BC0C1CD92CD6BA77BC11
:10E0D0002B41D42D0FA443BC20C5982B0C1626BC75
:10E0E000A8F083ACB5C412BC40A091298AF504BC49
:10E0F0008C17FBABD5E7F4BBE89B122C4F2AE4BB93
:10E10000648E0D2C2459D6BBD8D438ACFB9ECABB28
:10E110009023272D2B71C0BB60C5A7AAEF71B7BB99
:10E12000D6BD252DDB5FAFBBD0CAA92B350CA8BB54
:10E13000BEC5192D1855A1BB78BF002DC6219BBBAC
:10E140003655202D506095BB34CA432D260490BB14
:10E15000D940732C41058BBB54E0E3ACD25F86BB46
:10E1600000F0222B7A1482BB0849982B4E527CBBBC
:10E17000259D802EF75575BBF7CBD6AE2B646FBBB4
:10E18000E8F351AC27D26ABBD7D534AD233A68BB8C
:10E19000F435F6AB5FC668BB70B964AC40FD6EBBCE
:10E1A000E7118EACE8BB80BB87B9472D5D399CBBBE
:10E1B0002769B1AE2F8B1BBCA4ABEE3E8194AA3B6A
:10E1C000903466AC56E2F9391426332D1726C1B9BE
:10E1D0006033D8AC44E92CBA80EAEF2C090D49BA77
:10E1E000785A47ABB46E4FBAF01EAA2BDA374ABA48
:10E1F000842B902CC8253EBA00DA412DB8BA2DBA2E
:10E200006C1D9A2CFA6A1ABA24A04EAD0C1E05BADF
:10E21000AADBA9ACF7D8DCB9007E76AB6880ADB9D3
:10E22000FD9AFCAE839A79B9F754A12E2E6E16B9D9
:10E230003814832E160249B880858A8F94989DA23F
:10E24000A6ABAFB3B8BCBFC3C7CACDD0D3D6D8DA9C
:10E25000DCDEE0E1E2E3E4E4E4E4E4E3E2E1E0DEA6
:10E26000DCDAD8D6D3D0CDCAC7C3BFBCB8B3AFAB46
:10E27000A6A29D98948F8A85807B76716C68635E78
:10E280005A55514D4844413D393633302D2A2826C0
:10E290002422201F1E1D1C1C1C1C1C1D1E1F202296
:10E2A0002426282A2D303336393D4144484D5155D6
:10E2B0005A5E63686C71767B0000004396F34742B8
:10E2C0007D278F287CC0053CE5011828863E913DBE
:10E2D000A1521328FC93BD3CB6BEB3288030103D3C
:10E2E0002F8F6128ECE4FA3C253E8E287367DB3CD7
:10E2F00012D4AB2835A2E53C75768928DC26633C30
:10E30000B0EB1B296DD86E3C32A9F127012ACE3C17
:10E31000431CA328936B493C8B600F287403CF3CAC
:10E32000BEFA8B286BAE023CA09F59283921E83DEC
:10E330004FD5862866CEBD3C7ECFBC2839AD613C2A
:10E34000C55129283BD39B3C454CE02816F2543D4F
:10E35000EFF77529B138D23C1912C62603A2D03C7A
:10E360000F8F08298A2E933DC1A5CA28F44A683D1B
:10E3700017580D2AC2BD513C470A1F2AAD72AA3C4C
:10E38000151BF128B3FA323C859A992914A80F3D40
:10E39000FCB482298DF5833C069A932867C7563BC7
:10E3A000B313CB285D5C1B3C7BA91C2A121C943C3C
:10E3B0008975E1290DBEEE3B93832B280DBEEE3B04
:10E3C0006EA33728121C943C63E24F295D5C1B3C12
:10E3D00044C71D2A67C7563B3BC3AF298DF5833C15
:10E3E000212E1C2A14A80F3D22B9FC28B3FA323C76
:10E3F000CE58B428AD72AA3C6BA1A728C2BD513C2F
:10E40000C182A529F44A683D77E2CE298A2E933D40
:10E41000BC3AD62803A2D03C5B595529B138D23C2E
:10E420001EA61B2A16F2543D4953B0293BD39B3CF0
:10E430005F3E902A39AD613CBCEAFE2966CEBD3C08
:10E44000EFBDBC293921E83D8274AC296BAE023C9A
:10E4500097539B297403CF3CBE3E3829936B493CAC
:10E460003F360329012ACE3CE3CA192A6DD86E3CF7
:10E47000BD2B0829DC26633CE2220A2A35A2E53CB2
:10E480001F96022A7367DB3C787EDB29ECE4FA3CBA
:10E49000FB4FD4298030103DF5BDB92AFC93BD3C1B
:10E4A000CA73792A863E913DE9AD8D2A7CC0053C30
:10E4B0005C563D2A96F34742B81C57D8F1F5C17F08
:10E4C000190E279E86F781DEE155B05A779FE74106
:10E4D000A12A6BFACDE47B230100000002000000BA
:10E4E0000300000002000000010000000A2A2A2A9E
:10E4F0002050414E4943202A2A2A0A004E6F207399
:10E5000070696E6C6F636B732061726520617661F8
:10E51000696C61626C6500004E6F207573657220D6
:10E52000495251732061726520617661696C616244
:10E530006C650000486172647761726520616C618E
:10E54000726D20256420616C726561647920636C52
:10E5500061696D65640000004861726420617373D5
:10E560006572740052656C6561736500626F6F74EB
:10E57000325F77323571303830000000322E322E63
:10E58000300000007069636F00000000656E657206
:10E5900067795F62656E63685F7270323034300035
:10E5A0005365702031312032303236000500525030
:10E5B000DE65F468B8F60010060052505422A29DA1
:10E5C000A0E5001006005250861C03028CE50010E6
:10E5D00006005250BBFF3CB684E5001006005250C6
:10E5E000ABB360537CE5001006005250E182887F97
:10E5F0006CE5001006005250D3F0754264E500103F
:10E60000666E6900666E692B000000006E616E0028
:10E61000666E692D00000000746500102A65001008
:10E620002A6500106C6500102A6500102A6500102C
:10E630002A6500102A6500102A6500102A6500105E
:10E640002A650010646500102A6500105C650010E2
:10E650002A6500102A65001054650010E866001055
:10E660008C650010DC6600108C6500107C65001065
:10E670008C6500108C6500108C6500108C65001096
:10E680008C6500108C6500108C6500109E65001074
:10E690008C6500108C6500108C6500108C65001076
:10E6A0008C6500109E6500102C670010B26500108C
:10E6B000B2650010B2650010B2650010B2650010BE
:10E6C000B2650010B2650010B2650010B2650010AE
:10E6D000B2650010B2650010B2650010B26500109E
:10E6E000B2650010B2650010B2650010B26500108E
:10E6F000B2650010B2650010B2650010B26500107E
:10E70000B2650010B2650010B2650010B26500106D
:10E71000B2650010B2650010B2650010B26500105D
:10E72000B2650010B2650010D4680010F8660010E1
:10E73000D4680010B2650010B2650010B265001018
:10E74000B2650010B2650010B2650010B26500102D
:10E75000B2650010B2650010B2650010B26500101D
:10E76000B2650010B2650010B2650010B26500100D
:10E77000B265001060660010B2650010B26500104E
:10E78000B2650010B2650010B2650010B2650010ED
:10E79000B2650010B2650010B2650010606600102E
:10E7A0003668001060660010D4680010F86600102B
:10E7B000D4680010B265001060660010B2650010E9
:10E7C000B2650010B2650010B2650010B2650010AD
:10E7D0006066001008680010B2650010B265001095
:10E7E00042670010B265001060660010B26500104C
:10E7F000B265001060660010000000000000F03FED
:10E80000000000000000244000000000000059400B
:10E810000000000000408F40000000000088C3405E
:10E8200000000000006AF8400000000080842E41D3
:10E8300000000000D01263410000000084D797411F
:10E840000000000065CDCD410D0A00000000000071
:10E85000216F001000000000256F0010316F0010C4
:10E860005D6F0010596F001000000000050F2100BF
:10E87000011C100500DF60DDD88945C74C9CD265BE
:10E880009D9E648A9F00000306A600010000000010
:10E890000A00000000000306A600080002000200B3
:10E8A0009C001400030057494E55534200000000DD
:10E8B0000000000000008000040001002800440067
:10E8C0006500760069006300650049006E00740011
:10E8D0006500720066006100630065004700550036
:10E8E0004900440000004E007B00620063003700D6
:10E8F000330039003800630031002D003700330049
:10E90000630064002D0034006300620037002D00B6
:10E9100039003800620038002D0039003100330022
:10E920006100380066006300610037006200660025
:10E9300036007D0000000000555342207374646966
:10E940006E202F207374646F75740000060052509F
:10E9500053B4F4A138E900105261737062657272A9
:10E9600079205069000000005069636F00000000CA
:10E97000426F617264204344430000005265736536
:10E980007400000009025400030100807D080B00A0
:10E990000202020000090400000102020004052432
:10E9A00000200105240100010424020605240600BC
:10E9B000010705810308001009040100020A000094
:10E9C000000705020240000007058202400000091E
:10E9D00004020000FF00010512011002EF020140D5
:10E9E0008A2E0A000001010203010000000000005D
:10E9F00058E9001068E900105CB5002070E90010CB
:10EA00007CE90010556E68616E646C656420495243
:10EA10005120307825780A00657020253032582042
:10EA200077617320616C72656164792061766169D8
:10EA30006C61626C6500000043616E277420636F37
:10EA40006E74696E75652078666572206F6E2069D8
:10EA50006E616374697665206570202530325800D8
:10EA6000547A0010AA7B0010BC7B0010827B00103F
:10EA7000947B0010727B0010F07A0010A07A0010D6
:10EA8000947A00108C7E0010787E0010607B00105D
:10EA9000AC7E0010607B0010607E00104C7E001089
:10EAA000607B0010387E0010387D0010607B001005
:10EAB000B4800010A68000109A800010607B0010C7
:10EAC000607B001084800010A6800010607B001026
:10EAD000607B0010607B0010607B0010607B00108A
:10EAE000607B0010607B001036800010F40800206E
:10EAF000F40800204A0900206A090020E4080020E8
:10EB00007C0A00203E09002000000000C98500109A
:10EB10003D86001061860010AD86001055870010FC
:10EB20003D88001000000000000000004189001036
:10EB30009D890010B9890010E1890010C56F00108F
:08EB4000098B00100000000029
:10EB4800ACE50010B8E50010C4E50010D0E50010F1
:10EB5800DCE50010E8E50010F4E500104CE90010D1
:10EB6800030010B50068EFF3108472B60268002A3B
:10EB7800FCD0BFF35F8F04229A56002A0BDB0029D2
:10EB88000FD000200A601B68BFF35F8F00221A6055
:10EB980084F3108810BDD0221206126801201A7161
:10EBA800F1E70020EFE7C046F0B51D00D023C646C8
:10EBB8001B061B68040016009846002700B50BE0EA
:10EBC8002268BFF35F8F176083F310883000290035
:10EBD80000F0C6FC002818D12068EFF3108372B645
:10EBE80001680029FCD0BFF35F8F21797F29E7D91D
:10EBF800424622712268BFF35F8F0021116083F3C0
:10EC08001088012004BC9046F0BD0020FAE7C046F9
:10EC180070B582B001A9040016001D00FFF7A0FF1F
:10EC2800002807D1D0221206019B12785BB252B29B
:10EC3800934201D102B070BD32002B002000FFF7D3
:10EC4800B3FFF7E7F8B50F00060000F0A9FCFA22B9
:10EC580004000D00002392003800002100F0B0FCF1
:10EC680002000B0012196B41002B03DB3000FFF789
:10EC78009BFFF8BD0122014B5242F7E7FFFFFF7FE0
:10EC88000268EFF3108172B61368002BFCD0BFF353
:10EC98005F8FFF2303710368BFF35F8F00221A6041
:10ECA80081F3108840BF704710B5084C2378002BBB
:10ECB8000AD18023064807495B051A68C250043305
:10ECC8008B42FAD10123237010BDC04670B50020D5
:10ECD800741200100001001010B5024B0133984760
:10ECE80010BDC04674120020002304499A00511830
:10ECF800096801338150062BF7D1704704000240A0
:10ED0800002210B5044C9300A446C1580132634454
:10ED18001960062AF6D110BD04000240431E98412E
:10ED2800802340425B001840DB189C46044B60443B
:10ED38001B685840C0239B001840024B186070475E
:10ED48000C8001400C9001401423F0B5D6464F4684
:10ED580046469A46C0B581461888043386B0984618
:10ED68000E001B882B491400984753460700188843
:10ED7800434629491B889847534605001888434647
:10ED880026491B8898478046FFF78EFF6846FFF79D
:10ED9800ABFFB847A8470020FFF7C0FF002C1BD0E7
:10EDA800C02122000827022049053D008B6A1D402A
:10EDB80018420BD0002C09D0131B0D2B24D84B461E
:10EDC8001B78013C0B6601239C46E1442300002D7F
:10EDD80011D11343002BE8D10120FFF79FFFC04753
:10EDE800FFF77AFF6846FFF78BFF06B01CBC90461A
:10EDF8009946A246F0BD002AECD00B6E013A33705A
:10EE0800130001362343E5E7002DCED0002ACCD0ED
:10EE1800F3E7C04649460000455800004643000055
:10EE28000022002110B50948D3008446013263440A
:10EE38009960D9600F2AF6D1F02200219200044887
:10EE480000F0C6FB034B044A1A6010BD00001050C6
:10EE580040A900200CB5002080011050F0B54F46A5
:10EE6800D6464646C0B5204B84B09F6D002F23D0B0
:10EE78001E4B00249A46012399461D4B01269846AD
:10EE880004E001347600E4B2202C15D03E42F8D0DC
:10EE980053469E654B4665086D00A343ED186D010A
:10EEA8004544280000F040FA00280BD10134B7434C
:10EEB800E4B27600002FE7D104B01CBC9046994616
:10EEC800A246F0BDEB8AE0210393002301A8AA78AB
:10EED800C900018001210271437100F045FA280040
:10EEE80000F0BEF9E2E7C0460000115000301150B2
:10EEF80000A900209823F0B5C6467A4A00B5D5582F
:10EF080080232C009B0284B01C401D423AD0764BD3
:10EF1800764C9A6A764B00271A608023DB00E61845
:10EF28000023984602E04034B44212D06378022BA2
:10EF3800F9D12378002BF6D0A2781F00002AF2D04E
:10EF480043462000A3701A38403400F0B7F9B442A1
:10EF5800ECD1002F08D1674B1B78002B04D18021FE
:10EF6800654A90338902D150C0225E4B01A89B6C40
:10EF780092005B055B0D012180240280436000F054
:10EF8800F3F9A40210232B4200D092E080235B0205
:10EF98001D4232D0594E1C43B37E002B15D000F0D1
:10EFA800EFFA012800D988E0C02200213000920140
:10EFB80000F05CF9300000F053F900F0E1FA0128A4
:10EFC80003D902224C4B5A661A6601273A23F77076
:10EFD800F35C002B23D123230122F254C02301A880
:10EFE800DB00474A038002AB42CA42C3012100F05A
:10EFF800BBF98022404B92021A6580235B011D42B7
:10F0080024D18023DB011D4237D180231B021D42FE
:10F0180042D1AC4261D104B004BC9046F0BD00F0CE
:10F02800AFFA012851D8C022364F0021380092018A
:10F0380000F01CF9380000F013F900F0A1FA0128DB
:10F04800C9D901222C4B5A661A66C4E700261C430C
:10F05800244B1E60FFF7E4FE80236A465B00938022
:10F06800012101A8167200F07FF98022224B1203B9
:10F078001A658023DB011D42C7D01C43802301A8E9
:10F08800DB000380012100F06FF910221A4B1A658A
:10F0980080231B021D42BCD01C43A02301A8DB0017
:10F0A8000380012100F060F98022134B12011A65D8
:10F0B800AFE71C43FFF7D2FE68E70222124B09496B
:10F0C8001A664B6E1A42FCD06EE701220E4B0549B8
:10F0D8001F664B6E1A42FCD0A5E721000B48694019
:10F0E80000F066FA00001150004005403AA90020DF
:10F0F800EC3400206EB500200030115000A900202B
:10F108000000105020A900200020115004EA00102F
:10F11800F0B50200838A008B041C984200D91C1C9D
:10F128008027A4B21B1BD5789BB2FF00938227438C
:10F13800002D02D09027BF01274301267540D570C6
:10F1480055783800002D13D1D0688E018446156992
:10F158006644002C07D00023E85CF05401339C423D
:10F16800FAD11569938A80202C190002146138435A
:10F17800002B02D18023DB011843002900D00004B2
:10F18800F0BDC046836830B505001868002900D076
:10F19800000C6B788005800D002B08D1EB8AC31812
:10F1A800EB822B8B834201D90023AB8230BDEB6805
:10F1B80089019C462C696144002806D00023CA5C5A
:10F1C800E25401339842FAD12C69EB8A2418C31807
:10F1D800EB822C61E5E7C04610B504008368002186
:10F1E8001B68FFF7CFFF63681B685B0002D5238BA2
:10F1F800834200D010BD01212000FFF7C3FFF9E7CB
:10F20800084A0300126C0020920703D41B78DB091C
:10F21800012B00D070470878023843425841C0B2E9
:10F22800F8E7C04600001150010010B51B3102304C
:10F23800FFF7E6FF00280CD00649074B8C46074A23
:10F248009B6A126863449B1A0020C6229A42404176
:10F25800C0B210BDE0FCFFFF00400540EC340020C8
:10F2680000238376036143617047C04610B5836805
:10F27800002901D01C682140002A12D08024E40013
:10F28800114322420DD01A6822420CD1084A0A4082
:10F298001A60084A126C920703D40C23033BFDD270
:10F2A8008368196010BD8178034800F081F9C04671
:10F2B800FFFBFFFF0000115018EA0010436870B50B
:10F2C800002180251E680400FFF722FF134B6D0103
:10F2D8001B6C05439B070FD5A3785B060FD0104B1B
:10F2E8001E4080239B053343626800211360200081
:10F2F8002A00FFF7BBFF70BDA378DB09EFD0A38A14
:10F30800002BECD001212000FFF702FFA023054AC3
:10F31800DB05324005431343E6E7C04600001150C1
:10F32800FFFFFFAFFFFFFFDF70B5857E0400002DF4
:10F3380013D0FFF751FFA38A002B01D1280070BD1D
:10F348002000FFF771FF051E03D001230025237756
:10F35800F4E72000FFF7B2FFF0E78178014800F0FA
:10F3680027F9C04638EA0010F0B5CE46474680B5C2
:10F37800437805000E0085B0062B0BD86F4A9B001A
:10F38800D3589F466E4B1A78D2071DD504211A7898
:10F398000A431A706B4B1C686269EFF3108172B6EE
:10F3A8001368002BFCD0BFF35F8FA16120002900F8
:10F3B80000F0DEF86269A369BFF35F8F0021116076
:10F3C80083F31088002804D105B00CBC90469946F8
:10F3D800F0BD32006978287800F0DAF8F4E75A4A84
:10F3E80013780133DBB21370D4E70121544B1A7838
:10F3F8008A431A701A7801318A431A7000225A70A7
:10F408001A7802318A431A70C4E75049504F894626
:10F4180050490024002388463A780DE04246126895
:10F42800630194466344002B0BD13A780134E4B26B
:10F43800511C2300A14211DB9442EFD39B1A5B01BC
:10F448004B44DB69002BF0D06968287898473A78F4
:10F458000134E4B2511C2300A142EDDA384F3B7865
:10F468005B072AD504223B7801AC93430021200096
:10F4780008323B7000F0ACF82B78237005236370DA
:10F48800304B1B6898465A69EFF3108172B61368BF
:10F49800002BFCD0BFF35F8F4346404699612100A3
:10F4A80000F066F843465A699B69BFF35F8F0021F5
:10F4B800116083F3108800283AD1FB78DB0700D469
:10F4C80082E701AC0C220021200000F081F82B78A3
:10F4D8002370032363706B6863601A4B1D686A6945
:10F4E800EFF3108172B61368002BFCD0BFF35F8F67
:10F4F800A9612800210000F03BF86A69AB69BFF3F5
:10F508005F8F0021116083F31088002800D15BE72A
:10F5180032006178207800F03BF855E7084B1A78FC
:10F52800D20700D450E704211A788A431A7031E7C9
:10F5380032006178207800F02BF8BEE7ECEA001082
:10F54800480F0020A00F00206FB5002008EB001026
:10F558006DB50020980D00207047C04600000000DF
:10F5680001B40248844601BC604700BF89350010D9
:10F5780001B40248844601BC604700BF9591001061
:10F5880001B40248844601BC604700BF89290010C5
:10F5980001B40248844601BC604700BFFD780010F2
:10F5A80001B40248844601BC604700BF953600108C
:10F5B80001B40248844601BC604700BF9529001089
:10F5C80001B40248844601BC604700BF455400109E
:10F5D80001B40248844601BC604700BF315800109E
:10F5E8001000000000000000000001000000000002
:10F5F8000000000000000200000000000000000001
:10F608000000030000000000000000000000FF00F0
:10F618000000000001B5486801318E460047704679
:10F6280009380149884701BDA92D001000000000D4
:10F6380000000000000000000000000000000000C2
:10F64800100C002000000000000000000000000076
:10F65800503300004C330000543300005233000094
:10F668004D5300004D430000533400004334000064
:10F678009971001049710010B970001031700010B4
:10F688000000000000010000E4B7002010000C009A
:10F698000000000000000000000000000000000062
:10F6A80000000000FF000000000000000000000053
:04000005100001E9FD
:00000001FF
